{"type":"FeatureCollection","schemaVersion":1,"name":"SRP native traffic lanes (prototype)","coordinateSpace":{"type":"srp-local-mercator","origin":[139.75,35.6],"metersPerLongitudeDegree":90514.37671975512,"metersPerLatitudeDegree":111320.0,"longitudeAxis":"+x","latitudeAxis":"-z"},"boundsAc":[-11118.661132813,-10293.07421875,6774.1396484375,16622.28125],"destinations":[{"name":"Shibaura PA","ac":[1099.0,-4657.0]},{"name":"Tatsumi PA","ac":[5850.9,-4644.5]},{"name":"Daishi PA","ac":[-308.4,6150.8]},{"name":"Heiwajima PA North","ac":[-234.9,1354.0]},{"name":"Heiwajima PA South","ac":[-141.2,1463.4]},{"name":"Yoyogi PA","ac":[-4314.3,-8882.8]},{"name":"Kinko JCT","ac":[-10850.2,13419.3]},{"name":"Edobashi JCT","ac":[2507.7,-9224.5]},{"name":"Ginza","ac":[2179.8,-7541.2]},{"name":"Haneda Airport","ac":[3271.8,4285.3]},{"name":"Kitanomaru","ac":[775.2,-9918.1]},{"name":"Fukuzumi","ac":[4523.5,-8205.2]},{"name":"Shibakoen Outer","ac":[312.0,-5719.7]},{"name":"Shibakoen Inner","ac":[96.4,-5835.9]},{"name":"Honmoku JCT","ac":[-7077.5,16312.4]}],"disallowedTransitions":[[285,287],[286,280],[279,287],[273,287],[288,287],[299,281],[299,298],[290,295],[290,281],[290,291],[289,295],[289,281],[280,291],[280,281],[294,291],[294,298],[293,295],[293,298],[293,297],[293,291],[292,291],[292,281],[300,300],[315,304],[281,299],[278,285],[278,286],[278,304],[316,304],[277,315],[277,316],[314,305],[314,306],[313,307],[313,306],[313,305],[304,315],[304,316],[306,313],[306,314],[305,314],[305,313],[305,308],[312,311],[312,310],[320,317],[320,318],[321,317],[321,318],[319,317],[319,318],[310,312],[309,309],[327,328],[326,329],[326,330],[328,327],[328,326],[329,327],[329,326],[324,322],[338,331],[338,326],[338,327],[338,332],[338,333],[338,322],[323,322],[336,331],[336,320],[336,321],[336,319],[336,332],[336,333],[337,331],[337,320],[337,321],[337,319],[337,332],[337,333],[335,331],[335,326],[335,327],[335,332],[335,333],[335,322],[318,319],[318,320],[318,321],[317,319],[317,320],[317,321],[330,327],[330,326],[291,293],[291,292],[303,293],[303,292],[357,356],[358,359],[360,361],[362,363],[8,11],[434,12],[486,489],[421,489],[487,488],[420,491],[488,491],[489,490],[558,552],[559,401],[552,556],[552,558],[557,557],[557,556],[557,558],[556,557],[556,556],[556,559],[401,557],[401,559],[410,469],[410,474],[410,417],[410,415],[410,414],[410,416],[410,473],[410,468],[411,417],[411,416],[411,487],[411,469],[411,474],[411,473],[411,415],[411,414],[411,486],[467,469],[467,474],[467,417],[467,415],[467,414],[467,416],[467,473],[467,468],[470,469],[470,474],[470,487],[470,417],[470,473],[470,416],[470,486],[470,468],[471,417],[471,487],[471,469],[471,474],[471,414],[471,473],[471,415],[471,468],[471,486],[412,417],[412,416],[412,468],[412,469],[412,474],[412,414],[412,415],[412,487],[412,486],[413,417],[413,416],[413,468],[413,469],[413,414],[413,473],[413,415],[413,487],[413,486],[490,469],[490,474],[490,468],[490,486],[490,414],[490,415],[490,473],[490,487],[491,486],[491,474],[491,414],[491,416],[491,417],[491,415],[491,473],[491,487],[472,416],[472,487],[472,469],[472,474],[472,414],[472,473],[472,415],[472,468],[472,486],[461,477],[461,466],[461,480],[461,471],[461,560],[461,565],[461,472],[461,478],[461,479],[461,561],[475,477],[475,466],[475,480],[475,471],[475,571],[475,472],[475,569],[475,478],[475,479],[475,570],[464,477],[464,480],[464,471],[464,571],[464,560],[464,570],[464,565],[464,472],[464,569],[464,478],[464,479],[464,561],[473,477],[473,466],[473,480],[473,471],[473,561],[473,571],[473,565],[473,472],[473,569],[473,570],[473,479],[473,560],[485,477],[485,466],[485,480],[485,571],[485,569],[485,570],[485,471],[485,479],[484,477],[484,466],[484,480],[484,570],[484,560],[484,571],[484,565],[484,472],[484,569],[484,478],[484,479],[484,561],[468,477],[468,466],[468,480],[468,471],[468,561],[468,478],[468,565],[468,472],[468,569],[468,570],[468,571],[468,560],[469,477],[469,466],[469,471],[469,560],[469,565],[469,472],[469,478],[469,479],[469,561],[563,477],[563,466],[563,480],[563,560],[563,565],[563,472],[563,569],[563,571],[563,479],[563,561],[564,477],[564,466],[564,471],[564,561],[564,565],[564,569],[564,478],[564,560],[564,570],[566,477],[566,466],[566,471],[566,561],[566,472],[566,569],[566,570],[566,571],[566,560],[568,477],[568,480],[568,560],[568,565],[568,478],[568,569],[568,570],[568,479],[568,571],[562,480],[562,471],[562,560],[562,571],[562,565],[562,472],[562,561],[562,478],[562,479],[562,570],[567,466],[567,480],[567,471],[567,561],[567,478],[567,565],[567,472],[567,569],[567,571],[567,479],[567,570],[476,466],[476,480],[476,471],[476,560],[476,570],[476,565],[476,472],[476,571],[476,478],[476,479],[476,561]],"routeConnections":[[139.804107963,35.637571495,4.284,139.804088277,35.63755847,4.251,36,8,1],[139.804767077,35.637918336,4.657,139.804741264,35.637902226,4.39,36,6,2],[139.793814577,35.632019115,6.941,139.793758977,35.631985629,6.779,36,10,3],[139.796468963,35.63344902,4.842,139.796424522,35.633421658,4.84,36,9,4],[139.796468859,35.633448895,4.843,139.796422411,35.633423904,4.844,9,36,4],[139.774662525,35.621021041,-2.585,139.774629924,35.621004792,-3.831,12,36,5],[139.762737961,35.612663972,-7.044,139.762674224,35.612613434,-6.85,36,13,6],[139.760534924,35.609094901,-2.154,139.760536759,35.609042221,-2.089,15,14,7],[139.760530046,35.609687781,-1.909,139.760534312,35.609653491,-1.958,36,15,8],[139.760683163,35.610193258,-2.068,139.760671425,35.610143671,-2.101,36,14,9],[139.760411804,35.604926887,0.394,139.760417381,35.604834557,0.435,36,16,10],[139.760443482,35.598840538,5.245,139.760423765,35.598737189,5.198,17,36,11],[139.760443941,35.603116059,5.376,139.760455259,35.603034591,5.605,36,17,12],[139.760376501,35.589476263,7.214,139.760368618,35.5894194,7.441,16,36,13],[139.76039627,35.587323988,13.32,139.760405635,35.587261493,13.498,36,19,14],[139.76047585,35.586545841,14.052,139.760492876,35.586479751,14.097,36,20,15],[139.784717707,35.562555252,-2.084,139.784822807,35.562484296,-1.832,36,21,16],[139.79306291,35.55286119,2.568,139.793096954,35.552798868,2.544,25,36,17],[139.799970807,35.543486084,-3.002,139.799990862,35.543409604,-3.278,26,36,18],[139.796377385,35.52458197,-10.919,139.796348754,35.524530167,-10.758,36,27,19],[139.794127587,35.521807818,-6.613,139.794102216,35.521782764,-6.619,36,29,20],[139.794065611,35.52184081,-6.611,139.794043063,35.521820206,-6.616,34,30,21],[139.794012059,35.521884018,-6.607,139.793995566,35.521867732,-6.611,35,31,22],[139.793440035,35.521256544,-7.037,139.793385055,35.521229837,-7.109,28,29,23],[139.791271128,35.519733816,-11.721,139.791224614,35.519717514,-11.867,37,29,27],[139.791776062,35.520048672,-10.273,139.791685564,35.520007811,-10.518,32,29,31],[139.773972177,35.511136123,-4.554,139.773883976,35.511091648,-4.266,29,38,32],[139.747595908,35.50040912,11.575,139.747509389,35.500384417,11.822,39,29,33],[139.691288169,35.477703216,38.181,139.691215811,35.47766792,38.159,29,40,34],[139.672221924,35.457701022,44.276,139.672206284,35.45764393,44.117,29,42,35],[139.672572764,35.458433769,46.414,139.672554645,35.458382403,46.269,29,41,36],[139.66879128,35.45115854,17.659,139.668697527,35.451190184,17.277,42,43,37],[139.659293831,35.456305643,19.405,139.659033789,35.456281362,20.806,44,45,39],[139.659293831,35.456305643,19.405,139.659189896,35.456282786,19.989,44,46,39],[139.65780994,35.456000695,20.011,139.65750707,35.455919916,19.363,45,44,40],[139.657590108,35.455929733,19.561,139.65750707,35.455919916,19.363,46,44,40],[139.656091523,35.455503118,16.104,139.65604162,35.45549944,16.004,47,41,41],[139.655429457,35.455298622,14.573,139.655319474,35.455262508,14.783,41,44,42],[139.656539987,35.455600995,17.111,139.656455356,35.455582497,16.922,44,47,43],[139.651493129,35.453791381,13.21,139.651376273,35.453744486,13.231,43,48,44],[139.651493129,35.453791381,13.21,139.651383425,35.453742658,13.232,43,87,44],[139.643442887,35.455299674,-12.525,139.643396706,35.45530827,-12.494,48,49,45],[139.643540913,35.455288108,-12.586,139.64348941,35.455305497,-12.547,48,50,46],[139.639742234,35.45712026,-8.963,139.639661999,35.457172537,-9.05,51,50,49],[139.630092716,35.469418096,12.214,139.629945753,35.469582643,12.433,49,52,50],[139.631587909,35.467782975,9.955,139.63154681,35.467856129,9.823,53,52,51],[139.633183295,35.466363631,-2.294,139.633134671,35.466396766,-2.109,49,55,52],[139.631739379,35.467633095,2.815,139.631705387,35.467664922,2.786,55,54,53],[139.628052361,35.47204173,13.848,139.628024231,35.47211682,13.724,50,56,54],[139.628052361,35.47204173,13.848,139.628038083,35.472116582,13.673,50,88,54],[139.627969905,35.47585146,18.858,139.627965871,35.475915622,19.051,52,57,55],[139.627965966,35.476149099,19.798,139.627952797,35.476236837,20.105,57,58,56],[139.631060053,35.479859286,11.418,139.631102053,35.479865687,11.392,59,57,57],[139.629830249,35.479185859,11.934,139.62982746,35.47920936,11.853,60,59,58],[139.636487637,35.483065664,14.178,139.636548389,35.483122781,14.152,56,61,59],[139.636487637,35.483065664,14.178,139.636552887,35.483109632,14.155,56,89,59],[139.643855033,35.489007745,11.124,139.643924364,35.48905289,11.149,63,62,51],[139.64482293,35.489771377,11.509,139.644894666,35.489808614,11.535,62,57,52],[139.651975298,35.493179376,12.182,139.652038898,35.493179381,12.095,64,57,53],[139.654402564,35.493796393,10.743,139.654553095,35.493851828,10.764,57,65,54],[139.663110097,35.496515318,11.376,139.663175549,35.496540453,11.735,68,65,55],[139.67229656,35.499582088,10.669,139.672382795,35.499612488,10.631,61,67,56],[139.67229656,35.499582088,10.669,139.672378327,35.499603105,10.634,61,90,56],[139.69920048,35.508852941,12.052,139.699274955,35.508888469,12.137,67,69,57],[139.704330943,35.51139506,11.459,139.70438653,35.511423546,11.439,69,70,58],[139.725048186,35.521375822,9.764,139.725148404,35.521404544,9.793,69,71,59],[139.730397575,35.525785186,10.756,139.730448819,35.52582069,10.726,65,72,60],[139.746025458,35.544869372,14.093,139.746023632,35.544936869,14.439,73,74,61],[139.746047141,35.545685577,16.011,139.746068889,35.545715234,15.955,74,73,62],[139.750269053,35.55592792,0.322,139.750274478,35.555980242,-0.778,71,75,63],[139.750419705,35.556382715,-1.015,139.750477001,35.556449079,-1.004,75,71,64],[139.75053456,35.556435624,-0.829,139.750542078,35.556350882,-1.009,76,77,64],[139.750573705,35.556426474,-0.954,139.7505042,35.556360735,-1.022,77,76,64],[139.750371124,35.556182319,-0.904,139.750348753,35.556241197,-0.927,71,75,67],[139.750329253,35.556193293,-0.897,139.750389926,35.556229678,-0.931,75,71,67],[139.750449989,35.556187251,-0.905,139.750389926,35.556229678,-0.931,77,71,67],[139.750449989,35.556187251,-0.905,139.750348753,35.556241197,-0.927,77,75,67],[139.750449989,35.556187251,-0.905,139.750425202,35.556168147,-0.947,77,76,67],[139.749352491,35.554210292,10.692,139.749376542,35.554256475,10.677,71,78,68],[139.751346307,35.558512877,9.094,139.751373309,35.558554075,9.148,71,78,69],[139.759278666,35.563560912,0.281,139.759300829,35.563639154,-0.074,72,80,70],[139.758591161,35.561948791,1.335,139.758615656,35.562000198,1.338,79,80,71],[139.758869646,35.562857744,2.91,139.758891978,35.562896994,3.017,82,79,72],[139.758503106,35.561685619,1.228,139.758510439,35.561734309,1.209,79,82,73],[139.758596545,35.562353371,4.33,139.758699222,35.562540083,3.767,81,82,74],[139.758642094,35.562342126,3.271,139.758652615,35.562549082,3.538,82,81,74],[139.659803633,35.495485903,10.43,139.659868269,35.495482228,10.337,160,68,75],[139.675566054,35.46263639,59.51,139.67554198,35.462622677,59.453,83,29,76],[139.722698272,35.490427662,14.381,139.722671896,35.490426841,14.243,84,29,78],[139.772782475,35.510573492,-0.773,139.772773165,35.510569506,-0.746,38,39,79],[139.766605866,35.5714489,4.833,139.766616129,35.57142981,4.798,85,36,80],[139.760724434,35.602203027,4.821,139.760723185,35.602155604,4.829,13,16,81],[139.800313797,35.635511419,4.643,139.80027776,35.635507757,4.61,86,36,82],[139.746386357,35.546518962,15.516,139.746402059,35.546536197,15.489,73,72,80],[139.632437629,35.467449874,3.131,139.632482749,35.467423222,3.067,91,92,81],[139.627163952,35.479009413,16.673,139.627202829,35.478997739,16.609,52,60,86],[139.627164077,35.479017276,16.674,139.627204433,35.479027194,16.615,52,59,87],[139.627179107,35.479039038,16.661,139.627164073,35.479017048,16.674,58,52,87],[139.627179107,35.479039038,16.661,139.627204433,35.479027194,16.615,58,59,87],[139.753468653,35.572770641,9.946,139.753505779,35.572943283,9.269,79,99,100],[139.753468653,35.572770641,9.946,139.753463794,35.572916257,9.382,79,100,100],[139.752517666,35.579034146,7.024,139.752483426,35.579074732,6.867,80,101,101],[139.752402452,35.579242581,6.457,139.752384584,35.579263885,6.211,80,102,102],[139.749160891,35.585002826,6.395,139.749157509,35.585041007,6.387,103,80,103],[139.748172031,35.586762417,6.08,139.748125205,35.586821938,6.068,80,104,104],[139.748172031,35.586762417,6.08,139.748107985,35.586809049,6.071,80,105,104],[139.747408537,35.587792546,5.881,139.747383975,35.5878623,5.87,106,104,105],[139.747537727,35.58746058,5.94,139.747556513,35.587520545,5.932,102,106,106],[139.747537727,35.58746058,5.94,139.747501148,35.587502792,5.931,102,107,106],[139.74759228,35.587472128,5.944,139.747556513,35.587520545,5.932,105,106,106],[139.74759228,35.587472128,5.944,139.747501148,35.587502792,5.931,105,107,106],[139.746694193,35.588411364,5.837,139.746655409,35.588472728,5.838,107,104,107],[139.746928469,35.588362388,11.881,139.746968276,35.588358395,11.88,108,107,108],[139.747588083,35.587704568,11.884,139.747573066,35.587704661,11.884,107,108,109],[139.744675363,35.593744922,10.403,139.744723704,35.593774672,10.414,109,104,110],[139.744610708,35.593651912,10.382,139.744641704,35.59367187,10.388,110,104,111],[139.779923342,35.624502168,-2.379,139.779888648,35.624500353,-2.351,111,36,109],[139.760399602,35.595251284,5.294,139.760384297,35.595228513,5.302,112,36,110],[139.789403759,35.557526974,2.038,139.789406242,35.557498672,2.048,114,36,112],[139.796699478,35.548236502,1.084,139.79670181,35.548211575,1.296,115,36,113],[139.769065526,35.509126101,4.597,139.769028455,35.509126717,4.6,116,29,114],[139.760945502,35.505821285,7.491,139.760906887,35.505825453,7.405,117,29,115],[139.743660016,35.498801935,19.823,139.743628218,35.498803185,19.788,118,29,116],[139.736016362,35.495761018,4.412,139.735989532,35.495763674,4.443,119,29,117],[139.731364051,35.493904232,5.291,139.731331674,35.493907197,5.246,120,29,118],[139.701820392,35.481964917,53.772,139.701790441,35.481966457,53.627,121,29,119],[139.678412169,35.466537777,71.042,139.678380225,35.466521703,70.93,122,29,120],[139.673491589,35.459783373,50.6,139.673457912,35.459768062,50.526,123,29,121],[139.662267904,35.454934399,4.365,139.662060069,35.455150381,7.118,42,44,122],[139.633902722,35.467413467,1.974,139.633891098,35.467388783,1.974,53,124,124],[139.631526551,35.468194846,2.641,139.631563279,35.468172656,2.694,125,126,126],[139.632266895,35.467486303,3.247,139.632292385,35.467443067,3.049,126,125,127],[139.635017336,35.463998652,2.734,139.634938115,35.464006096,3.504,127,54,128],[139.635579454,35.46515863,2.69,139.635596461,35.465130447,2.687,124,127,130],[139.633799594,35.467530411,1.975,139.6338433,35.467512105,1.976,128,92,133],[139.628170957,35.473512758,12.425,139.628155403,35.473412948,12.789,129,130,134],[139.628129635,35.472573119,13.069,139.628150075,35.472510911,13.196,130,129,135],[139.7460679,35.595250466,10.81,139.746032394,35.595191122,10.798,134,131,137],[139.7460679,35.595250466,10.81,139.746032725,35.595207599,10.799,134,132,137],[139.746206824,35.595490012,10.863,139.74617597,35.595444142,10.852,243,133,138],[139.746206824,35.595490012,10.863,139.746178172,35.595437651,10.851,243,134,138],[139.747312743,35.588113739,5.84,139.747342345,35.588097346,5.842,245,135,139],[139.747312743,35.588113739,5.84,139.747336141,35.588093228,5.842,245,136,139],[139.749555814,35.584625517,6.473,139.749560333,35.584597131,6.464,135,136,140],[139.751142538,35.581807119,5.683,139.751151853,35.581764403,5.683,138,136,141],[139.747658032,35.587859941,5.877,139.74769794,35.587827237,5.878,135,139,142],[139.752447499,35.579457952,5.854,139.752458404,35.57942156,6.032,139,136,143],[139.75371606,35.572958032,9.117,139.753675954,35.57290417,9.346,20,136,144],[139.759220985,35.562891528,3.197,139.75921831,35.562833041,3.441,136,97,145],[139.759220985,35.562891528,3.197,139.759201709,35.56283114,3.463,136,141,145],[139.759167855,35.562720453,3.939,139.75916078,35.562663623,4.249,141,98,146],[139.751684763,35.55868914,8.487,139.751636987,35.558656795,8.649,131,76,147],[139.751684763,35.55868914,8.487,139.751638363,35.558648127,8.458,131,142,147],[139.749435496,35.554080414,10.721,139.749427055,35.554033817,10.735,76,142,148],[139.746600656,35.546644332,15.085,139.746582437,35.54658214,15.062,141,96,149],[139.746600656,35.546644332,15.085,139.746567795,35.546576503,15.096,141,143,149],[139.746387179,35.544117589,14.073,139.746388019,35.544075677,13.942,145,143,150],[139.746321946,35.543908523,14.961,139.746308301,35.543842486,13.151,143,144,151],[139.746366457,35.546075681,15.165,139.74635153,35.546022819,15.159,143,144,152],[139.746357683,35.545567465,14.894,139.746357008,35.545531705,14.918,143,145,153],[139.74644543,35.544395633,14.768,139.746426371,35.544361818,14.658,146,143,154],[139.74641684,35.545249379,15.231,139.746428441,35.545214894,15.229,143,146,155],[139.725142212,35.521279664,9.774,139.725046013,35.521257721,9.749,142,95,157],[139.725142212,35.521279664,9.774,139.725043243,35.521250071,9.746,142,147,157],[139.703823783,35.510894975,11.738,139.703733621,35.510823335,11.805,94,148,158],[139.703837387,35.510886851,11.739,139.703733621,35.510823335,11.805,147,148,158],[139.69916202,35.508659163,11.876,139.699090883,35.508636752,11.8,148,93,159],[139.689211029,35.505544984,11.036,139.689164405,35.505527605,11.051,144,150,160],[139.689209229,35.505531917,11.04,139.689164405,35.505527605,11.051,149,150,160],[139.679017952,35.502074441,11.273,139.678961291,35.50204416,11.251,150,151,161],[139.678540714,35.501908539,11.053,139.678490703,35.501883496,11.009,150,152,162],[139.680179865,35.502614206,11.897,139.680232552,35.502622025,11.922,153,65,163],[139.677082442,35.498428744,26.04,139.677013985,35.498527048,26.352,180,153,164],[139.670396782,35.498781506,11.51,139.67035197,35.498766311,11.554,148,155,165],[139.670391438,35.498787637,11.535,139.67035197,35.498766311,11.554,154,155,165],[139.671401964,35.499181405,11.092,139.671343861,35.499145609,11.117,156,154,166],[139.672542675,35.499581571,10.576,139.672463062,35.499561849,10.61,154,156,167],[139.662237024,35.496033201,7.914,139.662156568,35.496012398,7.574,150,157,169],[139.662237024,35.496033201,7.914,139.662160269,35.496003076,7.585,150,158,169],[139.658864026,35.495103992,9.858,139.658800143,35.49507449,9.803,159,158,170],[139.659941359,35.495420226,2.195,139.659905834,35.495405548,2.184,157,159,171],[139.656582876,35.494500315,9.946,139.656513233,35.494500277,10.023,158,157,173],[139.642815487,35.487638768,10.573,139.64278237,35.487593111,10.555,157,161,174],[139.642576259,35.487413731,10.469,139.642538825,35.487372851,10.447,157,162,175],[139.636206961,35.482697321,17.721,139.636176835,35.48265124,17.866,163,162,176],[139.636829551,35.483243448,15.632,139.636779857,35.48320526,15.786,162,163,177],[139.635232919,35.481759069,21.514,139.635188499,35.481723138,21.645,155,164,178],[139.635223558,35.481767652,21.499,139.635188499,35.481723138,21.645,162,164,178],[139.631161378,35.479846185,21.409,139.631128953,35.479836611,21.4,164,166,179],[139.63149361,35.479967521,21.35,139.631454951,35.479958174,21.372,164,165,180],[139.628177183,35.475460858,13.969,139.628194341,35.475423037,13.94,166,164,181],[139.628461642,35.471506495,14.369,139.628498169,35.471471806,14.276,129,164,182],[139.630015969,35.469703545,12.477,139.630080795,35.469639825,12.405,157,91,183],[139.630015969,35.469703545,12.477,139.630075439,35.469635485,12.404,157,167,183],[139.632994453,35.466709428,-0.91,139.633031708,35.466658031,-1.155,125,167,184],[139.63970674,35.457323676,-9.09,139.639766303,35.457277842,-9.041,164,168,185],[139.63970674,35.457323676,-9.09,139.639756704,35.457275901,-9.044,164,169,185],[139.643246563,35.455564724,-6.442,139.64327496,35.455548748,-6.426,168,170,187],[139.643832897,35.455300195,-5.942,139.643866695,35.455281449,-6.024,168,171,188],[139.651438837,35.453923457,13.21,139.651496658,35.453939942,13.195,167,172,189],[139.651426646,35.453910499,13.236,139.651496658,35.453939942,13.195,168,172,189],[139.652869477,35.454514756,13.511,139.652941523,35.454553893,13.545,172,173,190],[139.654845868,35.455218962,13.88,139.654982404,35.45527628,14.038,171,172,191],[139.658669007,35.456400431,22.254,139.658766002,35.456427204,22.454,172,174,192],[139.668358882,35.45147476,12.333,139.66845695,35.451422728,12.38,170,175,193],[139.66837367,35.451450613,12.38,139.66845695,35.451422728,12.38,174,175,193],[139.671485527,35.454528543,35.556,139.671497193,35.45460434,35.758,175,176,194],[139.671462919,35.455313835,37.642,139.671478382,35.45537019,37.79,172,176,195],[139.681698477,35.471425743,53.102,139.681725886,35.47147644,52.905,176,180,192],[139.682217323,35.472117484,50.192,139.682318688,35.472262511,49.593,176,181,193],[139.682217323,35.472117484,50.192,139.682331127,35.472261909,49.579,176,182,193],[139.68323246,35.472980589,45.917,139.683171324,35.472935367,46.157,152,29,194],[139.682881734,35.472573086,47.739,139.682815305,35.47253696,47.957,233,29,195],[139.692562617,35.478455431,38.604,139.692641887,35.478467328,38.621,234,182,196],[139.711418992,35.486106618,36.806,139.711447582,35.486106767,36.67,186,182,197],[139.729242793,35.49329965,4.783,139.729294663,35.493305058,4.792,187,182,198],[139.747770655,35.500703258,10.719,139.74787002,35.500753572,10.403,182,188,199],[139.747770655,35.500703258,10.719,139.747877591,35.500749865,10.39,182,189,199],[139.753299247,35.502965737,4.882,139.753342966,35.502965963,4.895,190,189,200],[139.771932895,35.510544384,0.967,139.772024149,35.510559827,0.621,188,189,201],[139.791203139,35.519863358,-11.619,139.791274925,35.519910533,-11.395,178,193,203],[139.791203139,35.519863358,-11.619,139.791268947,35.519915962,-11.398,178,196,203],[139.791496145,35.520126424,-10.615,139.791571965,35.520184859,-10.386,189,192,205],[139.791496145,35.520126424,-10.615,139.79157578,35.520179759,-10.387,189,195,205],[139.791498378,35.520122476,-10.616,139.791571965,35.520184859,-10.386,197,192,205],[139.791498378,35.520122476,-10.616,139.79157578,35.520179759,-10.387,197,195,205],[139.791338266,35.520025741,-11.079,139.791383112,35.520063028,-10.923,189,191,206],[139.79136453,35.520004744,-11.06,139.791419671,35.520038802,-10.901,177,194,207],[139.79136453,35.520004744,-11.06,139.791414505,35.52004458,-10.9,177,197,207],[139.791367809,35.519999849,-11.064,139.791419671,35.520038802,-10.901,196,194,207],[139.791367809,35.519999849,-11.064,139.791414505,35.52004458,-10.9,196,197,207],[139.796094918,35.524578899,-10.604,139.796137898,35.524622725,-10.77,192,195,208],[139.796262603,35.524840407,-11.457,139.796308962,35.524893068,-11.66,191,195,209],[139.799672465,35.543558542,-2.459,139.799603576,35.543680502,-1.975,195,198,210],[139.79106904,35.555028455,3.026,139.790949755,35.555154103,2.985,195,199,211],[139.79106904,35.555028455,3.026,139.790956966,35.555169172,2.984,195,200,211],[139.78522975,35.561862241,-0.521,139.785189298,35.561913754,-0.679,199,200,212],[139.761842293,35.581412406,10.81,139.761849651,35.581444445,10.908,201,200,213],[139.760319432,35.586004471,13.943,139.760327274,35.586062053,13.96,99,200,214],[139.760176478,35.586762326,14.005,139.760199257,35.586818094,13.956,100,200,215],[139.760123769,35.589411999,7.381,139.760115834,35.589514544,7.14,200,204,216],[139.760123769,35.589411999,7.381,139.760124812,35.589521911,7.126,200,205,216],[139.760120892,35.594102184,5.687,139.760142437,35.594134977,5.674,206,205,217],[139.760245206,35.599901029,5.716,139.760259994,35.599966573,5.743,193,207,218],[139.760245206,35.599901029,5.716,139.760246609,35.599970882,5.746,193,208,218],[139.760208079,35.601612033,6.441,139.760205688,35.601679904,6.447,210,209,219],[139.760220496,35.601615983,6.45,139.760205688,35.601679904,6.447,211,209,219],[139.760199736,35.599957476,5.746,139.760191825,35.600023887,5.775,194,209,220],[139.760199736,35.599957476,5.746,139.760200239,35.600024635,5.775,194,210,220],[139.760199736,35.599957476,5.746,139.760207828,35.600025309,5.775,194,211,220],[139.760132695,35.601499671,6.421,139.76014953,35.601544427,6.426,212,205,221],[139.76031554,35.601427965,6.395,139.76029102,35.601478999,6.412,207,208,222],[139.760101409,35.600320066,5.907,139.760086847,35.600375418,5.93,205,212,223],[139.76005484,35.601201166,6.3,139.760067802,35.601238891,6.319,204,212,224],[139.760054788,35.60133544,6.365,139.760078215,35.601375262,6.381,213,212,225],[139.759940702,35.60017426,5.838,139.759941789,35.600248576,5.872,204,213,226],[139.760192741,35.602607233,6.094,139.760186599,35.602688822,6.016,205,214,227],[139.760192741,35.602607233,6.094,139.760193506,35.60269198,6.004,205,215,227],[139.760161588,35.606390248,-1.67,139.760180044,35.60641584,-1.63,216,215,228],[139.75985203,35.599341026,5.46,139.759850275,35.599451683,5.676,204,217,229],[139.762344876,35.612650902,-6.144,139.762387801,35.612670617,-6.3,217,215,230],[139.775024857,35.621534144,-1.412,139.775084826,35.621586481,-1.411,215,218,231],[139.782442123,35.626111625,-2.073,139.782510652,35.626156515,-2.521,215,219,232],[139.783615396,35.626497376,-0.542,139.783528489,35.62646961,-0.045,220,36,233],[139.792812273,35.631732646,9.008,139.792875211,35.631748821,8.848,221,215,234],[139.794447082,35.632609977,5.288,139.794520825,35.632634429,5.355,246,215,235],[139.798404887,35.634751998,4.72,139.798465932,35.634766085,4.743,223,215,236],[139.809403613,35.640090082,12.366,139.80947182,35.64011907,12.338,215,224,240],[139.817459945,35.643404781,30.273,139.817453195,35.643451806,30.318,225,224,241],[139.812419538,35.641166012,14.855,139.812488305,35.64117861,15.091,224,225,242],[139.813662973,35.641536038,19.094,139.813700794,35.641538802,19.224,225,226,243],[139.813887789,35.641276793,19.409,139.81383266,35.641240823,19.165,226,551,244],[139.813901755,35.641264228,19.405,139.81383266,35.641240823,19.165,547,551,244],[139.808894745,35.639708677,12.54,139.808834226,35.639687842,12.544,33,36,245],[139.808877481,35.639688208,12.524,139.808834226,35.639687842,12.544,548,36,245],[139.809614735,35.639937516,12.31,139.809579761,35.639938284,12.339,551,33,246],[139.746768645,35.59649794,11.247,139.746800547,35.596549996,11.272,78,229,245],[139.746768645,35.59649794,11.247,139.746795526,35.59655664,11.28,78,230,245],[139.750256441,35.601144993,2.334,139.7502493,35.601096795,2.342,229,231,246],[139.758134336,35.606649722,13.869,139.758058349,35.606666217,13.754,14,214,247],[139.755893453,35.610171664,3.137,139.7559,35.610249379,3.124,104,232,248],[139.755881763,35.610189762,3.137,139.7559,35.610249379,3.124,214,232,248],[139.754575996,35.575106585,16.131,139.75453008,35.575073176,15.914,19,20,249],[139.686477344,35.472664745,38.343,139.686401976,35.472656147,37.879,40,180,250],[139.677225063,35.498241893,25.417,139.677189744,35.498272781,25.537,181,180,251],[139.68241137,35.474942951,18.694,139.682411549,35.474924477,18.696,151,152,252],[139.685504943,35.472529104,24.496,139.685552395,35.472524725,24.694,152,234,253],[139.756727947,35.635458467,11.265,139.756762616,35.635510868,11.233,230,235,254],[139.756727947,35.635458467,11.265,139.756757933,35.635519793,11.228,230,236,254],[139.756879262,35.635760213,11.089,139.756910101,35.635800818,11.064,236,237,255],[139.759954183,35.641655454,9.916,139.759962462,35.641695376,9.921,235,236,256],[139.759807567,35.641412141,9.73,139.759813267,35.641446048,9.734,237,236,257],[139.763247235,35.648274232,10.311,139.763283696,35.648276873,10.356,232,241,259],[139.763261203,35.648234695,10.356,139.763252409,35.648284436,10.311,236,232,259],[139.763261203,35.648234695,10.356,139.763283696,35.648276873,10.356,236,241,259],[139.762888048,35.647384929,10.36,139.762872571,35.6473498,10.356,242,243,261],[139.762888048,35.647384929,10.36,139.762900788,35.647340103,10.314,242,244,261],[139.762905177,35.647348728,10.314,139.762872571,35.6473498,10.356,244,243,261],[139.762579425,35.646708644,10.312,139.762562575,35.646675361,10.317,244,245,264],[139.762579425,35.646708644,10.312,139.762595005,35.646664725,10.264,244,248,264],[139.762613987,35.646699723,10.263,139.762562575,35.646675361,10.317,369,245,264],[139.762613987,35.646699723,10.263,139.762595005,35.646664725,10.264,369,248,264],[139.763747783,35.649331572,9.818,139.763805891,35.649372426,9.79,10,240,265],[139.763747783,35.649331572,9.818,139.763775021,35.649385007,9.74,10,249,265],[139.763781407,35.649319851,9.869,139.763805891,35.649372426,9.79,232,240,265],[139.763781407,35.649319851,9.869,139.763775021,35.649385007,9.74,232,249,265],[139.773195066,35.633344174,51.073,139.773232713,35.633339598,50.895,246,252,266],[139.786345918,35.631891691,28.441,139.786365101,35.631865384,28.313,248,220,267],[139.786345918,35.631891691,28.441,139.786374729,35.631863037,28.277,248,221,267],[139.78596439,35.632130858,31.347,139.785938404,35.632191079,31.423,219,9,268],[139.77450562,35.633138256,46.979,139.774431475,35.633148421,47.124,252,9,269],[139.762275175,35.641414202,33.357,139.762270484,35.64145778,33.306,9,250,271],[139.762212048,35.64243865,32.243,139.762203829,35.642463018,32.205,250,251,273],[139.762308964,35.641742203,24.701,139.762306511,35.641730782,24.701,251,253,277],[139.762300543,35.642904845,24.698,139.762292838,35.642876609,24.697,251,254,278],[139.762287128,35.64279043,24.693,139.762301745,35.642769633,24.697,253,251,279],[139.762300259,35.6416647,24.696,139.762309386,35.641650405,24.702,254,251,280],[139.762205958,35.642231654,32.465,139.762214782,35.64224988,32.455,251,250,281],[139.762226362,35.643440882,31.205,139.762239007,35.643474568,31.273,250,9,282],[139.759141591,35.639861213,9.696,139.75911372,35.639823515,9.702,243,238,283],[139.758954302,35.639503295,9.745,139.758916108,35.639452547,9.703,243,239,284],[139.75599885,35.633789602,11.818,139.755993297,35.633757614,11.761,239,243,285],[139.755906986,35.633607962,11.622,139.755907207,35.63358167,11.596,238,243,286],[139.747709931,35.599079147,9.192,139.747711173,35.599034729,9.23,231,243,287],[139.74764124,35.59884017,9.411,139.747643869,35.598804934,9.438,229,243,289],[139.751487667,35.651439395,4.683,139.751484986,35.651406141,4.632,370,258,280],[139.754277834,35.651535122,12.17,139.754233217,35.651517274,12.217,256,370,281],[139.750854585,35.651735765,3.478,139.750829796,35.651731388,3.199,257,259,282],[139.746013509,35.653503141,14.034,139.745980778,35.653524488,13.985,259,256,283],[139.743645255,35.653997995,13.515,139.74360505,35.65400001,13.533,256,260,284],[139.743645255,35.653997995,13.515,139.74360419,35.654002311,13.538,256,262,284],[139.743311114,35.663635096,27.143,139.743312353,35.663654189,27.112,262,263,285],[139.743311114,35.663635096,27.143,139.743315197,35.66365464,27.123,262,264,285],[139.727093865,35.658091272,36.314,139.727030544,35.658078005,36.415,263,266,287],[139.711713633,35.656929111,29.207,139.711807543,35.656937333,29.31,268,267,288],[139.709293135,35.656761461,28.874,139.709392387,35.656772859,28.686,270,268,290],[139.709293135,35.656761461,28.874,139.70940107,35.656765088,28.683,270,271,290],[139.70179695,35.654735229,37.606,139.701724236,35.654709779,37.892,263,272,291],[139.699638408,35.654183905,34.226,139.699604354,35.654180787,34.225,272,273,292],[139.698188285,35.653002223,34.226,139.698163568,35.652983668,34.224,272,274,293],[139.700750773,35.654620231,40.758,139.700811315,35.654615931,40.621,274,270,294],[139.699628465,35.654431127,44.556,139.699676403,35.654432708,44.336,275,274,295],[139.698724304,35.65409156,34.229,139.698746487,35.654099231,34.229,272,276,298],[139.698724304,35.65409156,34.229,139.698738988,35.654110953,34.229,272,278,298],[139.698724304,35.65409156,34.229,139.698743273,35.654104256,34.229,272,279,298],[139.698636816,35.654021328,34.229,139.698648365,35.65403799,34.229,272,277,299],[139.701226168,35.654766607,32.068,139.701248305,35.654779759,31.906,280,294,302],[139.698925825,35.654042473,34.229,139.698940799,35.653934089,34.23,276,272,304],[139.699029417,35.654042693,34.229,139.698940799,35.653934089,34.23,287,272,304],[139.699294556,35.654284466,34.229,139.699605122,35.654394819,34.229,273,280,305],[139.699153395,35.654276515,34.229,139.699605122,35.654394819,34.229,279,280,305],[139.69949414,35.654428721,34.229,139.699605122,35.654394819,34.229,285,280,305],[139.699289494,35.654376903,34.229,139.69919006,35.654255302,34.229,286,287,305],[139.699349063,35.654299678,34.229,139.699605122,35.654394819,34.229,288,280,305],[139.702569268,35.655232286,31.562,139.702597649,35.655236755,31.459,295,296,307],[139.702569268,35.655232286,31.562,139.702594687,35.655243268,31.462,295,365,307],[139.701472296,35.654823943,31.647,139.701610602,35.654932494,31.916,280,295,308],[139.701472296,35.654823943,31.647,139.701639415,35.654872069,31.536,280,297,308],[139.701472296,35.654823943,31.647,139.701652668,35.654844275,31.539,280,298,308],[139.701486283,35.65475995,31.653,139.701521692,35.654756871,31.617,289,291,308],[139.701486283,35.65475995,31.653,139.701639415,35.654872069,31.536,289,297,308],[139.701486283,35.65475995,31.653,139.701652668,35.654844275,31.539,289,298,308],[139.701478307,35.654796439,31.643,139.701639415,35.654872069,31.536,290,297,308],[139.701478307,35.654796439,31.643,139.701652668,35.654844275,31.539,290,298,308],[139.701558193,35.654764745,31.594,139.701610602,35.654932494,31.916,292,295,308],[139.701558193,35.654764745,31.594,139.701639415,35.654872069,31.536,292,297,308],[139.701558193,35.654764745,31.594,139.701652668,35.654844275,31.539,292,298,308],[139.701591338,35.654771895,31.58,139.701410403,35.654921114,31.709,293,281,308],[139.701408946,35.654844056,31.701,139.701410403,35.654921114,31.709,294,281,308],[139.701408946,35.654844056,31.701,139.701610602,35.654932494,31.916,294,295,308],[139.701408946,35.654844056,31.701,139.701639415,35.654872069,31.536,294,297,308],[139.701477453,35.654949432,31.657,139.701521692,35.654756871,31.617,299,291,308],[139.701477453,35.654949432,31.657,139.701610602,35.654932494,31.916,299,295,308],[139.701477453,35.654949432,31.657,139.701639415,35.654872069,31.536,299,297,308],[139.697488055,35.652731324,34.229,139.697525643,35.652758752,34.23,301,272,309],[139.697456811,35.652653824,34.225,139.697469951,35.652672287,34.225,272,275,310],[139.702730981,35.654876574,31.454,139.702679345,35.654936864,31.454,300,303,314],[139.702758352,35.654961601,31.419,139.702778421,35.654892249,31.453,349,300,314],[139.702758352,35.654961601,31.419,139.702679345,35.654936864,31.454,349,303,314],[139.700203584,35.655846326,32.212,139.700533709,35.656056773,30.751,278,282,307],[139.700203584,35.655846326,32.212,139.700442918,35.655944217,31.333,278,299,307],[139.700401061,35.655896917,31.58,139.700533709,35.656056773,30.751,281,282,307],[139.700401061,35.655896917,31.58,139.700262516,35.655821239,32.203,281,285,307],[139.700401061,35.655896917,31.58,139.700231763,35.65583433,32.209,281,286,307],[139.700401061,35.655896917,31.58,139.700523663,35.656244,29.863,281,304,307],[139.700553111,35.656226524,29.867,139.700533709,35.656056773,30.751,315,282,307],[139.700553111,35.656226524,29.867,139.700262516,35.655821239,32.203,315,285,307],[139.700553111,35.656226524,29.867,139.700231763,35.65583433,32.209,315,286,307],[139.700553111,35.656226524,29.867,139.700442918,35.655944217,31.333,315,299,307],[139.700577567,35.65621201,29.871,139.700533709,35.656056773,30.751,316,282,307],[139.700577567,35.65621201,29.871,139.700262516,35.655821239,32.203,316,285,307],[139.700577567,35.65621201,29.871,139.700231763,35.65583433,32.209,316,286,307],[139.700577567,35.65621201,29.871,139.700442918,35.655944217,31.333,316,299,307],[139.701313326,35.657156972,24.341,139.701508793,35.65730678,22.939,277,305,308],[139.701313326,35.657156972,24.341,139.70153148,35.657286519,22.943,277,306,308],[139.701313326,35.657156972,24.341,139.701451054,35.657300173,23.218,277,307,308],[139.701506869,35.657134778,23.839,139.701508793,35.65730678,22.939,282,305,308],[139.701506869,35.657134778,23.839,139.70153148,35.657286519,22.943,282,306,308],[139.701506869,35.657134778,23.839,139.701451054,35.657300173,23.218,282,307,308],[139.701506869,35.657134778,23.839,139.701360789,35.657116931,24.338,282,315,308],[139.701506869,35.657134778,23.839,139.701382635,35.657098501,24.336,282,316,308],[139.701334823,35.657138837,24.34,139.701508793,35.65730678,22.939,304,305,308],[139.701334823,35.657138837,24.34,139.70153148,35.657286519,22.943,304,306,308],[139.701334823,35.657138837,24.34,139.701451054,35.657300173,23.218,304,307,308],[139.701575862,35.657246882,22.95,139.701360789,35.657116931,24.338,313,315,308],[139.701575862,35.657246882,22.95,139.701382635,35.657098501,24.336,313,316,308],[139.701555642,35.657264941,22.946,139.701451054,35.657300173,23.218,314,307,308],[139.701555642,35.657264941,22.946,139.701360789,35.657116931,24.338,314,315,308],[139.701555642,35.657264941,22.946,139.701382635,35.657098501,24.336,314,316,308],[139.701912456,35.657601298,20.374,139.701945915,35.65757439,20.277,307,305,309],[139.702257009,35.657677142,19.852,139.702475621,35.657707295,19.312,305,310,310],[139.702257009,35.657677142,19.852,139.702464362,35.657735413,19.317,305,311,310],[139.702269107,35.65764967,19.861,139.702405425,35.657617377,19.687,306,308,310],[139.702269107,35.65764967,19.861,139.702475621,35.657707295,19.312,306,310,310],[139.702269107,35.65764967,19.861,139.702464362,35.657735413,19.317,306,311,310],[139.702486162,35.657680968,19.322,139.702405425,35.657617377,19.687,312,308,310],[139.702486162,35.657680968,19.322,139.702290959,35.657600047,19.854,312,313,310],[139.702486162,35.657680968,19.322,139.702279094,35.657626991,19.855,312,314,310],[139.703333088,35.65783677,16.54,139.703273823,35.657894881,16.78,308,312,311],[139.702980866,35.657855416,17.26,139.703007716,35.6578502,17.32,311,310,313],[139.703525091,35.658152302,16.042,139.70337122,35.657921332,16.466,309,312,314],[139.703525091,35.658152302,16.042,139.703777988,35.658061566,15.957,309,317,314],[139.703525091,35.658152302,16.042,139.703760185,35.658084504,15.958,309,318,314],[139.703362119,35.657946835,16.41,139.703491183,35.658134498,16.019,310,309,314],[139.703362119,35.657946835,16.41,139.703777988,35.658061566,15.957,310,317,314],[139.703362119,35.657946835,16.41,139.703760185,35.658084504,15.958,310,318,314],[139.703791529,35.658035745,15.957,139.703491183,35.658134498,16.019,319,309,314],[139.703791529,35.658035745,15.957,139.70337122,35.657921332,16.466,319,312,314],[139.703799203,35.658008952,15.957,139.703491183,35.658134498,16.019,320,309,314],[139.703799203,35.658008952,15.957,139.70337122,35.657921332,16.466,320,312,314],[139.703805897,35.657985578,15.957,139.703491183,35.658134498,16.019,321,309,314],[139.703805897,35.657985578,15.957,139.70337122,35.657921332,16.466,321,312,314],[139.705051196,35.659152351,16.535,139.705059157,35.659126059,16.714,323,324,315],[139.704896762,35.658439324,16.154,139.704891104,35.658466785,16.154,322,325,316],[139.703652705,35.657342934,16.984,139.703703088,35.657361038,16.898,308,334,318],[139.704299044,35.657512244,16.159,139.704426086,35.657524965,16.153,334,338,319],[139.704353195,35.658065629,16.131,139.70484835,35.658262934,16.154,317,322,320],[139.704353195,35.658065629,16.131,139.70506235,35.657990402,16.14,317,326,320],[139.704353195,35.658065629,16.131,139.705066041,35.65801546,16.14,317,327,320],[139.704353195,35.658065629,16.131,139.704756794,35.657766402,16.153,317,331,320],[139.704353195,35.658065629,16.131,139.704723189,35.65777315,16.153,317,332,320],[139.704353195,35.658065629,16.131,139.704691709,35.657779472,16.153,317,333,320],[139.704359625,35.658090635,16.131,139.70484835,35.658262934,16.154,318,322,320],[139.704359625,35.658090635,16.131,139.70506235,35.657990402,16.14,318,326,320],[139.704359625,35.658090635,16.131,139.705066041,35.65801546,16.14,318,327,320],[139.704359625,35.658090635,16.131,139.704756794,35.657766402,16.153,318,331,320],[139.704359625,35.658090635,16.131,139.704723189,35.65777315,16.153,318,332,320],[139.704359625,35.658090635,16.131,139.704691709,35.657779472,16.153,318,333,320],[139.704881073,35.658256745,16.153,139.704346389,35.658039164,16.13,323,319,320],[139.704881073,35.658256745,16.153,139.70433943,35.658012099,16.13,323,320,320],[139.704881073,35.658256745,16.153,139.704332594,35.657985518,16.129,323,321,320],[139.704881073,35.658256745,16.153,139.70506235,35.657990402,16.14,323,326,320],[139.704881073,35.658256745,16.153,139.705066041,35.65801546,16.14,323,327,320],[139.704881073,35.658256745,16.153,139.704756794,35.657766402,16.153,323,331,320],[139.704881073,35.658256745,16.153,139.704723189,35.65777315,16.153,323,332,320],[139.704881073,35.658256745,16.153,139.704691709,35.657779472,16.153,323,333,320],[139.704915563,35.658250222,16.154,139.704346389,35.658039164,16.13,324,319,320],[139.704915563,35.658250222,16.154,139.70433943,35.658012099,16.13,324,320,320],[139.704915563,35.658250222,16.154,139.704332594,35.657985518,16.129,324,321,320],[139.704915563,35.658250222,16.154,139.70506235,35.657990402,16.14,324,326,320],[139.704915563,35.658250222,16.154,139.705066041,35.65801546,16.14,324,327,320],[139.704915563,35.658250222,16.154,139.704756794,35.657766402,16.153,324,331,320],[139.704915563,35.658250222,16.154,139.704723189,35.65777315,16.153,324,332,320],[139.704915563,35.658250222,16.154,139.704691709,35.657779472,16.153,324,333,320],[139.70451982,35.65816936,16.143,139.704346389,35.658039164,16.13,325,319,320],[139.70451982,35.65816936,16.143,139.70433943,35.658012099,16.13,325,320,320],[139.70451982,35.65816936,16.143,139.704332594,35.657985518,16.129,325,321,320],[139.70451982,35.65816936,16.143,139.70484835,35.658262934,16.154,325,322,320],[139.70451982,35.65816936,16.143,139.70506235,35.657990402,16.14,325,326,320],[139.70451982,35.65816936,16.143,139.705066041,35.65801546,16.14,325,327,320],[139.70451982,35.65816936,16.143,139.704756794,35.657766402,16.153,325,331,320],[139.70451982,35.65816936,16.143,139.704723189,35.65777315,16.153,325,332,320],[139.70451982,35.65816936,16.143,139.704691709,35.657779472,16.153,325,333,320],[139.705058392,35.65796353,16.145,139.704346389,35.658039164,16.13,328,319,320],[139.705058392,35.65796353,16.145,139.70433943,35.658012099,16.13,328,320,320],[139.705058392,35.65796353,16.145,139.704332594,35.657985518,16.129,328,321,320],[139.705058392,35.65796353,16.145,139.70484835,35.658262934,16.154,328,322,320],[139.705058392,35.65796353,16.145,139.704756794,35.657766402,16.153,328,331,320],[139.705058392,35.65796353,16.145,139.704723189,35.65777315,16.153,328,332,320],[139.705058392,35.65796353,16.145,139.704691709,35.657779472,16.153,328,333,320],[139.705054321,35.657935883,16.143,139.704346389,35.658039164,16.13,329,319,320],[139.705054321,35.657935883,16.143,139.70433943,35.658012099,16.13,329,320,320],[139.705054321,35.657935883,16.143,139.704332594,35.657985518,16.129,329,321,320],[139.705054321,35.657935883,16.143,139.70484835,35.658262934,16.154,329,322,320],[139.705054321,35.657935883,16.143,139.704756794,35.657766402,16.153,329,331,320],[139.705054321,35.657935883,16.143,139.704723189,35.65777315,16.153,329,332,320],[139.705054321,35.657935883,16.143,139.704691709,35.657779472,16.153,329,333,320],[139.705050106,35.657907268,16.144,139.704346389,35.658039164,16.13,330,319,320],[139.705050106,35.657907268,16.144,139.70433943,35.658012099,16.13,330,320,320],[139.705050106,35.657907268,16.144,139.704332594,35.657985518,16.129,330,321,320],[139.705050106,35.657907268,16.144,139.70484835,35.658262934,16.154,330,322,320],[139.705050106,35.657907268,16.144,139.704756794,35.657766402,16.153,330,331,320],[139.705050106,35.657907268,16.144,139.704723189,35.65777315,16.153,330,332,320],[139.705050106,35.657907268,16.144,139.704691709,35.657779472,16.153,330,333,320],[139.704573743,35.657803855,16.153,139.704346389,35.658039164,16.13,335,319,320],[139.704573743,35.657803855,16.153,139.70433943,35.658012099,16.13,335,320,320],[139.704573743,35.657803855,16.153,139.704332594,35.657985518,16.129,335,321,320],[139.704606126,35.65779708,16.153,139.70484835,35.658262934,16.154,336,322,320],[139.704606126,35.65779708,16.153,139.70506235,35.657990402,16.14,336,326,320],[139.704606126,35.65779708,16.153,139.705066041,35.65801546,16.14,336,327,320],[139.704638827,35.657790239,16.153,139.70484835,35.658262934,16.154,337,322,320],[139.704638827,35.657790239,16.153,139.70506235,35.657990402,16.14,337,326,320],[139.704638827,35.657790239,16.153,139.705066041,35.65801546,16.14,337,327,320],[139.704541071,35.657810691,16.153,139.704346389,35.658039164,16.13,338,319,320],[139.704541071,35.657810691,16.153,139.70433943,35.658012099,16.13,338,320,320],[139.704541071,35.657810691,16.153,139.704332594,35.657985518,16.129,338,321,320],[139.704881779,35.656891898,16.06,139.704899822,35.656883509,16.057,331,339,323],[139.705157822,35.656445747,16.019,139.705174706,35.656428463,16.018,331,340,324],[139.704737803,35.656357425,16.019,139.704672055,35.656475763,16.019,341,338,325],[139.704737803,35.656357425,16.019,139.704709028,35.656488938,16.021,341,344,325],[139.704737803,35.656357425,16.019,139.704742847,35.656500988,16.021,341,345,325],[139.704763661,35.656366475,16.019,139.704672055,35.656475763,16.019,342,338,325],[139.704763661,35.656366475,16.019,139.704709028,35.656488938,16.021,342,344,325],[139.704763661,35.656366475,16.019,139.704742847,35.656500988,16.021,342,345,325],[139.704788756,35.656375259,16.019,139.704672055,35.656475763,16.019,343,338,325],[139.704788756,35.656375259,16.019,139.704709028,35.656488938,16.021,343,344,325],[139.704788756,35.656375259,16.019,139.704742847,35.656500988,16.021,343,345,325],[139.704540349,35.656770946,16.06,139.704506013,35.656900296,16.079,344,335,326],[139.704540349,35.656770946,16.06,139.704539214,35.656904369,16.078,344,336,326],[139.704540349,35.656770946,16.06,139.704573173,35.656908536,16.077,344,337,326],[139.704590162,35.656772593,16.057,139.704506013,35.656900296,16.079,345,335,326],[139.704590162,35.656772593,16.057,139.704539214,35.656904369,16.078,345,336,326],[139.704590162,35.656772593,16.057,139.704573173,35.656908536,16.077,345,337,326],[139.705333365,35.656122371,16.017,139.705477985,35.65610513,16.005,331,346,327],[139.705333365,35.656122371,16.017,139.70549202,35.656078541,16.005,331,347,327],[139.70539323,35.656144145,16.009,139.705477985,35.65610513,16.005,339,346,327],[139.70539323,35.656144145,16.009,139.70549202,35.656078541,16.005,339,347,327],[139.705365801,35.656134169,16.013,139.705477985,35.65610513,16.005,340,346,327],[139.705365801,35.656134169,16.013,139.70549202,35.656078541,16.005,340,347,327],[139.705153932,35.655866928,16.118,139.705013813,35.655788685,16.489,332,348,328],[139.705153932,35.655866928,16.118,139.705029331,35.655741363,16.554,332,349,328],[139.705103861,35.655861294,16.17,139.705013813,35.655788685,16.489,333,348,328],[139.705103861,35.655861294,16.17,139.705029331,35.655741363,16.554,333,349,328],[139.705360709,35.655804834,16.019,139.705013813,35.655788685,16.489,346,348,328],[139.705360709,35.655804834,16.019,139.705029331,35.655741363,16.554,346,349,328],[139.70534466,35.655831257,16.02,139.705013813,35.655788685,16.489,347,348,328],[139.70534466,35.655831257,16.02,139.705029331,35.655741363,16.554,347,349,328],[139.704222154,35.655723208,20.75,139.70419467,35.655750458,20.749,296,350,329],[139.704528603,35.655821097,18.546,139.70460645,35.65581749,18.12,296,297,330],[139.704454715,35.655891772,18.536,139.70460645,35.65581749,18.12,350,297,330],[139.703830409,35.655539214,23.796,139.703867964,35.655546054,23.54,298,351,331],[139.704217226,35.655641244,21.008,139.704245265,35.655646781,20.806,351,352,332],[139.704431942,35.655692585,19.518,139.704454786,35.655693892,19.376,352,353,333],[139.704548785,35.655590798,19.088,139.704501812,35.655571902,19.439,348,302,334],[139.704518878,35.655584717,19.293,139.704501812,35.655571902,19.439,353,302,334],[139.704808047,35.655889262,16.959,139.704921177,35.655970099,16.316,297,341,335],[139.704808047,35.655889262,16.959,139.704968535,35.655986151,16.149,297,342,335],[139.704808047,35.655889262,16.959,139.705008619,35.655999737,16.058,297,343,335],[139.704817676,35.655868364,16.978,139.704921177,35.655970099,16.316,298,341,335],[139.704817676,35.655868364,16.978,139.704968535,35.655986151,16.149,298,342,335],[139.704817676,35.655868364,16.978,139.705008619,35.655999737,16.058,298,343,335],[139.70483025,35.655841073,17.004,139.704921177,35.655970099,16.316,351,341,335],[139.70483025,35.655841073,17.004,139.704968535,35.655986151,16.149,351,342,335],[139.70483025,35.655841073,17.004,139.705008619,35.655999737,16.058,351,343,335],[139.704841908,35.655815772,17.022,139.704921177,35.655970099,16.316,352,341,335],[139.704841908,35.655815772,17.022,139.704968535,35.655986151,16.149,352,342,335],[139.704841908,35.655815772,17.022,139.705008619,35.655999737,16.058,352,343,335],[139.701557939,35.654674287,31.612,139.701449944,35.654662888,31.719,291,288,336],[139.701557939,35.654674287,31.612,139.701460838,35.654638287,31.718,291,289,336],[139.701557939,35.654674287,31.612,139.701476248,35.654603491,31.711,291,290,336],[139.701557939,35.654674287,31.612,139.701494311,35.654562701,31.71,291,301,336],[139.701682464,35.654648656,31.556,139.701449944,35.654662888,31.719,302,288,336],[139.701682464,35.654648656,31.556,139.701460838,35.654638287,31.718,302,289,336],[139.701682464,35.654648656,31.556,139.701476248,35.654603491,31.711,302,290,336],[139.701682464,35.654648656,31.556,139.701588066,35.654683532,31.592,302,292,336],[139.701682464,35.654648656,31.556,139.701621443,35.654693774,31.575,302,293,336],[139.701682464,35.654648656,31.556,139.701494311,35.654562701,31.71,302,301,336],[139.701687643,35.654621395,31.556,139.701449944,35.654662888,31.719,303,288,336],[139.701687643,35.654621395,31.556,139.701460838,35.654638287,31.718,303,289,336],[139.701687643,35.654621395,31.556,139.701476248,35.654603491,31.711,303,290,336],[139.701687643,35.654621395,31.556,139.701494311,35.654562701,31.71,303,301,336],[139.699682509,35.654110721,34.231,139.699642233,35.654120182,34.227,354,301,337],[139.699919819,35.654185526,34.229,139.6998843,35.65415946,34.229,301,354,338],[139.700826603,35.653371878,34.902,139.70080214,35.65336918,34.873,354,355,339],[139.698947621,35.653809924,34.23,139.698869909,35.653831997,34.223,355,301,340],[139.69974778,35.654426319,34.229,139.699773869,35.654498481,34.221,280,356,341],[139.699851732,35.654568867,34.197,139.699873597,35.654456595,34.229,357,280,341],[139.700169098,35.655046786,34.005,139.700166451,35.655078103,33.988,356,358,342],[139.700169098,35.655046786,34.005,139.700281943,35.65506252,34.011,356,360,342],[139.700169098,35.655046786,34.005,139.700247855,35.655115204,33.872,356,362,342],[139.700191153,35.655104383,33.895,139.700190134,35.655035316,34.056,359,357,342],[139.700191153,35.655104383,33.895,139.700281943,35.65506252,34.011,359,360,342],[139.700191153,35.655104383,33.895,139.700247855,35.655115204,33.872,359,362,342],[139.70024698,35.655043027,34.052,139.700190134,35.655035316,34.056,361,357,342],[139.70024698,35.655043027,34.052,139.700166451,35.655078103,33.988,361,358,342],[139.70024698,35.655043027,34.052,139.700247855,35.655115204,33.872,361,362,342],[139.70028085,35.655097396,33.941,139.700190134,35.655035316,34.056,363,357,342],[139.70028085,35.655097396,33.941,139.700166451,35.655078103,33.988,363,358,342],[139.70028085,35.655097396,33.941,139.700281943,35.65506252,34.011,363,360,342],[139.699889367,35.655250505,34.003,139.699924236,35.65520672,34.026,285,359,343],[139.699910878,35.655184908,34.049,139.699846739,35.655180688,34.048,358,285,343],[139.701161833,35.655183126,32.812,139.701046345,35.655170225,33.039,281,361,344],[139.701021247,35.655193089,33.102,139.701069821,35.655269815,33.226,360,281,344],[139.70078597,35.655543807,33.251,139.700677416,35.655515479,33.121,281,363,345],[139.700652194,35.655531909,32.976,139.700697353,35.655628674,32.832,362,281,345],[139.701748539,35.655411392,33.77,139.701713649,35.655400639,33.832,365,364,346],[139.701236963,35.65522529,32.844,139.701218109,35.655191124,32.723,364,299,347],[139.700758046,35.655634136,32.933,139.700839812,35.655662816,33.03,299,364,348],[139.726921318,35.658179273,35.882,139.726943708,35.658173672,35.927,266,271,349],[139.74332625,35.663752627,34.738,139.743333554,35.663728292,34.802,269,366,348],[139.742318806,35.659666052,34.802,139.74229658,35.659650574,34.685,260,368,349],[139.742311238,35.659689109,34.705,139.74229658,35.659650574,34.685,367,368,349],[139.740931902,35.656295523,27.875,139.740936452,35.656271196,27.812,366,261,350],[139.740931902,35.656295523,27.875,139.740940119,35.65627167,27.785,366,369,350],[139.743616154,35.653989626,22.377,139.743647577,35.653997751,22.361,261,369,351],[139.750535374,35.652857288,12.138,139.750587084,35.652821725,12.144,368,257,352],[139.757218816,35.651897394,11.662,139.7572649,35.651872455,11.69,258,371,353],[139.757190623,35.651886037,11.688,139.7572649,35.651872455,11.69,368,371,353],[139.762595822,35.651281087,16.098,139.762664514,35.651280505,16.312,246,373,354],[139.762164561,35.651318253,14.777,139.762250315,35.65131204,15.01,371,246,355],[139.762164561,35.651318253,14.777,139.762244758,35.651317454,14.991,371,372,355],[139.762295285,35.651191781,12.612,139.762265646,35.6512031,12.634,249,374,356],[139.761936915,35.651220983,13.581,139.761898958,35.651233346,13.642,9,256,357],[139.761951019,35.651229177,13.565,139.761898958,35.651233346,13.642,374,256,357],[139.764834656,35.65400016,10.215,139.764867299,35.653961648,10.215,438,244,358],[139.764834656,35.65400016,10.215,139.764835011,35.653961841,10.281,438,375,358],[139.764866054,35.654000826,10.174,139.764867299,35.653961648,10.215,620,244,358],[139.764866054,35.654000826,10.174,139.764835011,35.653961841,10.281,620,375,358],[139.764830617,35.652428676,15.438,139.764840013,35.652346617,15.655,375,242,359],[139.764830617,35.652428676,15.438,139.764831648,35.652343181,15.668,375,374,359],[139.764704986,35.652954985,10.203,139.764706059,35.65301978,10.221,240,376,360],[139.764692544,35.652964681,10.203,139.764706059,35.65301978,10.221,373,376,360],[139.772193818,35.665769586,-2.6,139.772194037,35.665804298,-2.63,376,377,361],[139.775523548,35.66877579,-1.863,139.775596491,35.66883312,-1.844,241,379,362],[139.775523548,35.66877579,-1.863,139.775595355,35.668840715,-1.851,241,380,362],[139.775917043,35.669235644,-1.965,139.775957467,35.669279128,-1.975,376,381,363],[139.775914787,35.669258006,-1.993,139.775957467,35.669279128,-1.975,377,381,363],[139.777198696,35.671860545,-1.463,139.777203364,35.671896318,-1.363,381,384,364],[139.777063707,35.671521907,-2.16,139.777070328,35.671561054,-2.151,381,385,365],[139.778907559,35.675271757,-1.534,139.778855534,35.675212155,-1.515,435,386,366],[139.778907559,35.675271757,-1.534,139.778866378,35.675198813,-1.539,435,610,366],[139.782105909,35.680754548,11.295,139.782122146,35.680772652,11.301,380,387,367],[139.783051821,35.682226169,11.594,139.78306046,35.682250615,11.615,380,388,368],[139.760988133,35.691456606,13.097,139.760968893,35.691503841,13.078,396,395,370],[139.759973224,35.689779011,16.122,139.759945738,35.689775318,16.153,398,397,371],[139.694699301,35.690025844,36.723,139.694700824,35.68998803,36.278,412,413,373],[139.753629503,35.674540066,11.751,139.753654946,35.674562664,11.621,423,422,381],[139.747525352,35.669743575,7.57,139.747479908,35.669767293,7.699,427,428,382],[139.747486626,35.669725073,7.595,139.747524504,35.669760342,7.594,428,427,382],[139.800864383,35.635558532,4.411,139.800790988,35.63556625,4.421,6,8,383],[139.776560805,35.622257327,-1.41,139.776432027,35.622173954,-1.411,8,12,384],[139.776610976,35.622226051,-1.397,139.776476296,35.622132279,-1.409,434,11,384],[139.776898169,35.622472065,-1.403,139.776864707,35.622438095,-1.419,8,434,385],[139.782984837,35.681978043,18.656,139.782959555,35.681940753,18.647,388,437,386],[139.77683225,35.670300907,-2.126,139.776826274,35.670257353,-2.126,382,255,387],[139.776847244,35.670300963,-2.127,139.776826274,35.670257353,-2.126,437,255,387],[139.776926882,35.67039427,-2.127,139.776919092,35.670361989,-2.127,436,382,388],[139.776926882,35.67039427,-2.127,139.776914083,35.670361926,-2.126,436,438,388],[139.775329413,35.66845231,-2.004,139.775297681,35.668428802,-2.005,438,378,389],[139.770227128,35.663429336,-3.754,139.770187723,35.663408438,-3.891,378,438,390],[139.749414343,35.670514314,7.128,139.749441716,35.67051968,7.07,255,425,391],[139.749414343,35.670514314,7.128,139.749443462,35.670521366,7.063,255,439,391],[139.749694102,35.670595024,6.497,139.749723722,35.670603121,6.434,439,426,392],[139.749694102,35.670595024,6.497,139.749723844,35.670604291,6.429,439,440,392],[139.753721157,35.674957654,9.123,139.753718357,35.674975484,8.975,422,441,393],[139.753715255,35.674956292,9.102,139.753718357,35.674975484,8.975,440,441,393],[139.750081811,35.670554248,5.831,139.750064337,35.670541647,5.851,426,442,400],[139.744580492,35.666625556,28.69,139.744542165,35.666586112,28.734,442,265,401],[139.744580492,35.666625556,28.69,139.74453743,35.666577732,28.732,442,366,401],[139.752761113,35.676496311,10.822,139.752728281,35.676536337,11.112,445,444,398],[139.752761113,35.676496311,10.822,139.752728807,35.676546618,11.175,445,446,398],[139.752971893,35.67621148,8.755,139.752931878,35.676255052,9.089,264,443,399],[139.752971893,35.67621148,8.755,139.752933197,35.676257212,9.1,264,445,399],[139.753809807,35.675343848,7.515,139.753815319,35.675328268,7.588,442,423,401],[139.749776058,35.670503499,6.403,139.749752056,35.67049251,6.447,425,442,402],[139.753231652,35.687888755,19.035,139.75320593,35.687900347,19.049,400,367,403],[139.753247567,35.687894975,19.05,139.75320593,35.687900347,19.049,447,367,403],[139.7485751,35.681827111,15.682,139.748567488,35.681804936,15.676,451,450,404],[139.7485751,35.681827111,15.682,139.748569359,35.681801195,15.676,451,452,404],[139.748623055,35.682013526,15.732,139.748616387,35.681995818,15.726,448,449,405],[139.748623055,35.682013526,15.732,139.748617458,35.681992903,15.726,448,451,405],[139.745725456,35.677564095,35.886,139.745702196,35.677564342,35.966,444,453,406],[139.745729075,35.677573415,35.853,139.745702196,35.677564342,35.966,450,453,406],[139.745446804,35.6774891,36.728,139.745432039,35.677492456,36.748,443,454,407],[139.745451903,35.677496782,36.701,139.745432039,35.677492456,36.748,453,454,407],[139.726457053,35.678172024,27.424,139.726419752,35.678166167,27.464,454,407,408],[139.726457053,35.678172024,27.424,139.7264155,35.678169988,27.434,454,455,408],[139.726056642,35.67817595,27.25,139.726030428,35.678174568,27.238,455,405,409],[139.726056642,35.67817595,27.25,139.726027731,35.678177393,27.222,455,456,409],[139.715220732,35.679627955,39.275,139.715196431,35.679640212,39.293,406,458,411],[139.715234666,35.679634217,39.278,139.715196431,35.679640212,39.293,456,458,411],[139.701053288,35.679049325,36.438,139.70102239,35.679026402,36.477,458,408,412],[139.701053288,35.679049325,36.438,139.70101851,35.67902764,36.489,458,459,412],[139.700723597,35.678834237,37.204,139.700698922,35.678815086,37.329,459,409,413],[139.700723597,35.678834237,37.204,139.700696292,35.678816561,37.321,459,460,413],[139.696964212,35.67972776,46.25,139.696935867,35.679769331,46.257,449,461,414],[139.696964212,35.67972776,46.25,139.696929555,35.679768838,46.249,449,462,414],[139.692870278,35.681409955,50.509,139.692938052,35.68145438,50.56,460,463,415],[139.692870278,35.681409955,50.509,139.692926246,35.68145713,50.544,460,464,415],[139.694939855,35.68228348,50.173,139.694975856,35.682274924,50.096,462,465,416],[139.695763924,35.685764382,35.29,139.695769416,35.685743363,35.315,479,481,415],[139.695763924,35.685764382,35.29,139.695772237,35.685749398,35.308,479,483,415],[139.695770937,35.685762264,35.293,139.695769416,35.685743363,35.315,480,481,415],[139.695770937,35.685762264,35.293,139.695772237,35.685749398,35.308,480,483,415],[139.695776954,35.685579435,35.543,139.695782151,35.68555883,35.578,478,482,416],[139.695783589,35.68557632,35.55,139.695782151,35.68555883,35.578,481,482,416],[139.69583008,35.684619544,37.732,139.695823785,35.684642295,37.672,483,484,417],[139.69583008,35.684619544,37.732,139.695819888,35.684639161,37.678,483,485,417],[139.695163875,35.687968316,34.564,139.695167576,35.687939027,34.564,474,475,420],[139.695163875,35.687968316,34.564,139.69517443,35.687932491,34.564,474,476,420],[139.695116185,35.687807704,34.563,139.695112746,35.687851453,34.565,466,467,421],[139.695116185,35.687807704,34.563,139.695104166,35.687860164,34.564,466,470,421],[139.702670144,35.690024459,32.522,139.702819243,35.690043736,32.522,421,420,422],[139.702670144,35.690024459,32.522,139.702831435,35.690077052,32.521,421,488,422],[139.702647281,35.690054384,32.524,139.702819243,35.690043736,32.522,486,420,422],[139.702647281,35.690054384,32.524,139.702831435,35.690077052,32.521,486,488,422],[139.702621657,35.690087925,32.525,139.702819243,35.690043736,32.522,487,420,422],[139.702621657,35.690087925,32.525,139.702843278,35.690109413,32.522,487,489,422],[139.702883701,35.6896689,32.521,139.702721662,35.689657719,32.518,420,421,423],[139.702883701,35.6896689,32.521,139.70272937,35.689627929,32.518,420,490,423],[139.702894445,35.68964203,32.523,139.702721662,35.689657719,32.518,488,421,423],[139.702894445,35.68964203,32.523,139.70272937,35.689627929,32.518,488,490,423],[139.702905517,35.689614339,32.521,139.702721662,35.689657719,32.518,489,421,423],[139.702905517,35.689614339,32.521,139.702735868,35.689602819,32.519,489,491,423],[139.695836812,35.681516926,47.172,139.695856689,35.681486301,47.125,463,493,425],[139.695850632,35.681515203,47.145,139.695856689,35.681486301,47.125,492,493,425],[139.695323999,35.682461452,50.119,139.6953369,35.68243267,50.045,477,492,426],[139.695337931,35.682455011,50.081,139.6953369,35.68243267,50.045,482,492,426],[139.700753042,35.678997522,36.692,139.70078912,35.679006645,36.674,408,494,427],[139.700749953,35.678981111,36.739,139.70078912,35.679006645,36.674,493,494,427],[139.703207258,35.679491075,36.234,139.703233209,35.679468496,36.175,495,497,428],[139.703188084,35.679485808,36.179,139.703233209,35.679468496,36.175,496,497,428],[139.701210221,35.679278727,36.242,139.70126594,35.679312568,36.198,494,495,429],[139.701210221,35.679278727,36.242,139.701267607,35.679311242,36.185,494,496,429],[139.71827525,35.679313957,31.962,139.718323984,35.679309772,31.778,497,404,430],[139.71827525,35.679313957,31.962,139.718324579,35.679307913,31.779,497,498,430],[139.72363363,35.678534118,26.084,139.723670516,35.678520874,26.099,457,499,431],[139.723618708,35.678526051,26.099,139.723670516,35.678520874,26.099,498,499,431],[139.751506998,35.677654601,2.964,139.751524037,35.677647668,2.982,452,500,432],[139.751507954,35.677648407,2.932,139.751524037,35.677647668,2.982,465,500,432],[139.753546391,35.675706517,5.236,139.753555516,35.675695001,5.286,500,422,433],[139.753546391,35.675706517,5.236,139.753557031,35.675694263,5.296,500,442,433],[139.748783846,35.682543963,8.998,139.748787853,35.682564141,9.002,446,501,435],[139.748775197,35.682548587,9.0,139.748787853,35.682564141,9.002,499,501,435],[139.753656627,35.687952911,19.051,139.753704135,35.687950343,19.042,501,400,437],[139.753656627,35.687952911,19.051,139.753704298,35.68794733,19.05,501,502,437],[139.757879303,35.689057138,14.331,139.757900417,35.689066815,14.435,503,398,436],[139.757879303,35.689057138,14.331,139.757902714,35.689066072,14.444,503,504,436],[139.757174497,35.688774238,11.672,139.757199948,35.688785503,11.736,502,397,437],[139.757174497,35.688774238,11.672,139.757203506,35.688786281,11.713,502,503,437],[139.766599554,35.689197997,11.842,139.766629025,35.689184524,11.835,505,393,438],[139.766599554,35.689197997,11.842,139.766630528,35.689182531,11.819,505,506,438],[139.76550581,35.68974715,13.554,139.765523165,35.689734425,13.396,394,505,439],[139.765497093,35.689742094,13.506,139.765523165,35.689734425,13.396,504,505,439],[139.771151322,35.687573913,12.606,139.771169503,35.687567722,12.61,393,508,440],[139.771139348,35.687569859,12.616,139.771169503,35.687567722,12.61,506,508,440],[139.770637009,35.687572456,12.757,139.770666664,35.687568726,12.754,441,507,441],[139.770637009,35.687572456,12.757,139.770660275,35.687567575,12.757,441,574,441],[139.781253431,35.68284187,16.595,139.781328977,35.682856482,16.853,509,435,442],[139.781271007,35.682833366,16.665,139.781328977,35.682856482,16.853,510,435,442],[139.778093481,35.682836539,12.409,139.778128648,35.682832506,12.477,390,509,443],[139.778093481,35.682836539,12.409,139.778123444,35.68283106,12.481,390,510,443],[139.779365697,35.682695876,13.785,139.779403439,35.68269538,13.742,508,389,444],[139.779365697,35.682695876,13.785,139.77940588,35.682690875,13.772,508,511,444],[139.788060884,35.678702592,18.997,139.788084034,35.678711714,19.038,507,512,445],[139.790009314,35.679607326,27.736,139.790024394,35.679613872,27.797,512,513,446],[139.794051499,35.68169018,20.374,139.794074509,35.681706175,20.347,383,516,447],[139.79405279,35.681698382,20.357,139.794074509,35.681706175,20.347,515,516,447],[139.796100214,35.683089655,14.213,139.796081524,35.683075191,14.208,516,514,448],[139.796100214,35.683089655,14.213,139.796081514,35.683082349,14.217,516,517,448],[139.795885492,35.682961812,14.461,139.795866579,35.682946774,14.529,511,518,449],[139.793272663,35.681034929,21.532,139.793238735,35.681012715,21.5,521,520,450],[139.793272663,35.681034929,21.532,139.793234446,35.681015059,21.489,521,522,450],[139.79371277,35.68129858,21.207,139.793678554,35.681273856,21.28,517,519,451],[139.79371277,35.68129858,21.207,139.7936753,35.681273813,21.282,517,521,451],[139.792263543,35.678793122,29.101,139.792286182,35.67876499,29.03,387,523,452],[139.792280059,35.678788729,29.062,139.792286182,35.67876499,29.03,520,523,452],[139.7927831,35.6781969,26.219,139.792792417,35.678171105,26.09,519,524,453],[139.792763263,35.678201744,26.357,139.792792417,35.678171105,26.09,523,524,453],[139.791798781,35.679184355,20.513,139.791777415,35.679208129,20.537,525,527,454],[139.791799504,35.679196424,20.55,139.791777415,35.679208129,20.537,526,527,454],[139.790716583,35.679845155,19.402,139.790701232,35.679843384,19.413,514,528,455],[139.790723714,35.679853615,19.409,139.790701232,35.679843384,19.413,522,528,455],[139.785384004,35.679678065,15.798,139.78535444,35.679703792,15.843,527,436,456],[139.781550804,35.682763727,13.057,139.781526508,35.682769853,13.083,381,529,457],[139.781561022,35.6827752,13.021,139.781526508,35.682769853,13.083,528,529,457],[139.779648305,35.682517915,13.343,139.779611144,35.682517663,13.406,518,390,458],[139.779648305,35.682517915,13.343,139.779608076,35.682516281,13.431,518,531,458],[139.779125248,35.682489251,13.918,139.779102661,35.682499423,13.89,389,530,459],[139.779141883,35.682495971,13.902,139.779102661,35.682499423,13.89,529,530,459],[139.771485639,35.687270973,12.586,139.771416261,35.687282862,12.584,530,392,460],[139.771485639,35.687270973,12.586,139.771415606,35.687286169,12.59,530,532,460],[139.770946818,35.687446712,12.715,139.770904332,35.687457284,12.72,531,533,461],[139.770939289,35.687458278,12.733,139.770904332,35.687457284,12.72,591,533,461],[139.76656401,35.689081766,12.645,139.766547887,35.689100663,12.547,392,534,462],[139.766585338,35.689082528,12.575,139.766547887,35.689100663,12.547,532,534,462],[139.765017694,35.689688524,12.155,139.76497717,35.689692249,12.157,535,395,463],[139.765017694,35.689688524,12.155,139.764972753,35.689688776,12.152,535,536,463],[139.765678642,35.689590657,12.263,139.76563427,35.689605832,12.28,533,394,464],[139.765678642,35.689590657,12.263,139.765628607,35.689605075,12.251,533,535,464],[139.759525011,35.689516768,16.177,139.759455937,35.689488674,16.17,534,399,465],[139.759525011,35.689516768,16.177,139.759451124,35.689490251,16.175,534,447,465],[139.758762521,35.689292984,16.216,139.758737932,35.689273944,16.199,397,448,466],[139.758785314,35.689290472,16.201,139.758737932,35.689273944,16.199,536,448,466],[139.795308667,35.67694265,17.531,139.79531971,35.676932804,17.533,429,537,467],[139.795298695,35.676940228,17.544,139.79531971,35.676932804,17.533,524,537,467],[139.8035722,35.671779862,12.194,139.803594453,35.671782068,12.177,430,538,468],[139.80356386,35.671788851,12.186,139.803594453,35.671782068,12.177,513,538,468],[139.817215639,35.645765491,31.782,139.817219207,35.645788986,31.777,224,541,469],[139.817225826,35.645757409,31.821,139.817219207,35.645788986,31.777,539,541,469],[139.813771223,35.656481809,12.165,139.813736966,35.656516154,12.092,541,433,470],[139.813771223,35.656481809,12.165,139.813738291,35.656518355,12.099,541,542,470],[139.804172103,35.671600984,21.893,139.804153015,35.671610189,21.91,431,543,471],[139.804182502,35.671605824,21.901,139.804153015,35.671610189,21.91,542,543,471],[139.801415815,35.67218762,20.956,139.801374705,35.672200862,20.839,540,430,472],[139.801415815,35.67218762,20.956,139.801373701,35.672197943,20.845,540,544,472],[139.794529772,35.677125252,17.647,139.794483124,35.677138311,17.651,543,429,473],[139.794529772,35.677125252,17.647,139.794476659,35.677145709,17.66,543,525,473],[139.792633568,35.678209929,18.714,139.792625071,35.678220795,18.735,544,515,474],[139.792633568,35.678209929,18.714,139.792622939,35.678221719,18.74,544,526,474],[139.80495426,35.671537361,11.925,139.804976585,35.671534293,11.934,537,431,475],[139.80495426,35.671537361,11.925,139.804976738,35.671533526,11.936,537,545,475],[139.811219316,35.660189134,13.201,139.811240817,35.660170403,13.197,432,546,476],[139.811222644,35.660200378,13.188,139.811240817,35.660170403,13.197,538,546,476],[139.817289334,35.64590947,22.077,139.8172955,35.645877525,22.041,549,548,477],[139.817289334,35.64590947,22.077,139.817297116,35.645875687,22.037,549,550,477],[139.817210331,35.646299368,22.517,139.817214875,35.646267147,22.483,546,547,478],[139.817210331,35.646299368,22.517,139.81721743,35.646264301,22.477,546,549,478],[139.744293851,35.66640162,21.241,139.744310023,35.666412519,21.25,271,264,481],[139.740703969,35.677068614,10.453,139.740714506,35.677047256,10.336,553,401,481],[139.740780622,35.677017056,10.225,139.740788565,35.677030656,10.228,552,553,482],[139.740661138,35.676589663,10.265,139.740831903,35.676782644,10.297,558,401,485],[139.740698711,35.676559903,10.268,139.740878892,35.676828535,10.244,559,552,485],[139.741269866,35.67671716,10.468,139.741180403,35.676613663,10.256,401,556,486],[139.741269866,35.67671716,10.468,139.740870304,35.676425148,10.317,401,558,486],[139.741239597,35.676745848,10.497,139.74111591,35.676561587,10.163,552,557,486],[139.741239597,35.676745848,10.497,139.740846873,35.676432489,10.295,552,559,486],[139.741024657,35.676487902,10.294,139.740870304,35.676425148,10.317,556,558,486],[139.741063554,35.676519311,10.25,139.740846873,35.676432489,10.295,557,559,486],[139.694995669,35.689104571,34.587,139.695228062,35.688975145,34.48,410,486,489],[139.694995669,35.689104571,34.587,139.695221252,35.689006115,34.482,410,487,489],[139.694957229,35.689098859,34.594,139.69505724,35.68868826,34.568,411,468,489],[139.694927149,35.68909439,34.58,139.695023611,35.688682767,34.565,412,473,489],[139.694889653,35.689088818,34.577,139.694989423,35.688677183,34.563,413,474,489],[139.69493858,35.688668878,34.563,139.695228062,35.688975145,34.48,467,486,489],[139.69493858,35.688668878,34.563,139.695221252,35.689006115,34.482,467,487,489],[139.694904317,35.688663281,34.568,139.694837785,35.689081111,34.616,470,414,489],[139.694904317,35.688663281,34.568,139.694804232,35.689076125,34.621,470,415,489],[139.694872806,35.688658134,34.57,139.694773035,35.68907149,34.637,471,416,489],[139.69484022,35.688652811,34.569,139.694744447,35.689067242,34.622,472,417,489],[139.695237684,35.688931393,34.499,139.694773035,35.68907149,34.637,490,416,489],[139.695237684,35.688931393,34.499,139.694744447,35.689067242,34.622,490,417,489],[139.695243758,35.688903772,34.496,139.69505724,35.68868826,34.568,491,468,489],[139.695243758,35.688903772,34.496,139.695092225,35.688693975,34.57,491,469,489],[139.68354056,35.473425121,18.008,139.683555212,35.473412751,18.019,572,233,490],[139.684480738,35.47283674,28.129,139.684430012,35.472861998,27.879,181,572,492],[139.681764469,35.477803405,30.566,139.681750351,35.477825397,30.762,573,181,493],[139.681680391,35.47809442,21.523,139.681697581,35.478032968,21.328,151,573,494],[139.695345978,35.686984183,34.578,139.69560753,35.687267642,34.641,461,569,487],[139.695345978,35.686984183,34.578,139.695601494,35.687295225,34.639,461,570,487],[139.695345978,35.686984183,34.578,139.695596234,35.687319261,34.642,461,571,487],[139.695313603,35.68697813,34.578,139.69520276,35.687436569,34.564,464,466,487],[139.695355634,35.68745885,34.568,139.695466087,35.687006641,34.588,468,479,487],[139.695388856,35.687463692,34.567,139.695501039,35.687013176,34.593,469,480,487],[139.695388856,35.687463692,34.567,139.69560753,35.687267642,34.641,469,569,487],[139.695388856,35.687463692,34.567,139.695601494,35.687295225,34.639,469,570,487],[139.695388856,35.687463692,34.567,139.695596234,35.687319261,34.642,469,571,487],[139.695322664,35.687454045,34.567,139.695431408,35.687000157,34.594,473,478,487],[139.695259368,35.687444819,34.561,139.695031798,35.687113766,34.632,475,560,487],[139.695259368,35.687444819,34.561,139.695024739,35.687143966,34.648,475,561,487],[139.695259368,35.687444819,34.561,139.695037415,35.687089734,34.646,475,565,487],[139.695289976,35.68744928,34.564,139.695397974,35.686993905,34.593,476,477,487],[139.695289976,35.68744928,34.564,139.69560753,35.687267642,34.641,476,569,487],[139.695281151,35.686972062,34.578,139.695170985,35.687431937,34.565,484,471,487],[139.695248825,35.686966018,34.581,139.695137425,35.687427046,34.566,485,472,487],[139.695248825,35.686966018,34.581,139.695031798,35.687113766,34.632,485,560,487],[139.695248825,35.686966018,34.581,139.695024739,35.687143966,34.648,485,561,487],[139.695248825,35.686966018,34.581,139.695037415,35.687089734,34.646,485,565,487],[139.69501786,35.687173397,34.64,139.69520276,35.687436569,34.564,562,466,487],[139.69501786,35.687173397,34.64,139.695397974,35.686993905,34.593,562,477,487],[139.69501786,35.687173397,34.64,139.69560753,35.687267642,34.641,562,569,487],[139.695011681,35.687199834,34.64,139.695170985,35.687431937,34.565,563,471,487],[139.695011681,35.687199834,34.64,139.695431408,35.687000157,34.594,563,478,487],[139.695011681,35.687199834,34.64,139.695601494,35.687295225,34.639,563,570,487],[139.695004934,35.687228701,34.644,139.695137425,35.687427046,34.566,564,472,487],[139.695004934,35.687228701,34.644,139.695466087,35.687006641,34.588,564,479,487],[139.695004934,35.687228701,34.644,139.695501039,35.687013176,34.593,564,480,487],[139.695004934,35.687228701,34.644,139.695596234,35.687319261,34.642,564,571,487],[139.695625924,35.687183589,34.647,139.695431408,35.687000157,34.594,566,478,487],[139.695625924,35.687183589,34.647,139.695466087,35.687006641,34.588,566,479,487],[139.695625924,35.687183589,34.647,139.695501039,35.687013176,34.593,566,480,487],[139.695625924,35.687183589,34.647,139.695037415,35.687089734,34.646,566,565,487],[139.69561995,35.687210888,34.646,139.695397974,35.686993905,34.593,567,477,487],[139.69561995,35.687210888,34.646,139.695031798,35.687113766,34.632,567,560,487],[139.695613166,35.687241887,34.644,139.69520276,35.687436569,34.564,568,466,487],[139.695613166,35.687241887,34.644,139.695170985,35.687431937,34.565,568,471,487],[139.695613166,35.687241887,34.644,139.695137425,35.687427046,34.566,568,472,487],[139.695613166,35.687241887,34.644,139.695024739,35.687143966,34.648,568,561,487],[139.774414026,35.679852411,-7.365,139.774400028,35.679829415,-7.365,576,577,485],[139.774414026,35.679852411,-7.365,139.774408244,35.679827824,-7.365,576,578,485],[139.773384019,35.678145211,-7.365,139.773361177,35.678107647,-7.365,577,579,486],[139.773389242,35.678133817,-7.366,139.773361177,35.678107647,-7.365,578,579,486],[139.772930809,35.677461095,-7.365,139.772909507,35.677433845,-7.365,575,580,487],[139.772930809,35.677461095,-7.365,139.772910226,35.677425785,-7.365,575,581,487],[139.769427629,35.672672508,11.967,139.769402518,35.672646605,11.973,579,582,488],[139.769428305,35.672692273,11.951,139.769402518,35.672646605,11.973,581,582,488],[139.772746536,35.677391445,-7.364,139.772771005,35.677426506,-7.364,584,585,489],[139.772746536,35.677391445,-7.364,139.772759854,35.677428705,-7.363,584,586,489],[139.774207551,35.679761086,-7.365,139.774229035,35.679797904,-7.365,585,587,490],[139.774205028,35.679773331,-7.366,139.774229035,35.679797904,-7.365,586,587,490],[139.775424398,35.681597452,-7.365,139.775438819,35.681625689,-7.365,583,588,491],[139.775422759,35.681608435,-7.365,139.775438819,35.681625689,-7.365,587,588,491],[139.77567591,35.68279843,-9.034,139.775655839,35.682841765,-9.144,588,589,492],[139.77567591,35.68279843,-9.034,139.775647839,35.68283767,-9.14,588,590,492],[139.774065771,35.685240743,-8.335,139.774032048,35.685282673,-8.282,589,591,493],[139.774046191,35.685248193,-8.328,139.774032048,35.685282673,-8.282,590,591,493],[139.76459436,35.658533376,9.232,139.764611744,35.658555007,9.242,372,592,494],[139.76459436,35.658533376,9.232,139.764606468,35.658557773,9.233,372,593,494],[139.766049272,35.660283048,10.944,139.766077893,35.660316638,10.805,594,595,495],[139.766049272,35.660283048,10.944,139.766079415,35.660303437,10.856,594,596,495],[139.766257425,35.660374107,11.025,139.766234528,35.660357439,11.093,595,597,496],[139.766252059,35.660383974,11.027,139.766234528,35.660357439,11.093,596,597,496],[139.76580528,35.660057138,11.875,139.765838158,35.660087572,11.755,592,594,497],[139.76580528,35.660057138,11.875,139.765839137,35.660100426,11.707,592,598,497],[139.765554229,35.665998088,13.417,139.765484562,35.666019236,13.409,593,600,498],[139.765519844,35.665998014,13.413,139.765484562,35.666019236,13.409,599,600,498],[139.763728358,35.666637045,13.116,139.763662663,35.666668279,13.122,598,601,499],[139.763706725,35.666636826,13.13,139.763662663,35.666668279,13.122,600,601,499],[139.763509171,35.667574451,12.297,139.763532305,35.667621839,12.319,601,603,500],[139.763505918,35.667591543,12.29,139.763532305,35.667621839,12.319,602,603,500],[139.767896903,35.671564688,12.418,139.767937601,35.671571619,12.442,603,604,501],[139.767896903,35.671564688,12.418,139.767943384,35.671578254,12.416,603,605,501],[139.769578025,35.673171926,11.869,139.769610024,35.67321955,11.902,605,583,502],[139.769578025,35.673171926,11.869,139.769593486,35.673214616,11.882,605,584,502],[139.773100933,35.673736289,12.441,139.773153887,35.67372628,12.434,607,608,503],[139.773100933,35.673736289,12.441,139.773147004,35.673735804,12.419,607,609,503],[139.776675075,35.67257005,12.462,139.77673134,35.672568305,12.433,606,383,504],[139.776686708,35.672579245,12.421,139.77673134,35.672568305,12.433,608,383,504],[139.77610649,35.67264267,12.709,139.776060872,35.672662962,12.69,610,611,505],[139.77610649,35.67264267,12.709,139.77605699,35.672655522,12.707,610,612,505],[139.77211948,35.67390874,12.319,139.772047226,35.673929813,12.24,386,613,506],[139.772087472,35.673908556,12.308,139.772047226,35.673929813,12.24,611,613,506],[139.770055473,35.673756469,12.621,139.770033342,35.673735727,12.582,612,614,507],[139.770055438,35.673773892,12.628,139.770033342,35.673735727,12.582,613,614,507],[139.768673803,35.671775933,12.972,139.768640566,35.671765804,12.92,582,615,508],[139.768681711,35.671791471,12.915,139.768640566,35.671765804,12.92,614,615,508],[139.765192828,35.666227112,13.373,139.765246568,35.666216471,13.381,616,599,509],[139.765192828,35.666227112,13.373,139.765254525,35.666208004,13.382,616,618,509],[139.765441688,35.6592458,9.659,139.765396949,35.659203003,9.592,618,620,510],[139.765454038,35.659275368,9.729,139.765396949,35.659203003,9.592,619,620,510],[139.763677501,35.666745403,12.742,139.763710629,35.666728542,12.82,615,616,511],[139.763677501,35.666745403,12.742,139.763696939,35.666727288,12.825,615,617,511],[139.765958521,35.659947219,12.124,139.765939857,35.659887844,12.129,597,619,512],[139.765977463,35.659952443,12.085,139.765939857,35.659887844,12.129,617,619,512],[139.771054961,35.674279655,12.34,139.771101664,35.674267488,12.215,604,606,513],[139.771054961,35.674279655,12.34,139.771100882,35.674276104,12.207,604,607,513],[139.775560352,35.681705159,-7.365,139.775548504,35.681684428,-7.365,574,575,514],[139.775560352,35.681705159,-7.365,139.775553801,35.681684495,-7.365,574,576,514]],"mockRoute":[[139.646203881,35.452208617,20.045],[139.647597371,35.452241409,28.276],[139.650086088,35.453248746,26.189],[139.650446269,35.453406705,25.18],[139.651219745,35.453729781,22.91],[139.652110088,35.454106721,19.752],[139.652701651,35.454353037,17.68],[139.653186284,35.454558885,15.909],[139.653714245,35.454774761,14.29],[139.654198316,35.454950642,13.615],[139.654603801,35.455096372,13.654],[139.655003405,35.455236251,14.002],[139.655427629,35.455384858,14.702],[139.655817459,35.455512516,15.59],[139.656364571,35.455685248,16.87],[139.656996624,35.455891123,18.354],[139.657679732,35.456112902,19.959],[139.658089305,35.456236745,20.957],[139.658464904,35.456327365,21.797],[139.658785651,35.456388142,22.382],[139.659054557,35.456424548,22.734],[139.659379393,35.456460726,23.003],[139.659710805,35.456474297,23.084],[139.659914642,35.456476832,23.042],[139.660259222,35.456465217,22.82],[139.660635652,35.456438838,22.364],[139.661120376,35.456366921,21.415],[139.661396753,35.456296846,20.681],[139.661713292,35.45620147,19.658],[139.661973324,35.456095261,18.614],[139.662263625,35.455950066,17.331],[139.662586298,35.455751332,15.916],[139.662904617,35.455534623,14.756],[139.663369759,35.455177808,13.51],[139.663911018,35.454759654,12.941],[139.664304883,35.454442763,13.043],[139.664865017,35.45400652,13.272],[139.665219593,35.45373222,13.325],[139.665515175,35.453516151,13.249],[139.665756973,35.453340068,13.163],[139.665999246,35.45317203,13.078],[139.66623531,35.453001807,12.987],[139.666524014,35.452784308,12.881],[139.666805699,35.452561327,12.775],[139.667043759,35.452377086,12.688],[139.667321609,35.452158824,12.582],[139.667629431,35.451918052,12.375],[139.667943133,35.451710809,12.249],[139.6681806,35.451568851,12.275],[139.668358882,35.45147476,12.333],[139.66845695,35.451422728,12.38],[139.668594542,35.451361012,12.436],[139.668921067,35.451235827,12.606],[139.669155534,35.45117384,12.808],[139.669364895,35.451131714,13.101],[139.669575783,35.451111204,13.45],[139.669802288,35.451103747,13.925],[139.669992024,35.451108642,14.419],[139.670193855,35.451128609,15.036],[139.67035877,35.451155839,15.612],[139.670572442,35.451211509,16.442],[139.670817455,35.451297235,17.605],[139.670985845,35.451372398,18.576],[139.671150211,35.451463317,19.672],[139.671314074,35.451575624,20.946],[139.671448063,35.451685404,22.104],[139.671553607,35.451781972,23.104],[139.671657953,35.451914087,24.232],[139.671763562,35.45208245,25.6],[139.671823327,35.452236128,26.712],[139.671855997,35.452379525,27.693],[139.671873378,35.452507148,28.586],[139.671860523,35.452736638,30.132],[139.671816886,35.452937644,31.247],[139.671734577,35.45322663,32.075],[139.671649138,35.453498545,32.811],[139.671567439,35.453837236,33.721],[139.67152234,35.454110879,34.448],[139.671503681,35.45427504,34.863],[139.671475791,35.454496986,35.474],[139.671485527,35.454528543,35.556],[139.671497193,35.45460434,35.758],[139.671495244,35.454622408,35.806],[139.671478974,35.454863434,36.45],[139.671474335,35.455217872,37.392],[139.67147659,35.455302755,37.614],[139.671478382,35.45537019,37.79],[139.671479788,35.455423133,37.928],[139.671499732,35.455697328,38.664],[139.671521823,35.455858857,39.097],[139.671577359,35.45623699,40.112],[139.671657683,35.456631668,41.176],[139.671715378,35.456878765,41.848],[139.671807484,35.457186165,42.689],[139.671890338,35.457430007,43.364],[139.672046865,35.457828492,44.476],[139.672196536,35.458161166,45.421],[139.672353155,35.458467355,46.309],[139.672563628,35.458831706,47.382],[139.672741425,35.459105805,48.202],[139.672823935,35.459229674,48.577],[139.673491608,35.460156654,51.457],[139.674102278,35.460987495,54.062],[139.674696997,35.46180473,56.616],[139.675262412,35.462584445,59.05],[139.675803094,35.463326815,61.373],[139.676238431,35.463925297,63.244],[139.676686964,35.464543456,65.178],[139.677132173,35.465148088,67.073],[139.677351671,35.465449926,68.013],[139.677989599,35.466333227,70.653],[139.678591201,35.467155059,70.594],[139.679124956,35.467888735,67.9],[139.679942791,35.469012467,63.196],[139.680585224,35.469890829,59.517],[139.681196552,35.470726118,56.015],[139.68160823,35.471305423,53.608],[139.681698477,35.471425743,53.102],[139.681738305,35.471478844,52.879],[139.682217323,35.472117484,50.192],[139.682318688,35.472262511,49.593],[139.682533292,35.472569077,48.334],[139.682752687,35.472846273,47.151],[139.683121494,35.473265584,45.305],[139.683457626,35.473627645,44.199],[139.683698502,35.473881673,45.471],[139.68394911,35.474125577,46.83],[139.68417508,35.474328574,48.005],[139.684359719,35.474477541,48.862],[139.68457114,35.474618613,49.493],[139.684754478,35.474718444,49.793],[139.684914771,35.474790862,49.897],[139.685168351,35.474864964,49.765],[139.685465379,35.474919696,49.357],[139.685837692,35.474930951,48.805],[139.686109166,35.474895887,48.403],[139.686357853,35.474826242,48.022],[139.686580495,35.474731173,47.692],[139.686765748,35.474620534,47.415],[139.68694572,35.47446661,47.096],[139.6870614,35.474341048,46.903],[139.68713941,35.474221426,46.687],[139.687227686,35.474017955,46.199],[139.687262081,35.473841161,45.639],[139.687256827,35.473655753,44.892],[139.687225415,35.47347945,44.096],[139.687165034,35.473327703,43.247],[139.687054883,35.473161375,42.094],[139.686878316,35.472984941,40.65],[139.686709489,35.472854782,39.506],[139.686542092,35.472758898,38.501],[139.686310775,35.472664444,37.246],[139.68613425,35.47261594,36.343],[139.685928595,35.472581981,35.318],[139.685633499,35.472568103,33.871],[139.685284171,35.472595184,32.172],[139.685130028,35.472623537,31.402],[139.684923893,35.472676383,30.33],[139.684718303,35.472740633,29.27],[139.684480738,35.47283674,28.129],[139.684443468,35.472851817,27.95],[139.684427782,35.472859391,27.893],[139.684247318,35.472946526,27.236],[139.683970499,35.473104642,26.57],[139.683735222,35.473254478,26.412],[139.68360816,35.473351169,26.459],[139.683313015,35.473604424,26.695],[139.683140439,35.473779086,26.85],[139.682937843,35.474014577,27.073],[139.682814605,35.474181774,27.218],[139.682708716,35.474350602,27.355],[139.682515058,35.474727156,27.655],[139.682382111,35.47510728,27.951],[139.682196151,35.475898452,28.5],[139.681976427,35.476841248,29.301],[139.681816506,35.477535738,29.989],[139.681756382,35.477798992,30.692],[139.681750351,35.477825397,30.762],[139.681637462,35.478319681,32.081],[139.681457118,35.479101168,34.512],[139.681262786,35.479948773,34.178],[139.681026215,35.48095347,31.356],[139.680960785,35.481258808,30.495],[139.680894395,35.481533372,29.67],[139.680831198,35.481724122,29.095],[139.680729706,35.48196078,28.454],[139.680581319,35.482259872,27.652],[139.680395057,35.482620232,26.535],[139.680291854,35.482816623,25.923],[139.680181094,35.48304292,25.448],[139.680122688,35.483213722,25.129],[139.680056621,35.483470504,24.757],[139.679967951,35.48387134,24.57],[139.679871854,35.484279844,24.412],[139.679761428,35.484775757,24.256],[139.67970252,35.485071305,24.18],[139.679677333,35.485271548,24.098],[139.679629651,35.485766286,23.859],[139.679600909,35.486293991,23.662],[139.679543662,35.4869531,23.42],[139.679504093,35.487531046,23.202],[139.679472028,35.48799022,23.093],[139.679468187,35.488150346,23.092],[139.679473161,35.488311735,23.084],[139.679520827,35.488637206,23.0],[139.679651498,35.489371128,23.231],[139.679767281,35.490017491,23.46],[139.679853383,35.490518203,23.639],[139.679952976,35.491104272,23.844],[139.680049889,35.491628398,24.028],[139.680155265,35.492229249,24.238],[139.680225939,35.492636156,24.379],[139.680265686,35.492858075,24.435],[139.680290511,35.493032807,24.506],[139.680304704,35.493196433,24.614],[139.680311307,35.493293932,24.72],[139.680304343,35.493448934,24.876],[139.680282279,35.493643334,25.028],[139.680236312,35.493833146,25.042],[139.680163735,35.494037951,24.935],[139.680049031,35.494266652,24.705],[139.679879438,35.494533531,24.53],[139.679547988,35.495027497,24.325],[139.679131753,35.495621733,24.057],[139.678803157,35.496062792,23.861],[139.678526904,35.496420897,23.695],[139.678185878,35.496878913,23.494],[139.677846159,35.497378739,23.334],[139.677521107,35.497857309,24.147],[139.67735317,35.498101923,24.929],[139.677288107,35.498188061,25.212],[139.677225063,35.498241893,25.417],[139.677189744,35.498272781,25.537],[139.677150978,35.498328694,25.718],[139.677082442,35.498428744,26.04],[139.677013985,35.498527048,26.352],[139.676776043,35.498879892,27.448],[139.676474166,35.499338513,27.867],[139.67629701,35.499606603,27.717],[139.676230949,35.499705768,27.67],[139.676164613,35.499813065,27.662],[139.676086921,35.499966375,27.619],[139.676018437,35.500109578,27.581],[139.675998834,35.5001751,27.502],[139.675964945,35.500343113,27.249],[139.675962831,35.500455858,27.005],[139.675975562,35.500576507,26.695],[139.676007449,35.500696788,26.317],[139.676054225,35.500813261,25.891],[139.676123593,35.50092684,25.368],[139.676232017,35.501061507,24.592],[139.676345038,35.501163287,23.816],[139.676547996,35.501297682,22.458],[139.676766635,35.501426613,20.913],[139.6770438,35.501542885,19.047],[139.677368507,35.501660832,16.904],[139.677948946,35.501869566,13.126],[139.678231948,35.501966986,11.817],[139.678503961,35.502064923,11.219],[139.678671552,35.502123155,11.158],[139.678911948,35.502210188,11.267],[139.679123526,35.502283026,11.38],[139.679378282,35.502367962,11.501],[139.679572307,35.5024303,11.604],[139.679711971,35.502479198,11.669],[139.680012197,35.502571205,11.815],[139.680149267,35.502613717,11.884],[139.680179865,35.502614206,11.897],[139.680232552,35.502622025,11.922],[139.680657781,35.50277129,12.136],[139.681322752,35.503000263,12.475],[139.682326412,35.503342955,12.973],[139.683314078,35.503674593,12.84],[139.684437702,35.504053278,12.488],[139.685489497,35.504407637,12.172],[139.68667081,35.5048025,11.805],[139.687817841,35.505192361,11.452],[139.689252162,35.505677792,11.005],[139.689833928,35.505874569,10.825],[139.690562301,35.506119087,10.602],[139.691071737,35.506288827,10.576],[139.691569139,35.506431031,10.761],[139.692298132,35.506597736,11.027],[139.693166471,35.506779004,10.925],[139.694202002,35.507005441,10.594],[139.69467919,35.507111308,10.39],[139.694979584,35.507191613,10.283],[139.695282017,35.507282067,10.333],[139.6955245,35.507365388,10.435],[139.695871929,35.507501811,10.721],[139.696861903,35.507904445,11.135],[139.697601599,35.508207546,11.43],[139.698527821,35.508581767,11.678],[139.698699016,35.508659369,11.681],[139.698880304,35.508741875,11.747],[139.699057617,35.508829136,11.924],[139.699253303,35.508920046,12.142],[139.699399775,35.508977348,12.298],[139.699578889,35.509046134,12.49],[139.700045671,35.50923713,13.009],[139.700954026,35.509605096,13.269],[139.70149993,35.509827033,12.971],[139.701825462,35.50996628,12.695],[139.702127997,35.510103018,12.503],[139.702423908,35.510255108,12.35],[139.702706009,35.510420138,12.24],[139.703211896,35.510738801,12.071],[139.703533236,35.510943562,11.834],[139.703935613,35.511197905,11.59],[139.704229485,35.511373953,11.487],[139.70451445,35.511556282,11.37],[139.704654826,35.511642815,11.295],[139.704809444,35.511746691,11.224],[139.704977186,35.511844952,11.146],[139.705165665,35.511943679,11.111],[139.705520719,35.512109164,11.307],[139.70578016,35.51221497,11.504],[139.706390471,35.512439031,11.501],[139.706806305,35.51258541,11.494],[139.707182076,35.512720727,11.645],[139.707513289,35.512852306,11.755],[139.707763233,35.512965683,11.813],[139.708137601,35.513150205,11.775],[139.70865513,35.513448341,11.548],[139.709497958,35.513930885,11.289],[139.710085494,35.514268612,11.663],[139.711079441,35.514838837,12.487],[139.71194101,35.515334444,13.194],[139.712666524,35.515752474,13.019],[139.713071515,35.515983333,12.776],[139.713407544,35.516152986,12.591],[139.713877782,35.516361791,12.548],[139.714513242,35.516620222,12.706],[139.714856355,35.516765408,12.89],[139.715098895,35.516885118,13.065],[139.715255452,35.516973028,13.176],[139.715482278,35.51711939,13.328],[139.715841593,35.517382988,13.365],[139.716282943,35.517728329,13.613],[139.717027804,35.518315626,14.246],[139.717584796,35.518758018,14.331],[139.717881769,35.518983561,13.867],[139.718118063,35.519139774,13.513],[139.71841064,35.519302189,13.104],[139.71866221,35.51942612,12.76],[139.718950299,35.519542909,12.386],[139.719467781,35.519713456,11.779],[139.720505193,35.520027988,11.23],[139.721631872,35.520375531,10.699],[139.72290893,35.52076477,10.104],[139.723845814,35.521053642,9.665],[139.724693837,35.52130788,9.663],[139.725286271,35.521488533,9.84],[139.725545359,35.521571092,9.919],[139.725785183,35.521650264,10.051],[139.72596751,35.521712602,10.193],[139.726263035,35.521827584,10.328],[139.72647225,35.521933452,10.378],[139.726731753,35.522084893,10.47],[139.726978666,35.522263449,10.552],[139.727157335,35.522417829,10.665],[139.727320422,35.522581157,10.775],[139.727827091,35.523152786,10.859],[139.728419778,35.523824739,11.177],[139.729057924,35.524542782,11.193],[139.729405022,35.524925012,11.142],[139.729551139,35.525073269,11.112],[139.729719533,35.525236017,11.056],[139.729926402,35.525424654,10.982],[139.730155735,35.525606378,10.887],[139.730397575,35.525785186,10.756],[139.730448819,35.52582069,10.726],[139.73074808,35.526022311,10.547],[139.731255756,35.526347976,10.435],[139.732241475,35.526987939,10.768],[139.733282542,35.527660813,10.6],[139.733993562,35.528126127,10.332],[139.73492038,35.528719982,10.014],[139.735560545,35.529136618,10.175],[139.736114381,35.529493692,10.376],[139.736682639,35.529862315,10.58],[139.737437862,35.530352799,10.857],[139.738058582,35.530753306,11.083],[139.738968129,35.53134431,11.403],[139.739615813,35.531763502,11.307],[139.740111289,35.532081249,11.13],[139.740596725,35.532399843,10.932],[139.740887911,35.532598796,10.829],[139.741043671,35.53271108,10.791],[139.741278319,35.532902081,10.829],[139.74154546,35.533144186,10.945],[139.741751153,35.533363132,11.032],[139.741975757,35.533629612,11.162],[139.742449235,35.53429131,11.446],[139.743036849,35.535136161,11.581],[139.743408032,35.535676213,11.348],[139.743812732,35.536254716,11.101],[139.744224426,35.536843987,10.849],[139.744680782,35.537495526,10.951],[139.74510082,35.538099298,11.185],[139.745504296,35.538669914,11.41],[139.745747229,35.53902844,11.536],[139.745885582,35.539235592,11.516],[139.745981819,35.539405964,11.455],[139.746065354,35.53959289,11.371],[139.746147972,35.539839763,11.276],[139.746201978,35.540092628,11.172],[139.746225898,35.540311196,11.087],[139.746229256,35.540608999,10.975],[139.746218329,35.541309489,10.714],[139.746208686,35.541932902,10.934],[139.74619559,35.542534933,11.304],[139.746175844,35.543350554,11.86],[139.746147156,35.544055505,13.893],[139.746125251,35.544651715,15.016],[139.746107643,35.545176003,15.213],[139.746104515,35.54545294,15.409],[139.746121698,35.54566875,15.66],[139.746162787,35.545899429,15.788],[139.74622691,35.546143508,15.837],[139.746330265,35.546396658,15.703],[139.746392235,35.546517102,15.518],[139.746402059,35.546536197,15.489],[139.746575559,35.546873412,14.973],[139.746812565,35.547356456,14.542],[139.747077311,35.547894824,14.055],[139.747524497,35.548787372,13.239],[139.747791625,35.549325008,12.72],[139.747993745,35.549751842,12.224],[139.74807636,35.549969191,12.04],[139.748148446,35.550209397,11.961],[139.748208738,35.550503489,11.895],[139.748250746,35.550795299,11.846],[139.748309302,35.551213356,11.678],[139.748367987,35.551616986,11.549],[139.748428051,35.552028894,11.499],[139.748483819,35.552334179,11.512],[139.748539733,35.552536075,11.484],[139.748625882,35.552780685,11.352],[139.748736556,35.553055276,11.211],[139.748996085,35.553586718,10.911],[139.749142229,35.55388774,10.805],[139.749354521,35.554310828,10.664],[139.749623702,35.554814799,10.571],[139.749882399,35.555303387,10.522],[139.750007055,35.55555141,10.464],[139.750124793,35.555832557,10.312],[139.7503309,35.556341555,9.719],[139.750445439,35.556628786,9.366],[139.75060114,35.557027794,8.875],[139.750751523,35.55739661,8.471],[139.750915418,35.557811737,8.285],[139.751046324,35.558135041,8.652],[139.751125197,35.558308405,9.207],[139.751192974,35.558413675,9.436],[139.751268921,35.55850977,9.466],[139.75136152,35.55860143,9.437],[139.751448595,35.558665882,9.324],[139.75162059,35.558777513,9.054],[139.751783928,35.558859651,8.747],[139.752092404,35.559007802,8.188],[139.752849145,35.559331756,7.697],[139.753274618,35.559514462,7.696],[139.754017537,35.559804084,7.694],[139.754578982,35.56001688,7.693],[139.755453372,35.560349847,7.693],[139.756216232,35.560641496,7.692],[139.756979411,35.560932364,7.692],[139.757574914,35.561157898,7.682],[139.757937913,35.56130876,7.659],[139.758187494,35.561442629,7.979],[139.75838604,35.561578648,8.405],[139.758557424,35.561741028,8.092],[139.758691293,35.561903562,7.42],[139.758786406,35.562060214,6.742],[139.758876569,35.56225296,5.949],[139.758975959,35.562537687,4.8],[139.75910327,35.562957104,3.022],[139.759241699,35.563422721,0.909],[139.759278666,35.563560912,0.281],[139.759300829,35.563639154,-0.074],[139.75933971,35.563798498,-0.795],[139.759379983,35.564047563,-1.926],[139.759394261,35.564217704,-2.694],[139.759393785,35.564402724,-3.529],[139.75938125,35.564541559,-4.156],[139.759357265,35.564704163,-4.877],[139.759341739,35.564766604,-5.16],[139.759305135,35.564894094,-5.747],[139.759220967,35.565100299,-6.709],[139.759136816,35.56527208,-7.506],[139.759059109,35.565393509,-8.025],[139.758950951,35.565546569,-8.222],[139.758885373,35.56563077,-8.081],[139.758678571,35.56586957,-7.067],[139.758460154,35.566103581,-5.968],[139.758305273,35.566258162,-5.229],[139.758098048,35.566463831,-4.255],[139.757732998,35.566833167,-2.519],[139.757590267,35.56697282,-1.85],[139.757355839,35.567203911,-0.757],[139.756655897,35.567897655,2.531],[139.75609422,35.568442932,4.571],[139.755674886,35.568849926,4.585],[139.755012817,35.569476943,5.077],[139.754740007,35.569733804,6.7],[139.754476662,35.569991104,8.381],[139.754330579,35.570155888,9.364],[139.754196485,35.570318875,10.019],[139.754007257,35.570593777,10.387],[139.753858528,35.57086456,10.636],[139.753770847,35.571060017,10.817],[139.753658665,35.571373058,11.031],[139.753575671,35.571673301,11.158],[139.753526143,35.571990239,11.285],[139.753520421,35.572125481,11.319],[139.753512248,35.572464104,10.918],[139.753519186,35.572724066,10.058],[139.753535741,35.572909654,9.378],[139.753577573,35.57310714,8.645],[139.753708613,35.573582364,6.816],[139.753817188,35.57397419,6.056],[139.753945551,35.574447256,6.194],[139.754046611,35.574832885,6.285],[139.754098125,35.575077863,6.343],[139.754119685,35.575233074,6.38],[139.754135405,35.575410997,6.45],[139.754130177,35.575635283,6.629],[139.754101484,35.575884426,7.019],[139.754066646,35.57605061,7.296],[139.753995574,35.576280407,7.695],[139.753856425,35.576619969,8.301],[139.75354777,35.57719202,9.344],[139.753363308,35.577524226,9.933],[139.753025175,35.578127268,10.233],[139.752756225,35.578599638,8.603],[139.752517666,35.579034146,7.024],[139.752491986,35.57908092,6.854],[139.752446831,35.579163166,6.556],[139.752402452,35.579242581,6.457],[139.752389268,35.579266175,6.428],[139.752055995,35.579862565,5.689],[139.751670319,35.580555671,5.686],[139.751074996,35.581617268,5.683],[139.750888301,35.58194815,5.687],[139.750456767,35.582717438,5.685],[139.750167358,35.583240777,5.746],[139.749850182,35.583810261,6.225],[139.749481881,35.584463467,6.493],[139.749169856,35.585019025,6.391],[139.749157509,35.585041007,6.387],[139.749137804,35.585076093,6.381],[139.748845493,35.585606544,6.291],[139.74856258,35.586107768,6.197],[139.748333649,35.586513964,6.126],[139.748226416,35.586702196,6.089],[139.748172031,35.586762417,6.08],[139.748125205,35.586821938,6.068],[139.747963819,35.587059614,6.029],[139.747830482,35.587253492,5.991],[139.747658853,35.5874929,5.943],[139.74743247,35.587805112,5.88],[139.747413532,35.58783123,5.874],[139.747383975,35.5878623,5.87],[139.747273627,35.587978295,5.852],[139.747004856,35.58820008,5.84],[139.746918054,35.588268634,5.835],[139.746723831,35.588419559,5.837],[139.746655409,35.588472728,5.838],[139.746615693,35.58850359,5.838],[139.746300586,35.588749587,5.972],[139.745728075,35.589183981,8.136],[139.745279936,35.589531869,10.045],[139.744751697,35.589939356,12.281],[139.744390397,35.59021774,13.728],[139.744160938,35.590393952,13.818],[139.74396103,35.590562563,13.621],[139.743828809,35.59068561,13.484],[139.7437326,35.590796818,13.33],[139.743640783,35.59091882,13.197],[139.743575447,35.591041559,13.03],[139.743513206,35.591181434,12.88],[139.74347809,35.591289182,12.767],[139.743443138,35.591490935,12.532],[139.743442671,35.591607301,12.375],[139.743450176,35.591752603,12.215],[139.743472684,35.591904883,12.051],[139.743502169,35.592000932,11.919],[139.743562191,35.592163108,11.713],[139.743711243,35.592455434,11.322],[139.743840743,35.592654944,11.044],[139.744161658,35.593070069,10.443],[139.744467563,35.593453551,10.333],[139.74461477,35.593638103,10.38],[139.744641704,35.59367187,10.388],[139.744686091,35.593727517,10.402],[139.744723704,35.593774672,10.414],[139.744771971,35.593835184,10.43],[139.745053144,35.594188413,10.519],[139.74544322,35.594674032,10.64],[139.745611942,35.594890921,10.693],[139.74599036,35.595361858,10.807],[139.746087959,35.5954969,10.844],[139.746190139,35.595645953,10.878],[139.746434137,35.59602116,10.966],[139.746623739,35.596310461,11.121],[139.746682258,35.596414949,11.188],[139.746762813,35.596565924,11.28],[139.74682924,35.596713409,11.357],[139.746879877,35.596842293,11.312],[139.746944224,35.59704512,11.125],[139.747041953,35.597391932,10.808],[139.747202346,35.597937227,10.305],[139.747352207,35.598442691,9.844],[139.747516082,35.599009216,9.352],[139.747594466,35.59923169,9.207],[139.74765576,35.599378457,9.131],[139.747736208,35.599521786,9.1],[139.747845355,35.599684089,9.104],[139.747976946,35.599838247,9.101],[139.748101444,35.599962022,9.114],[139.748263236,35.600092639,9.109],[139.748424549,35.600202366,9.209],[139.748619147,35.600310125,9.377],[139.749192978,35.600613537,9.662],[139.749600411,35.600829457,9.662],[139.749793943,35.600939632,9.786],[139.750013968,35.601070959,9.82],[139.750310592,35.601281208,9.672],[139.750747788,35.601588621,9.646],[139.751223149,35.601927828,8.957],[139.751810549,35.602344919,7.965],[139.752453166,35.602799937,6.879],[139.752937047,35.603145038,6.058],[139.753094461,35.603261094,5.785],[139.753247919,35.603379015,5.511],[139.753390546,35.603503533,5.239],[139.753545362,35.60366195,4.918],[139.753747012,35.603915796,4.432],[139.754029191,35.604301165,3.734],[139.754411769,35.604823127,3.132],[139.754896249,35.605489046,3.137],[139.755192415,35.605906317,3.139],[139.755333595,35.606141303,3.136],[139.755395701,35.606284744,3.14],[139.755456468,35.606485142,3.135],[139.755506247,35.606715348,3.136],[139.755567047,35.607170074,3.139],[139.755661116,35.60801755,3.138],[139.7557187,35.60855117,3.14],[139.755809059,35.609382567,3.133],[139.755893453,35.610171664,3.137],[139.7559,35.610249379,3.124],[139.755954394,35.610726297,2.854],[139.756004449,35.611109258,1.515],[139.756050544,35.611586074,1.53],[139.756157684,35.612554234,3.134],[139.756268544,35.613551735,3.138],[139.756361691,35.614412552,3.137],[139.756452809,35.615207116,3.136],[139.756526277,35.615925117,3.143],[139.756606479,35.616643035,5.134],[139.756678931,35.617267111,7.264],[139.756723413,35.617681497,8.608],[139.756774036,35.618113174,9.946],[139.756804386,35.618400617,10.049],[139.756824199,35.618588773,9.968],[139.756831599,35.618744725,9.917],[139.756830691,35.61885824,9.877],[139.756825586,35.619011861,9.863],[139.756805675,35.61916528,9.842],[139.756771511,35.619324149,9.828],[139.756710572,35.61951419,9.806],[139.756642187,35.619666282,9.777],[139.756530157,35.619875218,9.767],[139.756414454,35.620053012,9.762],[139.756234741,35.620307228,9.764],[139.755953096,35.620702476,9.704],[139.75564705,35.621125132,9.642],[139.755385019,35.621490621,9.596],[139.755108257,35.621870017,10.211],[139.754945049,35.62210433,11.022],[139.754854828,35.622242283,11.522],[139.754800605,35.62235157,11.852],[139.754762163,35.622449428,12.142],[139.754732717,35.622564362,12.459],[139.754711982,35.622712041,12.856],[139.754713824,35.622908628,13.31],[139.754739468,35.623172024,13.992],[139.754757574,35.623384382,14.236],[139.754778887,35.623628698,13.843],[139.754808745,35.623932466,12.75],[139.754837726,35.624253619,11.799],[139.754863223,35.624560968,10.934],[139.75490879,35.625027208,10.091],[139.754950195,35.625516575,10.031],[139.75498655,35.625888982,10.001],[139.755036981,35.626448647,10.285],[139.755086083,35.626972144,10.59],[139.75514337,35.627615945,10.543],[139.755197617,35.62822817,9.794],[139.755245283,35.628725958,9.977],[139.755289449,35.629224778,10.746],[139.755339638,35.629786981,11.592],[139.755398308,35.630431263,11.055],[139.755448024,35.631000964,10.238],[139.755491112,35.631461246,9.599],[139.755547302,35.632079679,10.061],[139.755581016,35.632458558,10.439],[139.755606879,35.632752368,10.736],[139.755639904,35.632971779,10.954],[139.755675612,35.633160357,11.145],[139.755712108,35.633326366,11.31],[139.755767192,35.63352989,11.523],[139.755810871,35.633668808,11.662],[139.755876046,35.633848558,11.846],[139.755965391,35.634056685,12.019],[139.756122813,35.63436607,11.91],[139.756343252,35.634784361,11.665],[139.756498666,35.635099044,11.487],[139.756716406,35.635521095,11.238],[139.756909579,35.635904548,11.018],[139.757110745,35.636299022,10.787],[139.757316462,35.636688735,10.552],[139.757587876,35.63722412,10.181],[139.757850369,35.63773753,10.058],[139.758178145,35.638377827,10.166],[139.75853405,35.639072904,9.84],[139.758848401,35.639684817,9.621],[139.759073933,35.640127468,9.672],[139.759249352,35.640469997,9.692],[139.759452708,35.640866706,9.581],[139.75954956,35.641057352,9.522],[139.759648375,35.641238764,9.53],[139.75975615,35.641417996,9.654],[139.759896295,35.641656689,9.831],[139.759988828,35.641822741,9.939],[139.760097205,35.642023571,9.992],[139.760263427,35.642362526,10.028],[139.760403224,35.64264456,10.063],[139.760563726,35.642976395,10.17],[139.760766906,35.643393101,10.449],[139.760994477,35.643864728,10.856],[139.761173796,35.644234667,11.72],[139.761342575,35.644564489,12.522],[139.761553106,35.644975383,12.816],[139.761647321,35.645161537,12.759],[139.761885399,35.645625926,11.724],[139.762084669,35.646015564,10.959],[139.76233327,35.646497227,10.314],[139.762540198,35.646904164,10.307],[139.762783447,35.647371391,10.31],[139.762914785,35.647628787,10.309],[139.763239507,35.648258991,10.311],[139.763247235,35.648274232,10.311],[139.763252409,35.648284436,10.311],[139.763580013,35.648930532,10.307],[139.763781407,35.649319851,9.869],[139.763775021,35.649385007,9.74],[139.763869794,35.649575048,9.398],[139.763975987,35.649779953,9.282],[139.764064128,35.649951646,9.284],[139.764118827,35.650092011,9.325],[139.764143438,35.650190374,9.446],[139.76416324,35.65031762,9.636],[139.764157544,35.65043619,9.811],[139.764133384,35.65054239,9.935],[139.76408127,35.650656434,9.993],[139.764008672,35.650754283,10.016],[139.763932371,35.650832877,10.042],[139.7638234,35.650912246,10.068],[139.763709052,35.650975172,10.101],[139.763586807,35.651018658,10.123],[139.763442244,35.651051441,10.15],[139.763264868,35.651072034,10.179],[139.763052625,35.651089786,10.302],[139.762928992,35.651099716,10.531],[139.762748111,35.651114336,11.088],[139.762561772,35.651136802,11.712],[139.762417001,35.651160111,12.197],[139.762305282,35.651184433,12.578],[139.762295285,35.651191781,12.612],[139.762265646,35.6512031,12.634],[139.761951019,35.651229177,13.565],[139.761898958,35.651233346,13.642],[139.761025381,35.651305828,13.673],[139.759827425,35.651407085,12.991],[139.75931657,35.651453869,12.594],[139.75884531,35.651507742,12.224],[139.758309694,35.651588129,11.804],[139.757665444,35.651696523,11.694],[139.756748309,35.651848973,11.694],[139.756183659,35.651942234,11.7],[139.755933612,35.651975925,11.703],[139.755687878,35.651988167,11.725],[139.75540681,35.651965446,11.784],[139.755268108,35.651936339,11.848],[139.754945643,35.651822813,11.986],[139.754553897,35.651643883,12.061],[139.754277834,35.651535122,12.17],[139.754233217,35.651517274,12.217],[139.754092414,35.651462852,12.428],[139.753822665,35.651412586,12.563],[139.753516633,35.651406028,12.363],[139.7532262,35.651431398,12.069],[139.75309161,35.651448641,11.937],[139.753002792,35.651460808,11.921],[139.752759815,35.651493429,11.069],[139.752381397,35.651538946,8.984],[139.751989806,35.651590699,6.853],[139.751773087,35.651615149,5.636],[139.751642052,35.651597081,5.004],[139.751544955,35.651525396,4.727],[139.751487667,35.651439395,4.683],[139.751484986,35.651406141,4.632],[139.751819842,35.651248113,1.962],[139.753982215,35.651566983,2.546],[139.754267322,35.651706353,4.151],[139.75469685,35.6519483,5.235],[139.754931974,35.652069515,6.365],[139.755385611,35.652153798,8.081],[139.755836406,35.652149113,9.709],[139.756272942,35.652099127,11.574],[139.756459755,35.652067664,11.588],[139.756583405,35.652046873,11.595],[139.756891853,35.651982965,11.613],[139.757199085,35.651911539,11.644],[139.757218816,35.651897394,11.662],[139.7572649,35.651872455,11.69],[139.757624078,35.651811452,11.689],[139.758109535,35.651729552,11.696],[139.758434626,35.651674907,11.882],[139.758753055,35.651627035,12.137],[139.75909421,35.651582414,12.411],[139.759650171,35.651528835,12.845],[139.760192274,35.651484819,13.266],[139.760605704,35.651449369,13.557],[139.761015486,35.651414029,13.669],[139.761769159,35.651348405,13.874],[139.762164561,35.651318253,14.777],[139.762244758,35.651317454,14.991],[139.762624214,35.651318684,16.172],[139.76336312,35.651320982,16.615],[139.763718119,35.651323899,14.924],[139.76396554,35.651353774,13.695],[139.764120159,35.65139576,12.881],[139.764244191,35.651451325,12.156],[139.76438577,35.65155103,11.201],[139.764489275,35.651676609,10.259],[139.764559432,35.651810913,9.611],[139.764597652,35.651984263,9.04],[139.76461321,35.652240076,9.222],[139.764616062,35.652611629,9.811],[139.764632486,35.652892075,10.12],[139.764663047,35.65319833,10.163],[139.764668474,35.653414556,10.169],[139.764668779,35.653874642,10.173],[139.764669856,35.654639619,9.889],[139.764667735,35.655185435,9.876],[139.7646669,35.655724677,10.264],[139.764661255,35.655971778,10.197],[139.764654715,35.656068702,10.091],[139.764638679,35.65617138,9.965],[139.764610771,35.656285928,9.865],[139.764575509,35.656370211,9.87],[139.764510259,35.65649307,9.909],[139.764422381,35.656627431,9.889],[139.764249184,35.656877055,9.835],[139.764163879,35.657013121,9.86],[139.764102217,35.657128985,9.882],[139.764051999,35.657250893,9.91],[139.764017841,35.657379148,9.943],[139.764005883,35.657493775,9.975],[139.764024749,35.657661743,9.831],[139.76407031,35.657801802,9.666],[139.764123649,35.657902958,9.519],[139.76419507,35.658026941,9.374],[139.764309281,35.658183106,9.188],[139.764399874,35.658293184,9.127],[139.76459436,35.658533376,9.232],[139.764606468,35.658557773,9.233],[139.764621562,35.65859736,9.23],[139.764753722,35.658784694,9.291],[139.764870776,35.658948,9.346],[139.764952138,35.659055797,9.39],[139.765080314,35.659217173,9.46],[139.765283296,35.659469415,9.918],[139.765458588,35.659680391,10.999],[139.76563601,35.659903955,12.021],[139.765769681,35.660069533,11.846],[139.76587905,35.660205148,11.3],[139.766062639,35.660432196,10.382],[139.76626895,35.66068649,9.989],[139.766462697,35.660927824,10.142],[139.766760905,35.661296193,10.379],[139.76701313,35.661607365,10.579],[139.767215762,35.661858598,10.741],[139.76747667,35.662181933,10.991],[139.767646252,35.662390891,11.377],[139.767730056,35.662498627,11.562],[139.767824535,35.662638383,11.802],[139.767875539,35.662734846,11.959],[139.767923197,35.662857079,12.146],[139.767944984,35.662938278,12.264],[139.767952551,35.663027196,12.371],[139.767949398,35.663118431,12.415],[139.767924505,35.663348439,12.319],[139.767899987,35.66354866,12.393],[139.767864609,35.663721773,12.488],[139.767826525,35.663864534,12.579],[139.767782354,35.663989008,12.658],[139.767719385,35.664130387,12.752],[139.767600167,35.664366592,12.916],[139.767519992,35.664527845,13.03],[139.767417247,35.664718763,13.151],[139.767319178,35.664885621,13.25],[139.767239849,35.665008385,13.319],[139.767136086,35.665147132,13.398],[139.767061184,35.665243064,13.461],[139.766954106,35.665355362,13.492],[139.766837196,35.665458312,13.491],[139.766696069,35.665553359,13.476],[139.766512735,35.665651059,13.458],[139.766336584,35.665722529,13.455],[139.766180896,35.665779691,13.455],[139.765997817,35.66584681,13.45],[139.765726418,35.665941378,13.433],[139.765554229,35.665998088,13.417],[139.765484562,35.666019236,13.409],[139.765303714,35.666081862,13.387],[139.765054709,35.666166097,13.351],[139.764800689,35.666248984,13.308],[139.764516014,35.666342666,13.255],[139.764254855,35.666428208,13.203],[139.763983013,35.666516464,13.147],[139.763835933,35.66656649,13.12],[139.76374178,35.666608142,13.14],[139.763706725,35.666636826,13.13],[139.763662663,35.666668279,13.122],[139.763595575,35.66670368,13.142],[139.763515392,35.666769684,13.094],[139.763434091,35.666872802,12.911],[139.763396257,35.666945408,12.807],[139.763364111,35.667057056,12.675],[139.763360975,35.667174938,12.489],[139.763396378,35.667318365,12.291],[139.763451236,35.667452133,12.245],[139.763509171,35.667574451,12.297],[139.763532305,35.667621839,12.319],[139.763623943,35.667784223,12.397],[139.76372235,35.66795764,12.461],[139.763888177,35.668249424,12.529],[139.764075188,35.668581545,12.56],[139.764298825,35.668976052,12.553],[139.764547189,35.669421374,12.508],[139.764787241,35.669843146,12.448],[139.764978159,35.670180995,12.401],[139.765152688,35.670496206,12.388],[139.76526103,35.670671544,12.447],[139.765357769,35.670780797,12.533],[139.765486319,35.670886687,12.626],[139.765612073,35.670962938,12.649],[139.765754057,35.671029886,12.605],[139.765915844,35.671080653,12.43],[139.766137491,35.671133354,12.105],[139.766637715,35.671252827,11.926],[139.767103202,35.671362809,12.047],[139.767594339,35.67148166,12.322],[139.76772755,35.671515154,12.395],[139.767896903,35.671564688,12.418],[139.767937601,35.671571619,12.442],[139.767995981,35.671573263,12.515],[139.768230823,35.671638864,12.566],[139.768434184,35.671709269,12.634],[139.768550401,35.671762115,12.662],[139.768663868,35.6718294,12.653],[139.768783249,35.671915889,12.623],[139.768876659,35.672006356,12.537],[139.768962954,35.672112061,12.424],[139.769051935,35.672243676,12.271],[139.769184726,35.672456753,12.039],[139.769345066,35.672710697,11.865],[139.769511488,35.672983743,11.842],[139.769668579,35.673234003,11.969],[139.769832247,35.673498952,12.22],[139.769965941,35.673715669,12.482],[139.770095136,35.673923571,12.774],[139.770192524,35.674076292,13.048],[139.77027557,35.674181282,13.157],[139.770385545,35.674268622,13.221],[139.77048555,35.674310195,13.211],[139.770642133,35.674337776,13.117],[139.770737016,35.67433689,13.014],[139.770905202,35.674316687,12.762],[139.771054961,35.674279655,12.34],[139.771101664,35.674267488,12.215],[139.77126398,35.674217469,11.88],[139.771592412,35.674115181,11.716],[139.771880062,35.67402299,11.944],[139.772163456,35.673936905,12.27],[139.772421852,35.673855715,12.447],[139.772636174,35.673798377,12.502],[139.772858247,35.673747593,12.527],[139.773011756,35.673716845,12.523],[139.773230288,35.673681728,12.48],[139.77349213,35.673636979,12.401],[139.773716153,35.673592178,12.332],[139.773918618,35.673540358,12.291],[139.774056849,35.673497947,12.278],[139.774305884,35.673419183,12.263],[139.774645386,35.67330381,12.25],[139.775014201,35.673168432,12.265],[139.775408615,35.673020838,12.308],[139.775653068,35.672927349,12.355],[139.775852365,35.672846224,12.413],[139.77607948,35.672764324,12.471],[139.776310319,35.672669887,12.596],[139.776392988,35.672635481,12.68],[139.776519324,35.672592912,12.734],[139.776675075,35.67257005,12.462],[139.77673134,35.672568305,12.433],[139.776947646,35.672607983,12.539],[139.777091747,35.672698459,12.568],[139.777200819,35.672799532,12.568],[139.777335911,35.672975458,12.471],[139.7774916,35.673220401,12.074],[139.777664702,35.673511839,11.98],[139.778414493,35.674701276,11.604],[139.778499581,35.67483126,11.311],[139.778671334,35.67507762,9.756],[139.778809456,35.675281705,7.662],[139.778985597,35.675548277,4.807],[139.779143797,35.675793567,2.271],[139.779302423,35.676043857,-0.31],[139.779456574,35.67629813,-1.496],[139.77951703,35.676400865,-1.502],[139.779723934,35.676741504,-1.522],[139.779965522,35.677130112,-1.531],[139.78017782,35.677478058,-1.536],[139.780387546,35.677813407,-1.532],[139.780705973,35.678342604,0.355],[139.780951753,35.678762678,4.769],[139.781122727,35.679049348,7.798],[139.781383152,35.679489714,11.414],[139.781579898,35.679823642,11.469],[139.781771989,35.680158043,11.23],[139.781957134,35.680467653,11.306],[139.782070314,35.680635218,11.34],[139.782122169,35.680709118,11.348],[139.782192931,35.68080531,11.362],[139.782305822,35.680932249,11.401],[139.782384277,35.681013202,11.434],[139.782477767,35.681113095,11.475],[139.782586936,35.681245421,11.508],[139.782697709,35.681403187,11.534],[139.782844858,35.681624764,11.564],[139.783006853,35.681863247,11.613],[139.783171073,35.682101974,12.558],[139.783255551,35.682216325,13.407],[139.783326818,35.682283532,13.97],[139.783420499,35.682346913,14.599],[139.783540589,35.682401426,15.311],[139.783662877,35.682434157,15.973],[139.783799612,35.682449588,16.655],[139.783921841,35.682442762,17.117],[139.784018888,35.682426261,17.425],[139.78412331,35.682394206,17.699],[139.784225223,35.68234987,17.947],[139.784314114,35.682292023,18.117],[139.784408661,35.682211211,18.272],[139.784506011,35.682101229,18.376],[139.784563459,35.682007599,18.356],[139.784613736,35.681906539,18.28],[139.784694533,35.681696629,17.912],[139.784813948,35.681269966,16.299],[139.784912296,35.680903273,14.879],[139.78499785,35.680630955,14.847],[139.785033041,35.680532281,14.829],[139.785140023,35.680292799,15.035],[139.785209577,35.680169763,15.276],[139.7853014,35.680042219,15.481],[139.785425956,35.679902024,15.509],[139.785563816,35.679764216,15.48],[139.786055232,35.679327351,15.528],[139.786357147,35.679066227,15.896],[139.786474448,35.678969676,16.089],[139.786621659,35.678866037,16.304],[139.786770715,35.678778056,16.525],[139.786884129,35.678727605,16.687],[139.787011712,35.678683234,16.936],[139.78714794,35.678650337,17.192],[139.787293144,35.678633739,17.42],[139.787481005,35.678629046,17.762],[139.787553726,35.678635537,17.853],[139.787670533,35.678654109,17.886],[139.787815341,35.678702068,18.117],[139.787960246,35.678768073,18.537],[139.788132652,35.678847544,19.07],[139.788255172,35.678906697,19.326],[139.788463309,35.679007424,19.69],[139.788904675,35.679217501,19.941],[139.789291367,35.679399804,19.821],[139.789810325,35.679632987,19.665],[139.790111873,35.679757224,19.572],[139.790455495,35.679895647,19.467],[139.790775552,35.680025595,19.395],[139.791161495,35.680184291,19.508],[139.791479954,35.680325187,19.637],[139.792063442,35.680594514,20.103],[139.792478552,35.680783483,20.541],[139.79291417,35.680983367,21.056],[139.793203821,35.681127342,21.356],[139.793464613,35.681275116,21.332],[139.793717961,35.681445067,20.947],[139.794051499,35.68169018,20.374],[139.794074509,35.681706175,20.347],[139.794471664,35.681998695,19.885],[139.794796158,35.682234607,19.48],[139.795434264,35.68271573,16.381],[139.796008888,35.68316571,14.214],[139.796026916,35.683179062,14.224],[139.796118618,35.683104951,14.222],[139.796116163,35.683103039,14.221],[139.796100214,35.683089655,14.213],[139.796081514,35.683082349,14.217],[139.796039653,35.68307873,14.248],[139.795979337,35.683034586,14.287],[139.795965673,35.682980214,14.29],[139.795760967,35.682820167,14.995],[139.795419219,35.682560982,16.985],[139.794868018,35.68214339,19.508],[139.794419664,35.681814708,20.051],[139.794004208,35.681509782,20.56],[139.79371277,35.68129858,21.207],[139.793678554,35.681273856,21.28],[139.793444173,35.681107823,21.737],[139.793123396,35.680881842,21.493],[139.792720769,35.680682283,20.674],[139.792426239,35.680547554,21.812],[139.792150555,35.680418869,23.469],[139.791974346,35.680315774,24.654],[139.791841317,35.680184352,25.821],[139.791754376,35.68002184,27.039],[139.791728,35.679860197,28.151],[139.791743932,35.679688342,29.326],[139.791814528,35.679516479,30.002],[139.791907928,35.679371609,30.112],[139.792089332,35.679138741,29.77],[139.792355447,35.67880648,28.917],[139.792549647,35.678536267,28.277],[139.792711841,35.678328085,27.13],[139.792782776,35.678215577,26.273],[139.7927831,35.6781969,26.219],[139.792792417,35.678171105,26.09],[139.792892843,35.678069399,25.197],[139.793034916,35.677946355,24.051],[139.79320097,35.677829873,22.857],[139.79338967,35.677722243,21.636],[139.793563527,35.677641087,20.57],[139.793770018,35.677550634,19.348],[139.794166119,35.677392131,18.076],[139.794587452,35.677222136,17.878],[139.795062968,35.677035508,17.654],[139.795298695,35.676940228,17.544],[139.79531971,35.676932804,17.533],[139.795752999,35.676753803,17.337],[139.795973462,35.676660867,17.24],[139.796121968,35.676600757,17.142],[139.796361247,35.676510128,16.908],[139.796915032,35.676302192,16.017],[139.797416727,35.676111643,15.067],[139.797743246,35.675987809,14.448],[139.798050567,35.675863098,13.86],[139.798258067,35.67577639,13.46],[139.798574649,35.675647863,12.848],[139.798928993,35.675500221,12.345],[139.799195666,35.675372975,12.125],[139.799433569,35.67522263,11.898],[139.799600648,35.675071453,11.724],[139.799708301,35.67494468,11.661],[139.799808197,35.674787414,11.597],[139.799896991,35.674611384,11.599],[139.800010227,35.674295528,11.542],[139.800116046,35.673961784,11.601],[139.800206782,35.673672105,11.717],[139.800281517,35.673443268,11.768],[139.800373046,35.673229687,11.697],[139.800499515,35.673003481,11.623],[139.800646451,35.672813761,11.628],[139.800808022,35.672663514,11.718],[139.801015894,35.672523727,11.81],[139.801272533,35.672402065,12.057],[139.801541881,35.672307935,12.318],[139.801872921,35.672219113,12.543],[139.802305297,35.672117404,12.539],[139.80267166,35.67202959,12.435],[139.803117662,35.671924517,12.29],[139.803530154,35.671828093,12.151],[139.804019944,35.671716953,11.989],[139.804293689,35.671659265,11.899],[139.804495605,35.671618038,11.854],[139.80495426,35.671537361,11.925],[139.804976585,35.671534293,11.934],[139.805277594,35.67149742,12.088],[139.805494475,35.671485884,12.194],[139.805859387,35.671428884,12.44],[139.806331672,35.671345488,12.774],[139.806568124,35.671317161,12.918],[139.806825766,35.67127879,13.088],[139.806915127,35.671264596,13.153],[139.807305128,35.671194538,13.288],[139.807477737,35.671166861,13.085],[139.807723608,35.671126919,12.28],[139.808879173,35.670910636,4.966],[139.80881958,35.670788824,5.19],[139.807716682,35.670977785,12.624],[139.806934725,35.671112773,17.893],[139.806136024,35.671243537,21.915],[139.805935758,35.671277987,22.276],[139.805665595,35.671322118,22.321],[139.805544698,35.671339987,22.232],[139.805219803,35.6714158,22.038],[139.804773099,35.671492661,21.811],[139.804204409,35.671572706,21.841],[139.804172103,35.671600984,21.893],[139.804153015,35.671610189,21.91],[139.803785147,35.671660335,22.026],[139.803423807,35.671717866,22.144],[139.803074803,35.67178184,22.262],[139.80276108,35.67184341,22.362],[139.802505816,35.671898857,22.445],[139.802058821,35.672001479,22.251],[139.801594823,35.672114513,21.397],[139.801355145,35.672171956,20.88],[139.80117992,35.672221727,20.492],[139.800972441,35.672292798,20.04],[139.80077524,35.672385099,19.475],[139.800588881,35.672497576,18.828],[139.800431755,35.672618238,18.227],[139.80031588,35.672729369,17.721],[139.800201301,35.672865739,17.144],[139.80009887,35.673015289,16.469],[139.800050961,35.673109581,16.011],[139.799981134,35.673283568,15.202],[139.799915008,35.673517317,14.155],[139.79980407,35.673914544,12.701],[139.799710443,35.674254963,11.672],[139.79963061,35.674479532,11.034],[139.799533659,35.674681178,10.652],[139.799415341,35.674847156,10.606],[139.799276524,35.674991271,10.738],[139.799151258,35.675094577,11.033],[139.798974199,35.675212524,11.54],[139.798714712,35.675350192,12.247],[139.798352098,35.675508897,13.058],[139.797969136,35.675667715,13.798],[139.797552982,35.675841421,14.602],[139.797214821,35.675985897,15.255],[139.796792339,35.676173024,16.085],[139.796420139,35.676340966,16.737],[139.79607517,35.67649403,17.129],[139.79577961,35.676621294,17.3],[139.795476163,35.676749689,17.41],[139.795146216,35.676881348,17.494],[139.794529772,35.677125252,17.647],[139.794476659,35.677145709,17.66],[139.794181083,35.677264402,17.737],[139.793872878,35.677388771,17.829],[139.793510634,35.677539054,17.998],[139.79326322,35.677661966,18.111],[139.793093495,35.677761816,18.224],[139.792813638,35.677979165,18.487],[139.792575769,35.678218419,18.886],[139.792278942,35.678582402,19.459],[139.792040366,35.678890731,20.026],[139.791798781,35.679184355,20.513],[139.791777415,35.679208129,20.537],[139.791616455,35.679364248,20.58],[139.79142828,35.679492793,20.43],[139.791296047,35.679551165,20.278],[139.791146803,35.679603406,20.185],[139.790889066,35.679650927,20.056],[139.79071516,35.679657629,19.957],[139.790510153,35.679637496,19.803],[139.79025274,35.679568509,19.612],[139.790007001,35.679470756,19.568],[139.789671659,35.679317096,19.678],[139.78930395,35.679147075,19.799],[139.788963364,35.678993598,19.912],[139.788464692,35.678759625,19.575],[139.788089655,35.678590113,19.256],[139.787882783,35.678518309,19.111],[139.787681196,35.678468595,18.97],[139.787484889,35.678443199,18.72],[139.787287499,35.678446638,18.402],[139.787123381,35.67846735,18.142],[139.786935034,35.678512405,17.843],[139.786740295,35.678586823,17.478],[139.786533289,35.678703262,16.9],[139.7863511,35.678833464,16.343],[139.786170356,35.678985756,15.793],[139.785797997,35.679311587,15.473],[139.785384004,35.679678065,15.798],[139.78535444,35.679703792,15.843],[139.785256045,35.679793324,16.022],[139.785126356,35.679935983,16.068],[139.78502455,35.680067036,16.036],[139.784916584,35.680233259,15.992],[139.784840147,35.680386849,15.891],[139.784754531,35.680598838,15.659],[139.78465289,35.680929556,16.8],[139.784563222,35.681258281,18.652],[139.784493857,35.681518379,20.104],[139.784444999,35.681674075,20.963],[139.784380003,35.681821077,21.78],[139.78432784,35.681908434,22.231],[139.784265537,35.681991844,22.514],[139.784150196,35.682094255,22.547],[139.784050252,35.682153233,22.307],[139.783969623,35.682185638,21.985],[139.783804723,35.682224317,21.142],[139.783649299,35.682233572,20.392],[139.783503583,35.68221786,19.744],[139.783371247,35.68217569,19.146],[139.783249881,35.682102273,18.633],[139.783122123,35.682003827,18.531],[139.782957709,35.681840341,18.547],[139.782883898,35.68175351,18.54],[139.782765114,35.681586551,18.502],[139.782656298,35.681424618,18.458],[139.782547834,35.681242921,18.4],[139.782458298,35.681086532,18.361],[139.782369912,35.680920327,18.304],[139.782276902,35.680760798,17.945],[139.782121141,35.680500349,16.38],[139.78183384,35.680015708,13.31],[139.781597792,35.679617083,11.564],[139.781265714,35.679052962,8.21],[139.780998121,35.678607325,3.503],[139.780784871,35.678237973,-0.356],[139.780581449,35.677898089,-1.638],[139.780331017,35.677490848,-1.639],[139.780104725,35.677127296,-1.639],[139.779905295,35.676806255,-1.64],[139.779678623,35.676439447,-1.635],[139.779457248,35.676057674,-1.636],[139.779281263,35.67575016,-1.638],[139.779118049,35.675470938,-1.64],[139.778910204,35.675138361,-1.637],[139.778686873,35.674775545,-1.657],[139.778392317,35.674328995,-2.223],[139.778217758,35.67407409,-2.593],[139.778041155,35.673818396,-2.895],[139.77786835,35.673566619,-2.83],[139.77768481,35.673282239,-1.56],[139.777552288,35.673060565,-0.022],[139.777493342,35.672932108,0.85],[139.777460716,35.672829719,1.352],[139.777438054,35.672687134,1.734],[139.777434337,35.672502813,1.76],[139.777430483,35.672288508,1.191],[139.777416918,35.672088634,0.102],[139.777390218,35.6719117,-1.029],[139.777361152,35.671778721,-1.662],[139.777286713,35.67151468,-2.15],[139.777183058,35.671172072,-2.151],[139.777059666,35.670772156,-2.15],[139.776971455,35.670506751,-2.139],[139.776926882,35.67039427,-2.127],[139.776914083,35.670361926,-2.126],[139.776862699,35.670247987,-2.126],[139.776787855,35.670093695,-2.124],[139.776713797,35.669959751,-2.041],[139.776634659,35.669831167,-1.788],[139.776537081,35.669682686,-1.399],[139.77641144,35.669516578,-0.949],[139.776251198,35.669321441,-0.453],[139.776110067,35.669158824,-0.471],[139.775897968,35.66892278,-1.429],[139.775717529,35.668741223,-1.97],[139.775604741,35.668642944,-2.006],[139.775450274,35.668529765,-2.013],[139.775329413,35.66845231,-2.004],[139.775294853,35.668430163,-2.001],[139.775224557,35.668385114,-1.996],[139.775064542,35.668278645,-1.988],[139.774918389,35.668169243,-1.999],[139.774743372,35.668029697,-2.02],[139.774618548,35.667927199,-2.039],[139.774361027,35.667723763,-2.054],[139.77393188,35.667380633,-1.858],[139.77360415,35.667115832,-1.69],[139.77336462,35.666917094,-1.655],[139.773121405,35.666710268,-1.874],[139.772913463,35.666530202,-2.078],[139.772682626,35.666328034,-2.507],[139.772547438,35.666193862,-2.899],[139.772474128,35.666097828,-3.157],[139.772415119,35.665983728,-3.247],[139.772369607,35.665827796,-2.937],[139.772336517,35.665604064,-2.4],[139.772308588,35.665416621,-2.167],[139.772259796,35.665263548,-2.062],[139.772184116,35.665129464,-2.072],[139.772067719,35.665001652,-2.438],[139.771894218,35.664855128,-2.934],[139.771551851,35.664579911,-2.961],[139.771244702,35.664336805,-2.824],[139.770987321,35.664135102,-2.703],[139.77067196,35.663884869,-2.563],[139.770496929,35.663742823,-2.525],[139.77039792,35.663648128,-2.716],[139.770271427,35.663505205,-3.354],[139.770226938,35.663453772,-3.639],[139.770187723,35.663408438,-3.891],[139.770088393,35.663293606,-4.529],[139.769849215,35.663014831,-5.938],[139.769646409,35.662796732,-6.984],[139.769503016,35.662662964,-7.651],[139.769237123,35.662469217,-8.531],[139.768967172,35.662319925,-8.711],[139.768772983,35.662233125,-8.729],[139.768626082,35.662172818,-8.743],[139.768447161,35.662105721,-8.76],[139.768253283,35.662032084,-8.712],[139.768070537,35.661962272,-8.622],[139.767823489,35.661859436,-8.425],[139.767645962,35.66177478,-7.871],[139.767553091,35.661724698,-7.443],[139.767383242,35.661614418,-6.566],[139.767256366,35.661515191,-5.684],[139.767117224,35.661382357,-4.625],[139.76698693,35.661244865,-3.562],[139.766861473,35.661095494,-2.544],[139.766617999,35.660796121,-0.64],[139.76643487,35.660570372,0.796],[139.766258706,35.660350641,2.259],[139.766068813,35.660114545,3.856],[139.765827522,35.6598133,5.89],[139.765644339,35.65959195,7.407],[139.765439802,35.659336383,9.058],[139.765284111,35.659142294,9.575],[139.765098413,35.658912699,9.491],[139.764909633,35.658679296,9.381],[139.76473577,35.65846042,9.279],[139.764607891,35.658304975,9.21],[139.764483519,35.658157968,9.159],[139.764355574,35.657981653,9.172],[139.76423843,35.657781392,9.237],[139.764187466,35.657632597,9.28],[139.764172629,35.657517996,9.319],[139.764185946,35.657374279,9.431],[139.764217798,35.657265793,9.514],[139.764283845,35.65711973,9.636],[139.764387382,35.656953933,9.769],[139.764553417,35.656718837,10.012],[139.764657961,35.656556325,10.232],[139.764743493,35.656387659,10.438],[139.764780689,35.656281239,10.51],[139.764810084,35.656159528,10.48],[139.764826184,35.656025163,10.437],[139.764830392,35.655830149,10.362],[139.764829836,35.655575345,10.242],[139.764830166,35.655305865,10.025],[139.764829938,35.654858955,9.807],[139.764830389,35.654378798,10.1],[139.764834656,35.65400016,10.215],[139.764835011,35.653961841,10.281],[139.7648321,35.653030212,13.703],[139.764830617,35.652428676,15.438],[139.764840013,35.652346617,15.655],[139.764866204,35.65218058,16.048],[139.764877328,35.651855355,15.925],[139.76487561,35.651647484,15.012],[139.764843626,35.651372504,13.764],[139.764785217,35.651158321,12.678],[139.764716798,35.6509754,11.786],[139.764645704,35.650820941,11.302],[139.764449578,35.650434058,10.314],[139.762888048,35.647384929,10.36],[139.762872571,35.6473498,10.356],[139.762517139,35.646664796,10.362],[139.762019713,35.645692028,11.551],[139.761783986,35.645227862,12.662],[139.7614007,35.644485769,12.459],[139.761187777,35.644067975,11.438],[139.760952786,35.64357354,10.639],[139.760630585,35.64291107,10.206],[139.760389214,35.642408731,10.086],[139.760119761,35.641864898,10.017],[139.759952682,35.641492234,9.788],[139.759824771,35.641213727,9.597],[139.759705782,35.640984193,9.585],[139.759540419,35.640649857,9.678],[139.759322346,35.640216944,9.735],[139.759154173,35.639885257,9.693],[139.759141591,35.639861213,9.696],[139.759117073,35.639814356,9.702],[139.758954302,35.639503295,9.745],[139.758922135,35.639441822,9.753],[139.758821188,35.639248908,9.779],[139.758595922,35.638818351,9.994],[139.758244645,35.638124309,10.218],[139.7579435,35.637531546,10.075],[139.757659185,35.636981151,10.342],[139.757270462,35.63622117,10.795],[139.756980444,35.635650771,11.125],[139.756717901,35.635139826,11.423],[139.756432722,35.634584419,11.75],[139.75623923,35.634199062,11.976],[139.756011891,35.63379099,11.777],[139.755993297,35.633757614,11.761],[139.75597145,35.633718399,11.742],[139.755919844,35.633608567,11.625],[139.755907207,35.63358167,11.596],[139.755871542,35.633505763,11.515],[139.755816245,35.633347739,11.354],[139.755728441,35.63292616,10.921],[139.755672322,35.63242388,10.41],[139.755635403,35.632012915,10.0],[139.755575486,35.631301506,9.796],[139.755499994,35.630489631,10.96],[139.755416778,35.629586986,11.31],[139.75535262,35.628851593,10.175],[139.755296954,35.628230567,9.78],[139.755219794,35.627412281,10.746],[139.755147123,35.626598152,10.375],[139.755072239,35.625799784,10.0],[139.75500528,35.625063663,10.08],[139.754917507,35.624079082,12.297],[139.754867359,35.62352171,14.106],[139.754824803,35.623073919,13.725],[139.754808739,35.622828385,13.092],[139.754820385,35.6226381,12.571],[139.754854388,35.622472239,12.111],[139.754926636,35.62229493,11.578],[139.755030244,35.622138133,10.973],[139.755239067,35.621836947,9.989],[139.755545275,35.621413931,9.604],[139.755908648,35.620909958,9.685],[139.756221785,35.62047869,9.742],[139.756443117,35.620170792,9.772],[139.756539409,35.620025597,9.772],[139.756687149,35.619778382,9.786],[139.75680229,35.61952076,9.816],[139.75686019,35.619340666,9.84],[139.756900519,35.619152926,9.86],[139.756924171,35.618961252,9.887],[139.756923634,35.618736025,9.928],[139.756900264,35.618447855,10.028],[139.756864443,35.618091614,9.888],[139.756781553,35.617352823,7.551],[139.756699296,35.616613364,5.028],[139.756617451,35.615870391,3.136],[139.756529568,35.615093751,3.14],[139.756457444,35.614412841,3.138],[139.756381747,35.613742757,3.134],[139.756265989,35.612684447,3.141],[139.756167044,35.611810438,2.278],[139.756111819,35.61126768,1.187],[139.75604748,35.610749593,2.785],[139.755974368,35.610046067,3.133],[139.755892876,35.609311082,3.138],[139.755836067,35.60879692,3.139],[139.755774835,35.60825594,3.134],[139.755723598,35.607785258,3.133],[139.755654421,35.607173171,3.14],[139.755616553,35.606828334,3.138],[139.755562833,35.606531286,3.134],[139.755506183,35.606324839,3.136],[139.75542312,35.606107905,3.138],[139.755280694,35.605872156,3.137],[139.755064813,35.605567228,3.14],[139.754863551,35.605286384,3.135],[139.754426116,35.604694847,3.146],[139.753957513,35.604051589,4.121],[139.753739431,35.603766027,4.65],[139.753572119,35.603567192,5.027],[139.753405779,35.603405201,5.354],[139.75320202,35.603238605,5.716],[139.752966252,35.60306421,6.121],[139.752303348,35.602595392,7.245],[139.751742889,35.602199239,8.191],[139.751239272,35.601837959,9.052],[139.750551099,35.601355129,9.663],[139.750106138,35.601036442,9.838],[139.749640533,35.600702996,9.643],[139.749261149,35.600470524,9.648],[139.748830169,35.600245892,9.488],[139.748491772,35.600058792,9.079],[139.74820344,35.599834811,8.993],[139.748044185,35.599660942,8.994],[139.747940762,35.599527403,8.992],[139.747812035,35.599305543,9.003],[139.74772604,35.599085489,9.184],[139.747726004,35.599085365,9.184],[139.747711173,35.599034729,9.23],[139.747658794,35.598855892,9.392],[139.747643869,35.598804934,9.438],[139.747629143,35.598754653,9.484],[139.747543171,35.598453919,9.756],[139.747439896,35.5981232,10.063],[139.747244774,35.597451076,10.673],[139.74713879,35.597093674,10.968],[139.747069132,35.59689301,11.116],[139.746964153,35.596679189,11.31],[139.746754496,35.596344767,11.197],[139.746471269,35.595911564,10.967],[139.746280308,35.595623905,10.896],[139.746206824,35.595490012,10.863],[139.746178172,35.595437651,10.851],[139.7460679,35.595250466,10.81],[139.746032394,35.595191122,10.798],[139.74592282,35.595017106,10.755],[139.745746427,35.594783374,10.7],[139.745350559,35.59428686,10.55],[139.745066716,35.593941745,10.47],[139.744745845,35.593540128,10.369],[139.744561807,35.593314845,10.315],[139.744378743,35.593098752,10.324],[139.744203024,35.59289308,10.58],[139.743980266,35.592640019,10.973],[139.743874636,35.59249362,11.175],[139.743739577,35.592286386,11.466],[139.743661807,35.592135384,11.669],[139.743596531,35.591978042,11.889],[139.743561233,35.591827927,12.058],[139.743537699,35.591606163,12.328],[139.743552872,35.591425601,12.543],[139.7435972,35.59124345,12.756],[139.743618633,35.591182096,12.834],[139.743660963,35.591079125,12.975],[139.743732923,35.590956475,13.119],[139.743818612,35.590830914,13.305],[139.743892197,35.590744084,13.435],[139.744078677,35.590572115,13.654],[139.744425609,35.590299794,13.802],[139.744579247,35.590182122,13.29],[139.745111437,35.589768864,11.035],[139.745429053,35.589526341,9.691],[139.745772649,35.589256425,8.224],[139.746317117,35.588840114,6.075],[139.746633144,35.58859615,5.836],[139.746779018,35.58848497,5.837],[139.74694352,35.588361469,5.837],[139.74718368,35.588173006,5.84],[139.747269296,35.588102992,5.838],[139.747343192,35.58803922,5.846],[139.747427506,35.587959419,5.866],[139.747526995,35.587854655,5.883],[139.747574854,35.587801458,5.896],[139.747747984,35.587582543,5.937],[139.747974071,35.587279273,5.994],[139.748161915,35.586997251,6.046],[139.748332323,35.586719836,6.098],[139.74850093,35.58641732,6.149],[139.74885272,35.585788978,6.261],[139.749387129,35.584832888,6.432],[139.749646213,35.584376894,6.512],[139.749909842,35.58390202,6.277],[139.750125741,35.583519243,5.938],[139.750640288,35.582600694,5.686],[139.751076228,35.581808321,5.681],[139.7513499,35.581316457,5.685],[139.751698381,35.580698534,5.686],[139.752045886,35.580076735,5.686],[139.752440949,35.579370622,5.99],[139.752723964,35.578867561,7.757],[139.753082544,35.578233028,10.049],[139.753398417,35.577658148,10.114],[139.75365532,35.577190927,9.284],[139.753856171,35.576813961,8.603],[139.753999564,35.576523326,8.091],[139.75410317,35.576254153,7.622],[139.754170014,35.576016831,7.232],[139.754212524,35.575757661,6.814],[139.754223591,35.575612527,6.609],[139.754221439,35.575340235,6.423],[139.754200252,35.575133268,6.371],[139.754161188,35.574923905,6.313],[139.75409998,35.574667664,6.256],[139.753996658,35.574289896,6.149],[139.753829538,35.573683965,6.415],[139.7537103,35.573229312,8.109],[139.753637411,35.572910845,9.338],[139.753618734,35.57278286,9.824],[139.753610685,35.572585063,10.557],[139.753606865,35.572232261,11.294],[139.753615238,35.572058035,11.335],[139.753648406,35.571798104,11.251],[139.753701111,35.571541471,11.157],[139.753774337,35.571301445,11.035],[139.753840628,35.571123879,10.901],[139.753906676,35.570976702,10.765],[139.754016534,35.570764546,10.561],[139.754138731,35.570563968,10.368],[139.754295972,35.570338829,10.007],[139.754471374,35.570126655,8.987],[139.754691126,35.569902345,7.506],[139.755038311,35.569576473,5.327],[139.75549947,35.569130833,4.585],[139.756137611,35.568519847,4.58],[139.756693151,35.567988569,2.713],[139.75729902,35.567387034,-0.131],[139.757645422,35.567045968,-1.754],[139.757811224,35.566879491,-2.531],[139.758193877,35.566494158,-4.347],[139.75849,35.566199027,-5.741],[139.758729309,35.565945714,-6.92],[139.758964161,35.565672883,-8.071],[139.759086803,35.565512082,-8.182],[139.759204323,35.565331257,-7.626],[139.759287452,35.565168967,-6.893],[139.759319649,35.56510589,-6.596],[139.759392024,35.564921576,-5.768],[139.759443066,35.564733935,-4.943],[139.759483177,35.564490009,-3.872],[139.759491335,35.564267954,-2.902],[139.759478103,35.564080811,-2.086],[139.759451108,35.563878258,-1.191],[139.759405429,35.56366521,-0.249],[139.75931803,35.563344092,1.193],[139.759232732,35.563046663,2.534],[139.75908655,35.562589033,4.518],[139.759025089,35.562394488,5.302],[139.758956906,35.562210536,6.03],[139.758887296,35.56207021,6.583],[139.75882698,35.561953636,7.07],[139.758731754,35.561812397,7.658],[139.758637573,35.561697191,8.123],[139.75853008,35.561589991,8.411],[139.758388762,35.561476526,8.353],[139.758170388,35.561335845,7.857],[139.757949683,35.561226275,7.665],[139.757723608,35.561126882,7.68],[139.757382018,35.56100222,7.694],[139.756796984,35.560778909,7.695],[139.756333855,35.560602848,7.691],[139.755779417,35.560391004,7.694],[139.754910543,35.560059326,7.696],[139.754323812,35.55983731,7.693],[139.75376052,35.559620312,7.691],[139.753427388,35.55949507,7.695],[139.753114919,35.55936053,7.694],[139.752422379,35.559061337,7.865],[139.752237765,35.558979826,8.03],[139.752024422,35.558881622,8.231],[139.751827332,35.558782062,8.426],[139.751684763,35.55868914,8.487],[139.751638363,35.558648127,8.458],[139.751570745,35.558590693,8.427],[139.751500301,35.558515525,8.366],[139.751403753,35.558395429,8.286],[139.751310831,35.558239386,8.276],[139.751167364,35.557903757,8.351],[139.750993261,35.557469655,8.385],[139.750769484,35.556896981,8.969],[139.750647974,35.556593003,9.346],[139.750478443,35.556177232,9.86],[139.750374747,35.555920792,10.178],[139.750262797,35.555639486,10.508],[139.750184807,35.555463561,10.603],[139.749991712,35.555086542,10.567],[139.74974233,35.554620881,10.571],[139.749504491,35.554178603,10.686],[139.749451854,35.554080184,10.719],[139.749427055,35.554033817,10.735],[139.749415384,35.554011995,10.742],[139.749188108,35.553617694,10.88],[139.748958343,35.553206817,11.012],[139.748830803,35.552978625,11.063],[139.748750399,35.552820623,11.098],[139.748673787,35.552637877,11.136],[139.748607099,35.552436476,11.209],[139.748560918,35.552246589,11.287],[139.748512587,35.551978872,11.405],[139.74846536,35.551628685,11.54],[139.748428444,35.551359867,11.621],[139.748362218,35.550914799,11.779],[139.748317685,35.55058267,12.004],[139.748274017,35.55033949,12.195],[139.748238748,35.55018611,12.287],[139.74817736,35.54998256,12.335],[139.748098257,35.549770356,12.417],[139.74799377,35.549539063,12.576],[139.747838782,35.549216158,12.839],[139.747638009,35.548816887,13.19],[139.747116507,35.547761429,14.147],[139.746799565,35.547127356,14.719],[139.746635471,35.546808385,15.009],[139.746417109,35.546372472,15.315],[139.746317404,35.546122524,15.442],[139.746253073,35.545892709,15.406],[139.74620966,35.545595823,15.298],[139.746198514,35.545413854,15.291],[139.746219548,35.544931341,15.12],[139.746238624,35.544269577,14.531],[139.746259764,35.543533414,12.206],[139.746273001,35.543123301,11.662],[139.746286511,35.542718131,11.411],[139.746299387,35.542209993,11.099],[139.746307567,35.541657584,10.767],[139.746316797,35.541094894,10.783],[139.746319213,35.540713963,10.934],[139.746324088,35.540467475,11.026],[139.746322313,35.540296362,11.094],[139.746302862,35.540132486,11.152],[139.746274112,35.539968263,11.219],[139.746233202,35.539800554,11.28],[139.746196476,35.5396774,11.331],[139.746133298,35.539509186,11.397],[139.746062516,35.539363404,11.461],[139.74596956,35.539197593,11.52],[139.7459012,35.539087011,11.539],[139.745713994,35.538817425,11.486],[139.74549757,35.538511789,11.361],[139.745249317,35.538155394,11.225],[139.745036113,35.537848885,11.103],[139.744734763,35.537419244,10.933],[139.744300664,35.53679322,10.851],[139.7438457,35.53613919,11.132],[139.74351053,35.535663967,11.34],[139.743187765,35.535208929,11.54],[139.742903853,35.534790293,11.625],[139.742656912,35.534431228,11.504],[139.742363626,35.534023027,11.374],[139.742170383,35.533745814,11.35],[139.741899198,35.533399837,11.307],[139.741734192,35.533216016,11.229],[139.741539196,35.533016497,11.156],[139.741340084,35.532840971,11.07],[139.741161142,35.532697667,11.024],[139.74095911,35.5325462,11.018],[139.740701844,35.532368011,11.014],[139.740343075,35.532133586,11.068],[139.739628726,35.531672715,11.325],[139.739131131,35.531353915,11.43],[139.738490226,35.530937802,11.213],[139.737853531,35.530525127,10.985],[139.737362292,35.530204042,10.803],[139.736786108,35.529833204,10.599],[139.735989796,35.529319478,10.312],[139.735076192,35.528722956,10.008],[139.734283726,35.528211572,10.248],[139.733777238,35.527882031,10.433],[139.733229177,35.527529654,10.641],[139.732466027,35.52703378,10.82],[139.731787035,35.526592678,10.589],[139.7312386,35.526236529,10.423],[139.730888053,35.526011793,10.451],[139.730587811,35.525811489,10.527],[139.730312478,35.525618686,10.614],[139.730087968,35.52544341,10.697],[139.729841316,35.52523157,10.793],[139.729616695,35.525018729,10.9],[139.72923143,35.524598032,11.121],[139.728970182,35.524306116,11.262],[139.728699814,35.524002094,11.281],[139.728407417,35.523672789,11.13],[139.727938258,35.523145742,10.877],[139.727642929,35.522807963,10.78],[139.727407249,35.522542917,10.812],[139.727240111,35.522355658,10.87],[139.727081356,35.522193909,10.882],[139.726986062,35.522108157,10.869],[139.726861934,35.522012098,10.825],[139.726655639,35.521876105,10.775],[139.726349393,35.521703014,10.662],[139.726194562,35.521630807,10.5],[139.726014526,35.521556714,10.264],[139.725900709,35.521513684,10.114],[139.72546087,35.521376525,9.866],[139.725142212,35.521279664,9.774],[139.725043243,35.521250071,9.746],[139.724929033,35.521217241,9.71],[139.724731054,35.521148815,9.655],[139.724507859,35.521074301,9.582],[139.724193466,35.520980198,9.571],[139.724006433,35.520922527,9.627],[139.723414811,35.520744268,9.902],[139.722791936,35.520552781,10.191],[139.722040313,35.520324124,10.541],[139.721447925,35.520142786,10.821],[139.721088483,35.520031857,10.991],[139.720727552,35.519923384,11.157],[139.719942448,35.519682165,11.528],[139.719567588,35.519569112,11.631],[139.719338704,35.519492072,11.713],[139.719160297,35.51942697,11.824],[139.718966129,35.519342684,12.08],[139.718767403,35.519241562,12.355],[139.71862433,35.519157881,12.57],[139.718455376,35.519052417,12.891],[139.718266285,35.518914152,13.352],[139.718032819,35.518733402,13.91],[139.717880691,35.518613385,14.165],[139.717530851,35.518339812,14.477],[139.717088867,35.517995866,14.146],[139.7167033,35.51769716,13.829],[139.7164046,35.517465819,13.724],[139.716278104,35.517375128,13.688],[139.716123424,35.517272024,13.678],[139.715980054,35.517181965,13.687],[139.715850211,35.517108152,13.679],[139.715692181,35.517026585,13.638],[139.715539587,35.516953816,13.524],[139.715392036,35.516891373,13.373],[139.71515075,35.516791164,13.111],[139.714746256,35.51662988,12.814],[139.714419955,35.516493949,12.671],[139.714049125,35.516341798,12.516],[139.713741845,35.516209472,12.38],[139.713484551,35.516097192,12.356],[139.713211777,35.515958393,12.483],[139.712999328,35.515844323,12.62],[139.712731736,35.515692049,12.789],[139.712500729,35.515559486,12.947],[139.712061656,35.515307214,13.073],[139.711630828,35.515058143,12.774],[139.711156211,35.514785026,12.401],[139.710690936,35.514515524,12.043],[139.71025644,35.514265725,11.706],[139.709706116,35.513949527,11.302],[139.709300637,35.513718387,11.324],[139.708801237,35.513428664,11.497],[139.708386148,35.51318998,11.664],[139.708103699,35.513025845,11.834],[139.707790176,35.512852885,12.003],[139.707593694,35.512749992,11.997],[139.707380532,35.512651239,11.924],[139.70712548,35.512537003,11.821],[139.706859036,35.512433153,11.636],[139.706571964,35.512331128,11.513],[139.706082631,35.512157264,11.559],[139.705874664,35.512078355,11.517],[139.705603781,35.511962461,11.317],[139.705412332,35.511872551,11.162],[139.705223406,35.511770622,11.116],[139.704891063,35.511582415,11.249],[139.704642904,35.511416938,11.375],[139.704454544,35.511281341,11.465],[139.704295007,35.511174447,11.524],[139.704108184,35.511051956,11.587],[139.703988447,35.510978073,11.646],[139.703837387,35.510886851,11.739],[139.703733621,35.510823335,11.805],[139.703547915,35.510703167,11.945],[139.703137036,35.510446912,12.226],[139.702764297,35.510210552,12.627],[139.702589067,35.510112519,12.751],[139.702373361,35.509995651,12.87],[139.702112801,35.509868834,13.0],[139.701790937,35.509728605,13.046],[139.701296821,35.509526222,13.172],[139.700620462,35.509254307,13.389],[139.699909389,35.508959321,12.688],[139.699541305,35.508811169,12.282],[139.699219134,35.508683502,11.923],[139.69916202,35.508659163,11.876],[139.699086756,35.508627089,11.814],[139.698950822,35.50856916,11.702],[139.698647741,35.508443581,11.677],[139.698252577,35.508284026,11.643],[139.69767059,35.508045245,11.42],[139.6970855,35.507809333,11.183],[139.696698471,35.507651155,11.029],[139.696361788,35.507516347,10.909],[139.696030953,35.50738389,10.817],[139.695840948,35.507315411,10.759],[139.695383827,35.50717398,10.59],[139.695055835,35.507096071,10.488],[139.694692029,35.507020749,10.518],[139.693961391,35.506869422,10.711],[139.693584104,35.506787469,10.817],[139.693107196,35.506686681,10.957],[139.692556027,35.506569734,11.069],[139.691969886,35.506446479,10.809],[139.691526932,35.506335296,10.536],[139.691166994,35.506233858,10.428],[139.690790095,35.506114376,10.532],[139.690433361,35.505990297,10.657],[139.69006635,35.505866779,10.769],[139.689566101,35.505700442,10.928],[139.688656596,35.505391674,11.205],[139.687422369,35.504975144,11.588],[139.686319633,35.504602257,11.927],[139.685523974,35.504335825,12.177],[139.684578331,35.50401489,12.466],[139.683486492,35.503649407,12.801],[139.682815716,35.50342282,13.007],[139.682138467,35.503196461,12.852],[139.681433447,35.502953066,12.502],[139.680943598,35.502787607,12.256],[139.680600216,35.502665177,12.083],[139.679893124,35.502421615,11.725],[139.679236202,35.502191204,11.395],[139.678489201,35.501927404,11.019],[139.677848851,35.501697633,10.925],[139.677421001,35.50154077,11.046],[139.677136499,35.501444412,11.127],[139.67676308,35.501314956,11.381],[139.676540303,35.501228634,11.57],[139.676434597,35.501184823,11.631],[139.676310049,35.501130986,11.675],[139.676039967,35.500990564,11.625],[139.675799722,35.500858001,11.485],[139.675544562,35.500719824,11.307],[139.675386168,35.500636924,11.244],[139.675187801,35.500541776,11.144],[139.674933471,35.500438479,10.991],[139.674714216,35.500353771,10.882],[139.673945115,35.500062794,10.568],[139.672949082,35.499686916,10.385],[139.672325406,35.499455644,10.68],[139.672030941,35.49934275,10.821],[139.670851419,35.498927983,11.346],[139.670396782,35.498781506,11.51],[139.67035197,35.498766311,11.554],[139.670151497,35.498701782,11.694],[139.669839246,35.498603003,12.274],[139.66959878,35.49852841,13.085],[139.669351334,35.49846016,13.913],[139.669090029,35.498393628,14.676],[139.66870411,35.49833215,15.703],[139.668454549,35.498314412,16.295],[139.668225277,35.498318193,16.471],[139.667822058,35.498349362,16.181],[139.667458177,35.498377276,15.884],[139.667116785,35.498399339,15.596],[139.666924934,35.498401655,15.443],[139.666683843,35.498392734,15.304],[139.666481198,35.498372127,15.241],[139.66623586,35.498320869,15.126],[139.666010709,35.498254223,15.022],[139.665750721,35.498146619,14.893],[139.665460124,35.49799188,14.831],[139.665234919,35.497841957,14.762],[139.664928807,35.497630353,14.66],[139.664544852,35.497365659,14.508],[139.664104698,35.497059127,14.342],[139.663796784,35.496847638,14.14],[139.66348196,35.496632474,13.164],[139.663184668,35.496451127,11.84],[139.663050215,35.496377104,11.265],[139.66276696,35.49624534,10.071],[139.662558958,35.496168571,9.213],[139.662284809,35.496081775,8.084],[139.661822941,35.495958205,6.23],[139.661154485,35.495779166,3.625],[139.660803178,35.495687448,2.607],[139.660384537,35.495576546,2.326],[139.660019938,35.495479732,2.223],[139.659650564,35.4953839,2.115],[139.658793678,35.495151997,2.777],[139.658200206,35.494997863,5.782],[139.657575024,35.494831482,9.005],[139.657266102,35.494751354,9.797],[139.656677733,35.494590553,10.059],[139.656263164,35.49445628,10.188],[139.65595941,35.494343122,10.331],[139.655053002,35.493972236,10.766],[139.654758494,35.4938502,10.919],[139.654544267,35.493765177,11.074],[139.654344767,35.493695961,11.172],[139.654129202,35.493632623,11.217],[139.653705268,35.493525791,11.336],[139.652718827,35.493275386,11.739],[139.651985453,35.493087443,12.041],[139.651743067,35.493015587,12.138],[139.651394981,35.492908421,12.164],[139.650678049,35.492663421,11.958],[139.649927888,35.492418061,11.738],[139.649304746,35.492190132,11.552],[139.64883949,35.491992328,11.408],[139.648532909,35.491845431,11.314],[139.647872955,35.491520776,11.104],[139.647346386,35.491255414,11.031],[139.647097839,35.491125905,11.1],[139.646848008,35.490973938,11.185],[139.646418669,35.490708611,11.326],[139.645876283,35.490381763,11.506],[139.645537971,35.490165888,11.61],[139.645247174,35.48996861,11.633],[139.644941489,35.489744497,11.525],[139.644675064,35.489539789,11.424],[139.644358547,35.489267708,11.293],[139.644060931,35.488998451,11.168],[139.643729082,35.48866962,11.013],[139.643416696,35.488338456,10.869],[139.64328383,35.488193638,10.81],[139.643077252,35.487965411,10.708],[139.642826245,35.487695032,10.588],[139.642603344,35.487488262,10.496],[139.642367334,35.487279089,10.388],[139.642128367,35.487070846,10.221],[139.641843278,35.486824854,10.585],[139.641622729,35.486647727,11.435],[139.641446716,35.486526104,12.035],[139.641267014,35.486424053,12.449],[139.641104197,35.486342521,12.769],[139.640822075,35.486227793,13.216],[139.640490161,35.486122522,13.601],[139.640115501,35.486028822,13.752],[139.639840057,35.485946352,13.541],[139.639667422,35.485878645,13.455],[139.639417591,35.485751443,13.395],[139.639267645,35.485650383,13.354],[139.639112186,35.485522145,13.349],[139.638866174,35.4852691,13.315],[139.638545578,35.484931313,13.336],[139.638210579,35.48457776,13.48],[139.637621314,35.483968628,13.747],[139.637309123,35.483651316,14.21],[139.636924688,35.483280008,15.42],[139.636622778,35.482994241,16.473],[139.636327202,35.482726134,17.488],[139.636034711,35.482467054,18.469],[139.635649953,35.482125204,19.852],[139.635232919,35.481759069,21.514],[139.635188499,35.481723138,21.645],[139.634976577,35.481532845,22.06],[139.634760311,35.481342428,22.057],[139.634561318,35.481177811,22.076],[139.63435269,35.481021404,22.037],[139.634115796,35.480872964,22.019],[139.633889323,35.480750209,22.035],[139.633610837,35.480632999,21.919],[139.633431857,35.480567871,21.718],[139.633202353,35.480491532,21.31],[139.632733289,35.480352127,20.892],[139.631912438,35.480108075,21.197],[139.631553778,35.479989443,21.339],[139.63149361,35.479967521,21.35],[139.631455578,35.479953665,21.357],[139.631165136,35.479847845,21.409],[139.631161378,35.479846185,21.409],[139.631128445,35.479831636,21.408],[139.630898334,35.479729977,21.401],[139.630661439,35.479606038,21.4],[139.630423422,35.479464449,21.395],[139.630177605,35.479284365,21.209],[139.629904772,35.479045488,20.492],[139.629646774,35.478783653,19.635],[139.629435136,35.478549399,18.89],[139.628962328,35.478018369,17.217],[139.62871951,35.477742963,16.348],[139.628567223,35.477576083,15.768],[139.62846244,35.477445898,15.324],[139.628376667,35.477313555,14.93],[139.628289233,35.477139832,14.625],[139.628231738,35.476980118,14.521],[139.628198055,35.476798596,14.462],[139.628179541,35.476669718,14.445],[139.628170532,35.476398585,14.39],[139.628178527,35.476041085,14.295],[139.628184903,35.475826209,14.197],[139.628191096,35.475572612,14.041],[139.628193398,35.475466488,13.97],[139.628194341,35.475423037,13.94],[139.628200245,35.475150932,13.758],[139.62821193,35.474724568,13.483],[139.628219784,35.474364366,13.245],[139.628227164,35.474064984,13.045],[139.628230659,35.473755093,12.848],[139.628222913,35.473407033,12.661],[139.628213721,35.473055279,12.556],[139.628202058,35.472728185,12.691],[139.628201788,35.472490773,13.034],[139.628212674,35.472288846,13.368],[139.628245937,35.472102025,13.672],[139.628299623,35.471918073,13.984],[139.628388956,35.471678073,14.305],[139.628471037,35.471523048,14.283],[139.628498169,35.471471806,14.276],[139.628507873,35.471453478,14.274],[139.628702259,35.471174431,14.012],[139.628875455,35.470955161,13.819],[139.629103977,35.470689282,13.558],[139.62946527,35.470271716,13.112],[139.629926652,35.469740616,12.543],[139.630155444,35.469487299,12.268],[139.630463471,35.469144274,11.736],[139.630740889,35.468850148,10.831],[139.631016323,35.468567732,9.541],[139.631312892,35.468277422,7.939],[139.631599599,35.467999165,6.399],[139.631946143,35.46765957,4.524],[139.632191054,35.467415631,3.184],[139.632432858,35.467181701,1.882],[139.632642694,35.466977002,0.748],[139.632868562,35.466758837,-0.464],[139.633105662,35.466540611,-1.689],[139.633292032,35.466383582,-2.478],[139.633487604,35.466232237,-3.118],[139.633663627,35.466107956,-3.546],[139.633847116,35.465984254,-3.869],[139.634191535,35.465772906,-4.179],[139.634413767,35.465643835,-4.332],[139.634732918,35.465461392,-4.553],[139.635058347,35.465276475,-4.776],[139.635366126,35.465102734,-4.988],[139.635843972,35.464826749,-5.072],[139.63602717,35.464717399,-5.002],[139.636235635,35.464579301,-4.93],[139.636357519,35.464491505,-4.952],[139.636513539,35.464364961,-5.051],[139.636633254,35.464256812,-5.119],[139.636681276,35.464208502,-5.155],[139.636762831,35.464116548,-5.228],[139.636872987,35.463977739,-5.311],[139.636945791,35.463857687,-5.408],[139.637041662,35.463660795,-5.56],[139.637078518,35.463568938,-5.619],[139.637131719,35.463397337,-5.72],[139.637151462,35.463301488,-5.783],[139.637171983,35.463150811,-5.877],[139.63717795,35.462978193,-5.986],[139.637168962,35.462845166,-6.074],[139.63714049,35.462670758,-6.235],[139.637091821,35.462489104,-6.477],[139.63706268,35.462409458,-6.619],[139.636996057,35.462267053,-6.944],[139.636921764,35.462128289,-7.324],[139.636759821,35.461858637,-8.252],[139.6366213,35.461627612,-9.119],[139.63656482,35.461517323,-9.524],[139.636513529,35.461389024,-9.991],[139.636467341,35.461233451,-10.533],[139.636444522,35.461083704,-11.007],[139.636451384,35.460977284,-11.36],[139.636481744,35.460810026,-11.86],[139.636515676,35.460716151,-12.106],[139.636602182,35.460548542,-12.29],[139.636732751,35.460363186,-12.104],[139.636823379,35.460254354,-11.95],[139.637093655,35.459959095,-11.566],[139.637669617,35.459327997,-10.993],[139.638028503,35.458936766,-10.633],[139.638538824,35.458395271,-10.138],[139.638621608,35.458312545,-10.059],[139.638873543,35.458063343,-9.824],[139.639113718,35.457829396,-9.597],[139.639317717,35.45764261,-9.417],[139.63970674,35.457323676,-9.09],[139.639766303,35.457277842,-9.041],[139.639965134,35.457123932,-8.878],[139.640145559,35.457001625,-8.737],[139.640407247,35.456841008,-8.542],[139.640561368,35.456746773,-8.425],[139.640704582,35.456667741,-8.325],[139.64100073,35.456520555,-8.109],[139.641272765,35.456399195,-7.86],[139.64155219,35.456279967,-7.59],[139.641857627,35.456152326,-7.313],[139.642235459,35.455999183,-7.023],[139.642646144,35.45582553,-6.787],[139.643031852,35.455656106,-6.565],[139.643246563,35.455564724,-6.442],[139.64327496,35.455548748,-6.426],[139.643372267,35.45547733,-6.361],[139.643462895,35.45540528,-6.326],[139.643716243,35.45527471,-6.148],[139.644140651,35.455071274,-5.651],[139.644584134,35.454871215,-5.2],[139.644820177,35.454759795,-5.094],[139.645276251,35.454519532,-2.404],[139.645446858,35.454418717,-0.797],[139.645773021,35.454203605,2.116],[139.645921144,35.454079912,3.574],[139.646079235,35.453901987,5.354],[139.646166411,35.453767398,6.606],[139.646244793,35.453604605,8.099],[139.646307003,35.453409828,9.832],[139.646314814,35.453298469,10.787],[139.646203881,35.452208617,20.045]],"attribution":"Prototype lane geometry adapted from Bardaff's SRP Traffic Plan 1.02","sourceUrl":"https://www.overtake.gg/downloads/traffic-plan-shutoko-revival-project.57715/","redistribution":"Prototype evaluation only; confirm permission with the data author before public redistribution.","statistics":{"laneCount":593,"pointCount":18927,"sourcePointCount":17280,"intersectionCount":514,"linkedIntersectionCount":514,"routeConnectionCount":948,"mockRoutePointCount":2275,"mockRouteLengthM":80411.3},"features":[{"type":"Feature","id":33,"properties":{"lane_id":33,"name":"Lane #33","role":2,"role_name":"Secondary","speed_limit":60.0,"priority_offset":0.0,"oneway":"yes","length_m":1117.0},"geometry":{"type":"LineString","coordinates":[[139.820351285,35.643395106,12.569],[139.820306131,35.643380638,12.561],[139.815859374,35.641955895,11.761],[139.8127886,35.640974275,11.405],[139.810760958,35.640321438,11.995],[139.809742673,35.639992577,12.292],[139.809627174,35.639954085,12.325],[139.809579761,35.639938284,12.339],[139.809123717,35.639786303,12.471],[139.808894745,35.639708677,12.54],[139.808876896,35.639702626,12.545]]}},{"type":"Feature","id":34,"properties":{"lane_id":34,"name":"Lane #34","role":3,"role_name":"Main","speed_limit":80.0,"priority_offset":0.0,"oneway":"yes","length_m":18027.2},"geometry":{"type":"LineString","coordinates":[[139.8202451,35.643399444,12.655],[139.820209133,35.643387919,12.648],[139.816395978,35.642166069,11.983],[139.813562886,35.641256454,11.243],[139.811878815,35.640714643,11.717],[139.810183551,35.640171827,12.215],[139.809117459,35.639821674,12.526],[139.808306561,35.639537118,12.387],[139.8075441,35.639247487,10.808],[139.806731276,35.638908471,8.73],[139.806113048,35.638631784,7.132],[139.805409113,35.638299532,5.343],[139.804567379,35.637861276,4.423],[139.803762237,35.63743014,4.255],[139.801941124,35.636446787,4.396],[139.799668894,35.635215882,4.745],[139.797758125,35.634185234,4.837],[139.795328354,35.632873327,4.952],[139.793491605,35.631884803,7.462],[139.791994025,35.631077724,11.383],[139.79069057,35.630371552,12.847],[139.789767301,35.629874729,12.68],[139.788443333,35.629158303,10.692],[139.786807813,35.628276676,6.964],[139.784419259,35.626987807,1.447],[139.782181754,35.625781783,-2.633],[139.781214698,35.625259067,-2.491],[139.779640459,35.62441063,-2.255],[139.779035845,35.62406173,-2.105],[139.778461741,35.623705506,-1.903],[139.777347086,35.62295366,-1.514],[139.776383183,35.622275209,-1.411],[139.774301447,35.620816949,-4.188],[139.773370616,35.620163173,-8.711],[139.772963637,35.619878074,-10.687],[139.772278443,35.619397536,-14.012],[139.771593322,35.618914598,-17.343],[139.770993594,35.618495938,-19.457],[139.770320142,35.618023792,-20.087],[139.768909988,35.617034887,-20.256],[139.768163981,35.616514332,-19.986],[139.766946933,35.61566132,-18.437],[139.765381793,35.614556408,-15.423],[139.764255366,35.61376696,-11.918],[139.763421073,35.61318498,-9.264],[139.762635004,35.612636117,-6.765],[139.762209106,35.612316945,-5.343],[139.761854928,35.612006323,-4.075],[139.761560472,35.611706565,-2.912],[139.761336938,35.611441325,-2.209],[139.761225769,35.611286926,-2.046],[139.761063245,35.611048666,-2.006],[139.76096265,35.610874178,-2.023],[139.76078184,35.610526821,-1.996],[139.760699759,35.610344277,-1.95],[139.760574032,35.6099887,-1.851],[139.760474693,35.609626233,-1.708],[139.760414391,35.609243047,-1.598],[139.760380995,35.608707097,-1.42],[139.760377987,35.60779977,-1.205],[139.760365306,35.60540873,-1.032],[139.760362392,35.603956343,3.471],[139.760399437,35.603200697,5.335],[139.760469886,35.601866393,6.436],[139.760477512,35.601531741,6.435],[139.760478694,35.600601952,6.031],[139.760459892,35.599807273,5.677],[139.760399329,35.598952477,5.295],[139.760358294,35.598262491,4.987],[139.760347705,35.597996608,4.865],[139.760347651,35.596628997,4.831],[139.760338591,35.594073792,5.698],[139.760326775,35.590590232,6.125],[139.760319578,35.588275813,11.093],[139.760347001,35.58737047,13.339],[139.760365363,35.587078385,13.749],[139.760428999,35.586583984,14.091],[139.760498749,35.586179371,14.041],[139.760607297,35.585721435,13.606],[139.760719989,35.585361925,13.104],[139.761384623,35.583412793,10.396],[139.762345646,35.580588305,13.836],[139.76302894,35.57859053,21.119],[139.763346231,35.577638182,22.355],[139.764148723,35.575292991,13.855],[139.764578211,35.574036511,9.006],[139.764747849,35.573591579,7.333],[139.765146989,35.572850233,5.612],[139.765448285,35.572430554,5.328],[139.765811111,35.572028397,5.15],[139.766134706,35.571740571,5.008],[139.766500961,35.571465797,4.862],[139.767137735,35.571064415,4.474],[139.767864835,35.570682422,2.805],[139.768601837,35.57033212,-0.062],[139.771607871,35.568953326,-11.256],[139.773020819,35.568308227,-8.601],[139.774925124,35.56743404,-7.367],[139.776504549,35.566710217,-8.268],[139.779821564,35.565189402,-9.226],[139.78160023,35.564364086,-8.463],[139.782313121,35.564006689,-7.139],[139.782958742,35.563657345,-5.893],[139.783563416,35.563298962,-4.639],[139.784086692,35.562964486,-3.476],[139.784492114,35.562681816,-2.542],[139.784856533,35.562410498,-1.676],[139.785408284,35.561969124,-0.475],[139.785849577,35.561589517,0.152],[139.786271476,35.561193606,0.459],[139.786746979,35.560706659,0.678],[139.787039669,35.560385521,0.817],[139.787386744,35.559976711,0.999],[139.787615321,35.559705647,1.11],[139.787950479,35.559292349,1.285],[139.789402095,35.557444315,2.066],[139.791172402,35.55518848,3.004],[139.7919916,35.554147504,3.022],[139.792769829,35.553160332,2.679],[139.793206437,35.552599321,2.482],[139.794710274,35.550687094,1.817],[139.796108352,35.548902652,1.199],[139.797374893,35.547289324,1.284],[139.798186584,35.546257021,1.587],[139.798685846,35.545593336,1.777],[139.799009221,35.545133123,1.653],[139.799298723,35.544684748,0.981],[139.799662464,35.54402259,-0.912],[139.799924956,35.543461483,-3.039],[139.800177937,35.542834209,-5.398],[139.800320622,35.542401823,-6.99],[139.800474134,35.541857441,-8.984],[139.800613863,35.541209122,-11.333],[139.800708002,35.540524576,-13.793],[139.800745192,35.540017131,-15.602],[139.800758948,35.539673115,-16.83],[139.80074263,35.538989319,-19.268],[139.800662705,35.538201648,-22.088],[139.800591794,35.537778459,-23.6],[139.800411325,35.536965786,-25.378],[139.800086457,35.535827431,-24.587],[139.799231388,35.532961471,-22.697],[139.798466797,35.530409061,-23.385],[139.797561435,35.527402469,-22.883],[139.797438419,35.52698554,-20.908],[139.797239091,35.526395567,-18.057],[139.797126281,35.526104309,-16.711],[139.79694441,35.525677944,-14.866],[139.796844267,35.525476158,-14.05],[139.796642463,35.525086691,-12.579],[139.796381379,35.52465244,-11.093],[139.796039815,35.524156158,-9.614],[139.79581105,35.523850425,-8.83],[139.795539905,35.523509242,-8.092],[139.795334719,35.523259855,-7.636],[139.794931325,35.522807682,-7.027],[139.794661144,35.52252274,-6.772],[139.794459864,35.522302786,-6.652],[139.794154286,35.52192324,-6.598],[139.794065611,35.52184081,-6.611],[139.794057131,35.521832927,-6.612]]}},{"type":"Feature","id":35,"properties":{"lane_id":35,"name":"Lane #35","role":4,"role_name":"Highway","speed_limit":90.0,"priority_offset":0.0,"oneway":"yes","length_m":18019.3},"geometry":{"type":"LineString","coordinates":[[139.820142043,35.643402777,12.736],[139.820119665,35.643395596,12.733],[139.817559213,35.642573967,12.379],[139.815935459,35.642049784,11.901],[139.813283795,35.641203801,11.362],[139.811302643,35.640564618,11.936],[139.810274858,35.640234607,12.236],[139.809468081,35.639973501,12.473],[139.808888171,35.63977528,12.639],[139.808340417,35.639584319,12.493],[139.80790386,35.639424518,11.796],[139.807120275,35.639113157,9.836],[139.806654744,35.638914866,8.644],[139.806136477,35.638674945,7.283],[139.805380015,35.638316959,5.364],[139.804536134,35.637879015,4.469],[139.803825353,35.63750218,4.325],[139.801916449,35.636470442,4.45],[139.799666138,35.635257981,4.805],[139.79771314,35.634203979,4.897],[139.795956351,35.633247672,4.969],[139.793475453,35.631912458,7.501],[139.791970602,35.631102608,11.439],[139.791098508,35.630631924,12.639],[139.789868947,35.629965873,12.81],[139.788362971,35.6291517,10.608],[139.786038164,35.627900817,5.313],[139.784509574,35.627073088,1.764],[139.782831356,35.626166989,-2.058],[139.781390691,35.625395902,-2.462],[139.780510454,35.624917441,-2.337],[139.779461,35.624344884,-2.182],[139.778962833,35.62406187,-2.049],[139.77825385,35.62361307,-1.813],[139.777501334,35.623103587,-1.56],[139.776251255,35.622225001,-1.406],[139.774282432,35.620841971,-4.168],[139.77334709,35.620188493,-8.702],[139.772910353,35.619883888,-10.82],[139.772226115,35.619406677,-14.132],[139.771562379,35.618936494,-17.365],[139.771030164,35.618562287,-19.311],[139.770350276,35.618084609,-20.072],[139.769695015,35.617623909,-20.303],[139.768149005,35.616543916,-19.989],[139.766957232,35.615705708,-18.495],[139.765495055,35.614681543,-15.775],[139.763809394,35.613497389,-10.582],[139.763351126,35.61317773,-9.124],[139.762752408,35.612761358,-7.219],[139.762312996,35.612441804,-5.636],[139.762038966,35.612221983,-4.67],[139.761811374,35.612017205,-3.838],[139.761589807,35.611792047,-2.978],[139.761379417,35.611552355,-2.22],[139.761181376,35.611287859,-1.858],[139.761055628,35.61109722,-1.855],[139.7609402,35.61091019,-1.845],[139.760862414,35.610777278,-1.831],[139.760742215,35.610531731,-1.82],[139.760667254,35.610358798,-1.785],[139.760512297,35.609917722,-1.641],[139.760421406,35.609552879,-1.513],[139.760361457,35.609114778,-1.373],[139.760338864,35.608709653,-1.349],[139.760339439,35.607798728,-1.207],[139.7603342,35.605855035,-1.612],[139.760329963,35.603956847,3.484],[139.760354364,35.603320619,5.107],[139.760406546,35.602352286,6.256],[139.760435229,35.601633914,6.45],[139.760440836,35.600903071,6.17],[139.760430308,35.600025356,5.777],[139.760392308,35.599402857,5.502],[139.760346856,35.598843836,5.248],[139.760308454,35.598065462,4.894],[139.760305472,35.597161358,4.659],[139.760308219,35.596556074,4.85],[139.76030071,35.595309397,5.28],[139.760299629,35.594054108,5.703],[139.760284216,35.589048582,8.406],[139.760283751,35.58809269,11.67],[139.76032218,35.587162346,13.645],[139.760368362,35.586707984,14.046],[139.760437997,35.586271805,14.075],[139.760511398,35.585934672,13.861],[139.760579118,35.585675717,13.549],[139.760965592,35.584532741,11.962],[139.761349478,35.583394351,10.381],[139.762309192,35.580567433,13.879],[139.762989915,35.578561749,21.188],[139.763309273,35.577637111,22.363],[139.764125305,35.575247145,13.704],[139.764540498,35.574032383,9.026],[139.764743633,35.573501204,7.083],[139.76504806,35.572934332,5.745],[139.765382083,35.572453709,5.346],[139.765811785,35.571983501,5.13],[139.766097698,35.571725906,5.007],[139.766453475,35.571455491,4.869],[139.767013037,35.571098693,4.593],[139.767614225,35.570771128,3.486],[139.768399094,35.570387997,0.685],[139.771539597,35.568944935,-11.205],[139.772986238,35.568281856,-8.637],[139.774917836,35.56739864,-7.376],[139.776412465,35.566711972,-8.259],[139.779763675,35.565171421,-9.215],[139.781529228,35.56435741,-8.55],[139.782314896,35.563961933,-7.089],[139.782966068,35.563611219,-5.832],[139.783584163,35.563247392,-4.543],[139.784072696,35.562931198,-3.453],[139.784440346,35.562674745,-2.601],[139.784963889,35.562284962,-1.363],[139.785450523,35.561892526,-0.36],[139.785855241,35.561533131,0.192],[139.786305114,35.561105618,0.492],[139.786710628,35.560693329,0.675],[139.786997522,35.560379231,0.811],[139.787388824,35.559925176,1.014],[139.787572243,35.559700383,1.105],[139.787930859,35.559256847,1.294],[139.789371662,35.557420476,2.072],[139.791140874,35.555172281,3.007],[139.792058077,35.554008003,2.98],[139.792861239,35.552981327,2.623],[139.793322365,35.552393653,2.418],[139.794671895,35.550685151,1.823],[139.796083311,35.548875655,1.196],[139.797103953,35.547582424,1.196],[139.798144625,35.54625392,1.583],[139.798536677,35.545729544,1.739],[139.799028711,35.545033282,1.566],[139.799361963,35.544491813,0.576],[139.79966972,35.543911332,-1.27],[139.799935432,35.543345321,-3.444],[139.800236441,35.542551671,-6.413],[139.800365121,35.542128338,-7.972],[139.800494212,35.541590487,-9.935],[139.800613237,35.540946453,-12.263],[139.800688911,35.540328531,-14.485],[139.800720113,35.539660386,-16.875],[139.800697429,35.538925753,-19.5],[139.800621361,35.538188721,-22.145],[139.800549582,35.537774042,-23.631],[139.800432245,35.537213747,-25.051],[139.800275076,35.536623361,-25.535],[139.800056679,35.53585888,-24.63],[139.799188038,35.532965151,-22.696],[139.7984328,35.530437879,-23.376],[139.797815074,35.528375216,-25.263],[139.797517081,35.527375428,-22.731],[139.797269273,35.526602253,-19.011],[139.797180102,35.526345089,-17.775],[139.797086054,35.526111388,-16.694],[139.796934355,35.525755704,-15.139],[139.7968199,35.525502116,-14.112],[139.79660742,35.525102139,-12.583],[139.796442774,35.524815855,-11.589],[139.796205108,35.524454355,-10.425],[139.796013457,35.524184423,-9.642],[139.795728325,35.523802667,-8.68],[139.795364011,35.523346651,-7.754],[139.794871764,35.522781856,-6.989],[139.794608973,35.522500019,-6.748],[139.79438235,35.522267994,-6.633],[139.794204336,35.522093226,-6.594],[139.7940948,35.521962849,-6.598],[139.794012059,35.521884018,-6.607],[139.794006166,35.521878404,-6.608]]}},{"type":"Feature","id":36,"properties":{"lane_id":36,"name":"Lane #36","role":2,"role_name":"Secondary","speed_limit":60.0,"priority_offset":0.0,"oneway":"yes","length_m":16914.4},"geometry":{"type":"LineString","coordinates":[[139.80884912,35.639693121,12.552],[139.808834226,35.639687842,12.544],[139.808235084,35.639475521,12.221],[139.807770913,35.639298745,11.276],[139.807278436,35.639105091,10.035],[139.806574085,35.638804959,8.228],[139.806006388,35.638546225,6.749],[139.805256777,35.638176027,4.933],[139.804767077,35.637918336,4.657],[139.80473961,35.637903882,4.641],[139.804107963,35.637571495,4.284],[139.804085593,35.637559723,4.272],[139.804038107,35.637534735,4.245],[139.802665963,35.636797111,4.211],[139.801943244,35.63640476,4.352],[139.800315935,35.635528318,4.604],[139.80027776,35.635507757,4.61],[139.799745324,35.635220996,4.692],[139.797805871,35.634170323,4.778],[139.796468963,35.63344902,4.842],[139.796422411,35.633423904,4.844],[139.795344052,35.632842096,4.895],[139.793814577,35.632019115,6.941],[139.793756248,35.631987729,7.019],[139.793559473,35.631881849,7.282],[139.792051881,35.631064901,11.258],[139.790673752,35.630323264,12.805],[139.789139468,35.629493074,11.9],[139.788281373,35.629033461,10.222],[139.786203244,35.627901775,5.453],[139.784272822,35.626871775,1.0],[139.783618208,35.626518085,0.081],[139.783528489,35.62646961,-0.045],[139.781700228,35.625481796,-2.613],[139.77992537,35.624520248,-2.356],[139.779888648,35.624500353,-2.351],[139.779827797,35.624467387,-2.342],[139.779172647,35.624099801,-2.184],[139.778483452,35.623673068,-1.927],[139.777508331,35.623024832,-1.549],[139.776547403,35.622347559,-1.414],[139.774661643,35.621027004,-3.791],[139.774629924,35.621004792,-3.831],[139.774319926,35.620787708,-4.222],[139.77340308,35.620142551,-8.684],[139.772978224,35.619846573,-10.739],[139.772285137,35.619359586,-14.105],[139.771711493,35.618957048,-16.89],[139.771022732,35.618470186,-19.455],[139.770301712,35.617966193,-20.103],[139.768916446,35.616998805,-20.247],[139.768193439,35.616490469,-19.981],[139.766889234,35.615572876,-18.277],[139.765285818,35.614453467,-15.102],[139.763852947,35.61345112,-10.57],[139.763418837,35.613141903,-9.176],[139.762737961,35.612663972,-7.044],[139.762695513,35.612634176,-6.911],[139.762671306,35.612616469,-6.84],[139.762323827,35.612362277,-5.814],[139.762019899,35.612109027,-4.756],[139.761802621,35.611907535,-3.931],[139.761503699,35.611586111,-2.755],[139.761308092,35.611339581,-2.28],[139.761085413,35.611012758,-2.186],[139.760992176,35.610861814,-2.176],[139.760931806,35.610748514,-2.187],[139.760804694,35.610489619,-2.163],[139.760747496,35.610367427,-2.121],[139.760683163,35.610193258,-2.068],[139.760665407,35.610145186,-2.053],[139.760623014,35.610030418,-2.017],[139.760537567,35.609726576,-1.921],[139.760530046,35.609687781,-1.909],[139.760523591,35.609654481,-1.899],[139.760473787,35.609397574,-1.82],[139.760438227,35.609108492,-1.721],[139.760421829,35.608698533,-1.481],[139.760416969,35.607784125,-1.204],[139.760416102,35.606298641,-1.704],[139.760411036,35.60532342,-0.869],[139.760411804,35.604926887,0.394],[139.760411983,35.604834772,0.688],[139.760413719,35.603938236,3.545],[139.760434209,35.603284738,5.179],[139.760443941,35.603116059,5.376],[139.76044867,35.603034089,5.472],[139.760486721,35.60237457,6.245],[139.760514593,35.60164485,6.45],[139.760519349,35.600965771,6.196],[139.760517986,35.600163908,5.839],[139.760495101,35.599730902,5.648],[139.760453115,35.599198214,5.403],[139.760430695,35.598846039,5.246],[139.760423765,35.598737189,5.198],[139.760400374,35.598369757,5.035],[139.760387362,35.597824906,4.793],[139.760388416,35.59659425,4.838],[139.760384421,35.595269744,5.288],[139.760384297,35.595228513,5.302],[139.760380805,35.594071125,5.695],[139.760365887,35.589988174,6.355],[139.760368324,35.589480636,7.325],[139.760368618,35.5894194,7.441],[139.760369297,35.589277807,7.712],[139.760371182,35.58882402,9.18],[139.760366956,35.588326594,10.924],[139.760374704,35.587656588,12.788],[139.76039627,35.587323988,13.32],[139.760400408,35.587260183,13.423],[139.760417031,35.587003818,13.833],[139.76047585,35.586545841,14.052],[139.760484789,35.586476241,14.085],[139.760489889,35.58643653,14.104],[139.760565052,35.586050264,13.95],[139.760657857,35.585691529,13.551],[139.760759151,35.585381786,13.12],[139.76140944,35.583459915,10.452],[139.761955639,35.581846006,9.96],[139.762388468,35.580589397,13.863],[139.763388864,35.577638107,22.342],[139.764157238,35.575389364,14.181],[139.764609554,35.57405228,9.038],[139.764786194,35.573596101,7.316],[139.765055209,35.573074851,5.936],[139.765434306,35.572504386,5.351],[139.765714925,35.572178676,5.208],[139.766121543,35.571793667,5.022],[139.766559068,35.571464417,4.845],[139.766587967,35.57144689,4.821],[139.766616129,35.57142981,4.798],[139.767326711,35.570998837,4.21],[139.767914698,35.570696078,2.708],[139.768751185,35.570302587,-0.589],[139.770425356,35.569532901,-7.422],[139.771623734,35.568979161,-11.253],[139.77303044,35.568340876,-8.632],[139.774775054,35.567539484,-7.257],[139.777434623,35.566315333,-8.418],[139.779839015,35.565217393,-9.227],[139.781683036,35.564358482,-8.334],[139.782345394,35.564028219,-7.118],[139.783107393,35.563612498,-5.636],[139.783614656,35.563307212,-4.58],[139.783946613,35.56309457,-3.849],[139.784631231,35.562622746,-2.279],[139.784717707,35.562555252,-2.084],[139.784815434,35.562478978,-1.865],[139.785422895,35.562004863,-0.501],[139.785995088,35.561498151,0.272],[139.786267075,35.561249619,0.444],[139.786592127,35.56092281,0.592],[139.787062415,35.560413536,0.811],[139.787379165,35.560047194,0.976],[139.787644559,35.559726258,1.11],[139.787997209,35.559294227,1.293],[139.789384124,35.557526858,2.036],[139.789406242,35.557498672,2.048],[139.78945194,35.557440438,2.073],[139.791211469,35.555201489,3.003],[139.792033532,35.55414864,3.018],[139.793048125,35.552860845,2.566],[139.793096954,35.552798868,2.544],[139.793123806,35.552764785,2.532],[139.793434002,35.5523713,2.394],[139.794742156,35.550706942,1.817],[139.796156838,35.548907008,1.193],[139.796682226,35.548236567,1.292],[139.79670181,35.548211575,1.296],[139.79821285,35.546283356,1.582],[139.798726996,35.545603486,1.782],[139.799147784,35.544987217,1.473],[139.799444127,35.544506511,0.546],[139.79967492,35.544079256,-0.75],[139.799936522,35.543544112,-2.774],[139.799958255,35.543490315,-2.976],[139.799990862,35.543409604,-3.278],[139.800185506,35.5429278,-5.085],[139.800354386,35.542441422,-6.877],[139.800522248,35.541834044,-9.093],[139.800664123,35.541161127,-11.521],[139.800731539,35.540697711,-13.182],[139.80077156,35.540297945,-14.604],[139.80079439,35.539873379,-16.118],[139.800798177,35.539521244,-17.376],[139.800786671,35.539093858,-18.889],[139.800719978,35.538310989,-21.683],[139.800637917,35.537797697,-23.516],[139.800513028,35.53723134,-25.007],[139.800334276,35.536536838,-25.513],[139.800154654,35.535923521,-24.771],[139.799272182,35.532963906,-22.703],[139.798504548,35.53039206,-23.389],[139.797609792,35.527403987,-22.933],[139.79739338,35.526725714,-19.688],[139.797242231,35.526292989,-17.614],[139.797161933,35.526091009,-16.695],[139.797047111,35.525818428,-15.503],[139.79687727,35.525455498,-14.015],[139.796645986,35.525021624,-12.385],[139.796377385,35.52458197,-10.919],[139.796358059,35.524550336,-10.814],[139.796343469,35.524529327,-10.752],[139.796077355,35.524146139,-9.633],[139.795822567,35.523805483,-8.769],[139.795622538,35.523553824,-8.216],[139.795353805,35.523228353,-7.609],[139.794977279,35.522797892,-7.037],[139.794727232,35.522521258,-6.794],[139.794317203,35.52199893,-6.594],[139.794208083,35.521884395,-6.597],[139.794127587,35.521807818,-6.613],[139.794116921,35.52179767,-6.615]]}},{"type":"Feature","id":6,"properties":{"lane_id":6,"name":"Lane #6","role":2,"role_name":"Secondary","speed_limit":60.0,"priority_offset":0.0,"oneway":"yes","length_m":443.0},"geometry":{"type":"LineString","coordinates":[[139.804762709,35.637915408,4.399],[139.804741264,35.637902226,4.39],[139.804663396,35.637854364,4.357],[139.804129587,35.63753745,4.195],[139.803527182,35.637176156,4.006],[139.803219964,35.636993244,4.013],[139.8028605,35.636784439,4.038],[139.80271514,35.636705192,4.046],[139.801947284,35.636289868,4.244],[139.801293021,35.635854115,4.405],[139.800864383,35.635558532,4.411],[139.800839035,35.635541052,4.411]]}},{"type":"Feature","id":8,"properties":{"lane_id":8,"name":"Lane #8","role":2,"role_name":"Secondary","speed_limit":60.0,"priority_offset":0.0,"oneway":"yes","length_m":3023.4},"geometry":{"type":"LineString","coordinates":[[139.804100986,35.637566167,4.255],[139.804088277,35.63755847,4.251],[139.803640186,35.637287085,4.108],[139.803178491,35.637006425,4.066],[139.802710247,35.636741113,4.099],[139.801892789,35.636302018,4.307],[139.800812366,35.635579572,4.417],[139.800798398,35.635570232,4.418],[139.800790988,35.63556625,4.421],[139.800146379,35.635219873,4.64],[139.798882595,35.634534716,4.52],[139.797726599,35.633913578,4.578],[139.795585267,35.632757351,4.684],[139.794380551,35.632018512,4.719],[139.793010843,35.631269212,4.435],[139.79153086,35.630482839,4.029],[139.789780782,35.629535406,4.639],[139.788820863,35.62900979,6.669],[139.787994536,35.628560712,7.698],[139.787014345,35.628036803,6.327],[139.785650883,35.627296999,4.223],[139.783788583,35.62628694,4.135],[139.782314402,35.625497824,4.128],[139.780631092,35.624683652,4.109],[139.780274264,35.624488996,3.479],[139.780044468,35.624359947,2.221],[139.779630239,35.624135465,-0.556],[139.779284513,35.623945193,-2.272],[139.778965621,35.62376294,-2.251],[139.77862673,35.623566895,-2.057],[139.778377255,35.623423229,-1.901],[139.778243218,35.62334843,-1.838],[139.778052948,35.623234935,-1.74],[139.77780046,35.623080592,-1.604],[139.777574713,35.622943771,-1.528],[139.777422758,35.622845531,-1.49],[139.776898169,35.622472065,-1.403],[139.776870583,35.622452426,-1.398],[139.776851688,35.622443026,-1.4],[139.776743793,35.622389349,-1.41],[139.776560805,35.622257327,-1.41],[139.776546553,35.622247045,-1.41]]}},{"type":"Feature","id":9,"properties":{"lane_id":9,"name":"Lane #9","role":2,"role_name":"Secondary","speed_limit":60.0,"priority_offset":0.0,"oneway":"yes","length_m":5347.6},"geometry":{"type":"LineString","coordinates":[[139.796473647,35.633451836,4.843],[139.796468859,35.633448895,4.843],[139.796424522,35.633421658,4.84],[139.796224642,35.633298871,4.83],[139.795990536,35.6331527,4.814],[139.794869207,35.632543649,5.007],[139.794113549,35.632129198,5.997],[139.793669788,35.631882945,6.995],[139.793117325,35.631560093,8.587],[139.792628954,35.631270896,9.958],[139.792376755,35.631123421,10.558],[139.791236055,35.630510742,16.483],[139.790630599,35.63018335,20.572],[139.790313935,35.630020031,22.859],[139.79003287,35.62989611,24.788],[139.789817464,35.629821038,26.199],[139.789664131,35.629783345,27.048],[139.789481629,35.629752972,27.786],[139.789278242,35.629739684,28.307],[139.789067619,35.629745103,28.708],[139.788909406,35.629767339,28.964],[139.788722893,35.629810437,29.25],[139.788494729,35.629886644,29.571],[139.788303572,35.629976422,29.75],[139.788084109,35.63011316,29.944],[139.787835762,35.630306177,30.188],[139.787437539,35.630662299,30.679],[139.78702276,35.631042081,30.747],[139.786852528,35.631202845,30.747],[139.786617659,35.631432443,30.752],[139.786425185,35.631635594,30.89],[139.786254799,35.631826645,31.078],[139.786102941,35.63200007,31.244],[139.785999199,35.632120503,31.357],[139.785938404,35.632191079,31.423],[139.785898969,35.632236859,31.466],[139.785703388,35.632469282,31.688],[139.785522556,35.63267629,31.88],[139.785360974,35.632871956,32.069],[139.785238877,35.633007663,32.194],[139.785065802,35.633204726,32.341],[139.784896242,35.633384608,32.422],[139.784734495,35.633538768,32.539],[139.784564244,35.633685858,32.702],[139.784307606,35.633874926,32.905],[139.783951166,35.634103726,33.205],[139.783668668,35.634256305,33.432],[139.783389707,35.634382428,33.631],[139.78318108,35.634464423,33.776],[139.782893954,35.634561395,33.973],[139.782576791,35.634653398,34.209],[139.782270874,35.634713439,34.38],[139.781931599,35.634768932,34.617],[139.781500135,35.634806703,34.887],[139.781178158,35.634816795,35.094],[139.780823323,35.634810104,35.319],[139.780523849,35.63479155,35.513],[139.780278838,35.634769981,35.684],[139.779889802,35.63471838,35.945],[139.779439821,35.634633135,36.252],[139.778908626,35.634507095,36.775],[139.778436732,35.634371693,37.093],[139.777971261,35.634219743,37.408],[139.777371588,35.634014531,37.828],[139.776840341,35.633819578,38.19],[139.776334101,35.633641446,39.533],[139.775715048,35.633423499,42.136],[139.775395844,35.633327202,43.444],[139.77507979,35.633249021,44.703],[139.774743377,35.633184428,46.007],[139.774521131,35.633158771,46.803],[139.774431475,35.633148421,47.124],[139.774421033,35.633147215,47.162],[139.774158989,35.633134475,48.088],[139.773820173,35.633138848,49.291],[139.773573938,35.633159337,50.158],[139.773217357,35.633214891,51.366],[139.772771396,35.633307021,52.915],[139.772330421,35.633432719,54.461],[139.771732831,35.633621456,56.665],[139.77107188,35.63382864,59.225],[139.770323685,35.634069927,62.146],[139.769516354,35.634323909,65.277],[139.768806364,35.634548583,67.445],[139.768141872,35.634760232,68.337],[139.767626135,35.634923819,68.269],[139.766759569,35.63519944,66.655],[139.765858526,35.635484713,63.332],[139.765032645,35.635744997,60.121],[139.764530305,35.635906397,58.169],[139.764059975,35.636056145,56.478],[139.763771515,35.636159042,55.516],[139.763573564,35.636239603,54.818],[139.763395983,35.636321539,54.165],[139.763189337,35.636432874,53.382],[139.763037962,35.636531767,52.762],[139.762851709,35.636682704,51.891],[139.762790289,35.636739118,51.577],[139.762684933,35.636855532,50.938],[139.762596138,35.636968944,50.365],[139.762529266,35.63706964,49.882],[139.762452069,35.637222598,49.147],[139.762390873,35.637376509,48.45],[139.762349717,35.637521778,47.719],[139.762323966,35.637702028,46.776],[139.762306972,35.637901148,45.761],[139.762301074,35.638169777,44.38],[139.762296729,35.638892128,41.14],[139.762288751,35.639721636,37.444],[139.762282076,35.640621223,34.212],[139.762275325,35.641285917,33.475],[139.762275175,35.641414202,33.357],[139.762275122,35.641459033,33.316],[139.762274539,35.641957909,32.857],[139.762268034,35.642499391,32.253],[139.762264015,35.643079613,31.607],[139.762247211,35.64343774,31.319],[139.762245646,35.643444767,31.311],[139.762239007,35.643474568,31.273],[139.762190414,35.643692698,30.998],[139.76205566,35.64401026,29.651],[139.761863664,35.644390621,27.459],[139.761785651,35.644557344,26.715],[139.761691897,35.644821719,25.575],[139.761663927,35.644997968,24.646],[139.761667064,35.645207751,23.532],[139.761708823,35.645407402,22.39],[139.761761094,35.64556072,21.352],[139.761892175,35.645828836,19.409],[139.762154883,35.646336399,16.348],[139.762369268,35.646763347,13.801],[139.762641104,35.647293381,10.648],[139.762734373,35.647465771,10.193],[139.76282154,35.647645859,10.183],[139.762948503,35.647852642,10.207],[139.763005613,35.647953772,10.214],[139.76316939,35.648278098,10.213],[139.763503283,35.648928216,10.213],[139.763855627,35.649619319,9.3],[139.764021847,35.649949299,9.232],[139.764077105,35.650089621,9.256],[139.764112895,35.650220735,9.43],[139.764125355,35.650319778,9.584],[139.764123532,35.650431119,9.762],[139.76410385,35.650520459,9.874],[139.764052266,35.650632937,9.937],[139.763990243,35.650725263,9.965],[139.763914579,35.650807199,9.993],[139.763777857,35.650907663,10.032],[139.763620067,35.65097519,10.064],[139.763419128,35.651024605,10.104],[139.763102743,35.65105784,10.214],[139.762792361,35.651081316,10.93],[139.762530715,35.651112906,11.804],[139.762216456,35.651169989,12.847],[139.761945056,35.651215032,13.559],[139.761936915,35.651220983,13.581],[139.761924931,35.651229743,13.614]]}},{"type":"Feature","id":10,"properties":{"lane_id":10,"name":"Lane #10","role":3,"role_name":"Main","speed_limit":80.0,"priority_offset":0.0,"oneway":"yes","length_m":4687.8},"geometry":{"type":"LineString","coordinates":[[139.793804443,35.632013001,6.662],[139.793758977,35.631985629,6.779],[139.793527837,35.631846476,7.373],[139.792962953,35.63150781,9.032],[139.792456675,35.631211905,10.379],[139.791469815,35.630680522,14.808],[139.790514962,35.630162386,21.253],[139.790157424,35.629982914,23.683],[139.789906242,35.629885525,25.277],[139.789700104,35.629826172,26.477],[139.789504048,35.629788271,27.333],[139.78931475,35.629772322,27.872],[139.78912623,35.629773267,28.251],[139.788946849,35.629792394,28.571],[139.788764757,35.629829241,28.883],[139.788549311,35.629898357,29.203],[139.788302636,35.630015947,29.505],[139.788069121,35.630166478,29.819],[139.787831333,35.630357246,30.168],[139.787308783,35.630826006,30.796],[139.786884784,35.631221105,30.8],[139.786720117,35.631378834,30.796],[139.786489809,35.631618165,30.907],[139.786265141,35.631865361,31.147],[139.785914292,35.632270493,31.531],[139.785640413,35.632593931,31.838],[139.78538987,35.632890611,32.121],[139.785133412,35.633183213,32.39],[139.78492657,35.633402668,32.562],[139.784760459,35.633561583,32.713],[139.784605712,35.633695075,32.858],[139.784458625,35.633810465,32.988],[139.784223907,35.633979243,33.202],[139.783949323,35.6341476,33.422],[139.783619384,35.634317489,33.661],[139.78334469,35.63443932,33.867],[139.783020523,35.634557072,34.083],[139.782654481,35.634667653,34.346],[139.782271354,35.634748168,34.575],[139.781959289,35.634797715,34.78],[139.781687802,35.634827573,34.958],[139.781382413,35.634846348,35.154],[139.780987168,35.634849539,35.404],[139.780614817,35.634831191,35.634],[139.780147501,35.63478732,35.948],[139.779874155,35.634745512,36.113],[139.779520002,35.634683202,36.352],[139.779053582,35.634578059,36.716],[139.778578643,35.634449442,37.042],[139.778089034,35.634295317,37.373],[139.777569963,35.63411985,37.733],[139.776906686,35.633883464,38.193],[139.776335032,35.633678719,39.519],[139.775706635,35.633456648,42.051],[139.775375042,35.633357524,43.35],[139.774989343,35.633264035,44.827],[139.774622189,35.633199359,46.213],[139.774200179,35.633171976,47.694],[139.773851688,35.633171447,48.959],[139.773628231,35.633189104,49.748],[139.773252576,35.633237371,51.113],[139.772776577,35.633344699,52.835],[139.77232632,35.633470706,54.514],[139.771738441,35.633654873,56.754],[139.771072359,35.633864877,59.34],[139.770417515,35.634073566,61.886],[139.76973504,35.634291389,64.543],[139.769231594,35.63445169,66.405],[139.768657613,35.634631707,67.823],[139.768125769,35.634801415,68.408],[139.767682576,35.634943517,68.356],[139.76665411,35.635265784,66.336],[139.765572225,35.635606904,62.216],[139.764858613,35.6358371,59.443],[139.764413115,35.635976922,57.715],[139.764052478,35.636094066,56.363],[139.763806694,35.636182347,55.48],[139.763599982,35.636264454,54.706],[139.763443544,35.636335371,54.09],[139.76325813,35.636431043,53.345],[139.763096892,35.636534866,52.619],[139.762954395,35.636644767,51.911],[139.762792467,35.636789159,51.084],[139.762667882,35.636935586,50.291],[139.762590133,35.637046427,49.73],[139.762492883,35.637219265,48.912],[139.762422173,35.637402532,48.059],[139.762375946,35.637602617,47.097],[139.762350003,35.637813804,46.099],[139.762340301,35.638176207,44.389],[139.76233882,35.638916235,41.092],[139.762330338,35.639621677,37.945],[139.762326868,35.640335321,34.822],[139.762320563,35.641170391,33.664],[139.76231606,35.641850576,33.033],[139.762309034,35.642509602,32.3],[139.762305395,35.643104786,31.631],[139.762297403,35.643324978,31.528],[139.762272955,35.643541415,31.58],[139.762227585,35.643716028,31.232],[139.762110792,35.643990548,29.901],[139.761899428,35.644409487,27.429],[139.761792059,35.644646658,26.15],[139.761721777,35.644854291,25.107],[139.761700689,35.645023782,24.168],[139.761706654,35.645210966,23.146],[139.761727904,35.645349454,22.418],[139.761811101,35.645583594,20.953],[139.761948071,35.645872791,19.104],[139.762172133,35.646301827,16.538],[139.762358445,35.646677332,14.299],[139.76253978,35.647018142,12.263],[139.762712963,35.647357702,10.393],[139.762815472,35.647557677,10.23],[139.762952935,35.647784768,10.258],[139.76303183,35.647938529,10.256],[139.763258129,35.648368144,10.266],[139.76353035,35.648907144,10.261],[139.763747783,35.649331572,9.818],[139.763760637,35.649356664,9.791]]}},{"type":"Feature","id":11,"properties":{"lane_id":11,"name":"Lane #11","role":1,"role_name":"Parking","speed_limit":40.0,"priority_offset":0.0,"oneway":"yes","length_m":106.4},"geometry":{"type":"LineString","coordinates":[[139.776480711,35.622134949,-1.409],[139.776476296,35.622132279,-1.409],[139.776125846,35.621920343,-1.41],[139.775728683,35.621650631,-1.41],[139.77562674,35.621541791,-1.408],[139.775593839,35.621513634,-1.41]]}},{"type":"Feature","id":12,"properties":{"lane_id":12,"name":"Lane #12","role":1,"role_name":"Parking","speed_limit":40.0,"priority_offset":0.0,"oneway":"yes","length_m":207.9},"geometry":{"type":"LineString","coordinates":[[139.776439175,35.622178866,-1.411],[139.776432027,35.622173954,-1.411],[139.776092246,35.621940454,-1.411],[139.775649675,35.621651041,-1.41],[139.775233892,35.621384741,-1.412],[139.774787383,35.621083909,-2.095],[139.774662525,35.621021041,-2.585],[139.774646575,35.621013009,-2.647]]}},{"type":"Feature","id":13,"properties":{"lane_id":13,"name":"Lane #13","role":1,"role_name":"Parking","speed_limit":40.0,"priority_offset":0.0,"oneway":"yes","length_m":1215.5},"geometry":{"type":"LineString","coordinates":[[139.76271161,35.612645273,-6.956],[139.762674224,35.612613434,-6.85],[139.76251503,35.612477866,-6.403],[139.7621698,35.61216682,-5.409],[139.761781878,35.61176564,-3.979],[139.761711822,35.611691375,-3.696],[139.761489593,35.611422066,-2.228],[139.761190138,35.610927089,-0.862],[139.761115143,35.610768087,-0.719],[139.760956825,35.610335428,-1.006],[139.760886278,35.610015868,-1.17],[139.760850826,35.609722472,-1.208],[139.760826578,35.609381865,-1.252],[139.760812085,35.608837517,-1.322],[139.760805031,35.608717915,-1.091],[139.760801559,35.608566404,-0.321],[139.760795177,35.608433219,0.701],[139.760792887,35.608260316,2.252],[139.760788971,35.608076871,3.917],[139.760781813,35.607906265,5.202],[139.760776552,35.607704539,6.018],[139.760773453,35.607299151,6.031],[139.760770454,35.605281652,6.028],[139.760770924,35.605237957,6.026],[139.760759455,35.604852825,2.042],[139.760751427,35.604266481,3.007],[139.760748625,35.603349548,4.73],[139.760748862,35.60281565,4.818],[139.760724434,35.602203027,4.821],[139.760723364,35.602176204,4.821]]}},{"type":"Feature","id":14,"properties":{"lane_id":14,"name":"Lane #14","role":1,"role_name":"Parking","speed_limit":40.0,"priority_offset":0.0,"oneway":"yes","length_m":620.3},"geometry":{"type":"LineString","coordinates":[[139.760677407,35.610178031,-2.086],[139.760671425,35.610143671,-2.101],[139.760656705,35.610059111,-2.137],[139.760656236,35.609964363,-2.236],[139.760581072,35.609435495,-2.291],[139.760542675,35.609094729,-2.116],[139.760536759,35.609042221,-2.089],[139.76052816,35.608965909,-2.049],[139.760524797,35.608653187,-1.463],[139.760526816,35.608405221,-0.046],[139.76052362,35.607193362,13.729],[139.760506675,35.607006164,15.057],[139.760465537,35.606876765,15.351],[139.760385356,35.606719684,15.524],[139.760263773,35.606577229,15.702],[139.760158464,35.606493589,15.82],[139.760000858,35.606407292,15.973],[139.759805818,35.606335745,16.11],[139.75963932,35.606301816,16.083],[139.759517326,35.606291887,15.961],[139.759343046,35.606286374,15.728],[139.759197302,35.606302265,15.525],[139.759004923,35.606343358,15.248],[139.758750175,35.606430001,14.852],[139.758505328,35.606514417,14.457],[139.758215463,35.606633281,13.992],[139.758134336,35.606649722,13.869],[139.758095717,35.606657548,13.81]]}},{"type":"Feature","id":15,"properties":{"lane_id":15,"name":"Lane #15","role":1,"role_name":"Parking","speed_limit":40.0,"priority_offset":0.0,"oneway":"yes","length_m":66.5},"geometry":{"type":"LineString","coordinates":[[139.760530124,35.609670933,-1.927],[139.760534312,35.609653491,-1.958],[139.760538028,35.609638013,-1.985],[139.760557821,35.609591547,-2.103],[139.760538447,35.609414153,-2.107],[139.76052366,35.609284382,-2.08],[139.760534924,35.609094901,-2.154],[139.760535925,35.609078062,-2.16]]}},{"type":"Feature","id":16,"properties":{"lane_id":16,"name":"Lane #16","role":1,"role_name":"Parking","speed_limit":40.0,"priority_offset":0.0,"oneway":"yes","length_m":1721.1},"geometry":{"type":"LineString","coordinates":[[139.760412559,35.604892091,0.244],[139.760417381,35.604834557,0.435],[139.7604285,35.604701901,0.877],[139.760459737,35.604368225,2.084],[139.760505276,35.603775806,4.025],[139.760513171,35.603699867,4.237],[139.760543534,35.603472425,4.8],[139.76059894,35.603146906,4.851],[139.760668869,35.602691434,4.805],[139.76071781,35.602208926,4.826],[139.760723062,35.602157147,4.828],[139.760723185,35.602155604,4.829],[139.760758141,35.601716751,5.0],[139.760762916,35.601339169,5.001],[139.760759873,35.600729268,5.002],[139.760754926,35.60030545,5.002],[139.760752759,35.599999601,5.007],[139.760746235,35.599434118,4.844],[139.760739832,35.598579567,4.7],[139.7607283,35.594396621,5.585],[139.760716071,35.593128294,6.012],[139.760651462,35.592797933,6.132],[139.760579601,35.59246553,6.241],[139.760491549,35.591908723,6.415],[139.760478191,35.591626165,6.424],[139.760462602,35.591481198,6.397],[139.760464344,35.591247191,6.328],[139.760463353,35.59105015,6.265],[139.760460958,35.590700234,6.156],[139.760465838,35.59056609,6.12],[139.760463749,35.590501847,6.108],[139.760452588,35.590249975,6.147],[139.760425034,35.589923409,6.429],[139.760404033,35.589651495,6.85],[139.760376501,35.589476263,7.214],[139.760374292,35.589462204,7.243]]}},{"type":"Feature","id":17,"properties":{"lane_id":17,"name":"Lane #17","role":1,"role_name":"Parking","speed_limit":40.0,"priority_offset":0.0,"oneway":"yes","length_m":479.9},"geometry":{"type":"LineString","coordinates":[[139.760448138,35.603070688,5.56],[139.760455259,35.603034591,5.605],[139.760525304,35.602679534,6.045],[139.760577067,35.602150418,6.343],[139.760609386,35.601704606,6.452],[139.760607302,35.601010669,6.211],[139.7606105,35.600330097,5.913],[139.76058288,35.599663646,5.616],[139.760534055,35.599244924,5.425],[139.760443482,35.598840538,5.245],[139.760429352,35.598777449,5.217]]}},{"type":"Feature","id":19,"properties":{"lane_id":19,"name":"Lane #19","role":2,"role_name":"Secondary","speed_limit":60.0,"priority_offset":0.0,"oneway":"yes","length_m":1609.0},"geometry":{"type":"LineString","coordinates":[[139.760397095,35.587309912,13.437],[139.760405635,35.587261493,13.498],[139.760459562,35.586955756,13.882],[139.760566126,35.586421235,14.105],[139.760709757,35.585948831,13.844],[139.760855162,35.585469408,13.202],[139.761314811,35.584125784,13.301],[139.761463998,35.583678406,15.889],[139.761563022,35.583297688,17.978],[139.761609058,35.582932418,19.071],[139.761608594,35.58252332,19.22],[139.761551268,35.582127596,19.247],[139.761490417,35.581876887,19.261],[139.761369169,35.581529867,19.304],[139.761234327,35.581255384,19.311],[139.761090826,35.581004256,19.344],[139.760842504,35.580678849,19.357],[139.76064024,35.580446215,19.398],[139.760383979,35.580220519,19.411],[139.759904214,35.579782617,19.583],[139.758988458,35.578983477,19.732],[139.758005491,35.578123252,19.389],[139.757019477,35.577254013,19.784],[139.756090402,35.576451242,20.851],[139.755497645,35.575928956,20.589],[139.754968542,35.575466672,18.007],[139.754762365,35.575265715,16.935],[139.754629194,35.575138212,16.288],[139.754575996,35.575106585,16.131],[139.754550622,35.5750915,16.056]]}},{"type":"Feature","id":20,"properties":{"lane_id":20,"name":"Lane #20","role":3,"role_name":"Main","speed_limit":80.0,"priority_offset":0.0,"oneway":"yes","length_m":1771.9},"geometry":{"type":"LineString","coordinates":[[139.760481586,35.586514015,14.107],[139.760492876,35.586479751,14.097],[139.760616589,35.586104297,13.979],[139.760742015,35.585658064,13.486],[139.761050315,35.584737138,12.173],[139.761257359,35.584131159,13.216],[139.761401991,35.583717159,15.537],[139.761494934,35.583393897,17.337],[139.761531694,35.583196391,18.248],[139.761555879,35.582969808,18.869],[139.761567821,35.582629646,19.092],[139.761536132,35.582278013,19.125],[139.761467155,35.581966409,19.132],[139.76138084,35.581683607,19.159],[139.761284928,35.581444946,19.186],[139.761148308,35.581188138,19.2],[139.761000379,35.580966789,19.195],[139.760860906,35.580768664,19.222],[139.760680305,35.580565954,19.229],[139.760406567,35.580289794,19.33],[139.759862296,35.579818268,19.586],[139.758986548,35.579047116,19.732],[139.758299374,35.578447837,19.544],[139.757573447,35.577817611,19.241],[139.756535065,35.576894572,20.294],[139.756000357,35.576432662,20.907],[139.75539663,35.57590727,20.388],[139.754847599,35.575409052,17.629],[139.754597433,35.575151744,16.367],[139.754575194,35.575125802,16.217],[139.75453008,35.575073176,15.914],[139.754433379,35.574960374,15.264],[139.754290689,35.574744685,13.691],[139.75417329,35.574513199,11.811],[139.754084849,35.574242925,9.552],[139.753947838,35.5737464,6.42],[139.753859732,35.573421815,7.305],[139.753763475,35.573102522,8.546],[139.753724959,35.572966485,9.079],[139.75371606,35.572958032,9.117],[139.753687526,35.572930926,9.238]]}},{"type":"Feature","id":21,"properties":{"lane_id":21,"name":"Lane #21","role":1,"role_name":"Parking","speed_limit":40.0,"priority_offset":0.0,"oneway":"yes","length_m":687.6},"geometry":{"type":"LineString","coordinates":[[139.784773641,35.562516115,-1.941],[139.784822807,35.562484296,-1.832],[139.785091275,35.562310548,-1.235],[139.78569918,35.561857541,-0.143],[139.786214022,35.561427983,0.378],[139.786311444,35.561334362,0.427],[139.78699292,35.560623381,0.725],[139.787466513,35.560131187,0.943],[139.787995976,35.559595564,1.167],[139.788877769,35.558503037,1.628],[139.789392277,35.557968147,1.86],[139.789559636,35.557753079,1.943]]}},{"type":"Feature","id":25,"properties":{"lane_id":25,"name":"Lane #25","role":1,"role_name":"Parking","speed_limit":40.0,"priority_offset":0.0,"oneway":"yes","length_m":499.3},"geometry":{"type":"LineString","coordinates":[[139.790205425,35.556643963,2.406],[139.790643869,35.556078926,2.654],[139.790992719,35.555625397,2.843],[139.791558094,35.554909512,3.082],[139.791897582,35.554475682,3.086],[139.792063331,35.554262824,3.039],[139.792148597,35.554138477,3.002],[139.792300997,35.553903145,2.924],[139.792431536,35.553709661,2.859],[139.792650583,35.553435071,2.761],[139.792834547,35.553189356,2.675],[139.79302715,35.552932745,2.589],[139.79306291,35.55286119,2.568],[139.793082975,35.552821039,2.556]]}},{"type":"Feature","id":26,"properties":{"lane_id":26,"name":"Lane #26","role":1,"role_name":"Parking","speed_limit":40.0,"priority_offset":0.0,"oneway":"yes","length_m":437.9},"geometry":{"type":"LineString","coordinates":[[139.797846767,35.546946251,1.514],[139.798359009,35.546242182,1.599],[139.798725566,35.545758173,1.742],[139.798975446,35.545412424,1.793],[139.799208338,35.545064359,3.375],[139.799262887,35.544981647,1.416],[139.799349205,35.544810784,1.146],[139.799531809,35.544464635,0.381],[139.799753227,35.544032354,-0.977],[139.799888052,35.543746337,-2.056],[139.799970807,35.543486084,-3.002],[139.799986491,35.543436758,-3.181]]}},{"type":"Feature","id":27,"properties":{"lane_id":27,"name":"Lane #27","role":1,"role_name":"Parking","speed_limit":40.0,"priority_offset":0.0,"oneway":"yes","length_m":458.3},"geometry":{"type":"LineString","coordinates":[[139.796363847,35.524556248,-10.833],[139.796348754,35.524530167,-10.758],[139.796209866,35.524290167,-10.068],[139.796026361,35.524002989,-9.307],[139.795619264,35.523446343,-8.066],[139.795424435,35.523185183,-7.61],[139.795383216,35.523126284,-7.517],[139.79490425,35.522415364,-6.518],[139.794683892,35.52213022,-5.611],[139.794309057,35.52173034,-3.275],[139.793621513,35.521119392,2.426]]}},{"type":"Feature","id":28,"properties":{"lane_id":28,"name":"Lane #28","role":2,"role_name":"Secondary","speed_limit":60.0,"priority_offset":0.0,"oneway":"yes","length_m":227.4},"geometry":{"type":"LineString","coordinates":[[139.794987968,35.522799796,-7.042],[139.794881612,35.522632178,-6.898],[139.794684737,35.522358412,-6.71],[139.794400332,35.522019774,-6.596],[139.794266494,35.521861674,-6.597],[139.794176039,35.521770536,-6.615],[139.794083901,35.521687302,-6.639],[139.793763728,35.521447135,-6.791],[139.793580463,35.521328302,-6.924],[139.793440035,35.521256544,-7.037],[139.793412977,35.521242717,-7.059]]}},{"type":"Feature","id":29,"properties":{"lane_id":29,"name":"Lane #29","role":2,"role_name":"Secondary","speed_limit":60.0,"priority_offset":0.0,"oneway":"yes","length_m":14227.7},"geometry":{"type":"LineString","coordinates":[[139.794112176,35.521792362,-6.617],[139.794102216,35.521782764,-6.619],[139.794054061,35.521736358,-6.628],[139.793642961,35.521416072,-6.851],[139.793442428,35.521271266,-7.051],[139.793385055,35.521229837,-7.109],[139.793213167,35.521105716,-7.281],[139.792860479,35.52083445,-7.817],[139.792449149,35.520525094,-8.613],[139.792136389,35.520305798,-9.321],[139.791730874,35.52003776,-10.398],[139.791685564,35.520007811,-10.518],[139.791545093,35.519914962,-10.891],[139.791271831,35.519746604,-11.723],[139.791224614,35.519717514,-11.867],[139.79095585,35.519551927,-12.685],[139.790652732,35.519374721,-13.622],[139.790346062,35.51919712,-14.59],[139.790037323,35.519028441,-15.557],[139.789250201,35.518616876,-17.981],[139.788331124,35.518145544,-20.205],[139.787821194,35.517881673,-20.822],[139.786855468,35.51738512,-21.338],[139.78582743,35.516852414,-21.871],[139.784971751,35.516409864,-22.316],[139.784188538,35.515997185,-22.724],[139.783596765,35.515695646,-23.014],[139.78273751,35.515248937,-23.467],[139.782167814,35.514953898,-23.755],[139.7805802,35.514131566,-24.145],[139.779631925,35.513645268,-22.531],[139.778753728,35.513199963,-19.754],[139.777970711,35.512820471,-17.201],[139.777386339,35.512555022,-15.326],[139.776716834,35.512258956,-13.189],[139.775974476,35.511950732,-10.854],[139.775116618,35.511604461,-8.163],[139.77422262,35.511238522,-5.341],[139.773972177,35.511136123,-4.554],[139.773877476,35.511097403,-4.257],[139.773303265,35.510862626,-2.453],[139.772633326,35.510590554,-0.468],[139.771872904,35.510282522,1.35],[139.771062185,35.509954148,2.875],[139.769845472,35.509456831,4.269],[139.769334251,35.509250579,4.497],[139.769065849,35.509141863,4.588],[139.769028455,35.509126717,4.6],[139.768275907,35.508821898,4.854],[139.767012717,35.508302466,5.278],[139.765713512,35.50777748,7.215],[139.7643079,35.507209474,11.277],[139.762658911,35.506539021,11.961],[139.761578103,35.506096998,9.443],[139.760942073,35.505839688,7.512],[139.760906887,35.505825453,7.405],[139.760657555,35.505724584,6.649],[139.759500805,35.505253497,4.474],[139.75813754,35.504699396,4.924],[139.757051454,35.504258556,5.281],[139.756504011,35.504036295,5.465],[139.755514433,35.503633537,5.523],[139.754518179,35.503231613,5.22],[139.753066865,35.502637535,4.774],[139.751522276,35.502009585,4.297],[139.750860029,35.501744592,4.198],[139.749848302,35.501333404,5.253],[139.748842799,35.500925138,7.809],[139.747886334,35.500537215,10.687],[139.747599585,35.500420979,11.55],[139.747509389,35.500384417,11.822],[139.747222262,35.500268028,12.687],[139.746403759,35.499933346,15.153],[139.745538853,35.499583452,17.694],[139.74486901,35.499309336,19.075],[139.744164863,35.499022288,19.788],[139.743697176,35.498831143,19.836],[139.743663262,35.498817393,19.812],[139.743628218,35.498803185,19.788],[139.743105148,35.498591116,19.419],[139.741794758,35.498063464,16.831],[139.740693927,35.497627669,14.288],[139.739875579,35.497301014,12.388],[139.73944811,35.497130413,11.396],[139.738604411,35.496796968,9.444],[139.737159868,35.496227444,6.115],[139.736026266,35.49577823,4.496],[139.735989532,35.495763674,4.443],[139.735925155,35.495738163,4.351],[139.734904334,35.495333037,4.255],[139.734117455,35.495015119,4.497],[139.73304091,35.494590289,4.812],[139.731984715,35.494166346,5.139],[139.731367307,35.493921338,5.24],[139.731331674,35.493907197,5.246],[139.731070881,35.493803706,5.289],[139.730250518,35.493470339,5.068],[139.729188802,35.493047703,4.725],[139.727920694,35.492535604,4.321],[139.726736347,35.492059877,4.171],[139.725990067,35.491763241,5.727],[139.725200774,35.491443533,8.058],[139.724230999,35.491054066,10.911],[139.722998511,35.490557179,13.975],[139.722702084,35.490438888,14.218],[139.722671896,35.490426841,14.243],[139.722021289,35.490167212,14.777],[139.720750897,35.489654833,15.156],[139.720130374,35.489410245,15.35],[139.718556267,35.488774847,17.106],[139.71783464,35.48848001,20.019],[139.716872984,35.488092877,24.107],[139.71640686,35.4879031,25.97],[139.715616321,35.487577971,28.809],[139.714630554,35.487178713,31.757],[139.713677473,35.486792247,33.99],[139.712863281,35.486464731,35.419],[139.711993396,35.486107863,36.461],[139.710791196,35.485625047,37.093],[139.709784771,35.485213035,38.508],[139.70895442,35.484878484,41.966],[139.708040052,35.484504334,46.095],[139.707698914,35.484364087,47.643],[139.706866165,35.484025062,51.408],[139.705931908,35.483651184,54.997],[139.704779704,35.483182527,57.468],[139.703758635,35.48276776,57.834],[139.70285507,35.482398558,56.717],[139.702168947,35.48212116,54.979],[139.701828095,35.481981847,53.761],[139.701790441,35.481966457,53.627],[139.701244516,35.481743325,51.677],[139.700177098,35.481309162,47.749],[139.699038741,35.480853515,43.578],[139.698415659,35.4805974,41.421],[139.697642295,35.480282122,40.122],[139.696953729,35.480002155,39.899],[139.696290149,35.479732924,39.701],[139.695472492,35.479398953,39.452],[139.694607869,35.479049383,39.183],[139.693852211,35.478741106,38.958],[139.692759158,35.478301399,38.625],[139.691609533,35.477832917,38.279],[139.691288169,35.477703216,38.181],[139.691211982,35.477672467,38.158],[139.690503414,35.47738649,37.942],[139.689657942,35.477040877,37.687],[139.689030285,35.476785771,37.493],[139.688509423,35.476574764,37.339],[139.688237728,35.476457791,37.257],[139.68785332,35.476284752,37.133],[139.68777202,35.476246389,37.103],[139.687378803,35.47605491,36.983],[139.687077848,35.475897759,36.886],[139.68675607,35.475727869,36.78],[139.686405039,35.475523222,36.661],[139.686071889,35.475322717,36.549],[139.685892306,35.475209498,36.486],[139.68556925,35.474989973,36.497],[139.685271732,35.474781774,37.043],[139.68498839,35.474571837,38.078],[139.684660328,35.474320503,39.421],[139.684240867,35.4739671,41.213],[139.684035416,35.473784894,42.116],[139.683738006,35.473510251,43.456],[139.683380069,35.473158067,45.133],[139.68323394,35.47300217,45.85],[139.683171324,35.472935367,46.157],[139.682974542,35.47272543,47.123],[139.682870844,35.472602695,47.666],[139.682815305,35.47253696,47.957],[139.682621767,35.472307891,48.971],[139.682343119,35.471949479,50.505],[139.682067567,35.47158704,52.048],[139.681835382,35.471265105,53.391],[139.681543301,35.470864681,55.07],[139.680919231,35.470005443,58.664],[139.680391238,35.469282942,61.691],[139.6798517,35.468540327,64.794],[139.679321964,35.467815818,67.829],[139.678969178,35.467328282,69.828],[139.678434879,35.466596562,71.063],[139.678403504,35.466553589,70.987],[139.678380225,35.466521703,70.93],[139.677998813,35.465999282,70.0],[139.677612625,35.465469199,68.352],[139.677131461,35.464803098,66.269],[139.676519324,35.463958264,63.636],[139.675986561,35.463233097,61.365],[139.675559481,35.462646706,59.528],[139.67554198,35.462622677,59.453],[139.675537845,35.462617,59.435],[139.674804936,35.461617988,56.305],[139.674071994,35.460612853,53.163],[139.673484039,35.459804004,50.639],[139.673457912,35.459768062,50.526],[139.673376182,35.459655626,50.176],[139.672999413,35.459137298,48.548],[139.672803193,35.458838049,47.631],[139.672627407,35.458535079,46.714],[139.672572764,35.458433769,46.414],[139.672544941,35.458382183,46.261],[139.672435702,35.45817965,45.66],[139.672306822,35.457910902,44.879],[139.672221924,35.457701022,44.276],[139.672199089,35.457644573,44.114],[139.672104468,35.457410655,43.443],[139.671966131,35.456964219,42.194],[139.671859293,35.456557014,41.059],[139.671797795,35.456223568,40.142],[139.671719359,35.455687845,38.675],[139.671695893,35.455281614,37.571],[139.671695585,35.454947905,36.66],[139.671716176,35.454592326,35.688],[139.671773644,35.454190209,34.582],[139.671863544,35.453774609,33.425],[139.67197829,35.453387905,32.346],[139.672080856,35.453105972,31.542],[139.672252709,35.452711636,30.405],[139.672440886,35.452333591,29.303],[139.67265233,35.451930088,28.113],[139.672929813,35.451431175,26.639],[139.673300799,35.45077281,24.692],[139.673309835,35.450756775,24.644]]}},{"type":"Feature","id":30,"properties":{"lane_id":30,"name":"Lane #30","role":3,"role_name":"Main","speed_limit":80.0,"priority_offset":0.0,"oneway":"yes","length_m":14223.2},"geometry":{"type":"LineString","coordinates":[[139.794047442,35.521823944,-6.615],[139.794043063,35.521820206,-6.616],[139.793988936,35.521774001,-6.634],[139.793623981,35.521460294,-6.831],[139.793156311,35.521106812,-7.318],[139.792835,35.520859917,-7.81],[139.792287468,35.520453063,-8.912],[139.791725801,35.520073176,-10.318],[139.791048466,35.519645443,-12.328],[139.790430263,35.519283732,-14.26],[139.790155293,35.519128229,-15.123],[139.78962084,35.518846402,-16.78],[139.789050955,35.518554775,-18.516],[139.788199064,35.518112576,-20.375],[139.787723877,35.517865883,-20.882],[139.786892215,35.517440027,-21.313],[139.785701864,35.516823316,-21.926],[139.784829487,35.516368774,-22.379],[139.784147329,35.516016985,-22.727],[139.783349003,35.51560277,-23.138],[139.782238528,35.515031158,-23.706],[139.781497815,35.51464592,-24.089],[139.78061896,35.514193352,-24.187],[139.779771346,35.513757671,-22.927],[139.778693258,35.513204894,-19.622],[139.778020168,35.512883072,-17.428],[139.777287474,35.512545477,-15.065],[139.776674517,35.512278308,-13.114],[139.776081352,35.512028167,-11.241],[139.775615813,35.511837574,-9.777],[139.775097144,35.511627638,-8.147],[139.774672517,35.511457187,-6.816],[139.774103652,35.511227609,-5.028],[139.773164907,35.510842809,-2.075],[139.772561244,35.510599256,-0.322],[139.771460639,35.510152846,2.124],[139.770381868,35.509714735,3.776],[139.769413235,35.509320198,4.466],[139.768617268,35.508994183,4.74],[139.767284732,35.508451634,5.183],[139.765741804,35.507828194,7.072],[139.764833247,35.507458781,9.842],[139.763481651,35.506908232,12.3],[139.762468253,35.506498264,11.709],[139.761590506,35.506143387,9.543],[139.76110771,35.50594425,8.072],[139.759953837,35.505473285,4.697],[139.75864977,35.504945984,4.748],[139.75754453,35.50449624,5.111],[139.756534522,35.504086649,5.445],[139.755649056,35.503729851,5.559],[139.754306229,35.503183443,5.165],[139.75322061,35.502735858,4.823],[139.752227947,35.502336092,4.519],[139.751504626,35.502042561,4.296],[139.750330722,35.501564562,4.533],[139.748867151,35.500972545,7.68],[139.747881069,35.500570866,10.652],[139.747194581,35.500288784,12.721],[139.746219621,35.499892422,15.662],[139.745363644,35.499546107,18.078],[139.74464145,35.499254323,19.363],[139.743817014,35.49892107,19.859],[139.743578183,35.498826949,19.807],[139.743057577,35.498613188,19.389],[139.742077244,35.49821394,17.53],[139.741160828,35.497845115,15.398],[139.74025869,35.497483922,13.308],[139.739455851,35.497170662,11.46],[139.738321117,35.496719752,8.828],[139.737100064,35.496235357,6.021],[139.735926849,35.495773393,4.36],[139.734899303,35.495369952,4.248],[139.734101284,35.495051428,4.495],[139.733306832,35.494731712,4.73],[139.732091487,35.494248493,5.099],[139.73109271,35.493842559,5.29],[139.730201397,35.493489472,5.055],[139.729350643,35.493150851,4.784],[139.728179948,35.492677088,4.408],[139.727026294,35.492216757,4.041],[139.725757922,35.491702052,6.36],[139.725163427,35.491469202,8.107],[139.724116746,35.491044732,11.192],[139.723410123,35.49076601,13.14],[139.722386536,35.490350612,14.623],[139.721416016,35.489961987,14.951],[139.720609941,35.489638419,15.201],[139.719805713,35.489313983,15.448],[139.718321582,35.488715764,17.882],[139.717369393,35.488330236,21.922],[139.7164312,35.487948217,25.809],[139.715434477,35.487541407,29.344],[139.714330047,35.487093119,32.482],[139.713460653,35.486743366,34.378],[139.712647233,35.486414552,35.697],[139.711823925,35.486077484,36.59],[139.710777251,35.485652611,37.097],[139.709786238,35.485249283,38.447],[139.7087999,35.484850315,42.582],[139.707806521,35.484446812,47.072],[139.706802537,35.484036247,51.613],[139.705790299,35.483629454,55.368],[139.704980601,35.483301325,57.166],[139.703811367,35.482823606,57.863],[139.702818824,35.482421796,56.686],[139.70216714,35.482155487,55.023],[139.700725795,35.481569023,49.837],[139.699832463,35.481212813,46.563],[139.698706083,35.480750621,42.407],[139.69760851,35.480305993,40.114],[139.69694308,35.480035446,39.9],[139.696101347,35.479692351,39.647],[139.695206121,35.47932929,39.371],[139.694316922,35.478969246,39.101],[139.693659648,35.4787032,38.906],[139.692717264,35.478322813,38.617],[139.692090848,35.47806682,38.43],[139.691140997,35.477683099,38.144],[139.6903351,35.477353145,37.898],[139.68915977,35.47687404,37.541],[139.688676874,35.476680079,37.393],[139.688227991,35.47648738,37.257],[139.687814399,35.476301253,37.128],[139.687438115,35.476125345,37.01],[139.687131173,35.475966404,36.906],[139.686781716,35.475779259,36.797],[139.686389837,35.475558286,36.663],[139.685968406,35.475301075,36.525],[139.68586467,35.475233587,36.487],[139.685646915,35.475086673,36.446],[139.685498733,35.474983999,36.54],[139.685191386,35.474764764,37.206],[139.684922599,35.474565547,38.233],[139.684640498,35.474347566,39.394],[139.684331273,35.474098785,40.684],[139.684021887,35.473824844,42.039],[139.683712172,35.473542639,43.418],[139.683326081,35.473154374,45.244],[139.682903356,35.472697683,47.33],[139.68256909,35.47230561,49.066],[139.682268491,35.471915222,50.729],[139.681879094,35.471391544,52.939],[139.681519474,35.47089613,55.012],[139.681035143,35.470227994,57.801],[139.680458583,35.469435155,61.117],[139.679869998,35.468629895,64.492],[139.679326991,35.467882831,67.616],[139.679100378,35.467575291,68.902],[139.678795955,35.467158937,70.409],[139.678442113,35.466669374,71.064],[139.6781202,35.466226158,70.584],[139.677767636,35.465745281,69.16],[139.677410999,35.465256447,67.632],[139.677091671,35.464820766,66.269],[139.676685712,35.464256418,64.514],[139.67626357,35.463678068,62.697],[139.675799852,35.46304568,60.721],[139.675428375,35.462532116,59.112],[139.674876435,35.461775359,56.75],[139.67440039,35.461120189,54.708],[139.673907499,35.46044235,52.591],[139.673314463,35.459632694,50.055],[139.672956397,35.459130851,48.488],[139.672767049,35.458842023,47.603],[139.672602112,35.45857095,46.782],[139.672465577,35.458318774,46.035],[139.672349239,35.458081572,45.347],[139.672151336,35.457633311,44.055],[139.671994474,35.457190402,42.804],[139.671882538,35.456816576,41.764],[139.67180579,35.456509782,40.914],[139.671735515,35.456137632,39.891],[139.671678425,35.455695012,38.69],[139.671650158,35.455276868,37.556],[139.671648389,35.454953318,36.676],[139.671671785,35.454579992,35.66],[139.671728508,35.454196631,34.616],[139.671810769,35.453812533,33.551],[139.671903441,35.453477868,32.626],[139.672010425,35.453183373,31.789],[139.672099516,35.452959093,31.152],[139.672281403,35.452556362,29.992],[139.672543538,35.452053641,28.512],[139.672876682,35.451446334,26.723],[139.67322304,35.450818984,24.88],[139.673232898,35.450801129,24.827]]}},{"type":"Feature","id":31,"properties":{"lane_id":31,"name":"Lane #31","role":4,"role_name":"Highway","speed_limit":90.0,"priority_offset":0.0,"oneway":"yes","length_m":14220.2},"geometry":{"type":"LineString","coordinates":[[139.794002077,35.521874325,-6.608],[139.793995566,35.521867732,-6.611],[139.793936037,35.521807451,-6.634],[139.793479974,35.521403325,-6.926],[139.79310735,35.521109988,-7.35],[139.792797298,35.52087448,-7.83],[139.79218672,35.520424333,-9.086],[139.791760855,35.520135031,-10.157],[139.791205997,35.519780865,-11.765],[139.790498873,35.519360448,-13.968],[139.790132617,35.519151459,-15.131],[139.789539153,35.518839875,-16.965],[139.788806764,35.518459575,-19.13],[139.788418515,35.518261666,-19.976],[139.787703017,35.517893736,-20.876],[139.786729158,35.517389015,-21.388],[139.785808298,35.516911401,-21.858],[139.784908973,35.51644899,-22.323],[139.784059587,35.516005379,-22.761],[139.783165371,35.515540555,-23.221],[139.782231281,35.51506031,-23.703],[139.781033717,35.514441808,-24.291],[139.780006458,35.513912068,-23.451],[139.77906662,35.513430568,-20.922],[139.778669759,35.51323401,-19.619],[139.778085989,35.512952954,-17.712],[139.777355534,35.512614833,-15.351],[139.776725767,35.51233683,-13.335],[139.776017605,35.512037624,-11.093],[139.775105069,35.511667948,-8.228],[139.774263103,35.511325467,-5.582],[139.773542792,35.51103499,-3.322],[139.772701323,35.510691236,-0.748],[139.771624037,35.510256275,1.773],[139.770383781,35.509749782,3.758],[139.769418105,35.509360394,4.459],[139.768124779,35.508832013,4.896],[139.766714015,35.508259313,5.367],[139.765667583,35.50783666,7.237],[139.764978785,35.507551428,9.351],[139.7637144,35.507043347,12.127],[139.762525771,35.506561207,11.824],[139.761609995,35.506189013,9.658],[139.760243462,35.50562906,5.497],[139.759116794,35.505171527,4.592],[139.758321945,35.50484266,4.852],[139.757329877,35.504449886,5.171],[139.756774069,35.504220703,5.358],[139.756483572,35.504106633,5.456],[139.755525308,35.503716245,5.539],[139.754266527,35.503202795,5.154],[139.752913461,35.502650913,4.736],[139.751704349,35.502162947,4.364],[139.75060111,35.501710467,4.299],[139.749459075,35.501244766,5.99],[139.748504763,35.500857668,8.718],[139.747623936,35.500502037,11.371],[139.747149286,35.50031254,12.792],[139.74645101,35.500025309,14.9],[139.745530758,35.499650352,17.623],[139.744757814,35.499338724,19.183],[139.743801856,35.498948888,19.857],[139.7428641,35.498570589,19.155],[139.741910409,35.49818878,17.187],[139.741011448,35.497830657,15.104],[139.740269916,35.497530013,13.383],[139.739425365,35.497193743,11.427],[139.738896779,35.496983297,10.198],[139.73789479,35.496588111,7.885],[139.736913641,35.496202319,5.68],[139.735762297,35.495746409,4.274],[139.734921628,35.495414858,4.237],[139.733665648,35.494911892,4.615],[139.732535028,35.494463692,4.962],[139.731389926,35.49400401,5.284],[139.730579745,35.493674433,5.18],[139.730169727,35.49351164,5.052],[139.729207057,35.493128841,4.741],[139.728288928,35.492759849,4.446],[139.727309573,35.492361829,4.128],[139.726142783,35.491894014,5.186],[139.725174772,35.491507582,8.023],[139.723267204,35.490743061,13.415],[139.722208414,35.490317258,14.704],[139.721223659,35.489921712,15.01],[139.720592306,35.489669483,15.2],[139.719524073,35.489236197,15.521],[139.718192731,35.488698307,18.338],[139.717221305,35.488304629,22.485],[139.716411119,35.487979254,25.815],[139.715141978,35.48746119,30.196],[139.713952558,35.486977839,33.327],[139.712892247,35.48654743,35.318],[139.711988808,35.486179719,36.43],[139.711662216,35.486048613,36.699],[139.710657078,35.485643277,37.126],[139.70958003,35.485201762,39.084],[139.708437723,35.48473836,44.144],[139.707719297,35.484449462,47.377],[139.706663857,35.484017281,52.146],[139.705662964,35.483611734,55.677],[139.704845967,35.483280955,57.341],[139.703594119,35.482771199,57.759],[139.70266583,35.48239475,56.397],[139.702140987,35.482182761,55.003],[139.700605972,35.481560058,49.465],[139.700029531,35.4813229,47.338],[139.699235172,35.480999736,44.416],[139.698374121,35.480654351,41.413],[139.697469811,35.480284903,40.063],[139.696920531,35.480062255,39.902],[139.695877059,35.479635119,39.585],[139.694654667,35.479140127,39.211],[139.693766573,35.478780855,38.939],[139.692691958,35.478341253,38.616],[139.692018869,35.478072768,38.41],[139.691200585,35.477741481,38.165],[139.690373142,35.477406798,37.914],[139.689603237,35.47708967,37.682],[139.689035426,35.476859101,37.507],[139.688559576,35.476667788,37.366],[139.688248949,35.476535595,37.265],[139.687894119,35.476377408,37.16],[139.68747667,35.47618056,37.027],[139.687109805,35.47599266,36.911],[139.686757926,35.475806664,36.795],[139.686409208,35.475606018,36.679],[139.686094973,35.475418188,36.573],[139.6858979,35.475296776,36.505],[139.685643802,35.475125097,36.444],[139.685431976,35.474978612,36.6],[139.685095104,35.474741595,37.441],[139.684811844,35.47453008,38.565],[139.68460388,35.474364375,39.425],[139.68433184,35.474141832,40.566],[139.684012889,35.473869277,41.936],[139.68368439,35.473562834,43.417],[139.683262825,35.473143128,45.395],[139.682825044,35.472664724,47.566],[139.682523652,35.472306382,49.135],[139.682213338,35.47190259,50.851],[139.681815767,35.471364612,53.115],[139.681497248,35.470932028,54.935],[139.680870076,35.470064938,58.554],[139.680315132,35.469307857,61.724],[139.679747888,35.468524124,64.995],[139.679228843,35.467813002,67.978],[139.678892927,35.467355846,69.853],[139.678484238,35.466787988,71.031],[139.678121991,35.466295628,70.694],[139.67773056,35.465759562,69.151],[139.677303934,35.465175064,67.32],[139.677061618,35.464842645,66.289],[139.676678985,35.464314457,64.637],[139.676079708,35.463493336,62.07],[139.675801373,35.463111983,60.876],[139.675400463,35.462556188,59.138],[139.674969021,35.461967917,57.295],[139.674724779,35.461632638,56.249],[139.674159331,35.460855371,53.825],[139.673392592,35.459805444,50.538],[139.672937068,35.459165353,48.551],[139.672744592,35.458880867,47.672],[139.67259901,35.458636113,46.945],[139.672436981,35.458344925,46.076],[139.672299253,35.458069036,45.274],[139.672150019,35.457732828,44.311],[139.672033611,35.457437587,43.471],[139.671925014,35.457117125,42.576],[139.671834683,35.456787294,41.66],[139.671757536,35.456475639,40.804],[139.671693023,35.456112385,39.817],[139.671654387,35.455799932,38.967],[139.671620898,35.455458319,38.04],[139.671607433,35.45507895,37.015],[139.671621416,35.454740881,36.105],[139.671651205,35.454426472,35.25],[139.671695769,35.454150426,34.5],[139.671777782,35.453769994,33.454],[139.671882219,35.453415846,32.47],[139.671987828,35.453131641,31.669],[139.672095993,35.452863639,30.91],[139.672341271,35.452344803,29.411],[139.672575485,35.451902928,28.117],[139.672841672,35.451428157,26.712],[139.673143411,35.450882667,25.109],[139.673157478,35.450857238,25.034]]}},{"type":"Feature","id":32,"properties":{"lane_id":32,"name":"Lane #27","role":1,"role_name":"Parking","speed_limit":40.0,"priority_offset":0.0,"oneway":"yes","length_m":264.2},"geometry":{"type":"LineString","coordinates":[[139.794227373,35.521125437,-0.456],[139.793452038,35.520971188,-6.126],[139.793181741,35.520897613,-7.116],[139.792969747,35.520801308,-7.748],[139.792822814,35.520718547,-7.977],[139.792631994,35.52059438,-8.317],[139.792408308,35.520438737,-8.777],[139.792189633,35.520286638,-9.281],[139.7918765,35.520092791,-10.038],[139.791776062,35.520048672,-10.273],[139.791706249,35.520018005,-10.436]]}},{"type":"Feature","id":37,"properties":{"lane_id":37,"name":"Lane #28","role":1,"role_name":"Parking","speed_limit":40.0,"priority_offset":0.0,"oneway":"yes","length_m":315.3},"geometry":{"type":"LineString","coordinates":[[139.794230419,35.521083021,-0.368],[139.79347441,35.520942844,-6.164],[139.793207049,35.520869892,-7.232],[139.792989955,35.520768612,-7.757],[139.792852594,35.520690387,-7.972],[139.792671247,35.520579326,-8.286],[139.792429432,35.520405121,-8.793],[139.79215859,35.520229845,-9.407],[139.791837136,35.520041577,-10.189],[139.791407474,35.51979148,-11.365],[139.791271128,35.519733816,-11.721],[139.791241552,35.519721308,-11.798]]}},{"type":"Feature","id":38,"properties":{"lane_id":38,"name":"Lane #29","role":1,"role_name":"Parking","speed_limit":40.0,"priority_offset":0.0,"oneway":"yes","length_m":122.0},"geometry":{"type":"LineString","coordinates":[[139.77394084,35.511119154,-4.45],[139.773883976,35.511091648,-4.266],[139.773734435,35.511019313,-3.782],[139.773416809,35.51085395,-2.727],[139.773108655,35.510709861,-1.73],[139.772861106,35.510605055,-0.996],[139.772782475,35.510573492,-0.773],[139.772774888,35.510570447,-0.751]]}},{"type":"Feature","id":39,"properties":{"lane_id":39,"name":"Lane #30","role":1,"role_name":"Parking","speed_limit":40.0,"priority_offset":0.0,"oneway":"yes","length_m":2552.6},"geometry":{"type":"LineString","coordinates":[[139.772779544,35.510572254,-0.764],[139.772773165,35.510569506,-0.746],[139.772516037,35.510458746,-0.006],[139.772280534,35.510359923,0.593],[139.771896711,35.510205587,1.347],[139.771691246,35.510098474,1.797],[139.771408537,35.509925838,2.461],[139.771135825,35.509756089,3.571],[139.770943964,35.509661845,3.921],[139.77047255,35.509453357,3.95],[139.770216052,35.509320408,3.971],[139.769970366,35.509203216,3.962],[139.769411605,35.508989191,3.974],[139.769136576,35.508881394,3.972],[139.768788073,35.508744533,3.973],[139.768228162,35.508526166,3.971],[139.767837184,35.508371014,3.973],[139.767284798,35.508146428,4.067],[139.766747739,35.507928008,4.384],[139.766259144,35.507728801,4.628],[139.765602634,35.507459229,5.001],[139.764827946,35.507142074,5.441],[139.764145547,35.506865036,5.829],[139.763353182,35.506538214,6.279],[139.762717209,35.506278721,6.614],[139.76205116,35.50600278,6.935],[139.761471703,35.505766631,7.215],[139.761010976,35.505578056,7.45],[139.760305486,35.505291009,5.419],[139.759712871,35.50504843,4.654],[139.759020738,35.504769138,5.127],[139.758237433,35.504446807,5.141],[139.757417187,35.504111581,5.51],[139.756491845,35.503737132,5.716],[139.755508468,35.503336463,5.701],[139.754610336,35.502973822,5.425],[139.7535552,35.502543545,5.109],[139.753131806,35.502379112,4.98],[139.752379571,35.502125427,4.745],[139.751609206,35.501912245,4.321],[139.750892379,35.501678298,4.189],[139.750122065,35.501364231,4.818],[139.74955016,35.501122775,5.963],[139.749464493,35.5010993,6.152],[139.749285195,35.501035032,6.609],[139.748802414,35.500847167,8.018],[139.74846982,35.500718105,9.015],[139.747883043,35.500500115,10.749],[139.747595908,35.50040912,11.575],[139.747545575,35.500393169,11.72]]}},{"type":"Feature","id":40,"properties":{"lane_id":40,"name":"Lane #31","role":1,"role_name":"Parking","speed_limit":40.0,"priority_offset":0.0,"oneway":"yes","length_m":779.4},"geometry":{"type":"LineString","coordinates":[[139.691248041,35.477684661,38.169],[139.691215811,35.47766792,38.159],[139.691046922,35.477580197,38.106],[139.69070005,35.477416606,37.998],[139.690150812,35.477168667,37.823],[139.689832951,35.477026472,37.727],[139.689261613,35.47678792,37.553],[139.688965589,35.476667315,37.424],[139.688721762,35.47655971,37.509],[139.688479354,35.476435789,38.076],[139.68828766,35.476310192,38.93],[139.688096279,35.476151567,39.892],[139.687932668,35.475980712,40.814],[139.687784227,35.475785399,41.818],[139.68762127,35.475463657,43.253],[139.687575827,35.475298785,43.855],[139.687544414,35.475150748,44.45],[139.687524902,35.474949426,45.221],[139.687519993,35.474734717,45.896],[139.687538728,35.474278298,46.519],[139.687542575,35.474069336,46.474],[139.687534585,35.473890261,46.276],[139.687511044,35.473745461,45.978],[139.687471243,35.473594845,45.544],[139.68740153,35.473424525,44.847],[139.687297469,35.473244503,43.887],[139.68717141,35.473084237,42.8],[139.687052014,35.472971019,41.884],[139.686834868,35.472815209,40.444],[139.686650565,35.472716263,39.354],[139.686548463,35.472672611,38.787],[139.686477344,35.472664745,38.343],[139.686424087,35.472658855,38.01]]}},{"type":"Feature","id":41,"properties":{"lane_id":41,"name":"Lane #32","role":2,"role_name":"Secondary","speed_limit":60.0,"priority_offset":0.0,"oneway":"yes","length_m":2505.9},"geometry":{"type":"LineString","coordinates":[[139.672563665,35.458407684,46.34],[139.672554645,35.458382403,46.269],[139.672520714,35.458287315,46.005],[139.672402785,35.458006269,45.193],[139.67229005,35.457717142,44.367],[139.672202438,35.457468089,43.659],[139.672105229,35.457133205,42.718],[139.672025411,35.456831999,41.877],[139.671963331,35.456490667,40.924],[139.671918767,35.45616302,40.001],[139.671897211,35.455898159,39.274],[139.671879101,35.455526272,38.258],[139.671886103,35.455256928,37.527],[139.671896817,35.455007576,36.847],[139.671922592,35.454690948,35.972],[139.671946063,35.454486687,35.414],[139.671987812,35.454189797,34.645],[139.672060023,35.453813664,35.729],[139.672149075,35.453303811,38.031],[139.672188558,35.452983981,38.744],[139.67217526,35.452714374,38.869],[139.67211851,35.452429563,38.652],[139.672026598,35.452195195,38.08],[139.671909381,35.451990022,37.252],[139.67176709,35.451801623,36.172],[139.671549227,35.451582379,34.399],[139.671344688,35.451424683,32.695],[139.671081754,35.451267671,30.704],[139.670806623,35.451141434,28.813],[139.670433937,35.451033602,26.378],[139.670182321,35.450990564,24.805],[139.669851767,35.450966193,22.793],[139.669535012,35.45097565,20.996],[139.669310659,35.451005003,19.923],[139.669077573,35.451047269,19.005],[139.668817535,35.451113257,17.98],[139.668568395,35.451194929,16.969],[139.668335503,35.451289147,15.996],[139.668034883,35.451434929,14.672],[139.66769321,35.451633909,13.248],[139.667326087,35.451892735,12.564],[139.666637504,35.452430721,12.781],[139.666285781,35.452716426,12.919],[139.665998901,35.452953075,13.03],[139.665684444,35.453225867,13.151],[139.665377884,35.453492658,13.276],[139.665187808,35.453651135,13.32],[139.664754219,35.453989317,13.251],[139.664278207,35.454359222,13.056],[139.663431403,35.4550222,13.313],[139.662874241,35.455450898,14.567],[139.66256582,35.455669563,15.639],[139.66228147,35.455844663,16.794],[139.662068025,35.455959654,17.727],[139.661798278,35.456084146,18.9],[139.661488622,35.456191899,20.04],[139.661222057,35.456264457,20.917],[139.660932663,35.456318944,21.675],[139.660560096,35.456367789,22.32],[139.660271867,35.456389387,22.662],[139.659938707,35.45639866,22.879],[139.659523858,35.456391791,22.896],[139.659140524,35.45636014,22.641],[139.658787258,35.456309618,22.178],[139.65846253,35.456245631,21.547],[139.658171701,35.456176074,20.88],[139.657845872,35.456082488,20.19],[139.656960179,35.455799476,18.158],[139.656614337,35.455687319,17.343],[139.656096526,35.455517452,16.133],[139.65604162,35.45549944,16.004],[139.655429457,35.455298622,14.573],[139.655389242,35.45528543,14.479]]}},{"type":"Feature","id":42,"properties":{"lane_id":42,"name":"Lane #33","role":3,"role_name":"Main","speed_limit":80.0,"priority_offset":0.0,"oneway":"yes","length_m":1759.8},"geometry":{"type":"LineString","coordinates":[[139.672213869,35.457672095,44.195],[139.672206284,35.45764393,44.117],[139.672163689,35.457485766,43.68],[139.672080948,35.457191314,42.856],[139.672011494,35.456922505,42.105],[139.671939563,35.456582998,41.163],[139.671893219,35.456330769,40.449],[139.671870529,35.45609069,39.796],[139.671845423,35.455784957,38.966],[139.671838761,35.455532579,38.278],[139.671846157,35.455161798,37.265],[139.671864827,35.45484438,36.407],[139.671884873,35.454663305,35.903],[139.671915072,35.454404251,35.199],[139.672012783,35.453840587,35.537],[139.672117129,35.453288363,37.986],[139.672149189,35.453015694,38.516],[139.672141696,35.452752534,38.631],[139.672105326,35.452538606,38.526],[139.672019618,35.452277061,38.029],[139.67190062,35.452050272,37.193],[139.67182159,35.451925544,36.601],[139.671677427,35.451749847,35.455],[139.671518127,35.451603608,34.131],[139.671299034,35.451440824,32.276],[139.671080055,35.451306148,30.591],[139.670813674,35.45118456,28.7],[139.670533768,35.451094343,26.824],[139.670320259,35.451044953,25.458],[139.670071297,35.451006302,23.926],[139.669783871,35.450995353,22.169],[139.669463772,35.451016057,20.411],[139.669286567,35.45103776,19.631],[139.66905832,35.451088009,18.703],[139.66879128,35.45115854,17.659],[139.668775269,35.451162769,17.597],[139.668701677,35.451193281,17.276],[139.668494663,35.451279111,16.375],[139.668097616,35.451476915,14.616],[139.667816588,35.451657472,13.368],[139.667575982,35.451821729,12.732],[139.667214577,35.452098486,12.533],[139.666603178,35.452573907,9.772],[139.666247426,35.452855542,7.839],[139.666111506,35.452964637,7.088],[139.66599602,35.453048635,6.476],[139.66590981,35.453102797,6.047],[139.665577913,35.453279476,4.487],[139.664428951,35.454125538,4.368],[139.663213135,35.453810875,4.481],[139.662267904,35.454934399,4.365],[139.662185874,35.455031902,4.355]]}},{"type":"Feature","id":43,"properties":{"lane_id":43,"name":"Lane #34","role":3,"role_name":"Main","speed_limit":80.0,"priority_offset":0.0,"oneway":"yes","length_m":1843.5},"geometry":{"type":"LineString","coordinates":[[139.668753335,35.451171226,17.501],[139.668697527,35.451190184,17.277],[139.668573185,35.451232423,16.779],[139.668367088,35.451315096,15.927],[139.66805577,35.451465072,14.58],[139.667803571,35.451611644,13.488],[139.667562032,35.45176662,12.797],[139.667222873,35.452018516,12.57],[139.666918752,35.452258796,12.686],[139.666549271,35.452555502,12.832],[139.666250312,35.452792449,12.939],[139.66594043,35.453049214,13.064],[139.665667597,35.453288942,13.171],[139.665325471,35.453587674,13.3],[139.665162411,35.453718368,13.322],[139.664511838,35.454223843,13.139],[139.664017916,35.454613837,12.946],[139.663480358,35.4550307,13.276],[139.662821973,35.455539124,14.901],[139.662604132,35.455689626,15.685],[139.66232365,35.455865718,16.849],[139.662068214,35.456000526,17.969],[139.661821744,35.45611585,19.051],[139.66144881,35.456236552,20.355],[139.661232301,35.456293354,21.008],[139.660958136,35.456348683,21.694],[139.660546291,35.456405739,22.427],[139.660155939,35.456430873,22.841],[139.659700081,35.456430136,22.992],[139.659397626,35.456416995,22.918],[139.658960401,35.456369219,22.508],[139.658552586,35.456303337,21.844],[139.658154007,35.456207576,20.949],[139.657665026,35.456060741,19.847],[139.657064531,35.455872025,18.447],[139.656264999,35.455610962,16.564],[139.655885063,35.455485321,15.671],[139.655226673,35.455266218,14.198],[139.654687836,35.455081116,13.589],[139.654185024,35.454902647,13.61],[139.653712152,35.454722722,13.613],[139.653327577,35.454569825,13.613],[139.652784608,35.454342641,13.598],[139.652149533,35.45407349,13.214],[139.651493129,35.453791381,13.21],[139.651452756,35.45377403,13.209]]}},{"type":"Feature","id":44,"properties":{"lane_id":44,"name":"Lane #35","role":2,"role_name":"Secondary","speed_limit":60.0,"priority_offset":0.0,"oneway":"yes","length_m":1467.7},"geometry":{"type":"LineString","coordinates":[[139.6621111,35.455105934,7.114],[139.662060069,35.455150381,7.118],[139.660981062,35.456090173,7.199],[139.660798388,35.456144448,7.293],[139.660322629,35.456237789,11.206],[139.659832732,35.456303127,15.219],[139.659557315,35.456313636,17.454],[139.659368733,35.456308636,18.953],[139.659293831,35.456305643,19.405],[139.659056357,35.456296152,20.839],[139.659020355,35.456294714,21.056],[139.658689154,35.45624328,21.742],[139.658234374,35.456131061,20.845],[139.657860157,35.456034905,20.131],[139.657829323,35.456024864,20.064],[139.65750707,35.455919916,19.363],[139.657380218,35.455878604,19.087],[139.656837098,35.455695038,17.807],[139.656698167,35.455651176,17.481],[139.656539987,35.455600995,17.111],[139.656456228,35.455574423,16.915],[139.656306407,35.455526895,16.564],[139.655957921,35.455419878,15.753],[139.655581222,35.455320511,15.008],[139.655424346,35.455286519,14.893],[139.655330172,35.455266112,14.823],[139.655319474,35.455262508,14.783],[139.65510685,35.455190879,13.98],[139.654702952,35.455050158,13.588],[139.654372635,35.454935404,13.564],[139.653967258,35.454785577,13.621],[139.653624254,35.454654287,13.61],[139.653361206,35.454550376,13.609],[139.653025689,35.454409655,13.604],[139.652366932,35.45413231,13.304],[139.651635371,35.453815568,13.174],[139.650908794,35.453500633,13.379],[139.650335066,35.453253237,13.317],[139.649690475,35.452978437,12.62],[139.649129014,35.4527452,13.649],[139.648651794,35.452542133,15.387],[139.648351319,35.452415141,16.613],[139.648118114,35.45231852,17.55],[139.647863385,35.452240006,18.513],[139.647566212,35.452167509,19.633]]}},{"type":"Feature","id":45,"properties":{"lane_id":45,"name":"Lane #36","role":1,"role_name":"Parking","speed_limit":40.0,"priority_offset":0.0,"oneway":"yes","length_m":126.1},"geometry":{"type":"LineString","coordinates":[[139.659097475,35.456296679,20.71],[139.659033789,35.456281362,20.806],[139.658573474,35.456170652,21.501],[139.658146002,35.456064311,20.512],[139.657886363,35.456001473,20.108],[139.65780994,35.456000695,20.011],[139.657757985,35.456000166,19.945]]}},{"type":"Feature","id":46,"properties":{"lane_id":46,"name":"Lane #37","role":1,"role_name":"Parking","speed_limit":40.0,"priority_offset":0.0,"oneway":"yes","length_m":164.1},"geometry":{"type":"LineString","coordinates":[[139.659271729,35.456302021,19.672],[139.659189896,35.456282786,19.989],[139.658772974,35.456184785,21.605],[139.658571596,35.456126,21.383],[139.65819425,35.456028449,20.478],[139.657944419,35.455967313,20.111],[139.657749062,35.45594203,19.883],[139.657590108,35.455929733,19.561],[139.657524435,35.455924652,19.428]]}},{"type":"Feature","id":47,"properties":{"lane_id":47,"name":"Lane #38","role":3,"role_name":"Main","speed_limit":80.0,"priority_offset":0.0,"oneway":"yes","length_m":41.1},"geometry":{"type":"LineString","coordinates":[[139.656494848,35.455589171,17.008],[139.656455356,35.455582497,16.922],[139.656362941,35.45556688,16.722],[139.65616957,35.455504682,16.264],[139.656091523,35.455503118,16.104],[139.656058421,35.455502454,16.036]]}},{"type":"Feature","id":48,"properties":{"lane_id":48,"name":"Lane #39","role":2,"role_name":"Secondary","speed_limit":60.0,"priority_offset":0.0,"oneway":"yes","length_m":808.8},"geometry":{"type":"LineString","coordinates":[[139.651449314,35.453771503,13.21],[139.651376273,35.453744486,13.231],[139.650956126,35.453589078,13.352],[139.650527078,35.453416135,13.473],[139.650063862,35.453226665,12.756],[139.649846959,35.453143124,11.892],[139.649589069,35.453062653,10.552],[139.649347719,35.453019352,9.272],[139.649112766,35.453008228,8.048],[139.648882075,35.453029932,6.822],[139.648663683,35.45307261,5.659],[139.648381377,35.453169547,4.048],[139.64808565,35.453299179,2.301],[139.647739214,35.453471034,0.169],[139.647488294,35.453599333,-1.371],[139.647054542,35.453825183,-4.042],[139.646640481,35.454042734,-6.61],[139.64632187,35.454200464,-8.558],[139.645978131,35.454359099,-10.596],[139.645706366,35.454481511,-11.878],[139.645337198,35.454636075,-12.941],[139.645150613,35.454710502,-13.202],[139.64491881,35.454796324,-13.324],[139.644752389,35.454856512,-13.355],[139.644405209,35.454975047,-13.236],[139.643866243,35.455165991,-12.834],[139.643540913,35.455288108,-12.586],[139.643530942,35.455291851,-12.579],[139.643504216,35.455294225,-12.563],[139.643442887,35.455299674,-12.525],[139.643415704,35.455302089,-12.509]]}},{"type":"Feature","id":49,"properties":{"lane_id":49,"name":"Lane #40","role":2,"role_name":"Secondary","speed_limit":60.0,"priority_offset":0.0,"oneway":"yes","length_m":2669.3},"geometry":{"type":"LineString","coordinates":[[139.646383508,35.451940949,19.697],[139.646384748,35.453297548,-1.793],[139.64629904,35.453644863,-4.823],[139.646206093,35.453833087,-6.547],[139.646073096,35.454041181,-8.476],[139.645953349,35.454157172,-9.684],[139.645879962,35.454221361,-10.349],[139.645742218,35.454317131,-11.335],[139.645625125,35.454391338,-12.0],[139.64544716,35.454485573,-12.728],[139.645112991,35.454656068,-13.392],[139.644875978,35.454760944,-13.366],[139.644715858,35.454819027,-13.355],[139.644400203,35.454931114,-13.245],[139.643891932,35.455116242,-12.865],[139.643463542,35.455281394,-12.546],[139.643438318,35.455291537,-12.526],[139.643396706,35.45530827,-12.494],[139.643072591,35.455438599,-12.244],[139.642381672,35.45572033,-11.11],[139.642046435,35.455856305,-10.482],[139.641465953,35.45608926,-9.401],[139.641276519,35.456170433,-9.041],[139.640946796,35.456317821,-8.434],[139.640621269,35.456479797,-8.292],[139.640417831,35.456591499,-8.439],[139.640251842,35.456694155,-8.553],[139.640062257,35.456819954,-8.699],[139.63983668,35.456978843,-8.874],[139.639689615,35.457096492,-8.993],[139.639384404,35.45736423,-9.258],[139.639305493,35.457440122,-9.33],[139.639023867,35.457722607,-9.594],[139.638636076,35.458138111,-9.974],[139.638315329,35.458497173,-10.302],[139.637904256,35.458944372,-10.704],[139.637389846,35.459504273,-11.217],[139.637067092,35.459858386,-11.542],[139.636948111,35.45998729,-11.673],[139.636672462,35.4602909,-11.853],[139.63655006,35.460432156,-11.861],[139.636486966,35.460510644,-11.76],[139.636432525,35.460587045,-11.582],[139.63638912,35.460672788,-11.349],[139.636349125,35.460767049,-11.057],[139.636316165,35.460918683,-10.665],[139.63630735,35.461072098,-10.249],[139.636323458,35.46125047,-9.727],[139.636338541,35.461312185,-9.582],[139.636376907,35.461411947,-9.401],[139.636440962,35.461530166,-9.179],[139.636695852,35.461942529,-8.057],[139.636847514,35.462181749,-7.491],[139.636927655,35.462333707,-7.217],[139.636967067,35.462423389,-7.037],[139.637010126,35.462546898,-6.822],[139.637040217,35.462657406,-6.67],[139.637069531,35.462810935,-6.505],[139.637081603,35.462964051,-6.399],[139.63707595,35.463135862,-6.295],[139.637061482,35.463261617,-6.211],[139.637029417,35.463395706,-6.136],[139.636984729,35.463550778,-6.019],[139.636910209,35.463727458,-5.89],[139.636845453,35.463851204,-5.786],[139.636758655,35.463988056,-5.665],[139.636664586,35.464100871,-5.592],[139.636510367,35.464256181,-5.452],[139.636361889,35.464381857,-5.297],[139.63613492,35.464547377,-5.159],[139.635805175,35.464755375,-5.157],[139.635677994,35.46482831,-5.157],[139.634914109,35.465262745,-4.708],[139.634512962,35.465490753,-4.435],[139.634152014,35.465699918,-4.182],[139.633946278,35.465828839,-4.031],[139.633660477,35.466009756,-3.649],[139.63340879,35.466187655,-3.062],[139.633185716,35.466361484,-2.305],[139.633183295,35.466363631,-2.294],[139.633139216,35.466402727,-2.089],[139.632919939,35.466597211,-1.067],[139.632599753,35.466897558,0.615],[139.632294456,35.467197966,2.274],[139.631849441,35.467634471,4.677],[139.631320584,35.468153334,7.546],[139.630855544,35.468615736,10.038],[139.630481251,35.469005931,11.519],[139.630092716,35.469418096,12.214],[139.63004244,35.46947143,12.304]]}},{"type":"Feature","id":50,"properties":{"lane_id":50,"name":"Lane #41","role":3,"role_name":"Main","speed_limit":80.0,"priority_offset":0.0,"oneway":"yes","length_m":2498.4},"geometry":{"type":"LineString","coordinates":[[139.643503904,35.455299615,-12.558],[139.64348941,35.455305497,-12.547],[139.643261583,35.455397964,-12.376],[139.642792648,35.455588487,-11.85],[139.64233652,35.455773763,-10.993],[139.641545878,35.45609927,-9.507],[139.641198957,35.456242105,-8.861],[139.640805567,35.456424153,-8.245],[139.640484378,35.456596069,-8.411],[139.640287586,35.456712709,-8.55],[139.640089737,35.456841543,-8.701],[139.639894358,35.456981676,-8.854],[139.639735587,35.457108621,-8.986],[139.639731886,35.45711158,-8.989],[139.639661999,35.457172537,-9.05],[139.639463994,35.457345238,-9.223],[139.639350105,35.457453105,-9.324],[139.639063527,35.457739293,-9.592],[139.63875276,35.458076633,-9.899],[139.638470346,35.458381638,-10.177],[139.638019203,35.458875858,-10.63],[139.63756396,35.459370394,-11.08],[139.63717344,35.459793636,-11.467],[139.636843479,35.460155724,-11.817],[139.636639102,35.4603856,-12.005],[139.636515816,35.460531567,-11.925],[139.636450931,35.460632741,-11.729],[139.636414992,35.46071101,-11.514],[139.636391203,35.460789086,-11.328],[139.636364715,35.460894672,-11.028],[139.636350204,35.461037384,-10.62],[139.636354045,35.461147673,-10.298],[139.636377608,35.461285859,-9.901],[139.636428748,35.461424641,-9.566],[139.636515125,35.461581108,-9.168],[139.636683229,35.461847435,-8.335],[139.636805135,35.462029887,-7.732],[139.636883679,35.462159738,-7.382],[139.636977403,35.462338093,-6.985],[139.637030604,35.462468901,-6.736],[139.637081808,35.462635001,-6.482],[139.637104757,35.462756659,-6.351],[139.63712299,35.462925294,-6.23],[139.637126119,35.463082235,-6.121],[139.637103527,35.463270539,-6.01],[139.637059313,35.463457008,-5.891],[139.637004073,35.463617634,-5.787],[139.636904685,35.46382107,-5.644],[139.636829291,35.46394486,-5.552],[139.636696565,35.464122873,-5.401],[139.636572804,35.464250198,-5.304],[139.636470621,35.464342749,-5.209],[139.636246166,35.464517437,-5.052],[139.636045889,35.464649973,-5.079],[139.635806103,35.464796334,-5.122],[139.635396206,35.465029404,-5.023],[139.634911217,35.46530953,-4.688],[139.634320215,35.465646256,-4.284],[139.633970953,35.465849192,-4.031],[139.633650648,35.466055988,-3.584],[139.633254615,35.466352544,-2.459],[139.633030872,35.466547357,-1.473],[139.63271142,35.46684187,0.185],[139.632207777,35.467337283,2.92],[139.631643748,35.467885849,5.956],[139.63103748,35.468482156,9.242],[139.630575116,35.46895948,11.312],[139.630214255,35.46934707,12.142],[139.629803085,35.469808533,12.647],[139.629382939,35.470293051,13.168],[139.628700155,35.471070599,14.003],[139.628478516,35.471333829,14.319],[139.628304003,35.471555266,14.487],[139.628191808,35.471721919,14.397],[139.628052361,35.47204173,13.848],[139.628035087,35.472081348,13.78]]}},{"type":"Feature","id":51,"properties":{"lane_id":51,"name":"Lane #42","role":1,"role_name":"Parking","speed_limit":40.0,"priority_offset":0.0,"oneway":"yes","length_m":456.2},"geometry":{"type":"LineString","coordinates":[[139.644082574,35.455126514,3.138],[139.644047183,35.455140972,3.006],[139.642877223,35.455618893,-1.363],[139.641770355,35.456064048,-6.016],[139.64148697,35.45617846,-7.297],[139.641040304,35.456374114,-8.499],[139.640629997,35.45657691,-8.323],[139.640178595,35.456832157,-8.653],[139.639949307,35.456984115,-8.825],[139.639820572,35.457076139,-8.931],[139.639742234,35.45712026,-8.963],[139.63970897,35.457138995,-8.977]]}},{"type":"Feature","id":52,"properties":{"lane_id":52,"name":"Lane #43","role":2,"role_name":"Secondary","speed_limit":60.0,"priority_offset":0.0,"oneway":"yes","length_m":1788.0},"geometry":{"type":"LineString","coordinates":[[139.634316882,35.467689572,1.97],[139.634217291,35.467630768,1.971],[139.633756165,35.467358495,1.974],[139.633552802,35.467239451,2.865],[139.633381667,35.467141321,3.94],[139.633238054,35.46706593,4.964],[139.633131264,35.467022655,5.582],[139.633009337,35.466986248,6.264],[139.632830488,35.466965054,7.207],[139.632599052,35.466983503,8.41],[139.632402152,35.46705421,9.422],[139.632239346,35.467165455,10.146],[139.632073756,35.467313448,10.605],[139.631841533,35.467550026,10.47],[139.631702127,35.467703827,10.146],[139.631617206,35.467787099,9.969],[139.63154681,35.467856129,9.823],[139.631443374,35.467957556,9.607],[139.631147765,35.46824999,9.027],[139.630789462,35.468612402,10.151],[139.630555253,35.468863324,11.14],[139.63026901,35.469173627,11.945],[139.630106397,35.469368185,12.212],[139.63006353,35.469426591,12.272],[139.629966615,35.469558638,12.408],[139.629945753,35.469582643,12.433],[139.629657217,35.469914646,12.778],[139.629369571,35.470249671,13.137],[139.629127206,35.470530586,13.445],[139.628733137,35.470984268,13.928],[139.628428509,35.471337803,14.398],[139.628218791,35.471616551,14.582],[139.628128271,35.47175779,14.478],[139.628044236,35.471919152,14.254],[139.627988424,35.472065926,14.014],[139.627941643,35.472274906,13.659],[139.627925222,35.472431365,13.362],[139.627927056,35.472665119,12.824],[139.627950058,35.472975756,12.585],[139.627971259,35.473246512,12.681],[139.628000756,35.473608355,12.82],[139.628009657,35.473824616,12.981],[139.628013886,35.474026446,13.362],[139.628008394,35.474249524,14.02],[139.628001166,35.47477365,15.625],[139.627985597,35.475517766,17.855],[139.627973621,35.475827429,18.783],[139.627969905,35.47585146,18.858],[139.627960323,35.475913428,19.053],[139.627934231,35.476082158,19.583],[139.627899587,35.476414156,20.82],[139.62789471,35.47663519,21.692],[139.6279025,35.476782016,21.977],[139.627937165,35.476956897,22.417],[139.627972521,35.477075327,22.784],[139.628050882,35.477260042,23.182],[139.628143991,35.477418887,23.301],[139.628314911,35.477647193,23.144],[139.628482616,35.477864525,22.739],[139.628570417,35.478021957,22.331],[139.628597551,35.478116763,22.118],[139.628609128,35.478222139,22.014],[139.628586687,35.478353297,21.872],[139.62853601,35.478469744,21.748],[139.628443128,35.478592982,21.629],[139.628325096,35.478682339,21.469],[139.628154187,35.478767231,21.447],[139.627927455,35.478815708,21.537],[139.62759074,35.478863054,21.443],[139.627557327,35.478867765,21.421],[139.627535166,35.47887402,21.42],[139.627533051,35.479069779,16.966],[139.627165124,35.479083175,16.683],[139.627164077,35.479017276,16.674],[139.627164073,35.479017048,16.674],[139.627163952,35.479009413,16.673],[139.627163829,35.479001678,16.672]]}},{"type":"Feature","id":53,"properties":{"lane_id":53,"name":"Lane #44","role":1,"role_name":"Parking","speed_limit":40.0,"priority_offset":0.0,"oneway":"yes","length_m":334.5},"geometry":{"type":"LineString","coordinates":[[139.63446372,35.467734829,1.974],[139.634409456,35.467703744,1.974],[139.633902722,35.467413467,1.974],[139.633869539,35.467394459,1.974],[139.633765746,35.467335002,1.973],[139.633600598,35.467231793,2.726],[139.633349192,35.467081133,4.339],[139.633147739,35.466992495,5.576],[139.632982559,35.466943438,6.455],[139.632825071,35.466929297,7.244],[139.632631581,35.466939026,8.176],[139.632436397,35.466995275,9.142],[139.632199793,35.467135882,10.148],[139.632030632,35.46728241,10.605],[139.631776572,35.467528771,10.44],[139.631662521,35.467654236,10.178],[139.631587909,35.467782975,9.955],[139.631564859,35.467822748,9.885]]}},{"type":"Feature","id":54,"properties":{"lane_id":54,"name":"Lane #45","role":1,"role_name":"Parking","speed_limit":40.0,"priority_offset":0.0,"oneway":"yes","length_m":766.8},"geometry":{"type":"LineString","coordinates":[[139.634950219,35.463993416,3.504],[139.634938115,35.464006096,3.504],[139.633237644,35.465787433,3.503],[139.632904371,35.466216298,3.235],[139.632583084,35.466620757,3.362],[139.632276438,35.466998267,3.12],[139.632143474,35.467152094,2.936],[139.631993162,35.467315816,3.059],[139.631808205,35.467513962,2.924],[139.631737095,35.467612856,2.837],[139.631728876,35.467631447,2.82],[139.631719767,35.467652051,2.801],[139.631705387,35.467664922,2.786],[139.631629345,35.467732978,2.707],[139.631520116,35.467835977,2.591],[139.631266251,35.468085241,2.32],[139.630983373,35.468368042,1.975],[139.630954318,35.468413212,1.972],[139.630942644,35.468460207,1.976],[139.630950887,35.468513702,1.974],[139.630979985,35.468563144,1.976],[139.631073019,35.468626693,1.98],[139.631280114,35.468753939,1.977],[139.632169016,35.469268505,1.973],[139.632209611,35.469292004,1.972]]}},{"type":"Feature","id":55,"properties":{"lane_id":55,"name":"Lane #46","role":1,"role_name":"Parking","speed_limit":40.0,"priority_offset":0.0,"oneway":"yes","length_m":191.0},"geometry":{"type":"LineString","coordinates":[[139.633153954,35.466382003,-2.194],[139.633134671,35.466396766,-2.109],[139.632804141,35.466649838,-0.641],[139.632544039,35.466862713,0.625],[139.632403339,35.466990503,1.351],[139.632224813,35.467169832,2.335],[139.632092582,35.467299613,2.958],[139.631739379,35.467633095,2.815],[139.631728053,35.467643788,2.811]]}},{"type":"Feature","id":56,"properties":{"lane_id":56,"name":"Lane #47","role":3,"role_name":"Main","speed_limit":80.0,"priority_offset":0.0,"oneway":"yes","length_m":1597.1},"geometry":{"type":"LineString","coordinates":[[139.628031915,35.472090095,13.767],[139.628024231,35.47211682,13.724],[139.627997627,35.472209358,13.575],[139.627973039,35.472393766,13.259],[139.627968302,35.472570112,12.93],[139.627981648,35.472846501,12.569],[139.628004521,35.473108818,12.635],[139.628023175,35.473397558,12.739],[139.628041765,35.473634664,12.833],[139.628051389,35.473854794,13.022],[139.628051076,35.474063633,13.452],[139.628034633,35.474777984,15.636],[139.628020931,35.475507458,17.826],[139.628011955,35.475979229,19.246],[139.628008427,35.476240284,20.059],[139.628011383,35.476508391,20.901],[139.628030922,35.476690483,21.484],[139.628068306,35.476870812,22.075],[139.628115012,35.477002865,22.477],[139.628202899,35.477181984,22.769],[139.628348432,35.477404167,22.205],[139.628515252,35.477600277,20.988],[139.628830033,35.477946619,18.831],[139.629093199,35.478239254,17.057],[139.629320492,35.478493255,15.513],[139.629656926,35.478864291,13.291],[139.629873074,35.479082219,11.956],[139.630083028,35.479266303,11.082],[139.630279594,35.479414445,11.053],[139.630457764,35.479532164,11.12],[139.630677871,35.479651594,11.19],[139.630868243,35.479739118,11.259],[139.631090184,35.479825764,11.286],[139.631306753,35.479896735,11.323],[139.631510277,35.479960099,11.349],[139.632140248,35.480147314,11.509],[139.632846768,35.480359075,11.727],[139.633209938,35.480472066,12.09],[139.633419838,35.480543326,12.37],[139.633615961,35.480622402,12.61],[139.633901731,35.48075771,12.915],[139.63415277,35.480905554,13.174],[139.634400195,35.481084111,13.386],[139.63469084,35.481334304,13.54],[139.635021557,35.481663337,13.759],[139.635356405,35.482008731,14.211],[139.635501463,35.482157672,14.409],[139.635768967,35.482407032,14.468],[139.636096069,35.482709536,14.347],[139.636487637,35.483065664,14.178],[139.636516172,35.483091617,14.165]]}},{"type":"Feature","id":57,"properties":{"lane_id":57,"name":"Lane #48","role":2,"role_name":"Secondary","speed_limit":60.0,"priority_offset":0.0,"oneway":"yes","length_m":3517.2},"geometry":{"type":"LineString","coordinates":[[139.627965864,35.475898478,18.997],[139.627965871,35.475915622,19.051],[139.627965966,35.476149099,19.798],[139.627965972,35.476163199,19.843],[139.627966303,35.476237803,20.094],[139.627967029,35.476401558,20.643],[139.627978423,35.476603196,21.326],[139.627997314,35.476740557,21.798],[139.628036953,35.476905516,22.339],[139.628090715,35.477057238,22.803],[139.628177966,35.477225934,22.964],[139.62828236,35.477381577,22.522],[139.628426793,35.477556687,21.451],[139.628706315,35.477866209,19.446],[139.629143573,35.47835399,16.478],[139.62949413,35.478747905,14.161],[139.629788164,35.479052454,12.374],[139.629953495,35.479201429,11.496],[139.63009303,35.479320385,11.181],[139.63026368,35.479444421,11.197],[139.630394011,35.479531857,11.247],[139.630570315,35.479637795,11.317],[139.630769114,35.479736161,11.384],[139.630930453,35.479803096,11.405],[139.631051496,35.479847246,11.396],[139.631102053,35.479865687,11.392],[139.631167574,35.479889585,11.388],[139.631498797,35.479994514,11.358],[139.63217555,35.480192818,11.519],[139.632854526,35.480394631,11.737],[139.633212193,35.480504577,12.076],[139.63339429,35.480567696,12.3],[139.633584436,35.480642622,12.529],[139.633845746,35.480766903,12.817],[139.634112786,35.480921766,13.082],[139.634317518,35.481062539,13.282],[139.634494868,35.481205225,13.412],[139.634716313,35.481408354,13.544],[139.635005751,35.481695954,13.768],[139.635419003,35.482120292,14.333],[139.635521607,35.482221702,14.432],[139.635776907,35.482457228,14.458],[139.636064144,35.482722897,14.34],[139.636567851,35.483190668,14.131],[139.636882665,35.483490418,13.997],[139.637304375,35.483905141,13.82],[139.637537505,35.484142632,13.714],[139.638139479,35.484774371,13.447],[139.638562776,35.485218623,13.34],[139.63877273,35.485430577,13.564],[139.638930736,35.485573473,13.779],[139.639115455,35.485722739,13.992],[139.639372708,35.485869416,14.09],[139.63969735,35.485994162,13.998],[139.6400035,35.486079651,13.867],[139.640521902,35.486217801,13.314],[139.640783752,35.486299342,12.786],[139.640996695,35.486379445,12.415],[139.641201438,35.486479706,12.009],[139.641403981,35.486595864,11.511],[139.641598356,35.486734593,10.935],[139.642058864,35.487116261,10.215],[139.64252029,35.48752516,10.377],[139.642669804,35.487667275,10.393],[139.642887063,35.48789288,10.498],[139.643185369,35.48821764,10.798],[139.643476694,35.488525794,10.934],[139.643741554,35.488797446,11.052],[139.644038479,35.489088221,11.19],[139.644276787,35.489305412,11.285],[139.644556806,35.489543702,11.398],[139.644821233,35.489751092,11.505],[139.644893089,35.489807449,11.534],[139.644894666,35.489808614,11.535],[139.645120662,35.489975575,11.624],[139.64551512,35.490248385,11.604],[139.646178678,35.490660029,11.388],[139.646895792,35.49110264,11.148],[139.647216777,35.491283925,11.049],[139.647932769,35.491639083,11.139],[139.648409882,35.491870889,11.317],[139.648763417,35.492039823,11.478],[139.64916492,35.492218906,11.641],[139.649493986,35.492342774,11.712],[139.649976288,35.492513541,11.792],[139.650818501,35.492796211,12.008],[139.651680545,35.493076705,12.258],[139.651964429,35.493158044,12.129],[139.652038898,35.493179381,12.095],[139.652116508,35.493201618,12.059],[139.652443804,35.493283273,11.845],[139.653361336,35.49351436,11.468],[139.653969751,35.493669055,11.18],[139.654205275,35.493730069,10.891],[139.654402564,35.493796393,10.743],[139.654423926,35.493803574,10.727],[139.654543725,35.493865057,10.724],[139.654618107,35.49390323,10.723],[139.654810065,35.494002624,10.83],[139.654997773,35.494083033,10.679],[139.655409418,35.494258537,9.165],[139.65581283,35.494420391,6.96],[139.656557554,35.494676743,8.179],[139.657189532,35.494875029,2.148]]}},{"type":"Feature","id":58,"properties":{"lane_id":58,"name":"Lane #49","role":3,"role_name":"Main","speed_limit":80.0,"priority_offset":0.0,"oneway":"yes","length_m":432.9},"geometry":{"type":"LineString","coordinates":[[139.627960588,35.476206807,19.991],[139.627952797,35.476236837,20.105],[139.627933368,35.476311727,20.388],[139.627920313,35.476475792,21.002],[139.627939938,35.476755304,21.917],[139.627971787,35.476910315,22.287],[139.6280097,35.477051588,22.742],[139.62809721,35.477262612,23.203],[139.628223085,35.477459451,23.297],[139.628502521,35.477824259,22.878],[139.628591358,35.477968664,22.629],[139.628632551,35.478081146,22.453],[139.628649684,35.478208664,22.321],[139.628633187,35.47834906,22.206],[139.62856075,35.478504115,22.028],[139.628486899,35.478598306,21.924],[139.628360031,35.478704542,21.795],[139.628212081,35.478784066,21.708],[139.628010488,35.4788405,21.646],[139.627573564,35.47889867,21.424],[139.627552547,35.478901504,21.418],[139.627565742,35.479042304,17.008],[139.627190446,35.479071174,16.659],[139.627179107,35.479039038,16.661],[139.627175406,35.479028548,16.662]]}},{"type":"Feature","id":59,"properties":{"lane_id":59,"name":"Lane #50","role":2,"role_name":"Secondary","speed_limit":60.0,"priority_offset":0.0,"oneway":"yes","length_m":387.5},"geometry":{"type":"LineString","coordinates":[[139.627181038,35.479029864,16.653],[139.627204433,35.479027194,16.615],[139.628049328,35.478930752,15.254],[139.628589211,35.478871949,14.234],[139.628728649,35.478858545,13.852],[139.628931019,35.478861878,13.428],[139.629130119,35.478888398,13.106],[139.62923774,35.478912294,12.944],[139.629393685,35.478969228,12.673],[139.629564594,35.479049989,12.437],[139.629727994,35.479144952,12.183],[139.629809281,35.479197634,11.905],[139.629818751,35.479203772,11.872],[139.62982746,35.47920936,11.853],[139.630025285,35.47933629,11.403],[139.630131719,35.479413673,11.381],[139.630370265,35.479564149,11.414],[139.630564963,35.479672025,11.459],[139.630815442,35.479789867,11.527],[139.630964945,35.479848985,11.515],[139.631060053,35.479859286,11.418],[139.631082643,35.479861732,11.395]]}},{"type":"Feature","id":60,"properties":{"lane_id":60,"name":"Lane #51","role":3,"role_name":"Main","speed_limit":80.0,"priority_offset":0.0,"oneway":"yes","length_m":256.4},"geometry":{"type":"LineString","coordinates":[[139.62716138,35.47900238,16.676],[139.627202829,35.478997739,16.609],[139.628054658,35.478902373,15.237],[139.62862981,35.478838105,14.221],[139.62875478,35.47882863,13.977],[139.629030116,35.478840008,13.525],[139.629262868,35.478893512,13.108],[139.629440541,35.478959201,12.813],[139.629660238,35.479071981,12.444],[139.629824577,35.479176226,11.985],[139.629830249,35.479185859,11.934],[139.629843576,35.479208491,11.815]]}},{"type":"Feature","id":61,"properties":{"lane_id":61,"name":"Lane #52","role":3,"role_name":"Main","speed_limit":80.0,"priority_offset":0.0,"oneway":"yes","length_m":3839.0},"geometry":{"type":"LineString","coordinates":[[139.636519236,35.483095135,14.164],[139.636548389,35.483122781,14.152],[139.636905602,35.48346153,14.0],[139.637266603,35.483818398,13.848],[139.6375667,35.484122403,13.715],[139.638076697,35.48465009,13.496],[139.638558741,35.485153969,13.3],[139.638772471,35.485376178,13.39],[139.638977592,35.485562666,13.556],[139.639141068,35.48569543,13.723],[139.639353407,35.485820167,13.814],[139.639548926,35.485908103,13.857],[139.639768871,35.485982565,13.818],[139.640008193,35.486048833,13.802],[139.640554075,35.486188273,13.393],[139.640817424,35.486273419,12.959],[139.641050597,35.486366426,12.567],[139.641306038,35.486497269,12.048],[139.641531108,35.48663999,11.403],[139.641681227,35.486752682,10.913],[139.642077368,35.487083549,10.209],[139.642564633,35.487514098,10.454],[139.642817161,35.487761747,10.539],[139.643265693,35.488247151,10.817],[139.643618721,35.488624459,10.985],[139.643937677,35.488942921,11.126],[139.644142518,35.489135207,11.214],[139.64432523,35.489301009,11.295],[139.64459214,35.489529964,11.402],[139.644961297,35.489813888,11.548],[139.645526341,35.490212751,11.608],[139.645903579,35.490450733,11.484],[139.646199285,35.490631378,11.386],[139.646923628,35.491072787,11.152],[139.647186783,35.491224746,11.065],[139.647672959,35.491471448,11.049],[139.648315305,35.491785927,11.254],[139.64877946,35.492010277,11.429],[139.649189562,35.492191062,11.566],[139.649648582,35.492362136,11.686],[139.651249717,35.492903315,12.133],[139.651673704,35.493041694,12.196],[139.652104252,35.493163791,12.023],[139.652481307,35.493257332,11.836],[139.653357344,35.493480866,11.474],[139.654112878,35.493672801,11.107],[139.654346817,35.49374078,10.958],[139.654517186,35.493797074,10.908],[139.654823411,35.493922741,10.854],[139.655626536,35.494259871,10.532],[139.656006278,35.494406451,10.39],[139.656346715,35.494529057,10.262],[139.656612578,35.494612923,10.156],[139.657084987,35.494746143,9.976],[139.657772485,35.494922472,8.07],[139.659026462,35.495263374,2.157],[139.659417726,35.495367811,2.059],[139.660182706,35.495567931,2.269],[139.661104214,35.495810852,3.498],[139.661973189,35.496039465,6.861],[139.662490977,35.496190792,8.851],[139.662723923,35.496276026,9.779],[139.662959453,35.496381157,10.784],[139.663157302,35.496484121,11.673],[139.6634635,35.496672827,13.139],[139.663935914,35.497000641,14.293],[139.664813219,35.497605439,14.627],[139.665209877,35.497877643,14.825],[139.665411702,35.498007934,14.964],[139.665681763,35.498165998,15.182],[139.665880842,35.498258004,15.309],[139.666109731,35.49833994,15.438],[139.666380439,35.498404796,15.552],[139.666651454,35.498444518,15.672],[139.667267901,35.498436877,15.821],[139.667952142,35.498385794,16.169],[139.668276401,35.498370951,16.16],[139.668554073,35.498379575,15.674],[139.668897315,35.498421806,14.723],[139.669213164,35.498490942,13.823],[139.669610632,35.49861096,12.783],[139.670301599,35.498859408,11.548],[139.671112735,35.499155219,11.205],[139.671644132,35.499348251,10.963],[139.67229656,35.499582088,10.669],[139.672323987,35.499591918,10.657]]}},{"type":"Feature","id":62,"properties":{"lane_id":62,"name":"Lane #53","role":1,"role_name":"Parking","speed_limit":40.0,"priority_offset":0.0,"oneway":"yes","length_m":457.6},"geometry":{"type":"LineString","coordinates":[[139.640959397,35.487501281,4.656],[139.641685942,35.48814531,10.902],[139.641900276,35.488324806,11.849],[139.64203542,35.48842219,11.842],[139.642134053,35.488467378,11.772],[139.642350157,35.488524057,11.629],[139.642575756,35.48853626,11.47],[139.643014827,35.488517601,11.173],[139.643263287,35.488531338,11.012],[139.643404613,35.488586886,10.964],[139.643537145,35.488679218,10.977],[139.643776834,35.488918568,11.085],[139.643857545,35.488992053,11.12],[139.643924364,35.48905289,11.149],[139.644143802,35.489252681,11.245],[139.644321745,35.489408762,11.322],[139.644542888,35.489588038,11.407],[139.644715243,35.489712468,11.472],[139.64482293,35.489771377,11.509],[139.644856687,35.489789843,11.521]]}},{"type":"Feature","id":63,"properties":{"lane_id":63,"name":"Lane #54","role":1,"role_name":"Parking","speed_limit":40.0,"priority_offset":0.0,"oneway":"yes","length_m":561.0},"geometry":{"type":"LineString","coordinates":[[139.639374456,35.48594079,4.424],[139.6405361,35.487129473,-4.97],[139.640904157,35.487502869,4.45],[139.641630669,35.488147793,10.715],[139.641872085,35.48835622,11.852],[139.642082514,35.488492292,11.794],[139.642308102,35.488555016,11.648],[139.642537919,35.48856821,11.496],[139.643113935,35.488556972,11.102],[139.643257677,35.488572552,11.009],[139.643373055,35.488618187,10.963],[139.643495629,35.488710246,10.981],[139.643722803,35.488927692,11.077],[139.643855033,35.489007745,11.124],[139.643890443,35.489029182,11.136]]}},{"type":"Feature","id":64,"properties":{"lane_id":64,"name":"Lane #55","role":1,"role_name":"Parking","speed_limit":40.0,"priority_offset":0.0,"oneway":"yes","length_m":38.0},"geometry":{"type":"LineString","coordinates":[[139.651630969,35.493078083,12.302],[139.651698152,35.493121077,12.339],[139.651891276,35.493178967,12.263],[139.651975298,35.493179376,12.182],[139.652019374,35.49317959,12.14]]}},{"type":"Feature","id":65,"properties":{"lane_id":65,"name":"Lane #56","role":2,"role_name":"Secondary","speed_limit":60.0,"priority_offset":0.0,"oneway":"yes","length_m":7875.3},"geometry":{"type":"LineString","coordinates":[[139.654433927,35.493806662,10.725],[139.654553095,35.493851828,10.764],[139.654657864,35.493891537,10.799],[139.65560266,35.494286232,10.574],[139.65596885,35.494429953,10.481],[139.656311683,35.494554383,10.384],[139.656609471,35.494645276,10.235],[139.657073,35.494776768,10.006],[139.657873643,35.494989397,7.448],[139.659039172,35.495294165,2.124],[139.660436912,35.495670614,2.347],[139.661128656,35.495852487,3.64],[139.661982101,35.496075986,6.916],[139.662453296,35.496214004,8.622],[139.662722126,35.49631438,9.659],[139.663060292,35.496472664,11.16],[139.663105931,35.496499506,11.388],[139.663175549,35.496540453,11.735],[139.663338924,35.496636544,12.549],[139.663892957,35.497011457,14.281],[139.664821515,35.497654013,14.637],[139.66520643,35.497918953,14.907],[139.665400768,35.498045691,15.13],[139.665695325,35.498209141,15.453],[139.665965406,35.498326308,15.612],[139.666198104,35.498400243,15.745],[139.666472939,35.498457133,15.872],[139.666774843,35.498482714,15.947],[139.667312638,35.498465572,15.903],[139.667923028,35.498417542,16.078],[139.668271637,35.498403576,15.988],[139.668531534,35.498414683,15.474],[139.668876093,35.498448597,14.566],[139.669103083,35.498497908,13.888],[139.66929632,35.498544666,13.378],[139.669716677,35.498686387,12.444],[139.670592941,35.498999462,11.425],[139.671643906,35.499379393,10.954],[139.672255622,35.499600813,10.684],[139.672749226,35.499784923,10.462],[139.673292589,35.499991315,10.353],[139.673916901,35.500226595,10.53],[139.674486508,35.500440646,10.709],[139.674962132,35.500627423,10.857],[139.675279092,35.500764073,11.137],[139.675728617,35.500972281,11.5],[139.676177198,35.501175586,11.898],[139.676374929,35.501251495,11.854],[139.676998535,35.501479643,11.167],[139.677871966,35.501788929,10.906],[139.678718366,35.50208981,11.16],[139.680119963,35.502582504,11.866],[139.680178226,35.502602956,11.895],[139.680232552,35.502622025,11.922],[139.680657781,35.50277129,12.136],[139.681322752,35.503000263,12.475],[139.682326412,35.503342955,12.973],[139.683314078,35.503674593,12.84],[139.684437702,35.504053278,12.488],[139.685489497,35.504407637,12.172],[139.68667081,35.5048025,11.805],[139.687817841,35.505192361,11.452],[139.689252162,35.505677792,11.005],[139.689833928,35.505874569,10.825],[139.690562301,35.506119087,10.602],[139.691071737,35.506288827,10.576],[139.691569139,35.506431031,10.761],[139.692298132,35.506597736,11.027],[139.693166471,35.506779004,10.925],[139.694202002,35.507005441,10.594],[139.69467919,35.507111308,10.39],[139.694979584,35.507191613,10.283],[139.695282017,35.507282067,10.333],[139.6955245,35.507365388,10.435],[139.695871929,35.507501811,10.721],[139.696861903,35.507904445,11.135],[139.697601599,35.508207546,11.43],[139.698527821,35.508581767,11.678],[139.698699016,35.508659369,11.681],[139.698880304,35.508741875,11.747],[139.699057617,35.508829136,11.924],[139.699253303,35.508920046,12.142],[139.699399775,35.508977348,12.298],[139.699578889,35.509046134,12.49],[139.700045671,35.50923713,13.009],[139.700954026,35.509605096,13.269],[139.70149993,35.509827033,12.971],[139.701825462,35.50996628,12.695],[139.702127997,35.510103018,12.503],[139.702423908,35.510255108,12.35],[139.702706009,35.510420138,12.24],[139.703211896,35.510738801,12.071],[139.703533236,35.510943562,11.834],[139.703935613,35.511197905,11.59],[139.704229485,35.511373953,11.487],[139.70451445,35.511556282,11.37],[139.704654826,35.511642815,11.295],[139.704809444,35.511746691,11.224],[139.704977186,35.511844952,11.146],[139.705165665,35.511943679,11.111],[139.705520719,35.512109164,11.307],[139.70578016,35.51221497,11.504],[139.706390471,35.512439031,11.501],[139.706806305,35.51258541,11.494],[139.707182076,35.512720727,11.645],[139.707513289,35.512852306,11.755],[139.707763233,35.512965683,11.813],[139.708137601,35.513150205,11.775],[139.70865513,35.513448341,11.548],[139.709497958,35.513930885,11.289],[139.710085494,35.514268612,11.663],[139.711079441,35.514838837,12.487],[139.71194101,35.515334444,13.194],[139.712666524,35.515752474,13.019],[139.713071515,35.515983333,12.776],[139.713407544,35.516152986,12.591],[139.713877782,35.516361791,12.548],[139.714513242,35.516620222,12.706],[139.714856355,35.516765408,12.89],[139.715098895,35.516885118,13.065],[139.715255452,35.516973028,13.176],[139.715482278,35.51711939,13.328],[139.715841593,35.517382988,13.365],[139.716282943,35.517728329,13.613],[139.717027804,35.518315626,14.246],[139.717584796,35.518758018,14.331],[139.717881769,35.518983561,13.867],[139.718118063,35.519139774,13.513],[139.71841064,35.519302189,13.104],[139.71866221,35.51942612,12.76],[139.718950299,35.519542909,12.386],[139.719467781,35.519713456,11.779],[139.720505193,35.520027988,11.23],[139.721631872,35.520375531,10.699],[139.72290893,35.52076477,10.104],[139.723845814,35.521053642,9.665],[139.724693837,35.52130788,9.663],[139.725286271,35.521488533,9.84],[139.725545359,35.521571092,9.919],[139.725785183,35.521650264,10.051],[139.72596751,35.521712602,10.193],[139.726263035,35.521827584,10.328],[139.72647225,35.521933452,10.378],[139.726731753,35.522084893,10.47],[139.726978666,35.522263449,10.552],[139.727157335,35.522417829,10.665],[139.727320422,35.522581157,10.775],[139.727827091,35.523152786,10.859],[139.728419778,35.523824739,11.177],[139.729057924,35.524542782,11.193],[139.729405022,35.524925012,11.142],[139.729551139,35.525073269,11.112],[139.729719533,35.525236017,11.056],[139.729926402,35.525424654,10.982],[139.730155735,35.525606378,10.887],[139.730397575,35.525785186,10.756],[139.730419482,35.525801383,10.744]]}},{"type":"Feature","id":68,"properties":{"lane_id":68,"name":"Lane #60","role":1,"role_name":"Parking","speed_limit":40.0,"priority_offset":0.0,"oneway":"yes","length_m":326.7},"geometry":{"type":"LineString","coordinates":[[139.659801142,35.495454651,10.457],[139.659868269,35.495482228,10.337],[139.660393621,35.495698054,9.396],[139.660631951,35.495777227,8.404],[139.661084001,35.495893595,5.612],[139.661399369,35.49597268,5.441],[139.662180636,35.496181704,7.576],[139.662427996,35.496252288,8.42],[139.662652375,35.496329153,9.239],[139.662886449,35.496427274,10.265],[139.663110097,35.496515318,11.376],[139.663149712,35.496530913,11.573]]}},{"type":"Feature","id":67,"properties":{"lane_id":67,"name":"Lane #62","role":3,"role_name":"Main","speed_limit":80.0,"priority_offset":0.0,"oneway":"yes","length_m":2651.3},"geometry":{"type":"LineString","coordinates":[[139.672327353,35.499593181,10.655],[139.672382795,35.499612488,10.631],[139.672535727,35.499665748,10.564],[139.673125693,35.499891746,10.342],[139.673909295,35.50019083,10.562],[139.674493678,35.500408863,10.777],[139.674987675,35.500602798,10.959],[139.67532268,35.500748274,11.188],[139.67598313,35.501050384,11.662],[139.676317903,35.501196236,11.819],[139.676690136,35.501332738,11.444],[139.677489322,35.501616495,11.013],[139.678591115,35.502010454,11.09],[139.679991434,35.502501998,11.793],[139.681017854,35.502858481,12.313],[139.682420223,35.503336822,13.001],[139.68333858,35.503646696,12.838],[139.684482438,35.504031277,12.483],[139.685169398,35.50426253,12.275],[139.686189986,35.504606213,11.956],[139.687293273,35.504978056,11.615],[139.688586548,35.505413325,11.213],[139.689253391,35.505639736,11.007],[139.690192205,35.505956479,10.718],[139.690837707,35.506177135,10.543],[139.691221575,35.506297539,10.524],[139.691596764,35.50640123,10.685],[139.692303791,35.506562821,11.026],[139.69356355,35.506832025,10.817],[139.694310594,35.506992203,10.588],[139.694686025,35.507081464,10.459],[139.694984024,35.507156873,10.389],[139.695238165,35.507230993,10.429],[139.695580344,35.507350098,10.556],[139.696000442,35.507515741,10.783],[139.69677865,35.507834317,11.096],[139.697641028,35.508184053,11.443],[139.698502947,35.508534658,11.677],[139.698684322,35.508606575,11.679],[139.698908685,35.508711276,11.747],[139.6990993,35.508805581,11.942],[139.69920048,35.508852941,12.052],[139.699243237,35.508872955,12.099]]}},{"type":"Feature","id":69,"properties":{"lane_id":69,"name":"Lane #63","role":3,"role_name":"Main","speed_limit":80.0,"priority_offset":0.0,"oneway":"yes","length_m":3130.3},"geometry":{"type":"LineString","coordinates":[[139.695500403,35.507246757,-0.786],[139.695527441,35.507254786,-0.786],[139.695713368,35.507309998,-0.783],[139.695872554,35.507369985,-0.79],[139.696064238,35.507451746,-0.791],[139.696271624,35.507552534,-0.788],[139.696570006,35.507699536,-0.668],[139.696774873,35.507782182,0.124],[139.697291593,35.507993162,4.045],[139.69816169,35.508347548,10.74],[139.698471869,35.508473224,11.668],[139.698636359,35.508544457,11.674],[139.69880579,35.508624147,11.684],[139.699035537,35.508735041,11.841],[139.69917074,35.508817249,12.002],[139.699227172,35.508855814,12.075],[139.699274955,35.508888469,12.137],[139.699276348,35.508889421,12.139],[139.699493143,35.50897412,12.374],[139.700116485,35.509230682,13.072],[139.701130659,35.509645107,13.193],[139.701748579,35.509893643,12.843],[139.7021,35.510052304,12.638],[139.702340034,35.510172935,12.51],[139.702704984,35.510382284,12.318],[139.703227227,35.510708676,12.075],[139.703536958,35.51090534,11.855],[139.70391055,35.511144419,11.614],[139.704084615,35.511249725,11.547],[139.704330943,35.51139506,11.459],[139.704359655,35.511412,11.449],[139.704385864,35.511428753,11.437],[139.704633081,35.511586775,11.324],[139.704817439,35.511708662,11.23],[139.704995663,35.51181652,11.157],[139.705192603,35.511918387,11.111],[139.705387509,35.512011657,11.179],[139.705784424,35.512178441,11.498],[139.706396697,35.512404546,11.515],[139.706820573,35.512553934,11.507],[139.707192906,35.512686794,11.651],[139.707689859,35.512889221,11.795],[139.708159498,35.513122317,11.777],[139.708682056,35.513422471,11.54],[139.709502012,35.513892251,11.29],[139.710104693,35.514235504,11.654],[139.71089999,35.514694055,12.319],[139.711793802,35.515209522,13.062],[139.712654478,35.51570305,13.037],[139.713096192,35.515954726,12.776],[139.713403523,35.516113255,12.603],[139.713892185,35.516334061,12.549],[139.714513415,35.516580903,12.701],[139.714886481,35.516740511,12.899],[139.715146353,35.516867591,13.082],[139.715337103,35.516981766,13.214],[139.715635094,35.517180315,13.362],[139.71613154,35.517561782,13.459],[139.716865777,35.518140587,14.08],[139.717601624,35.518722937,14.347],[139.717892677,35.518947032,13.892],[139.718184116,35.519140283,13.449],[139.718419201,35.519270468,13.12],[139.718734087,35.519419742,12.695],[139.719044943,35.519539549,12.287],[139.719598696,35.519719044,11.686],[139.720857794,35.520105511,11.073],[139.721783321,35.520384303,10.636],[139.722566874,35.520622865,10.276],[139.723434385,35.520890937,9.868],[139.724248784,35.521141832,9.561],[139.724798262,35.521302476,9.69],[139.725048186,35.521375822,9.764],[139.72507892,35.521384841,9.773]]}},{"type":"Feature","id":70,"properties":{"lane_id":70,"name":"Lane #64","role":1,"role_name":"Parking","speed_limit":40.0,"priority_offset":0.0,"oneway":"yes","length_m":259.5},"geometry":{"type":"LineString","coordinates":[[139.704362044,35.51141321,11.449],[139.70438653,35.511423546,11.439],[139.70451889,35.511479417,11.384],[139.704646028,35.511546922,11.333],[139.704714101,35.511585223,11.294],[139.705000653,35.511756446,10.46],[139.705252905,35.511885288,8.881],[139.705724106,35.512097295,5.966],[139.705945356,35.512188223,4.62],[139.706323701,35.512317724,2.419],[139.706515727,35.51238686,1.685],[139.706729786,35.512487438,1.54],[139.706837966,35.512541725,1.541],[139.706855233,35.51255039,1.541]]}},{"type":"Feature","id":71,"properties":{"lane_id":71,"name":"Lane #65","role":3,"role_name":"Main","speed_limit":80.0,"priority_offset":0.0,"oneway":"yes","length_m":5294.6},"geometry":{"type":"LineString","coordinates":[[139.722333073,35.520463739,-1.473],[139.722356931,35.520473285,-1.329],[139.722800352,35.5206507,1.339],[139.724021085,35.52102521,8.378],[139.724527902,35.521181318,9.605],[139.724748924,35.521246516,9.67],[139.724891641,35.521297212,9.714],[139.725050121,35.52136808,9.763],[139.725077091,35.521380139,9.772],[139.725148404,35.521404544,9.793],[139.725326436,35.52146547,9.847],[139.725625915,35.521561302,9.938],[139.725975175,35.5216796,10.215],[139.726291024,35.521806776,10.452],[139.72646903,35.52188972,10.528],[139.726655445,35.521993193,10.588],[139.726826211,35.522102069,10.651],[139.727066025,35.522281345,10.737],[139.727245039,35.522445603,10.797],[139.727364131,35.522568989,10.803],[139.727786021,35.523042761,10.821],[139.728184439,35.523493829,11.034],[139.728521473,35.523876664,11.216],[139.729004683,35.524424291,11.223],[139.729266282,35.524718681,11.124],[139.729418181,35.524882044,11.069],[139.729620737,35.525087243,10.995],[139.729801571,35.525260686,10.925],[139.729970916,35.525405749,10.847],[139.730274635,35.525646328,10.731],[139.730639831,35.525901873,10.566],[139.73147294,35.526450856,10.501],[139.732239499,35.526941361,10.755],[139.732924445,35.527384595,10.743],[139.733878362,35.528002324,10.387],[139.734702629,35.528536021,10.08],[139.735386904,35.528982054,10.1],[139.735988197,35.529370942,10.317],[139.736832854,35.529915253,10.629],[139.737655005,35.530447643,10.922],[139.738506092,35.531000973,11.231],[139.739358578,35.531553943,11.409],[139.740091171,35.532023855,11.145],[139.740425043,35.53224102,11.032],[139.740659661,35.532395193,10.962],[139.740901063,35.532557192,10.931],[139.741127458,35.532724849,10.914],[139.74136521,35.532926057,10.966],[139.741577296,35.533124128,11.057],[139.741783588,35.533337994,11.15],[139.741958301,35.533543931,11.224],[139.742144595,35.53378808,11.291],[139.742399279,35.534151751,11.403],[139.742852401,35.534802088,11.624],[139.743329337,35.535481633,11.426],[139.743738028,35.536070637,11.176],[139.744207807,35.536747287,10.874],[139.744792413,35.537585704,10.993],[139.745291447,35.538299317,11.274],[139.745650355,35.538816657,11.474],[139.745856961,35.539113859,11.538],[139.745974146,35.539298109,11.488],[139.746066019,35.539486505,11.425],[139.746145822,35.539686866,11.33],[139.746202395,35.539883994,11.253],[139.746253264,35.540143083,11.153],[139.746272714,35.540406831,11.051],[139.746264573,35.541091275,10.787],[139.746253236,35.541774952,10.839],[139.746236479,35.542589674,11.334],[139.746213918,35.543466949,12.062],[139.746190678,35.544061119,13.908],[139.746166179,35.544662944,15.023],[139.746153621,35.545069719,15.175],[139.746143953,35.545383733,15.312],[139.746151885,35.545605206,15.469],[139.746166124,35.545702252,15.528],[139.74619075,35.545842131,15.585],[139.746232684,35.54601313,15.636],[139.74630515,35.54623719,15.624],[139.746409495,35.546460579,15.418],[139.746579021,35.546803898,15.028],[139.746820231,35.547288385,14.585],[139.747087956,35.547826745,14.102],[139.747355634,35.548358104,13.617],[139.747645419,35.5489339,13.098],[139.747853756,35.549360497,12.694],[139.747991582,35.54964747,12.407],[139.748066162,35.549832317,12.252],[139.748133313,35.550016778,12.16],[139.748197151,35.550239566,12.094],[139.748239755,35.550445274,12.002],[139.748287449,35.550749511,11.868],[139.748365512,35.551287506,11.65],[139.748426641,35.551746895,11.508],[139.74846726,35.55202302,11.452],[139.748504765,35.55224616,11.414],[139.748556956,35.552446257,11.365],[139.748626223,35.552665098,11.284],[139.748741891,35.552958383,11.164],[139.749014895,35.553545842,10.92],[139.749151485,35.553823472,10.824],[139.749260235,35.554035873,10.752],[139.749352491,35.554210292,10.692],[139.749364199,35.554232427,10.684],[139.749379215,35.554253605,10.677],[139.749514921,35.554445004,10.612],[139.749687177,35.554738306,10.541],[139.749929216,35.555192699,8.021],[139.750118574,35.555566941,4.256],[139.750269053,35.55592792,0.322],[139.750291928,35.555982793,-0.276],[139.750318384,35.556046257,-0.967],[139.750368017,35.556174494,-0.899],[139.750371124,35.556182319,-0.904],[139.750389926,35.556229678,-0.931],[139.750447784,35.556375411,-1.017],[139.750473838,35.556441036,-1.056],[139.750477001,35.556449079,-1.004],[139.750602585,35.556768459,1.043],[139.750759406,35.557165764,4.921],[139.751024431,35.557820408,8.278],[139.751090956,35.557989342,8.406],[139.751184507,35.558215459,8.668],[139.751253068,35.558358334,8.885],[139.751346307,35.558512877,9.094],[139.751361472,35.558538013,9.128]]}},{"type":"Feature","id":72,"properties":{"lane_id":72,"name":"Lane #66","role":2,"role_name":"Secondary","speed_limit":60.0,"priority_offset":0.0,"oneway":"yes","length_m":5316.7},"geometry":{"type":"LineString","coordinates":[[139.730172323,35.525656723,10.961],[139.730212237,35.52569734,10.961],[139.730349699,35.525795848,10.854],[139.730396238,35.525801704,10.784],[139.730426244,35.52580548,10.739],[139.730448819,35.52582069,10.726],[139.73074808,35.526022311,10.547],[139.731255756,35.526347976,10.435],[139.732241475,35.526987939,10.768],[139.733282542,35.527660813,10.6],[139.733993562,35.528126127,10.332],[139.73492038,35.528719982,10.014],[139.735560545,35.529136618,10.175],[139.736114381,35.529493692,10.376],[139.736682639,35.529862315,10.58],[139.737437862,35.530352799,10.857],[139.738058582,35.530753306,11.083],[139.738968129,35.53134431,11.403],[139.739615813,35.531763502,11.307],[139.740111289,35.532081249,11.13],[139.740596725,35.532399843,10.932],[139.740887911,35.532598796,10.829],[139.741043671,35.53271108,10.791],[139.741278319,35.532902081,10.829],[139.74154546,35.533144186,10.945],[139.741751153,35.533363132,11.032],[139.741975757,35.533629612,11.162],[139.742449235,35.53429131,11.446],[139.743036849,35.535136161,11.581],[139.743408032,35.535676213,11.348],[139.743812732,35.536254716,11.101],[139.744224426,35.536843987,10.849],[139.744680782,35.537495526,10.951],[139.74510082,35.538099298,11.185],[139.745504296,35.538669914,11.41],[139.745747229,35.53902844,11.536],[139.745885582,35.539235592,11.516],[139.745981819,35.539405964,11.455],[139.746065354,35.53959289,11.371],[139.746147972,35.539839763,11.276],[139.746201978,35.540092628,11.172],[139.746225898,35.540311196,11.087],[139.746229256,35.540608999,10.975],[139.746218329,35.541309489,10.714],[139.746208686,35.541932902,10.934],[139.74619559,35.542534933,11.304],[139.746175844,35.543350554,11.86],[139.746147156,35.544055505,13.893],[139.746125251,35.544651715,15.016],[139.746107643,35.545176003,15.213],[139.746104515,35.54545294,15.409],[139.746121698,35.54566875,15.66],[139.746162787,35.545899429,15.788],[139.74622691,35.546143508,15.837],[139.746330265,35.546396658,15.703],[139.746392235,35.546517102,15.518],[139.746402059,35.546536197,15.489],[139.746575559,35.546873412,14.973],[139.746812565,35.547356456,14.542],[139.747077311,35.547894824,14.055],[139.747524497,35.548787372,13.239],[139.747791625,35.549325008,12.72],[139.747993745,35.549751842,12.224],[139.74807636,35.549969191,12.04],[139.748148446,35.550209397,11.961],[139.748208738,35.550503489,11.895],[139.748250746,35.550795299,11.846],[139.748309302,35.551213356,11.678],[139.748367987,35.551616986,11.549],[139.748428051,35.552028894,11.499],[139.748483819,35.552334179,11.512],[139.748539733,35.552536075,11.484],[139.748625882,35.552780685,11.352],[139.748736556,35.553055276,11.211],[139.748996085,35.553586718,10.911],[139.749142229,35.55388774,10.805],[139.749354521,35.554310828,10.664],[139.749623702,35.554814799,10.571],[139.749882399,35.555303387,10.522],[139.750007055,35.55555141,10.464],[139.750124793,35.555832557,10.312],[139.7503309,35.556341555,9.719],[139.750445439,35.556628786,9.366],[139.75060114,35.557027794,8.875],[139.750751523,35.55739661,8.471],[139.750915418,35.557811737,8.285],[139.751046324,35.558135041,8.652],[139.751125197,35.558308405,9.207],[139.751192974,35.558413675,9.436],[139.751268921,35.55850977,9.466],[139.75136152,35.55860143,9.437],[139.751448595,35.558665882,9.324],[139.75162059,35.558777513,9.054],[139.751783928,35.558859651,8.747],[139.752092404,35.559007802,8.188],[139.752849145,35.559331756,7.697],[139.753274618,35.559514462,7.696],[139.754017537,35.559804084,7.694],[139.754578982,35.56001688,7.693],[139.755453372,35.560349847,7.693],[139.756216232,35.560641496,7.692],[139.756979411,35.560932364,7.692],[139.757574914,35.561157898,7.682],[139.757937913,35.56130876,7.659],[139.758187494,35.561442629,7.979],[139.75838604,35.561578648,8.405],[139.758557424,35.561741028,8.092],[139.758691293,35.561903562,7.42],[139.758786406,35.562060214,6.742],[139.758876569,35.56225296,5.949],[139.758975959,35.562537687,4.8],[139.75910327,35.562957104,3.022],[139.759241699,35.563422721,0.909],[139.759278666,35.563560912,0.281],[139.759288286,35.563596876,0.117]]}},{"type":"Feature","id":73,"properties":{"lane_id":73,"name":"Lane #67","role":1,"role_name":"Parking","speed_limit":40.0,"priority_offset":0.0,"oneway":"yes","length_m":361.6},"geometry":{"type":"LineString","coordinates":[[139.746106195,35.543335566,3.884],[139.746107561,35.543347893,3.967],[139.746112361,35.54339118,4.258],[139.746087108,35.543829453,7.185],[139.746042107,35.544580512,12.21],[139.746025458,35.544869372,14.093],[139.746025428,35.544869893,14.096],[139.746029267,35.544934421,14.384],[139.746039673,35.54510934,15.167],[139.746037044,35.54531207,15.657],[139.746037949,35.545553947,15.884],[139.746060816,35.545673152,15.936],[139.746068889,35.545715234,15.955],[139.746081356,35.545780223,15.983],[139.746128725,35.545992361,16.064],[139.746141943,35.546041246,16.078],[139.746209992,35.546228413,16.036],[139.746267861,35.546348795,15.928],[139.746319397,35.546439837,15.773],[139.746386357,35.546518962,15.516],[139.746395102,35.546529295,15.482]]}},{"type":"Feature","id":74,"properties":{"lane_id":74,"name":"Lane #68","role":1,"role_name":"Parking","speed_limit":40.0,"priority_offset":0.0,"oneway":"yes","length_m":91.8},"geometry":{"type":"LineString","coordinates":[[139.746026383,35.544897636,14.244],[139.746023632,35.544936869,14.439],[139.746010627,35.545122346,15.361],[139.745988947,35.545287393,15.873],[139.745980869,35.545547188,16.167],[139.746003995,35.545646296,16.174],[139.746047141,35.545685577,16.011],[139.746063365,35.545700348,15.949]]}},{"type":"Feature","id":75,"properties":{"lane_id":75,"name":"Lane #69","role":3,"role_name":"Main","speed_limit":80.0,"priority_offset":0.0,"oneway":"yes","length_m":54.9},"geometry":{"type":"LineString","coordinates":[[139.750276406,35.555955614,-0.692],[139.750274478,35.555980242,-0.778],[139.750270817,35.556027019,-0.942],[139.750283393,35.556082352,-0.99],[139.750328316,35.556190991,-0.896],[139.750329253,35.556193293,-0.897],[139.750348753,35.556241197,-0.927],[139.750401113,35.55636982,-1.006],[139.750419705,35.556382715,-1.015],[139.750459643,35.556410415,-1.035]]}},{"type":"Feature","id":76,"properties":{"lane_id":76,"name":"Lane #70","role":3,"role_name":"Main","speed_limit":80.0,"priority_offset":0.0,"oneway":"yes","length_m":556.0},"geometry":{"type":"LineString","coordinates":[[139.751663383,35.55867133,8.645],[139.751636987,35.558656795,8.649],[139.751538033,35.558602303,8.666],[139.751350982,35.558406934,8.608],[139.751256991,35.558246567,8.516],[139.751125807,35.557933636,8.369],[139.75099724,35.557606963,7.901],[139.750719574,35.556900692,2.551],[139.75053456,35.556435624,-0.829],[139.750523036,35.556406656,-1.04],[139.7505042,35.556360735,-1.022],[139.750444212,35.55621449,-0.965],[139.750425202,35.556168147,-0.947],[139.750410629,35.556132619,-0.933],[139.750359546,35.556014838,-0.951],[139.750233973,35.555707719,1.85],[139.750147035,35.555504871,4.957],[139.750097983,35.555401513,6.261],[139.749904046,35.555035411,9.035],[139.749706087,35.554662875,10.568],[139.749573463,35.554409269,10.618],[139.749505262,35.554281927,10.654],[139.749437171,35.554117625,10.712],[139.749435496,35.554080414,10.721],[139.749434607,35.554060665,10.726]]}},{"type":"Feature","id":77,"properties":{"lane_id":77,"name":"Lane #71","role":3,"role_name":"Main","speed_limit":80.0,"priority_offset":0.0,"oneway":"yes","length_m":68.8},"geometry":{"type":"LineString","coordinates":[[139.750662151,35.556747093,1.006],[139.750666891,35.556664293,0.487],[139.750573705,35.556426474,-0.954],[139.750567788,35.556411376,-1.046],[139.750542078,35.556350882,-1.009],[139.750480316,35.556205567,-0.921],[139.750449989,35.556187251,-0.905],[139.750429347,35.556174784,-0.895]]}},{"type":"Feature","id":78,"properties":{"lane_id":78,"name":"Lane #72","role":3,"role_name":"Main","speed_limit":80.0,"priority_offset":0.0,"oneway":"yes","length_m":5682.9},"geometry":{"type":"LineString","coordinates":[[139.74936635,35.554236577,10.684],[139.749376542,35.554256475,10.677],[139.749467901,35.554434846,10.619],[139.749658556,35.554805285,10.569],[139.749909916,35.555279227,10.552],[139.750027518,35.55550088,10.535],[139.750117519,35.555714198,10.436],[139.750437276,35.556507352,9.503],[139.750745693,35.557282567,8.569],[139.75089967,35.557657642,8.315],[139.751024452,35.557968191,8.379],[139.751104637,35.558166614,8.696],[139.751183749,35.558321217,9.045],[139.751262084,35.558437897,9.183],[139.75133871,35.558519336,9.162],[139.751364443,35.558546685,9.155],[139.751373309,35.558554075,9.148],[139.751475855,35.558639538,9.069],[139.751597345,35.558721009,8.921],[139.751842697,35.558853901,8.573],[139.752226716,35.559027742,8.015],[139.752867121,35.55930181,7.696],[139.753335281,35.559499676,7.693],[139.753608723,35.559612574,7.698],[139.754006811,35.55976223,7.693],[139.754591536,35.559983531,7.691],[139.755369886,35.560279777,7.693],[139.756248195,35.560613849,7.694],[139.757080169,35.560931653,7.692],[139.757558851,35.561114688,7.704],[139.757785221,35.561202611,7.733],[139.758060991,35.561327761,7.86],[139.75820504,35.561410548,8.131],[139.758366016,35.561513117,8.574],[139.758559572,35.561684813,8.453],[139.75874051,35.561911014,7.516],[139.758801267,35.562014644,7.041],[139.758902694,35.56221973,6.153],[139.75901489,35.562542608,4.777],[139.759152557,35.562981829,2.878],[139.759298058,35.563475418,0.679],[139.759401329,35.563914559,-1.251],[139.759421892,35.564066761,-1.919],[139.759432777,35.564203885,-2.519],[139.759436545,35.564377661,-3.265],[139.759419619,35.564563866,-4.094],[139.759396138,35.564711718,-4.741],[139.759367467,35.564827005,-5.261],[139.759351074,35.564880329,-5.504],[139.759288054,35.565047782,-6.287],[139.759238472,35.565160205,-6.81],[139.75918401,35.565264039,-7.304],[139.759108297,35.565381302,-7.857],[139.75900714,35.565532206,-8.157],[139.758918202,35.565648379,-8.01],[139.758763936,35.56583014,-7.284],[139.758638603,35.565968124,-6.663],[139.758382828,35.56623411,-5.439],[139.758105359,35.56650913,-4.139],[139.757854777,35.566759504,-2.957],[139.757632137,35.56698533,-1.895],[139.75739494,35.567222586,-0.779],[139.756657398,35.567951961,2.678],[139.756155425,35.56843942,4.553],[139.755524542,35.569047309,4.589],[139.75502931,35.569518087,5.163],[139.754672695,35.569853096,7.341],[139.754474044,35.57005837,8.656],[139.75433552,35.570211401,9.552],[139.754150024,35.570450282,10.227],[139.754004442,35.570679305,10.456],[139.753870668,35.570925203,10.687],[139.753787112,35.571125478,10.863],[139.753688728,35.571396733,11.042],[139.753596323,35.57177762,11.198],[139.753564099,35.572025327,11.298],[139.753554033,35.572311734,11.206],[139.753565223,35.572728529,10.036],[139.753580424,35.572916091,9.341],[139.753628692,35.57310868,8.605],[139.753752827,35.573581188,6.791],[139.753817328,35.573820092,6.141],[139.75399087,35.574452302,6.196],[139.75408914,35.574831084,6.341],[139.754143761,35.575086647,6.444],[139.754168057,35.575277593,6.513],[139.754178676,35.57544948,6.583],[139.754173831,35.575614115,6.718],[139.754154204,35.575824876,7.033],[139.754101515,35.576081011,7.451],[139.754023535,35.576332722,7.868],[139.753901318,35.576617949,8.339],[139.753659903,35.577071978,9.116],[139.753282121,35.577759429,10.32],[139.752926962,35.578380891,9.453],[139.752581247,35.5789967,7.214],[139.752151931,35.579766245,5.688],[139.751812746,35.580374866,5.684],[139.75128219,35.581328894,5.684],[139.750982483,35.581855156,5.685],[139.750704431,35.582365347,5.68],[139.750366003,35.582963648,5.691],[139.7501551,35.583338054,5.806],[139.749915302,35.583767381,6.181],[139.749697651,35.584159432,6.491],[139.749337879,35.584802693,6.432],[139.749090654,35.585238315,6.351],[139.748808858,35.585754398,6.263],[139.748603494,35.586118583,6.203],[139.74836599,35.586540453,6.13],[139.748163456,35.58688459,6.06],[139.747963819,35.587183312,6.004],[139.747711985,35.587528483,5.941],[139.747525632,35.587767075,5.897],[139.747351221,35.587952611,5.859],[139.747142011,35.588138328,5.836],[139.746993834,35.588251668,5.84],[139.746779306,35.588421707,5.839],[139.746560341,35.588589056,5.835],[139.74612482,35.588925386,6.587],[139.74563985,35.589303832,8.646],[139.74524945,35.589601566,10.29],[139.744727192,35.590008554,12.51],[139.744440502,35.590231875,13.684],[139.744242127,35.59038432,13.862],[139.743975917,35.590602674,13.421],[139.743847755,35.590722924,13.229],[139.743772013,35.590816274,13.076],[139.743669737,35.590949205,12.942],[139.743611863,35.591066619,12.77],[139.743541482,35.591230024,12.596],[139.743500044,35.591386363,12.428],[139.743483737,35.591534045,12.245],[139.743484887,35.591654699,12.099],[139.743494948,35.591781604,11.966],[139.743521501,35.591916421,11.821],[139.743560678,35.59204761,11.675],[139.74362881,35.592210934,11.48],[139.743758933,35.592457708,11.194],[139.743865592,35.592623254,10.989],[139.744095871,35.592927807,10.6],[139.744369694,35.593272556,10.292],[139.744704023,35.593687451,10.393],[139.745236746,35.594356136,10.564],[139.745613573,35.594826559,10.68],[139.746025063,35.59534143,10.81],[139.746143025,35.595501388,10.851],[139.746474218,35.596024349,10.973],[139.746670518,35.596317047,11.135],[139.746768645,35.59649794,11.247],[139.74677419,35.596508161,11.253]]}},{"type":"Feature","id":79,"properties":{"lane_id":79,"name":"Lane #73","role":1,"role_name":"Parking","speed_limit":40.0,"priority_offset":0.0,"oneway":"yes","length_m":1601.8},"geometry":{"type":"LineString","coordinates":[[139.758413266,35.560011165,3.15],[139.75841182,35.560030278,3.15],[139.758388691,35.560335952,3.15],[139.758386727,35.560641882,3.151],[139.758406774,35.561028643,2.837],[139.758433242,35.561345324,2.044],[139.758440882,35.561413618,1.882],[139.758503042,35.561685427,1.228],[139.758503106,35.561685619,1.228],[139.758518925,35.561732897,1.248],[139.758591161,35.561948791,1.335],[139.758609554,35.562003763,1.357],[139.75862463,35.562048822,1.375],[139.75868961,35.562244644,1.55],[139.758754572,35.562481876,1.81],[139.758800216,35.562632185,2.076],[139.758875949,35.562850736,2.852],[139.758891978,35.562896994,3.017],[139.758907661,35.562942252,3.177],[139.758981352,35.563157245,3.757],[139.759086743,35.563412244,4.299],[139.759192557,35.563674191,4.694],[139.759251355,35.563848601,4.878],[139.759291342,35.564032829,5.008],[139.759316508,35.564209511,5.095],[139.759316694,35.564333594,5.127],[139.759299645,35.564505434,5.156],[139.759263987,35.564630723,5.167],[139.759198431,35.564788046,5.167],[139.759115541,35.564931476,5.171],[139.759027428,35.565076405,5.169],[139.758315843,35.566013059,9.442],[139.75808597,35.566319263,9.288],[139.75796194,35.566471902,9.178],[139.757744339,35.566709954,8.983],[139.757523673,35.566938129,8.747],[139.757268022,35.567198657,8.462],[139.756904378,35.567554794,8.041],[139.756441146,35.568004586,7.522],[139.756005626,35.568438466,6.335],[139.755607369,35.568840684,4.67],[139.755431706,35.569020928,4.59],[139.755219398,35.56923293,4.592],[139.75490832,35.569528919,5.476],[139.75455074,35.569871428,7.724],[139.754348732,35.570079354,9.036],[139.754200952,35.570248506,9.86],[139.754122118,35.570361238,10.145],[139.75394895,35.570620678,10.426],[139.753815542,35.570865089,10.647],[139.753733213,35.571049473,10.817],[139.753635162,35.571313073,11.007],[139.753548353,35.57161397,11.144],[139.753519329,35.571767187,11.2],[139.753475661,35.57209016,11.316],[139.753461713,35.572498828,10.826],[139.753468653,35.572770641,9.946],[139.753469862,35.572817975,9.793]]}},{"type":"Feature","id":80,"properties":{"lane_id":80,"name":"Lane #74","role":2,"role_name":"Secondary","speed_limit":60.0,"priority_offset":0.0,"oneway":"yes","length_m":3068.2},"geometry":{"type":"LineString","coordinates":[[139.758598434,35.561966373,1.307],[139.758615656,35.562000198,1.338],[139.758708515,35.562182578,1.502],[139.758798052,35.562426806,1.76],[139.758990239,35.562908306,2.479],[139.759128611,35.56325111,1.736],[139.759141634,35.563282623,1.586],[139.75923314,35.56351051,0.504],[139.759265848,35.563567936,0.247],[139.759296645,35.563622007,0.004],[139.759300829,35.563639154,-0.074],[139.75933971,35.563798498,-0.795],[139.759379983,35.564047563,-1.926],[139.759394261,35.564217704,-2.694],[139.759393785,35.564402724,-3.529],[139.75938125,35.564541559,-4.156],[139.759357265,35.564704163,-4.877],[139.759341739,35.564766604,-5.16],[139.759305135,35.564894094,-5.747],[139.759220967,35.565100299,-6.709],[139.759136816,35.56527208,-7.506],[139.759059109,35.565393509,-8.025],[139.758950951,35.565546569,-8.222],[139.758885373,35.56563077,-8.081],[139.758678571,35.56586957,-7.067],[139.758460154,35.566103581,-5.968],[139.758305273,35.566258162,-5.229],[139.758098048,35.566463831,-4.255],[139.757732998,35.566833167,-2.519],[139.757590267,35.56697282,-1.85],[139.757355839,35.567203911,-0.757],[139.756655897,35.567897655,2.531],[139.75609422,35.568442932,4.571],[139.755674886,35.568849926,4.585],[139.755012817,35.569476943,5.077],[139.754740007,35.569733804,6.7],[139.754476662,35.569991104,8.381],[139.754330579,35.570155888,9.364],[139.754196485,35.570318875,10.019],[139.754007257,35.570593777,10.387],[139.753858528,35.57086456,10.636],[139.753770847,35.571060017,10.817],[139.753658665,35.571373058,11.031],[139.753575671,35.571673301,11.158],[139.753526143,35.571990239,11.285],[139.753520421,35.572125481,11.319],[139.753512248,35.572464104,10.918],[139.753519186,35.572724066,10.058],[139.753535741,35.572909654,9.378],[139.753577573,35.57310714,8.645],[139.753708613,35.573582364,6.816],[139.753817188,35.57397419,6.056],[139.753945551,35.574447256,6.194],[139.754046611,35.574832885,6.285],[139.754098125,35.575077863,6.343],[139.754119685,35.575233074,6.38],[139.754135405,35.575410997,6.45],[139.754130177,35.575635283,6.629],[139.754101484,35.575884426,7.019],[139.754066646,35.57605061,7.296],[139.753995574,35.576280407,7.695],[139.753856425,35.576619969,8.301],[139.75354777,35.57719202,9.344],[139.753363308,35.577524226,9.933],[139.753025175,35.578127268,10.233],[139.752756225,35.578599638,8.603],[139.752517666,35.579034146,7.024],[139.752491986,35.57908092,6.854],[139.752446831,35.579163166,6.556],[139.752402452,35.579242581,6.457],[139.752389268,35.579266175,6.428],[139.752055995,35.579862565,5.689],[139.751670319,35.580555671,5.686],[139.751074996,35.581617268,5.683],[139.750888301,35.58194815,5.687],[139.750456767,35.582717438,5.685],[139.750167358,35.583240777,5.746],[139.749850182,35.583810261,6.225],[139.749481881,35.584463467,6.493],[139.749169856,35.585019025,6.391],[139.749157509,35.585041007,6.387],[139.749137804,35.585076093,6.381],[139.748845493,35.585606544,6.291],[139.74856258,35.586107768,6.197],[139.748333649,35.586513964,6.126],[139.748226416,35.586702196,6.089],[139.748172031,35.586762417,6.08],[139.748146098,35.586791132,6.076]]}},{"type":"Feature","id":81,"properties":{"lane_id":81,"name":"Lane #75","role":1,"role_name":"Parking","speed_limit":40.0,"priority_offset":0.0,"oneway":"yes","length_m":394.0},"geometry":{"type":"LineString","coordinates":[[139.758420251,35.559921663,3.15],[139.758411702,35.55996057,3.151],[139.758364366,35.560175988,3.155],[139.758328494,35.560553832,3.152],[139.758313596,35.560815645,3.498],[139.75831011,35.561014085,3.67],[139.758293701,35.56126305,3.497],[139.758286511,35.561351298,3.307],[139.758284043,35.561434808,3.355],[139.758294776,35.561535144,3.816],[139.75834273,35.56162634,4.251],[139.758409488,35.561789198,4.271],[139.758452898,35.561952657,4.138],[139.758510767,35.562146759,4.099],[139.758563938,35.562278646,4.093],[139.758596545,35.562353371,4.33],[139.758601198,35.562364034,4.364],[139.758652615,35.562549082,3.538],[139.758662039,35.562582997,3.386],[139.758691988,35.562666736,2.53],[139.758735259,35.562743211,2.471],[139.758825852,35.562884739,2.955],[139.758874335,35.562983237,3.272],[139.759012952,35.56335712,3.273]]}},{"type":"Feature","id":82,"properties":{"lane_id":82,"name":"Lane #76","role":1,"role_name":"Parking","speed_limit":40.0,"priority_offset":0.0,"oneway":"yes","length_m":135.1},"geometry":{"type":"LineString","coordinates":[[139.758507933,35.561709197,1.205],[139.758510439,35.561734309,1.209],[139.7585265,35.561895223,1.233],[139.758596977,35.562183551,2.415],[139.758642094,35.562342126,3.271],[139.758689136,35.562507465,4.163],[139.758699222,35.562540083,3.767],[139.75872299,35.562616947,2.833],[139.758785544,35.562738259,2.489],[139.758869646,35.562857744,2.91],[139.75888065,35.562873378,2.965]]}},{"type":"Feature","id":83,"properties":{"lane_id":83,"name":"Lane #77","role":1,"role_name":"Parking","speed_limit":40.0,"priority_offset":0.0,"oneway":"yes","length_m":27.4},"geometry":{"type":"LineString","coordinates":[[139.675724107,35.462825103,60.123],[139.675657884,35.462733929,59.836],[139.675594984,35.462648274,59.567],[139.675566054,35.46263639,59.51],[139.675550415,35.462629966,59.479]]}},{"type":"Feature","id":84,"properties":{"lane_id":84,"name":"Lane #79","role":1,"role_name":"Parking","speed_limit":40.0,"priority_offset":0.0,"oneway":"yes","length_m":92.9},"geometry":{"type":"LineString","coordinates":[[139.723608043,35.490778862,13.132],[139.723237609,35.490630728,13.575],[139.722719,35.490423959,14.365],[139.722698272,35.490427662,14.381],[139.722683989,35.490430214,14.393]]}},{"type":"Feature","id":85,"properties":{"lane_id":85,"name":"Lane #80","role":1,"role_name":"Parking","speed_limit":40.0,"priority_offset":0.0,"oneway":"yes","length_m":84.7},"geometry":{"type":"LineString","coordinates":[[139.765959816,35.571975703,5.107],[139.766167529,35.571789842,5.011],[139.766379373,35.571623409,4.925],[139.766599356,35.571470872,4.838],[139.766605866,35.5714489,4.833],[139.766609573,35.571436389,4.829]]}},{"type":"Feature","id":86,"properties":{"lane_id":86,"name":"Lane #81","role":3,"role_name":"Main","speed_limit":80.0,"priority_offset":0.0,"oneway":"yes","length_m":100.6},"geometry":{"type":"LineString","coordinates":[[139.801226604,35.635990197,4.585],[139.800339778,35.63550996,4.62],[139.800313797,35.635511419,4.643],[139.80029407,35.635512526,4.66]]}},{"type":"Feature","id":87,"properties":{"lane_id":87,"name":"Lane #78","role":3,"role_name":"Main","speed_limit":80.0,"priority_offset":0.0,"oneway":"yes","length_m":494.1},"geometry":{"type":"LineString","coordinates":[[139.65140112,35.453750291,13.226],[139.651383425,35.453742658,13.232],[139.650636263,35.453420329,13.455],[139.649663492,35.453008465,12.626],[139.649104167,35.452771729,13.67],[139.648465737,35.452500919,16.073],[139.648219488,35.45239535,17.081],[139.648010202,35.452323152,17.895],[139.647799773,35.452261709,18.704],[139.646648807,35.451999249,19.495],[139.646435845,35.451950686,19.641]]}},{"type":"Feature","id":88,"properties":{"lane_id":88,"name":"Lane #79","role":1,"role_name":"Parking","speed_limit":40.0,"priority_offset":0.0,"oneway":"yes","length_m":392.0},"geometry":{"type":"LineString","coordinates":[[139.628041193,35.472088007,13.736],[139.628038083,35.472116582,13.673],[139.628018827,35.472293495,13.284],[139.628013066,35.472569016,12.818],[139.628024502,35.472798155,12.579],[139.628052651,35.473173314,12.664],[139.628089787,35.473509549,12.665],[139.628119802,35.4738158,11.234],[139.628118648,35.474234576,8.729],[139.628097943,35.475050907,3.862],[139.628078623,35.475578912,2.288],[139.62807766,35.475605228,2.21]]}},{"type":"Feature","id":89,"properties":{"lane_id":89,"name":"Lane #80","role":1,"role_name":"Parking","speed_limit":40.0,"priority_offset":0.0,"oneway":"yes","length_m":407.3},"geometry":{"type":"LineString","coordinates":[[139.636533564,35.483095977,14.162],[139.636552887,35.483109632,14.155],[139.636709252,35.483220135,14.099],[139.636919757,35.483406289,14.016],[139.637334024,35.483811933,12.53],[139.637754548,35.484242376,8.89],[139.638196574,35.484706568,6.932],[139.638769515,35.485304691,5.71],[139.639358187,35.485925461,4.456],[139.639366375,35.485934096,4.438]]}},{"type":"Feature","id":90,"properties":{"lane_id":90,"name":"Lane #81","role":1,"role_name":"Parking","speed_limit":40.0,"priority_offset":0.0,"oneway":"yes","length_m":217.4},"geometry":{"type":"LineString","coordinates":[[139.672325228,35.499591268,10.656],[139.672378327,35.499603105,10.634],[139.672544623,35.499640175,10.564],[139.672725544,35.499694969,10.484],[139.672778216,35.499712926,10.459],[139.672806667,35.499722936,10.443],[139.673217599,35.49987721,10.257],[139.67376196,35.500082857,8.032],[139.67424533,35.500262949,5.062],[139.674499225,35.500367987,3.485],[139.674520208,35.500376668,3.355]]}},{"type":"Feature","id":91,"properties":{"lane_id":91,"name":"Lane #82","role":1,"role_name":"Parking","speed_limit":40.0,"priority_offset":0.0,"oneway":"yes","length_m":522.7},"geometry":{"type":"LineString","coordinates":[[139.630053272,35.469665286,12.435],[139.630080795,35.469639825,12.405],[139.630328943,35.469410267,12.134],[139.630568999,35.469163127,11.667],[139.630749747,35.468982184,11.19],[139.630888063,35.468857192,11.006],[139.631103239,35.468686513,10.67],[139.631347373,35.468501306,9.766],[139.631480229,35.468394895,8.987],[139.631813697,35.468067591,6.47],[139.632123331,35.467757164,4.234],[139.632403749,35.467477819,3.156],[139.632437629,35.467449874,3.131],[139.632475946,35.467418269,3.101],[139.632602623,35.467313781,3.005],[139.632754134,35.467232398,3.008],[139.632901005,35.467190456,3.005],[139.633007665,35.467173481,3.007],[139.633201857,35.467183114,2.997],[139.633391107,35.467238056,2.741],[139.633526434,35.467299789,2.403],[139.633714314,35.467401884,1.975],[139.63417825,35.467671408,1.973],[139.634277059,35.467728811,1.973]]}},{"type":"Feature","id":92,"properties":{"lane_id":92,"name":"Lane #83","role":1,"role_name":"Parking","speed_limit":40.0,"priority_offset":0.0,"oneway":"yes","length_m":202.2},"geometry":{"type":"LineString","coordinates":[[139.632465451,35.467433553,3.074],[139.632482749,35.467423222,3.067],[139.632624277,35.467338695,3.007],[139.632796578,35.467253505,3.006],[139.632946901,35.467216327,3.009],[139.633107927,35.467213204,3.004],[139.633286367,35.4672391,2.908],[139.633486935,35.467319334,2.447],[139.633684418,35.46742057,1.976],[139.633808672,35.467492155,1.976],[139.6338433,35.467512105,1.976],[139.634340436,35.467798516,1.976],[139.6344015,35.467833696,1.976]]}},{"type":"Feature","id":93,"properties":{"lane_id":93,"name":"Lane #84","role":3,"role_name":"Main","speed_limit":80.0,"priority_offset":0.0,"oneway":"yes","length_m":364.2},"geometry":{"type":"LineString","coordinates":[[139.699114022,35.508643657,11.812],[139.699090883,35.508636752,11.8],[139.698874327,35.508572126,11.684],[139.698667205,35.508499585,11.679],[139.698421765,35.508396683,11.596],[139.698047963,35.508243321,9.749],[139.697118768,35.507869162,2.485],[139.696762002,35.507724695,-0.089],[139.696661265,35.50768114,-0.505],[139.696523947,35.507629618,-0.755],[139.69633214,35.507528216,-0.79],[139.696136103,35.507422279,-0.79],[139.695934602,35.507325903,-0.788],[139.695536437,35.507193756,-0.788],[139.695518717,35.507187875,-0.788]]}},{"type":"Feature","id":94,"properties":{"lane_id":94,"name":"Lane #85","role":1,"role_name":"Parking","speed_limit":40.0,"priority_offset":0.0,"oneway":"yes","length_m":337.7},"geometry":{"type":"LineString","coordinates":[[139.706889192,35.512510834,1.541],[139.706860677,35.51249673,1.542],[139.706742517,35.512438285,1.545],[139.706529733,35.512343217,1.704],[139.706334045,35.512272887,2.479],[139.705967771,35.51214379,4.632],[139.705739925,35.51205552,6.017],[139.705277567,35.511839259,8.924],[139.705032286,35.511708337,10.492],[139.704811372,35.511577389,11.252],[139.704702336,35.511506085,11.336],[139.70453168,35.511384357,11.41],[139.70430715,35.511226197,11.512],[139.704092621,35.511083905,11.586],[139.70388915,35.510954045,11.686],[139.703823783,35.510894975,11.738],[139.703787976,35.510862617,11.767]]}},{"type":"Feature","id":95,"properties":{"lane_id":95,"name":"Lane #86","role":3,"role_name":"Main","speed_limit":80.0,"priority_offset":0.0,"oneway":"yes","length_m":263.7},"geometry":{"type":"LineString","coordinates":[[139.725074385,35.521263368,9.757],[139.725046013,35.521257721,9.749],[139.724914562,35.521231558,9.71],[139.724678147,35.521176414,9.641],[139.724405096,35.521092259,9.514],[139.723981473,35.520963346,8.06],[139.723562486,35.52083267,5.639],[139.722882348,35.520624216,1.692],[139.722752591,35.520586871,0.942],[139.722589984,35.520524665,-0.044],[139.722376973,35.520431627,-1.361],[139.722356135,35.520422526,-1.49]]}},{"type":"Feature","id":96,"properties":{"lane_id":96,"name":"Lane #87","role":1,"role_name":"Parking","speed_limit":40.0,"priority_offset":0.0,"oneway":"yes","length_m":369.4},"geometry":{"type":"LineString","coordinates":[[139.746592398,35.546617547,15.082],[139.746582437,35.54658214,15.062],[139.746548979,35.546463211,14.994],[139.746508412,35.546326894,14.83],[139.746469874,35.546164974,14.285],[139.746416824,35.545859724,12.005],[139.746396414,35.545672395,10.53],[139.746382805,35.545495329,9.151],[139.746379466,35.545249772,7.206],[139.746382522,35.544773031,3.48],[139.746164645,35.5433504,3.727],[139.746160794,35.543325254,3.732]]}},{"type":"Feature","id":97,"properties":{"lane_id":97,"name":"Lane #88","role":1,"role_name":"Parking","speed_limit":40.0,"priority_offset":0.0,"oneway":"yes","length_m":335.7},"geometry":{"type":"LineString","coordinates":[[139.759218765,35.562855991,3.347],[139.75921831,35.562833041,3.441],[139.75921555,35.562693777,4.012],[139.759188101,35.562504356,4.873],[139.759144035,35.562330453,5.622],[139.759024474,35.561967356,6.042],[139.758902222,35.561581766,5.675],[139.758789416,35.561261682,5.338],[139.758651926,35.560923753,4.731],[139.758574145,35.560696382,4.321],[139.758523621,35.560425357,3.874],[139.758507568,35.560130112,3.39],[139.758505275,35.559950801,3.216],[139.758504805,35.559914048,3.18]]}},{"type":"Feature","id":98,"properties":{"lane_id":98,"name":"Lane #89","role":1,"role_name":"Parking","speed_limit":40.0,"priority_offset":0.0,"oneway":"yes","length_m":307.2},"geometry":{"type":"LineString","coordinates":[[139.759161825,35.562696361,4.125],[139.75916078,35.562663623,4.249],[139.75915667,35.562534893,4.736],[139.759100178,35.562331751,5.613],[139.758995111,35.562013285,6.072],[139.75885384,35.561573639,5.659],[139.758746413,35.561276845,5.346],[139.758616389,35.560955238,4.773],[139.758536188,35.560736744,4.382],[139.758490284,35.560468632,3.936],[139.758464918,35.560166365,3.446],[139.758464764,35.560028184,3.223],[139.758464743,35.560010064,3.194]]}},{"type":"Feature","id":99,"properties":{"lane_id":99,"name":"Lane #90","role":3,"role_name":"Main","speed_limit":80.0,"priority_offset":0.0,"oneway":"yes","length_m":1731.3},"geometry":{"type":"LineString","coordinates":[[139.75350304,35.572930125,9.317],[139.753505779,35.572943283,9.269],[139.753555851,35.573183848,8.378],[139.753656547,35.573575745,6.873],[139.753724838,35.573843663,6.132],[139.753758492,35.573978099,6.178],[139.753813153,35.574272313,8.141],[139.753862093,35.574565455,10.875],[139.753896992,35.57478033,12.772],[139.753928369,35.574926019,13.869],[139.753980534,35.575092119,14.912],[139.754029079,35.5752068,15.505],[139.754080055,35.575296024,15.91],[139.754170407,35.575420496,16.482],[139.754288209,35.575531784,17.024],[139.754451295,35.575647782,17.746],[139.754661006,35.57576726,18.725],[139.754941371,35.575902162,19.944],[139.755296809,35.576064937,20.909],[139.755556665,35.576200675,21.179],[139.75584642,35.576387634,20.981],[139.756241101,35.57671552,20.426],[139.757163304,35.577519276,19.367],[139.758048132,35.578302816,19.505],[139.758859097,35.579011532,19.731],[139.759399906,35.579484549,19.682],[139.759902224,35.579928805,19.519],[139.760208103,35.580218716,19.346],[139.760441113,35.580474781,19.003],[139.760674631,35.580774472,18.418],[139.76083215,35.581017832,17.922],[139.760955607,35.581253467,17.459],[139.761098028,35.581632258,16.735],[139.761182878,35.581973392,16.094],[139.76123004,35.582428094,15.265],[139.761214562,35.582805651,14.578],[139.761161958,35.583112624,13.982],[139.761092304,35.583402422,13.407],[139.760992102,35.583724703,12.743],[139.760846676,35.584159738,11.929],[139.760687647,35.584616612,12.074],[139.760584192,35.584922675,12.576],[139.760495289,35.585197373,12.955],[139.760411285,35.585493352,13.358],[139.760337495,35.585823378,13.778],[139.760308524,35.585967577,13.914],[139.760319432,35.586004471,13.943],[139.760324735,35.586022403,13.956]]}},{"type":"Feature","id":100,"properties":{"lane_id":100,"name":"Lane #91","role":2,"role_name":"Secondary","speed_limit":60.0,"priority_offset":0.0,"oneway":"yes","length_m":1823.6},"geometry":{"type":"LineString","coordinates":[[139.753457065,35.572871739,9.541],[139.753463794,35.572916257,9.382],[139.753477922,35.573009723,9.049],[139.753523448,35.573223274,8.256],[139.75360872,35.573565759,6.942],[139.753664903,35.573787993,6.239],[139.753716589,35.573973313,6.15],[139.753747633,35.57414026,6.959],[139.753781343,35.574353951,8.857],[139.753816009,35.574556237,10.744],[139.753852681,35.574780822,12.795],[139.753887418,35.574948183,14.102],[139.75393016,35.57508775,15.021],[139.753984774,35.575218996,15.748],[139.754050302,35.575340303,16.34],[139.754129337,35.575444383,16.798],[139.754252641,35.575562763,17.353],[139.754414276,35.575682159,17.992],[139.754610283,35.57579072,18.734],[139.754865025,35.575911933,19.75],[139.755256753,35.576096918,20.779],[139.755504041,35.57622037,20.991],[139.755780152,35.576396788,20.824],[139.756065116,35.576627033,20.556],[139.75667786,35.577161219,19.88],[139.757342371,35.577745464,19.243],[139.758037222,35.57835301,19.519],[139.758815188,35.579038788,19.735],[139.759316902,35.579479932,19.686],[139.759835731,35.579932393,19.486],[139.760214674,35.580293847,19.196],[139.760410541,35.580505415,18.878],[139.760620121,35.580777205,18.317],[139.760777523,35.581014301,17.834],[139.760913885,35.581271967,17.321],[139.76105171,35.581617408,16.664],[139.761134514,35.58195503,16.018],[139.761165827,35.582192545,15.564],[139.76117908,35.582540115,14.922],[139.761159721,35.582841037,14.371],[139.761097614,35.583199423,13.716],[139.760997776,35.583558261,13.019],[139.760884027,35.583898454,12.351],[139.760722457,35.584377657,11.831],[139.760589908,35.584767421,12.375],[139.760466793,35.585143574,12.898],[139.760377934,35.585457019,13.323],[139.760308227,35.585779876,13.737],[139.7602259,35.586182109,14.051],[139.76017211,35.586563297,14.094],[139.760159087,35.586736668,14.019],[139.760176478,35.586762326,14.005],[139.760191102,35.586783903,13.992]]}},{"type":"Feature","id":101,"properties":{"lane_id":101,"name":"Lane #92","role":1,"role_name":"Parking","speed_limit":40.0,"priority_offset":0.0,"oneway":"yes","length_m":1461.5},"geometry":{"type":"LineString","coordinates":[[139.752495768,35.579059836,6.921],[139.752483426,35.579074732,6.867],[139.752281643,35.57931828,5.977],[139.752031227,35.579699321,5.687],[139.751944206,35.579844402,5.726],[139.751780361,35.580118086,5.728],[139.751650302,35.580321391,5.683],[139.751387767,35.580684178,5.69],[139.750984174,35.581399585,5.687],[139.750369218,35.582492103,5.691],[139.749890705,35.583346557,5.818],[139.749178987,35.58462036,6.463],[139.748696119,35.585481462,6.311],[139.748343514,35.586046371,6.212],[139.747889063,35.586776926,6.077],[139.74766524,35.587070219,6.01],[139.747334421,35.58747531,5.936],[139.746452785,35.588452067,5.441],[139.746216923,35.588694763,5.178],[139.745795625,35.58907752,7.642],[139.745342591,35.58939998,9.595],[139.745140866,35.589551882,8.62],[139.744278785,35.590215254,0.746]]}},{"type":"Feature","id":102,"properties":{"lane_id":102,"name":"Lane #93","role":1,"role_name":"Parking","speed_limit":40.0,"priority_offset":0.0,"oneway":"yes","length_m":1016.1},"geometry":{"type":"LineString","coordinates":[[139.752395133,35.579251657,6.247],[139.752384584,35.579263885,6.211],[139.752280194,35.579384901,5.854],[139.752041576,35.579756343,5.686],[139.751997283,35.579842792,5.716],[139.751916486,35.579985522,5.749],[139.751828767,35.580130247,5.732],[139.751713286,35.58030792,5.683],[139.751446492,35.580628536,5.689],[139.751049364,35.581338537,5.686],[139.750447863,35.582426675,5.687],[139.750082552,35.583081994,5.692],[139.749565306,35.584001719,6.391],[139.748801883,35.585353975,6.338],[139.748441226,35.585963343,6.225],[139.748092938,35.586577191,6.119],[139.747997962,35.5867376,6.083],[139.74787894,35.586930223,6.038],[139.747768715,35.587115025,6.003],[139.747566993,35.587401641,5.946],[139.747537727,35.58746058,5.94],[139.747533574,35.587468944,5.939]]}},{"type":"Feature","id":103,"properties":{"lane_id":103,"name":"Lane #94","role":1,"role_name":"Parking","speed_limit":40.0,"priority_offset":0.0,"oneway":"yes","length_m":89.2},"geometry":{"type":"LineString","coordinates":[[139.749562265,35.584310165,6.514],[139.749487257,35.584375046,6.506],[139.749243858,35.584806002,6.425],[139.749166123,35.584943653,6.407],[139.749160891,35.585002826,6.395],[139.749158506,35.585029798,6.389]]}},{"type":"Feature","id":104,"properties":{"lane_id":104,"name":"Lane #95","role":2,"role_name":"Secondary","speed_limit":60.0,"priority_offset":0.0,"oneway":"yes","length_m":3149.5},"geometry":{"type":"LineString","coordinates":[[139.748133086,35.586810331,6.07],[139.748125205,35.586821938,6.068],[139.747963819,35.587059614,6.029],[139.747830482,35.587253492,5.991],[139.747658853,35.5874929,5.943],[139.74743247,35.587805112,5.88],[139.747413532,35.58783123,5.874],[139.747383975,35.5878623,5.87],[139.747273627,35.587978295,5.852],[139.747004856,35.58820008,5.84],[139.746918054,35.588268634,5.835],[139.746723831,35.588419559,5.837],[139.746655409,35.588472728,5.838],[139.746615693,35.58850359,5.838],[139.746300586,35.588749587,5.972],[139.745728075,35.589183981,8.136],[139.745279936,35.589531869,10.045],[139.744751697,35.589939356,12.281],[139.744390397,35.59021774,13.728],[139.744160938,35.590393952,13.818],[139.74396103,35.590562563,13.621],[139.743828809,35.59068561,13.484],[139.7437326,35.590796818,13.33],[139.743640783,35.59091882,13.197],[139.743575447,35.591041559,13.03],[139.743513206,35.591181434,12.88],[139.74347809,35.591289182,12.767],[139.743443138,35.591490935,12.532],[139.743442671,35.591607301,12.375],[139.743450176,35.591752603,12.215],[139.743472684,35.591904883,12.051],[139.743502169,35.592000932,11.919],[139.743562191,35.592163108,11.713],[139.743711243,35.592455434,11.322],[139.743840743,35.592654944,11.044],[139.744161658,35.593070069,10.443],[139.744467563,35.593453551,10.333],[139.74461477,35.593638103,10.38],[139.744641704,35.59367187,10.388],[139.744686091,35.593727517,10.402],[139.744723704,35.593774672,10.414],[139.744771971,35.593835184,10.43],[139.745053144,35.594188413,10.519],[139.74544322,35.594674032,10.64],[139.745611942,35.594890921,10.693],[139.74599036,35.595361858,10.807],[139.746087959,35.5954969,10.844],[139.746190139,35.595645953,10.878],[139.746434137,35.59602116,10.966],[139.746623739,35.596310461,11.121],[139.746682258,35.596414949,11.188],[139.746762813,35.596565924,11.28],[139.74682924,35.596713409,11.357],[139.746879877,35.596842293,11.312],[139.746944224,35.59704512,11.125],[139.747041953,35.597391932,10.808],[139.747202346,35.597937227,10.305],[139.747352207,35.598442691,9.844],[139.747516082,35.599009216,9.352],[139.747594466,35.59923169,9.207],[139.74765576,35.599378457,9.131],[139.747736208,35.599521786,9.1],[139.747845355,35.599684089,9.104],[139.747976946,35.599838247,9.101],[139.748101444,35.599962022,9.114],[139.748263236,35.600092639,9.109],[139.748424549,35.600202366,9.209],[139.748619147,35.600310125,9.377],[139.749192978,35.600613537,9.662],[139.749600411,35.600829457,9.662],[139.749793943,35.600939632,9.786],[139.750013968,35.601070959,9.82],[139.750310592,35.601281208,9.672],[139.750747788,35.601588621,9.646],[139.751223149,35.601927828,8.957],[139.751810549,35.602344919,7.965],[139.752453166,35.602799937,6.879],[139.752937047,35.603145038,6.058],[139.753094461,35.603261094,5.785],[139.753247919,35.603379015,5.511],[139.753390546,35.603503533,5.239],[139.753545362,35.60366195,4.918],[139.753747012,35.603915796,4.432],[139.754029191,35.604301165,3.734],[139.754411769,35.604823127,3.132],[139.754896249,35.605489046,3.137],[139.755192415,35.605906317,3.139],[139.755333595,35.606141303,3.136],[139.755395701,35.606284744,3.14],[139.755456468,35.606485142,3.135],[139.755506247,35.606715348,3.136],[139.755567047,35.607170074,3.139],[139.755661116,35.60801755,3.138],[139.7557187,35.60855117,3.14],[139.755809059,35.609382567,3.133],[139.755893453,35.610171664,3.137],[139.755896627,35.610201346,3.137]]}},{"type":"Feature","id":105,"properties":{"lane_id":105,"name":"Lane #96","role":2,"role_name":"Secondary","speed_limit":60.0,"priority_offset":0.0,"oneway":"yes","length_m":90.5},"geometry":{"type":"LineString","coordinates":[[139.74812485,35.586796964,6.074],[139.748107985,35.586809049,6.071],[139.748027493,35.586866728,6.059],[139.747855682,35.587092249,6.01],[139.74759228,35.587472128,5.944],[139.747588877,35.587477035,5.943]]}},{"type":"Feature","id":106,"properties":{"lane_id":106,"name":"Lane #97","role":2,"role_name":"Secondary","speed_limit":60.0,"priority_offset":0.0,"oneway":"yes","length_m":36.4},"geometry":{"type":"LineString","coordinates":[[139.747562921,35.58751145,5.933],[139.747556513,35.587520545,5.932],[139.747498188,35.58760332,5.918],[139.74743528,35.587718232,5.893],[139.747408537,35.587792546,5.881],[139.747402449,35.587809463,5.878]]}},{"type":"Feature","id":107,"properties":{"lane_id":107,"name":"Lane #98","role":1,"role_name":"Parking","speed_limit":40.0,"priority_offset":0.0,"oneway":"yes","length_m":393.4},"geometry":{"type":"LineString","coordinates":[[139.747509769,35.587497131,5.932],[139.747501148,35.587502792,5.931],[139.747442368,35.587541389,5.922],[139.747401158,35.58757228,5.91],[139.747295264,35.587663857,5.891],[139.747243315,35.587705689,5.927],[139.747202767,35.587740496,6.034],[139.747087455,35.587866021,7.104],[139.746934275,35.588026765,9.339],[139.746754512,35.588219935,11.578],[139.746678166,35.588298593,11.885],[139.746654108,35.588348434,11.881],[139.746661649,35.588392778,11.883],[139.746697044,35.58844308,11.882],[139.74673994,35.588470143,11.879],[139.746813892,35.588457589,11.882],[139.746924074,35.588387469,11.879],[139.746932691,35.588381802,11.879],[139.746968276,35.588358395,11.88],[139.747123698,35.588256163,11.884],[139.747263271,35.588143762,11.883],[139.747549755,35.587905761,11.883],[139.747605597,35.587843322,11.885],[139.74761948,35.587798032,11.884],[139.747611889,35.587741469,11.885],[139.747588083,35.587704568,11.884],[139.747582505,35.587695923,11.884],[139.747580891,35.587693421,11.884],[139.747536869,35.58765476,11.887],[139.747440893,35.587637442,11.884],[139.747392148,35.587642853,11.882],[139.747325658,35.587676137,11.88],[139.747280851,35.587724851,11.883],[139.747135946,35.587880705,10.782],[139.74689921,35.588135638,6.54],[139.746858649,35.588195051,6.06],[139.746707258,35.588366557,5.832],[139.746694193,35.588411364,5.837],[139.746684609,35.588444237,5.841]]}},{"type":"Feature","id":108,"properties":{"lane_id":108,"name":"Lane #99","role":3,"role_name":"Main","speed_limit":80.0,"priority_offset":0.0,"oneway":"yes","length_m":107.7},"geometry":{"type":"LineString","coordinates":[[139.747580693,35.587703374,11.884],[139.747573066,35.587704661,11.884],[139.747535353,35.587711021,11.883],[139.747491465,35.587687719,11.883],[139.747437599,35.587735111,11.874],[139.747141088,35.588036544,11.883],[139.746908536,35.588273989,11.883],[139.746877634,35.588325959,11.885],[139.746887895,35.588351751,11.882],[139.746928469,35.588362388,11.881],[139.746944874,35.588366688,11.88]]}},{"type":"Feature","id":109,"properties":{"lane_id":109,"name":"Lane #100","role":2,"role_name":"Secondary","speed_limit":60.0,"priority_offset":0.0,"oneway":"yes","length_m":1001.2},"geometry":{"type":"LineString","coordinates":[[139.734179637,35.592840409,9.565],[139.742588081,35.592787489,9.617],[139.742907601,35.592788145,10.145],[139.743244682,35.592786185,10.709],[139.74346941,35.592794901,11.094],[139.743617333,35.592822421,11.363],[139.743739502,35.592861779,11.6],[139.743855221,35.592919388,11.838],[139.743954494,35.592984962,11.914],[139.744075158,35.593103845,11.166],[139.744212806,35.59326964,10.308],[139.744347237,35.593444329,10.318],[139.744405548,35.593519606,10.34],[139.744515332,35.593628776,10.368],[139.744625337,35.593721324,10.398],[139.744675363,35.593744922,10.403],[139.744706926,35.593759811,10.407]]}},{"type":"Feature","id":110,"properties":{"lane_id":110,"name":"Lane #101","role":3,"role_name":"Main","speed_limit":80.0,"priority_offset":0.0,"oneway":"yes","length_m":989.7},"geometry":{"type":"LineString","coordinates":[[139.734199136,35.592775291,9.574],[139.742590294,35.592749004,9.622],[139.742897071,35.592748488,10.126],[139.743252322,35.592746482,10.722],[139.743422969,35.592756482,11.009],[139.743516084,35.592765271,11.166],[139.743626439,35.592786426,11.358],[139.743747878,35.592825662,11.581],[139.743848196,35.59287374,11.773],[139.743948145,35.592930672,11.922],[139.744046871,35.59301571,11.702],[139.744162637,35.593150509,10.578],[139.744291452,35.593311211,10.298],[139.744397144,35.593443566,10.326],[139.744483759,35.593542823,10.348],[139.744570915,35.593632513,10.374],[139.744610708,35.593651912,10.382],[139.744628726,35.593660696,10.386]]}},{"type":"Feature","id":111,"properties":{"lane_id":111,"name":"Lane #101","role":1,"role_name":"Parking","speed_limit":40.0,"priority_offset":0.0,"oneway":"yes","length_m":81.3},"geometry":{"type":"LineString","coordinates":[[139.780663181,35.624887998,-2.504],[139.779940575,35.624500396,-2.396],[139.779923342,35.624502168,-2.379],[139.779908464,35.624503698,-2.365]]}},{"type":"Feature","id":112,"properties":{"lane_id":112,"name":"Lane #102","role":1,"role_name":"Parking","speed_limit":40.0,"priority_offset":0.0,"oneway":"yes","length_m":94.8},"geometry":{"type":"LineString","coordinates":[[139.7604188,35.596082303,5.015],[139.760419827,35.595619274,5.175],[139.760416439,35.59527146,5.289],[139.760399602,35.595251284,5.294],[139.760388316,35.595237762,5.298]]}},{"type":"Feature","id":113,"properties":{"lane_id":113,"name":"Lane #103","role":1,"role_name":"Parking","speed_limit":40.0,"priority_offset":0.0,"oneway":"yes","length_m":94.8},"geometry":{"type":"LineString","coordinates":[[139.762446204,35.580502518,14.201],[139.762586888,35.580087841,15.711],[139.762716147,35.579707477,17.101],[139.76270765,35.579696268,17.132],[139.762698562,35.57968428,17.165]]}},{"type":"Feature","id":114,"properties":{"lane_id":114,"name":"Lane #104","role":1,"role_name":"Parking","speed_limit":40.0,"priority_offset":0.0,"oneway":"yes","length_m":83.3},"geometry":{"type":"LineString","coordinates":[[139.788931132,35.558145941,1.779],[139.78940494,35.557545783,2.03],[139.789403759,35.557526974,2.038],[139.789402742,35.557510772,2.046]]}},{"type":"Feature","id":115,"properties":{"lane_id":115,"name":"Lane #105","role":1,"role_name":"Parking","speed_limit":40.0,"priority_offset":0.0,"oneway":"yes","length_m":90.7},"geometry":{"type":"LineString","coordinates":[[139.796191519,35.548916991,1.165],[139.796705385,35.548256368,1.082],[139.796699478,35.548236502,1.084],[139.796695702,35.5482238,1.085]]}},{"type":"Feature","id":116,"properties":{"lane_id":116,"name":"Lane #106","role":1,"role_name":"Parking","speed_limit":40.0,"priority_offset":0.0,"oneway":"yes","length_m":109.9},"geometry":{"type":"LineString","coordinates":[[139.770133282,35.509545056,4.059],[139.769352884,35.509226217,4.503],[139.76909276,35.509118806,4.592],[139.769065526,35.509126101,4.597],[139.769046645,35.509131158,4.6]]}},{"type":"Feature","id":117,"properties":{"lane_id":117,"name":"Lane #107","role":1,"role_name":"Parking","speed_limit":40.0,"priority_offset":0.0,"oneway":"yes","length_m":100.2},"geometry":{"type":"LineString","coordinates":[[139.761912788,35.506204102,10.401],[139.761321596,35.505964593,8.62],[139.760960433,35.505817249,7.521],[139.760945502,35.505821285,7.491],[139.760920676,35.505827996,7.441]]}},{"type":"Feature","id":118,"properties":{"lane_id":118,"name":"Lane #108","role":1,"role_name":"Parking","speed_limit":40.0,"priority_offset":0.0,"oneway":"yes","length_m":90.5},"geometry":{"type":"LineString","coordinates":[[139.744540601,35.499145341,19.515],[139.743957756,35.498909113,19.852],[139.743681564,35.498797947,19.825],[139.743660016,35.498801935,19.823],[139.7436417,35.498805325,19.821]]}},{"type":"Feature","id":119,"properties":{"lane_id":119,"name":"Lane #109","role":1,"role_name":"Parking","speed_limit":40.0,"priority_offset":0.0,"oneway":"yes","length_m":96.7},"geometry":{"type":"LineString","coordinates":[[139.736963727,35.496120761,5.681],[139.736219469,35.49582788,4.59],[139.736033474,35.495753453,4.423],[139.736016362,35.495761018,4.412],[139.736003034,35.49576691,4.404]]}},{"type":"Feature","id":120,"properties":{"lane_id":120,"name":"Lane #110","role":1,"role_name":"Parking","speed_limit":40.0,"priority_offset":0.0,"oneway":"yes","length_m":71.1},"geometry":{"type":"LineString","coordinates":[[139.732055295,35.494169566,5.118],[139.731529474,35.493959147,5.265],[139.731376248,35.493899028,5.29],[139.731364051,35.493904232,5.291],[139.73135046,35.493910029,5.291]]}},{"type":"Feature","id":121,"properties":{"lane_id":121,"name":"Lane #111","role":1,"role_name":"Parking","speed_limit":40.0,"priority_offset":0.0,"oneway":"yes","length_m":68.2},"geometry":{"type":"LineString","coordinates":[[139.702482541,35.482222685,55.834],[139.701999834,35.482026837,54.386],[139.701834832,35.481960631,53.804],[139.701820392,35.481964917,53.772],[139.701806344,35.481969088,53.74]]}},{"type":"Feature","id":122,"properties":{"lane_id":122,"name":"Lane #112","role":1,"role_name":"Parking","speed_limit":40.0,"priority_offset":0.0,"oneway":"yes","length_m":106.6},"geometry":{"type":"LineString","coordinates":[[139.679011056,35.467334063,69.76],[139.678619835,35.466797998,70.992],[139.678435855,35.466546611,71.051],[139.678412169,35.466537777,71.042],[139.678389187,35.466529206,71.033]]}},{"type":"Feature","id":123,"properties":{"lane_id":123,"name":"Lane #113","role":1,"role_name":"Parking","speed_limit":40.0,"priority_offset":0.0,"oneway":"yes","length_m":96.1},"geometry":{"type":"LineString","coordinates":[[139.67403079,35.460501766,52.86],[139.673637336,35.459961411,51.174],[139.67351467,35.459790153,50.641],[139.673491589,35.459783373,50.6],[139.673471967,35.459777608,50.565]]}},{"type":"Feature","id":124,"properties":{"lane_id":124,"name":"Lane #114","role":3,"role_name":"Main","speed_limit":80.0,"priority_offset":0.0,"oneway":"yes","length_m":297.6},"geometry":{"type":"LineString","coordinates":[[139.63388025,35.467401016,1.974],[139.633891098,35.467388783,1.974],[139.635222567,35.465887563,1.971],[139.635303539,35.465799302,1.971],[139.635579454,35.46515863,2.69],[139.635586794,35.465141588,2.709]]}},{"type":"Feature","id":125,"properties":{"lane_id":125,"name":"Lane #115","role":1,"role_name":"Parking","speed_limit":40.0,"priority_offset":0.0,"oneway":"yes","length_m":381.6},"geometry":{"type":"LineString","coordinates":[[139.632230423,35.469212209,1.976],[139.632211321,35.469200714,1.976],[139.631995373,35.46907076,1.973],[139.631495938,35.468780029,1.974],[139.63134856,35.468696321,1.973],[139.631273382,35.468626842,1.973],[139.631243097,35.468560732,1.973],[139.631252829,35.468490025,1.972],[139.631335635,35.468377096,1.975],[139.631526551,35.468194846,2.641],[139.631560614,35.468162329,2.76],[139.631582002,35.468141912,2.835],[139.631770659,35.467960697,3.855],[139.632202857,35.467533824,3.544],[139.632252644,35.467483354,3.269],[139.632292385,35.467443067,3.049],[139.632509471,35.467223003,1.848],[139.632706004,35.467020865,0.757],[139.632944279,35.466789041,-0.536],[139.632994453,35.466709428,-0.91],[139.633012099,35.466681428,-1.042]]}},{"type":"Feature","id":126,"properties":{"lane_id":126,"name":"Lane #116","role":3,"role_name":"Main","speed_limit":80.0,"priority_offset":0.0,"oneway":"yes","length_m":105.4},"geometry":{"type":"LineString","coordinates":[[139.631545557,35.468180932,2.627],[139.631563279,35.468172656,2.694],[139.631659996,35.46812749,3.057],[139.632215556,35.467588591,3.699],[139.632266895,35.467486303,3.247],[139.632278941,35.467462301,3.141]]}},{"type":"Feature","id":127,"properties":{"lane_id":127,"name":"Lane #117","role":3,"role_name":"Main","speed_limit":80.0,"priority_offset":0.0,"oneway":"yes","length_m":866.7},"geometry":{"type":"LineString","coordinates":[[139.632278693,35.469204805,1.973],[139.63222773,35.469174421,1.973],[139.631483876,35.468730928,1.974],[139.631393227,35.468671608,1.975],[139.631361183,35.468620877,1.977],[139.631372069,35.468569557,1.973],[139.63143375,35.468495464,1.974],[139.631623098,35.468311784,1.975],[139.631864265,35.468080153,1.966],[139.632037612,35.467905807,0.724],[139.632178388,35.467767586,-1.029],[139.632333156,35.46761018,-2.739],[139.632428143,35.467510392,-3.103],[139.632531049,35.467364434,-2.626],[139.632604867,35.467235363,-1.722],[139.632665059,35.467146418,-1.229],[139.632786015,35.467012707,-0.481],[139.632855842,35.46694393,-0.084],[139.633007244,35.466790822,0.809],[139.633173557,35.466634679,1.756],[139.633340539,35.46648408,2.686],[139.633485457,35.466362449,3.464],[139.633710301,35.466187945,4.003],[139.633957952,35.466021011,3.533],[139.634310419,35.465804671,2.275],[139.634406841,35.465752755,1.981],[139.634903848,35.465474594,1.505],[139.6352479,35.465282957,1.595],[139.635421312,35.465212917,2.12],[139.635509577,35.465173467,2.438],[139.635567806,35.465144636,2.605],[139.635596461,35.465130447,2.687],[139.6356041,35.465126665,2.709],[139.636173113,35.464752419,2.729],[139.635017336,35.463998652,2.734],[139.634971549,35.463968791,2.734]]}},{"type":"Feature","id":128,"properties":{"lane_id":128,"name":"Lane #118","role":1,"role_name":"Parking","speed_limit":40.0,"priority_offset":0.0,"oneway":"yes","length_m":561.8},"geometry":{"type":"LineString","coordinates":[[139.629775185,35.470109029,1.974],[139.630092868,35.469779812,1.975],[139.630686534,35.469184426,1.979],[139.630916211,35.468964709,1.987],[139.631056609,35.468832094,1.984],[139.631133459,35.468775563,1.978],[139.631173249,35.468760887,1.978],[139.631245492,35.468767536,1.976],[139.631455037,35.468880746,1.97],[139.632064542,35.469247747,1.976],[139.632234059,35.469343324,1.97],[139.632383293,35.469165951,1.969],[139.633029362,35.468432407,1.977],[139.633799594,35.467530411,1.975],[139.633810531,35.467517603,1.975]]}},{"type":"Feature","id":129,"properties":{"lane_id":129,"name":"Lane #120","role":1,"role_name":"Parking","speed_limit":40.0,"priority_offset":0.0,"oneway":"yes","length_m":463.8},"geometry":{"type":"LineString","coordinates":[[139.62813399,35.475593947,2.73],[139.628134674,35.475578535,2.738],[139.62815122,35.475205936,2.938],[139.62815041,35.475144879,3.286],[139.628151133,35.475018879,4.039],[139.628164544,35.474461057,7.367],[139.628175614,35.47398518,10.201],[139.628174092,35.473619452,12.321],[139.628170957,35.473512758,12.425],[139.62816776,35.473403967,12.531],[139.628155827,35.472997854,12.928],[139.628150454,35.472749178,12.988],[139.628150191,35.472584107,13.132],[139.628150075,35.472510911,13.196],[139.62814999,35.472457402,13.242],[139.628151004,35.472332042,13.536],[139.628196631,35.472088568,13.922],[139.628277894,35.471819163,14.375],[139.628362739,35.471629622,14.48],[139.628403597,35.471553722,14.522],[139.628461642,35.471506495,14.369],[139.628486834,35.471485998,14.302]]}},{"type":"Feature","id":130,"properties":{"lane_id":130,"name":"Lane #121","role":1,"role_name":"Parking","speed_limit":40.0,"priority_offset":0.0,"oneway":"yes","length_m":103.7},"geometry":{"type":"LineString","coordinates":[[139.628163832,35.473463309,12.771],[139.628155403,35.473412948,12.789],[139.628097091,35.473064552,12.911],[139.628086496,35.472725246,12.994],[139.628129635,35.472573119,13.069],[139.628138834,35.47254068,13.085]]}},{"type":"Feature","id":131,"properties":{"lane_id":131,"name":"Lane #122","role":3,"role_name":"Main","speed_limit":80.0,"priority_offset":0.0,"oneway":"yes","length_m":4981.9},"geometry":{"type":"LineString","coordinates":[[139.746042705,35.595207497,10.802],[139.746032394,35.595191122,10.798],[139.74592282,35.595017106,10.755],[139.745746427,35.594783374,10.7],[139.745350559,35.59428686,10.55],[139.745066716,35.593941745,10.47],[139.744745845,35.593540128,10.369],[139.744561807,35.593314845,10.315],[139.744378743,35.593098752,10.324],[139.744203024,35.59289308,10.58],[139.743980266,35.592640019,10.973],[139.743874636,35.59249362,11.175],[139.743739577,35.592286386,11.466],[139.743661807,35.592135384,11.669],[139.743596531,35.591978042,11.889],[139.743561233,35.591827927,12.058],[139.743537699,35.591606163,12.328],[139.743552872,35.591425601,12.543],[139.7435972,35.59124345,12.756],[139.743618633,35.591182096,12.834],[139.743660963,35.591079125,12.975],[139.743732923,35.590956475,13.119],[139.743818612,35.590830914,13.305],[139.743892197,35.590744084,13.435],[139.744078677,35.590572115,13.654],[139.744425609,35.590299794,13.802],[139.744579247,35.590182122,13.29],[139.745111437,35.589768864,11.035],[139.745429053,35.589526341,9.691],[139.745772649,35.589256425,8.224],[139.746317117,35.588840114,6.075],[139.746633144,35.58859615,5.836],[139.746779018,35.58848497,5.837],[139.74694352,35.588361469,5.837],[139.74718368,35.588173006,5.84],[139.747269296,35.588102992,5.838],[139.747343192,35.58803922,5.846],[139.747427506,35.587959419,5.866],[139.747526995,35.587854655,5.883],[139.747574854,35.587801458,5.896],[139.747747984,35.587582543,5.937],[139.747974071,35.587279273,5.994],[139.748161915,35.586997251,6.046],[139.748332323,35.586719836,6.098],[139.74850093,35.58641732,6.149],[139.74885272,35.585788978,6.261],[139.749387129,35.584832888,6.432],[139.749646213,35.584376894,6.512],[139.749909842,35.58390202,6.277],[139.750125741,35.583519243,5.938],[139.750640288,35.582600694,5.686],[139.751076228,35.581808321,5.681],[139.7513499,35.581316457,5.685],[139.751698381,35.580698534,5.686],[139.752045886,35.580076735,5.686],[139.752440949,35.579370622,5.99],[139.752723964,35.578867561,7.757],[139.753082544,35.578233028,10.049],[139.753398417,35.577658148,10.114],[139.75365532,35.577190927,9.284],[139.753856171,35.576813961,8.603],[139.753999564,35.576523326,8.091],[139.75410317,35.576254153,7.622],[139.754170014,35.576016831,7.232],[139.754212524,35.575757661,6.814],[139.754223591,35.575612527,6.609],[139.754221439,35.575340235,6.423],[139.754200252,35.575133268,6.371],[139.754161188,35.574923905,6.313],[139.75409998,35.574667664,6.256],[139.753996658,35.574289896,6.149],[139.753829538,35.573683965,6.415],[139.7537103,35.573229312,8.109],[139.753637411,35.572910845,9.338],[139.753618734,35.57278286,9.824],[139.753610685,35.572585063,10.557],[139.753606865,35.572232261,11.294],[139.753615238,35.572058035,11.335],[139.753648406,35.571798104,11.251],[139.753701111,35.571541471,11.157],[139.753774337,35.571301445,11.035],[139.753840628,35.571123879,10.901],[139.753906676,35.570976702,10.765],[139.754016534,35.570764546,10.561],[139.754138731,35.570563968,10.368],[139.754295972,35.570338829,10.007],[139.754471374,35.570126655,8.987],[139.754691126,35.569902345,7.506],[139.755038311,35.569576473,5.327],[139.75549947,35.569130833,4.585],[139.756137611,35.568519847,4.58],[139.756693151,35.567988569,2.713],[139.75729902,35.567387034,-0.131],[139.757645422,35.567045968,-1.754],[139.757811224,35.566879491,-2.531],[139.758193877,35.566494158,-4.347],[139.75849,35.566199027,-5.741],[139.758729309,35.565945714,-6.92],[139.758964161,35.565672883,-8.071],[139.759086803,35.565512082,-8.182],[139.759204323,35.565331257,-7.626],[139.759287452,35.565168967,-6.893],[139.759319649,35.56510589,-6.596],[139.759392024,35.564921576,-5.768],[139.759443066,35.564733935,-4.943],[139.759483177,35.564490009,-3.872],[139.759491335,35.564267954,-2.902],[139.759478103,35.564080811,-2.086],[139.759451108,35.563878258,-1.191],[139.759405429,35.56366521,-0.249],[139.75931803,35.563344092,1.193],[139.759232732,35.563046663,2.534],[139.75908655,35.562589033,4.518],[139.759025089,35.562394488,5.302],[139.758956906,35.562210536,6.03],[139.758887296,35.56207021,6.583],[139.75882698,35.561953636,7.07],[139.758731754,35.561812397,7.658],[139.758637573,35.561697191,8.123],[139.75853008,35.561589991,8.411],[139.758388762,35.561476526,8.353],[139.758170388,35.561335845,7.857],[139.757949683,35.561226275,7.665],[139.757723608,35.561126882,7.68],[139.757382018,35.56100222,7.694],[139.756796984,35.560778909,7.695],[139.756333855,35.560602848,7.691],[139.755779417,35.560391004,7.694],[139.754910543,35.560059326,7.696],[139.754323812,35.55983731,7.693],[139.75376052,35.559620312,7.691],[139.753427388,35.55949507,7.695],[139.753114919,35.55936053,7.694],[139.752422379,35.559061337,7.865],[139.752237765,35.558979826,8.03],[139.752024422,35.558881622,8.231],[139.751827332,35.558782062,8.426],[139.751684763,35.55868914,8.487],[139.75165984,35.558672896,8.498]]}},{"type":"Feature","id":132,"properties":{"lane_id":132,"name":"Lane #123","role":3,"role_name":"Main","speed_limit":80.0,"priority_offset":0.0,"oneway":"yes","length_m":214.0},"geometry":{"type":"LineString","coordinates":[[139.746052232,35.595231648,10.805],[139.746032725,35.595207599,10.799],[139.745710211,35.594810003,10.702],[139.745365353,35.594379048,10.534],[139.745210562,35.594184066,9.587],[139.744993662,35.593916506,7.401],[139.744758528,35.593622297,5.632]]}},{"type":"Feature","id":133,"properties":{"lane_id":133,"name":"Lane #124","role":2,"role_name":"Secondary","speed_limit":60.0,"priority_offset":0.0,"oneway":"yes","length_m":242.8},"geometry":{"type":"LineString","coordinates":[[139.746195668,35.595468696,10.858],[139.74617597,35.595444142,10.852],[139.745700226,35.594851075,10.707],[139.745453357,35.594545233,10.624],[139.745254544,35.594301224,10.221],[139.745067823,35.594066784,8.491],[139.744723949,35.593644888,5.644]]}},{"type":"Feature","id":134,"properties":{"lane_id":134,"name":"Lane #125","role":3,"role_name":"Main","speed_limit":80.0,"priority_offset":0.0,"oneway":"yes","length_m":28.4},"geometry":{"type":"LineString","coordinates":[[139.746189436,35.595456771,10.855],[139.746178172,35.595437651,10.851],[139.7460679,35.595250466,10.81],[139.746053734,35.595226419,10.804]]}},{"type":"Feature","id":135,"properties":{"lane_id":135,"name":"Lane #126","role":1,"role_name":"Parking","speed_limit":40.0,"priority_offset":0.0,"oneway":"yes","length_m":442.0},"geometry":{"type":"LineString","coordinates":[[139.747328959,35.588103922,5.84],[139.747342345,35.588097346,5.842],[139.747402411,35.588067837,5.848],[139.747555039,35.587952091,5.87],[139.747658032,35.587859941,5.877],[139.747680831,35.587839542,5.878],[139.747690839,35.5878268,5.879],[139.747807501,35.587678259,5.883],[139.747906621,35.587527501,5.937],[139.748220643,35.587070534,6.012],[139.748464797,35.586669025,6.113],[139.748580852,35.586464938,6.144],[139.74881043,35.586042158,6.22],[139.749067107,35.585576896,6.305],[139.749272886,35.585214651,6.369],[139.749413556,35.584970898,6.412],[139.749523082,35.584766495,6.449],[139.749555814,35.584625517,6.473],[139.749559022,35.584611701,6.476]]}},{"type":"Feature","id":136,"properties":{"lane_id":136,"name":"Lane #127","role":2,"role_name":"Secondary","speed_limit":60.0,"priority_offset":0.0,"oneway":"yes","length_m":3129.2},"geometry":{"type":"LineString","coordinates":[[139.747324896,35.588103459,5.84],[139.747336141,35.588093228,5.842],[139.747411632,35.588024546,5.854],[139.747570417,35.587862955,5.89],[139.747679349,35.587732779,5.913],[139.747802821,35.587571583,5.941],[139.747961894,35.587364732,5.978],[139.748097664,35.587166624,6.019],[139.748246914,35.586931509,6.061],[139.748393516,35.586680961,6.107],[139.748521088,35.586464648,6.139],[139.748631112,35.586264322,6.18],[139.748813976,35.585946795,6.236],[139.749208733,35.585230637,6.361],[139.749526486,35.584656329,6.468],[139.749541224,35.584630552,6.466],[139.749560333,35.584597131,6.464],[139.749845992,35.584097524,6.428],[139.750136667,35.583588163,5.991],[139.75066187,35.582645646,5.682],[139.751122733,35.581816777,5.683],[139.751151853,35.581764403,5.683],[139.751206521,35.581666083,5.683],[139.751631793,35.580898512,5.683],[139.752085762,35.580089536,5.69],[139.752391982,35.579537504,5.735],[139.75243792,35.579457316,5.941],[139.752458404,35.57942156,6.032],[139.752584409,35.579201609,6.596],[139.753064942,35.578334658,9.746],[139.753437656,35.577669283,10.112],[139.753692743,35.577214633,9.3],[139.753877261,35.576871663,8.722],[139.75401275,35.576596209,8.266],[139.754118858,35.576341289,7.861],[139.754172831,35.57617121,7.587],[139.754222829,35.575972242,7.264],[139.754253727,35.575778873,6.959],[139.754265144,35.575651653,6.772],[139.754270677,35.575393309,6.567],[139.754251845,35.575189325,6.496],[139.754215493,35.574956076,6.408],[139.75405099,35.574314044,6.161],[139.753870552,35.57366465,6.445],[139.753819022,35.573466204,7.171],[139.753743863,35.573189853,8.233],[139.753687318,35.572985116,9.028],[139.753687298,35.572985044,9.028],[139.753675954,35.57290417,9.346],[139.753663373,35.572814476,9.699],[139.753651296,35.572589094,10.54],[139.753647429,35.572353395,11.145],[139.753654829,35.57217691,11.298],[139.753664058,35.572007262,11.237],[139.753702911,35.57175069,11.111],[139.753757284,35.571502032,11.017],[139.753826578,35.571277674,10.897],[139.753893408,35.5711074,10.761],[139.75396147,35.57095501,10.619],[139.754073793,35.570743819,10.419],[139.754201425,35.570540686,10.217],[139.754328474,35.570361668,9.907],[139.754488375,35.570168332,9.0],[139.754650572,35.569996422,7.907],[139.754836035,35.569819201,6.76],[139.755131143,35.569537033,5.022],[139.755429821,35.569256081,4.589],[139.756062542,35.568647631,4.589],[139.756595751,35.568134411,3.311],[139.756797174,35.56793389,2.369],[139.757442313,35.567299969,-0.645],[139.757780597,35.566958608,-2.249],[139.758061941,35.566676474,-3.583],[139.758387511,35.566352132,-5.109],[139.758676737,35.566059225,-6.462],[139.758925146,35.565775958,-7.706],[139.759094157,35.56556068,-8.141],[139.759199092,35.565403894,-7.797],[139.759319068,35.565203903,-6.854],[139.759411609,35.565003062,-5.925],[139.75948049,35.564773453,-4.919],[139.759515859,35.564577112,-4.079],[139.759531994,35.564291159,-2.867],[139.759520941,35.564097264,-2.054],[139.759504799,35.563968267,-1.511],[139.759452158,35.563685606,-0.295],[139.759359209,35.563356337,1.136],[139.75927224,35.563066125,2.419],[139.759220985,35.562891528,3.197],[139.759216566,35.562876475,3.264]]}},{"type":"Feature","id":138,"properties":{"lane_id":138,"name":"Lane #129","role":1,"role_name":"Parking","speed_limit":40.0,"priority_offset":0.0,"oneway":"yes","length_m":89.8},"geometry":{"type":"LineString","coordinates":[[139.750747418,35.582507883,5.686],[139.75081049,35.582448419,5.687],[139.751131829,35.581880875,5.686],[139.751142538,35.581807119,5.683],[139.751146672,35.581778647,5.682]]}},{"type":"Feature","id":139,"properties":{"lane_id":139,"name":"Lane #130","role":1,"role_name":"Parking","speed_limit":40.0,"priority_offset":0.0,"oneway":"yes","length_m":1035.1},"geometry":{"type":"LineString","coordinates":[[139.747684281,35.587838316,5.878],[139.74769794,35.587827237,5.878],[139.747814642,35.58773257,5.875],[139.747899765,35.587659654,5.874],[139.748056592,35.587506847,5.875],[139.748297478,35.587229047,5.877],[139.74858868,35.586814535,6.08],[139.749826019,35.584496134,6.5],[139.750678271,35.582971676,5.689],[139.751533025,35.581406702,5.687],[139.751906319,35.580751817,5.687],[139.752023905,35.580349233,5.691],[139.7520814,35.580232513,5.685],[139.752218066,35.579994226,5.686],[139.752328659,35.579791209,5.684],[139.752424686,35.579568189,5.721],[139.752447499,35.579457952,5.854],[139.752452209,35.579435192,5.882]]}},{"type":"Feature","id":141,"properties":{"lane_id":141,"name":"Lane #133","role":2,"role_name":"Secondary","speed_limit":60.0,"priority_offset":0.0,"oneway":"yes","length_m":2284.2},"geometry":{"type":"LineString","coordinates":[[139.759206296,35.562846139,3.398],[139.759201709,35.56283114,3.463],[139.759167855,35.562720453,3.939],[139.759149501,35.562660444,4.197],[139.759108488,35.562526353,4.773],[139.759027602,35.562296687,5.742],[139.758957056,35.562114546,6.512],[139.758890442,35.561984423,7.063],[139.758802042,35.561843671,7.674],[139.758675691,35.561683296,8.323],[139.758522732,35.561537114,8.652],[139.758374788,35.561418325,8.477],[139.758174125,35.561297039,7.971],[139.757902181,35.561168776,7.742],[139.757496382,35.561006097,7.696],[139.75698221,35.560808056,7.698],[139.75645834,35.560606458,7.694],[139.755898048,35.560395746,7.69],[139.755029477,35.560068945,7.697],[139.753896394,35.559637348,7.699],[139.753460516,35.559463695,7.696],[139.753185911,35.559351595,7.699],[139.752846234,35.559205527,7.698],[139.752414109,35.559019592,7.882],[139.752108365,35.558887767,8.126],[139.751962171,35.558820034,8.24],[139.751879768,35.55877107,8.272],[139.751757188,35.558689415,8.268],[139.751659744,35.558616221,8.22],[139.751525701,35.558490466,8.119],[139.751447303,35.558390025,8.039],[139.751347867,35.558222723,8.081],[139.751281588,35.558070484,8.346],[139.751036507,35.557462817,8.382],[139.750789368,35.556845815,9.026],[139.750398067,35.555855769,10.254],[139.750307328,35.555632793,10.547],[139.750197283,35.555400048,10.673],[139.75004515,35.555099877,10.575],[139.749810815,35.554661073,10.571],[139.749594352,35.554258127,10.653],[139.74924382,35.553631116,10.868],[139.748992949,35.553184833,10.998],[139.748850647,35.552928933,10.987],[139.748755928,35.552726348,10.978],[139.748673105,35.552510008,11.021],[139.748633383,35.552377994,11.093],[139.748599544,35.552234128,11.187],[139.748564831,35.55201577,11.332],[139.748516247,35.551660121,11.529],[139.748467522,35.551321259,11.637],[139.748418723,35.551005043,11.744],[139.74837488,35.550685208,11.958],[139.748346242,35.550486847,12.164],[139.748314768,35.550325265,12.332],[139.748284092,35.550197598,12.432],[139.748214153,35.549956861,12.498],[139.748137486,35.549746674,12.547],[139.747987238,35.549417672,12.718],[139.747724774,35.548890844,13.108],[139.747411474,35.548272782,13.674],[139.747089171,35.547630516,14.248],[139.746649912,35.546752873,15.045],[139.746600656,35.546644332,15.085],[139.746592042,35.54662535,15.092]]}},{"type":"Feature","id":142,"properties":{"lane_id":142,"name":"Lane #134","role":3,"role_name":"Main","speed_limit":80.0,"priority_offset":0.0,"oneway":"yes","length_m":5060.7},"geometry":{"type":"LineString","coordinates":[[139.751656953,35.558663917,8.467],[139.751638363,35.558648127,8.458],[139.751570745,35.558590693,8.427],[139.751500301,35.558515525,8.366],[139.751403753,35.558395429,8.286],[139.751310831,35.558239386,8.276],[139.751167364,35.557903757,8.351],[139.750993261,35.557469655,8.385],[139.750769484,35.556896981,8.969],[139.750647974,35.556593003,9.346],[139.750478443,35.556177232,9.86],[139.750374747,35.555920792,10.178],[139.750262797,35.555639486,10.508],[139.750184807,35.555463561,10.603],[139.749991712,35.555086542,10.567],[139.74974233,35.554620881,10.571],[139.749504491,35.554178603,10.686],[139.749451854,35.554080184,10.719],[139.749427055,35.554033817,10.735],[139.749415384,35.554011995,10.742],[139.749188108,35.553617694,10.88],[139.748958343,35.553206817,11.012],[139.748830803,35.552978625,11.063],[139.748750399,35.552820623,11.098],[139.748673787,35.552637877,11.136],[139.748607099,35.552436476,11.209],[139.748560918,35.552246589,11.287],[139.748512587,35.551978872,11.405],[139.74846536,35.551628685,11.54],[139.748428444,35.551359867,11.621],[139.748362218,35.550914799,11.779],[139.748317685,35.55058267,12.004],[139.748274017,35.55033949,12.195],[139.748238748,35.55018611,12.287],[139.74817736,35.54998256,12.335],[139.748098257,35.549770356,12.417],[139.74799377,35.549539063,12.576],[139.747838782,35.549216158,12.839],[139.747638009,35.548816887,13.19],[139.747116507,35.547761429,14.147],[139.746799565,35.547127356,14.719],[139.746635471,35.546808385,15.009],[139.746417109,35.546372472,15.315],[139.746317404,35.546122524,15.442],[139.746253073,35.545892709,15.406],[139.74620966,35.545595823,15.298],[139.746198514,35.545413854,15.291],[139.746219548,35.544931341,15.12],[139.746238624,35.544269577,14.531],[139.746259764,35.543533414,12.206],[139.746273001,35.543123301,11.662],[139.746286511,35.542718131,11.411],[139.746299387,35.542209993,11.099],[139.746307567,35.541657584,10.767],[139.746316797,35.541094894,10.783],[139.746319213,35.540713963,10.934],[139.746324088,35.540467475,11.026],[139.746322313,35.540296362,11.094],[139.746302862,35.540132486,11.152],[139.746274112,35.539968263,11.219],[139.746233202,35.539800554,11.28],[139.746196476,35.5396774,11.331],[139.746133298,35.539509186,11.397],[139.746062516,35.539363404,11.461],[139.74596956,35.539197593,11.52],[139.7459012,35.539087011,11.539],[139.745713994,35.538817425,11.486],[139.74549757,35.538511789,11.361],[139.745249317,35.538155394,11.225],[139.745036113,35.537848885,11.103],[139.744734763,35.537419244,10.933],[139.744300664,35.53679322,10.851],[139.7438457,35.53613919,11.132],[139.74351053,35.535663967,11.34],[139.743187765,35.535208929,11.54],[139.742903853,35.534790293,11.625],[139.742656912,35.534431228,11.504],[139.742363626,35.534023027,11.374],[139.742170383,35.533745814,11.35],[139.741899198,35.533399837,11.307],[139.741734192,35.533216016,11.229],[139.741539196,35.533016497,11.156],[139.741340084,35.532840971,11.07],[139.741161142,35.532697667,11.024],[139.74095911,35.5325462,11.018],[139.740701844,35.532368011,11.014],[139.740343075,35.532133586,11.068],[139.739628726,35.531672715,11.325],[139.739131131,35.531353915,11.43],[139.738490226,35.530937802,11.213],[139.737853531,35.530525127,10.985],[139.737362292,35.530204042,10.803],[139.736786108,35.529833204,10.599],[139.735989796,35.529319478,10.312],[139.735076192,35.528722956,10.008],[139.734283726,35.528211572,10.248],[139.733777238,35.527882031,10.433],[139.733229177,35.527529654,10.641],[139.732466027,35.52703378,10.82],[139.731787035,35.526592678,10.589],[139.7312386,35.526236529,10.423],[139.730888053,35.526011793,10.451],[139.730587811,35.525811489,10.527],[139.730312478,35.525618686,10.614],[139.730087968,35.52544341,10.697],[139.729841316,35.52523157,10.793],[139.729616695,35.525018729,10.9],[139.72923143,35.524598032,11.121],[139.728970182,35.524306116,11.262],[139.728699814,35.524002094,11.281],[139.728407417,35.523672789,11.13],[139.727938258,35.523145742,10.877],[139.727642929,35.522807963,10.78],[139.727407249,35.522542917,10.812],[139.727240111,35.522355658,10.87],[139.727081356,35.522193909,10.882],[139.726986062,35.522108157,10.869],[139.726861934,35.522012098,10.825],[139.726655639,35.521876105,10.775],[139.726349393,35.521703014,10.662],[139.726194562,35.521630807,10.5],[139.726014526,35.521556714,10.264],[139.725900709,35.521513684,10.114],[139.72546087,35.521376525,9.866],[139.725142212,35.521279664,9.774],[139.7250886,35.521263368,9.759]]}},{"type":"Feature","id":143,"properties":{"lane_id":143,"name":"Lane #135","role":1,"role_name":"Parking","speed_limit":40.0,"priority_offset":0.0,"oneway":"yes","length_m":306.5},"geometry":{"type":"LineString","coordinates":[[139.746582683,35.546606068,15.094],[139.746567795,35.546576503,15.096],[139.746463893,35.546370169,15.115],[139.746388471,35.546187195,15.213],[139.746366457,35.546075681,15.165],[139.746362192,35.546054076,15.156],[139.746359561,35.546019358,15.12],[139.746342801,35.545798207,14.888],[139.746357683,35.545567465,14.894],[139.746358692,35.545551824,14.895],[139.746363156,35.545531533,14.923],[139.746413741,35.545301631,15.247],[139.74641684,35.545249379,15.231],[139.746419041,35.545212274,15.22],[139.746427552,35.545068807,15.176],[139.746429022,35.544818622,15.075],[139.746437462,35.544617405,15.0],[139.746428347,35.544407362,14.719],[139.746426371,35.544361818,14.658],[139.7464227,35.544277218,14.544],[139.746394724,35.544114641,14.059],[139.746388019,35.544075677,13.942],[139.746386657,35.544067764,13.918],[139.746321946,35.543908523,14.961],[139.746318491,35.54390002,15.016]]}},{"type":"Feature","id":144,"properties":{"lane_id":144,"name":"Lane #136","role":2,"role_name":"Secondary","speed_limit":60.0,"priority_offset":0.0,"oneway":"yes","length_m":7297.0},"geometry":{"type":"LineString","coordinates":[[139.746357914,35.54604579,15.163],[139.74635153,35.546022819,15.159],[139.746314544,35.545889726,15.136],[139.746277586,35.545539784,15.12],[139.746278525,35.545186833,15.218],[139.746297606,35.544826894,15.083],[139.74631646,35.544297343,14.601],[139.746309617,35.543915804,13.385],[139.746308301,35.543842486,13.151],[139.746305577,35.543690566,12.666],[139.746310262,35.543413041,11.947],[139.746322438,35.543005582,11.588],[139.746335466,35.542532345,11.299],[139.746346107,35.542039744,10.996],[139.746356679,35.541484646,10.711],[139.746361541,35.541089087,10.791],[139.746367209,35.540764712,10.915],[139.746364019,35.540470085,11.025],[139.746358846,35.540230471,11.118],[139.746336638,35.540054502,11.18],[139.746295668,35.53985719,11.259],[139.74623094,35.539648394,11.34],[139.746161454,35.539474311,11.408],[139.746105512,35.539355688,11.457],[139.745968247,35.53912532,11.528],[139.745871292,35.53897134,11.53],[139.745588198,35.538562613,11.392],[139.745309242,35.538169637,11.235],[139.745059994,35.537810159,11.093],[139.744648404,35.537224962,10.862],[139.744105164,35.536445607,10.995],[139.743632621,35.535770084,11.284],[139.743245953,35.535212969,11.527],[139.742708598,35.534437601,11.515],[139.742400055,35.533989503,11.387],[139.742265359,35.533803292,11.399],[139.742096467,35.533581762,11.425],[139.741910807,35.533354338,11.409],[139.741718523,35.5331447,11.322],[139.741518004,35.532950769,11.236],[139.74133631,35.532793104,11.165],[139.741177458,35.53266255,11.135],[139.740960042,35.532502955,11.096],[139.740719085,35.532339373,11.057],[139.74046018,35.532168949,11.044],[139.740053267,35.531905407,11.178],[139.739674615,35.531659337,11.317],[139.739181962,35.531339436,11.434],[139.738173827,35.530686652,11.088],[139.7374272,35.530202753,10.825],[139.736831513,35.529817501,10.604],[139.736209072,35.529413519,10.377],[139.735576395,35.529009209,10.154],[139.734929446,35.528588595,10.023],[139.734013398,35.527993109,10.356],[139.733256655,35.527505806,10.635],[139.732516258,35.527023235,10.823],[139.73174239,35.526520164,10.57],[139.7312012,35.526168287,10.416],[139.730942205,35.526002178,10.424],[139.730687493,35.525835438,10.458],[139.730463733,35.525683453,10.489],[139.730276356,35.525544531,10.519],[139.730110308,35.525408968,10.577],[139.729915444,35.525244492,10.657],[139.729735046,35.525077321,10.737],[139.72953826,35.524880491,10.876],[139.729254457,35.52457167,11.099],[139.72899987,35.524288588,11.26],[139.728240515,35.523426411,11.021],[139.7278026,35.522927972,10.797],[139.727512201,35.522605009,10.795],[139.727382529,35.522458174,10.828],[139.727236427,35.52229189,10.969],[139.727095918,35.522152187,11.057],[139.727003176,35.52207147,11.06],[139.72689771,35.521991938,11.021],[139.726780469,35.521917047,10.97],[139.726644036,35.521833822,10.926],[139.726436584,35.52171505,10.862],[139.726317161,35.521652133,10.783],[139.726168563,35.52158018,10.618],[139.725993635,35.521513746,10.314],[139.725880947,35.521475225,10.125],[139.725581162,35.521382332,9.898],[139.725007801,35.521204205,9.729],[139.724878219,35.521157588,9.693],[139.724667412,35.521089925,9.625],[139.724226573,35.520953968,9.567],[139.72403367,35.52089456,9.624],[139.723600811,35.520763507,9.821],[139.723149307,35.520625558,10.035],[139.722688008,35.520486609,10.246],[139.722258683,35.520355608,10.448],[139.721664436,35.520171762,10.72],[139.721223135,35.520039577,10.929],[139.720851078,35.519923279,11.106],[139.72003939,35.51967619,11.489],[139.719588365,35.519538417,11.631],[139.719373129,35.519466254,11.709],[139.719160976,35.519385774,11.854],[139.71901102,35.519322603,12.045],[139.718825597,35.519230175,12.31],[139.718638512,35.519125431,12.585],[139.718517003,35.519045969,12.816],[139.718335324,35.518917232,13.257],[139.718059074,35.518703769,13.916],[139.717825982,35.518522457,14.292],[139.717362153,35.51816158,14.358],[139.716978291,35.517859523,14.029],[139.716597206,35.517561896,13.77],[139.716320985,35.517355942,13.693],[139.716191802,35.517268374,13.673],[139.71601527,35.517159165,13.689],[139.715814135,35.517044612,13.68],[139.715587128,35.516933367,13.551],[139.715451936,35.516875837,13.417],[139.715032872,35.516703394,12.984],[139.714649713,35.516549585,12.753],[139.714325618,35.516416409,12.639],[139.714011709,35.516285978,12.491],[139.713734873,35.516166206,12.369],[139.713533649,35.516076612,12.353],[139.713330896,35.51597428,12.423],[139.713033472,35.515821628,12.611],[139.712805689,35.515692198,12.756],[139.712521956,35.515527826,12.945],[139.711886817,35.51516022,12.952],[139.711363576,35.514860962,12.544],[139.710856081,35.514569019,12.15],[139.710401515,35.514306237,11.795],[139.709980711,35.514063149,11.468],[139.709347616,35.513699298,11.315],[139.708823053,35.513397364,11.502],[139.708425882,35.513169865,11.66],[139.708153051,35.513015029,11.815],[139.707839956,35.512838086,11.998],[139.707617521,35.512721735,11.996],[139.707408139,35.512620588,11.927],[139.70712118,35.512498456,11.807],[139.706875217,35.512401791,11.64],[139.706558516,35.512289792,11.504],[139.70609062,35.512120314,11.56],[139.705843807,35.512028299,11.493],[139.705597451,35.511924028,11.294],[139.705355237,35.511801081,11.127],[139.705119834,35.511675589,11.147],[139.704861943,35.511521034,11.276],[139.704647069,35.511372497,11.387],[139.704368286,35.51117736,11.505],[139.704129875,35.511022032,11.591],[139.703780014,35.510802745,11.794],[139.703393923,35.510558543,12.074],[139.702952004,35.510280943,12.455],[139.702676571,35.510121011,12.724],[139.70243782,35.509989387,12.851],[139.702162986,35.50985607,12.984],[139.701955448,35.509763046,13.034],[139.70168357,35.509645309,13.046],[139.701205686,35.509452751,13.226],[139.700292567,35.509084716,13.099],[139.69956216,35.50878772,12.288],[139.699246403,35.508659307,11.938],[139.699063972,35.50858725,11.76],[139.698844895,35.508484742,11.68],[139.698495001,35.508342504,11.679],[139.698131427,35.508192721,11.598],[139.697707046,35.50802134,11.428],[139.69725751,35.507839528,11.246],[139.696796786,35.507654348,11.066],[139.69652638,35.507540936,10.965],[139.696200476,35.50741248,10.911],[139.695787164,35.507261126,10.845],[139.695464087,35.507161479,10.728],[139.695198596,35.507097255,10.585],[139.694515035,35.506948218,10.569],[139.693631608,35.506762494,10.809],[139.692838436,35.506595288,11.032],[139.69212349,35.506446944,10.873],[139.691753318,35.50635992,10.593],[139.691410383,35.506266975,10.398],[139.691170932,35.506197321,10.35],[139.690773221,35.506070996,10.527],[139.690330639,35.505920344,10.703],[139.689874117,35.505767956,10.832],[139.689582047,35.505669501,10.926],[139.689211029,35.505544984,11.036],[139.689188366,35.505537378,11.043]]}},{"type":"Feature","id":145,"properties":{"lane_id":145,"name":"Lane #137","role":3,"role_name":"Main","speed_limit":80.0,"priority_offset":0.0,"oneway":"yes","length_m":161.4},"geometry":{"type":"LineString","coordinates":[[139.746356977,35.545543929,14.914],[139.746357008,35.545531705,14.918],[139.746358516,35.544930099,15.119],[139.746379409,35.544316598,14.644],[139.746387179,35.544117589,14.073],[139.746388072,35.544094718,14.008]]}},{"type":"Feature","id":146,"properties":{"lane_id":146,"name":"Lane #138","role":1,"role_name":"Parking","speed_limit":40.0,"priority_offset":0.0,"oneway":"yes","length_m":99.2},"geometry":{"type":"LineString","coordinates":[[139.746417966,35.545230884,15.235],[139.746428441,35.545214894,15.229],[139.7464701,35.5451513,15.207],[139.746479502,35.54501014,15.152],[139.746499282,35.544841308,15.085],[139.746525127,35.544797199,15.066],[139.746529536,35.544631963,14.999],[139.74649156,35.544574661,14.977],[139.746487965,35.544458626,14.818],[139.74644543,35.544395633,14.768],[139.746432045,35.544375809,14.752]]}},{"type":"Feature","id":147,"properties":{"lane_id":147,"name":"Lane #139","role":3,"role_name":"Main","speed_limit":80.0,"priority_offset":0.0,"oneway":"yes","length_m":2267.9},"geometry":{"type":"LineString","coordinates":[[139.72507424,35.521258981,9.756],[139.725043243,35.521250071,9.746],[139.724929033,35.521217241,9.71],[139.724731054,35.521148815,9.655],[139.724507859,35.521074301,9.582],[139.724193466,35.520980198,9.571],[139.724006433,35.520922527,9.627],[139.723414811,35.520744268,9.902],[139.722791936,35.520552781,10.191],[139.722040313,35.520324124,10.541],[139.721447925,35.520142786,10.821],[139.721088483,35.520031857,10.991],[139.720727552,35.519923384,11.157],[139.719942448,35.519682165,11.528],[139.719567588,35.519569112,11.631],[139.719338704,35.519492072,11.713],[139.719160297,35.51942697,11.824],[139.718966129,35.519342684,12.08],[139.718767403,35.519241562,12.355],[139.71862433,35.519157881,12.57],[139.718455376,35.519052417,12.891],[139.718266285,35.518914152,13.352],[139.718032819,35.518733402,13.91],[139.717880691,35.518613385,14.165],[139.717530851,35.518339812,14.477],[139.717088867,35.517995866,14.146],[139.7167033,35.51769716,13.829],[139.7164046,35.517465819,13.724],[139.716278104,35.517375128,13.688],[139.716123424,35.517272024,13.678],[139.715980054,35.517181965,13.687],[139.715850211,35.517108152,13.679],[139.715692181,35.517026585,13.638],[139.715539587,35.516953816,13.524],[139.715392036,35.516891373,13.373],[139.71515075,35.516791164,13.111],[139.714746256,35.51662988,12.814],[139.714419955,35.516493949,12.671],[139.714049125,35.516341798,12.516],[139.713741845,35.516209472,12.38],[139.713484551,35.516097192,12.356],[139.713211777,35.515958393,12.483],[139.712999328,35.515844323,12.62],[139.712731736,35.515692049,12.789],[139.712500729,35.515559486,12.947],[139.712061656,35.515307214,13.073],[139.711630828,35.515058143,12.774],[139.711156211,35.514785026,12.401],[139.710690936,35.514515524,12.043],[139.71025644,35.514265725,11.706],[139.709706116,35.513949527,11.302],[139.709300637,35.513718387,11.324],[139.708801237,35.513428664,11.497],[139.708386148,35.51318998,11.664],[139.708103699,35.513025845,11.834],[139.707790176,35.512852885,12.003],[139.707593694,35.512749992,11.997],[139.707380532,35.512651239,11.924],[139.70712548,35.512537003,11.821],[139.706859036,35.512433153,11.636],[139.706571964,35.512331128,11.513],[139.706082631,35.512157264,11.559],[139.705874664,35.512078355,11.517],[139.705603781,35.511962461,11.317],[139.705412332,35.511872551,11.162],[139.705223406,35.511770622,11.116],[139.704891063,35.511582415,11.249],[139.704642904,35.511416938,11.375],[139.704454544,35.511281341,11.465],[139.704295007,35.511174447,11.524],[139.704108184,35.511051956,11.587],[139.703988447,35.510978073,11.646],[139.703837387,35.510886851,11.739],[139.703791941,35.510859407,11.767]]}},{"type":"Feature","id":148,"properties":{"lane_id":148,"name":"Lane #140","role":3,"role_name":"Main","speed_limit":80.0,"priority_offset":0.0,"oneway":"yes","length_m":3319.6},"geometry":{"type":"LineString","coordinates":[[139.703782193,35.510854766,11.769],[139.703733621,35.510823335,11.805],[139.703547915,35.510703167,11.945],[139.703137036,35.510446912,12.226],[139.702764297,35.510210552,12.627],[139.702589067,35.510112519,12.751],[139.702373361,35.509995651,12.87],[139.702112801,35.509868834,13.0],[139.701790937,35.509728605,13.046],[139.701296821,35.509526222,13.172],[139.700620462,35.509254307,13.389],[139.699909389,35.508959321,12.688],[139.699541305,35.508811169,12.282],[139.699219134,35.508683502,11.923],[139.69916202,35.508659163,11.876],[139.699086756,35.508627089,11.814],[139.698950822,35.50856916,11.702],[139.698647741,35.508443581,11.677],[139.698252577,35.508284026,11.643],[139.69767059,35.508045245,11.42],[139.6970855,35.507809333,11.183],[139.696698471,35.507651155,11.029],[139.696361788,35.507516347,10.909],[139.696030953,35.50738389,10.817],[139.695840948,35.507315411,10.759],[139.695383827,35.50717398,10.59],[139.695055835,35.507096071,10.488],[139.694692029,35.507020749,10.518],[139.693961391,35.506869422,10.711],[139.693584104,35.506787469,10.817],[139.693107196,35.506686681,10.957],[139.692556027,35.506569734,11.069],[139.691969886,35.506446479,10.809],[139.691526932,35.506335296,10.536],[139.691166994,35.506233858,10.428],[139.690790095,35.506114376,10.532],[139.690433361,35.505990297,10.657],[139.69006635,35.505866779,10.769],[139.689566101,35.505700442,10.928],[139.688656596,35.505391674,11.205],[139.687422369,35.504975144,11.588],[139.686319633,35.504602257,11.927],[139.685523974,35.504335825,12.177],[139.684578331,35.50401489,12.466],[139.683486492,35.503649407,12.801],[139.682815716,35.50342282,13.007],[139.682138467,35.503196461,12.852],[139.681433447,35.502953066,12.502],[139.680943598,35.502787607,12.256],[139.680600216,35.502665177,12.083],[139.679893124,35.502421615,11.725],[139.679236202,35.502191204,11.395],[139.678489201,35.501927404,11.019],[139.677848851,35.501697633,10.925],[139.677421001,35.50154077,11.046],[139.677136499,35.501444412,11.127],[139.67676308,35.501314956,11.381],[139.676540303,35.501228634,11.57],[139.676434597,35.501184823,11.631],[139.676310049,35.501130986,11.675],[139.676039967,35.500990564,11.625],[139.675799722,35.500858001,11.485],[139.675544562,35.500719824,11.307],[139.675386168,35.500636924,11.244],[139.675187801,35.500541776,11.144],[139.674933471,35.500438479,10.991],[139.674714216,35.500353771,10.882],[139.673945115,35.500062794,10.568],[139.672949082,35.499686916,10.385],[139.672325406,35.499455644,10.68],[139.672030941,35.49934275,10.821],[139.670851419,35.498927983,11.346],[139.670396782,35.498781506,11.51],[139.670389897,35.498779288,11.512]]}},{"type":"Feature","id":149,"properties":{"lane_id":149,"name":"Lane #141","role":1,"role_name":"Parking","speed_limit":40.0,"priority_offset":0.0,"oneway":"yes","length_m":34.9},"geometry":{"type":"LineString","coordinates":[[139.689538821,35.505640771,10.938],[139.689476541,35.505596128,10.967],[139.689274657,35.505528754,11.026],[139.689209229,35.505531917,11.04],[139.689190993,35.505532799,11.043]]}},{"type":"Feature","id":150,"properties":{"lane_id":150,"name":"Lane #142","role":2,"role_name":"Secondary","speed_limit":60.0,"priority_offset":0.0,"oneway":"yes","length_m":2696.3},"geometry":{"type":"LineString","coordinates":[[139.689181898,35.5055335,11.045],[139.689164405,35.505527605,11.051],[139.68824418,35.505217504,11.339],[139.687448985,35.504946089,11.584],[139.686751161,35.504710616,11.796],[139.685780613,35.504384232,12.1],[139.684962453,35.504108853,12.351],[139.68409837,35.503818217,12.618],[139.68293083,35.503420223,12.984],[139.681937139,35.503091006,12.748],[139.681261421,35.502859954,12.402],[139.680888526,35.502729875,12.222],[139.680258284,35.502512324,11.903],[139.679888113,35.502385314,11.714],[139.679263821,35.502160588,11.399],[139.679017952,35.502074441,11.273],[139.678950845,35.502050928,11.239],[139.678848724,35.502015147,11.187],[139.678540714,35.501908539,11.053],[139.678480696,35.501887766,11.027],[139.678187384,35.501786244,10.899],[139.677833412,35.501657744,10.931],[139.677504643,35.501539621,11.024],[139.67706103,35.501378285,11.176],[139.676715382,35.50125503,11.367],[139.67654826,35.501193701,11.428],[139.676408849,35.501136039,11.464],[139.676218207,35.501044892,11.544],[139.676002734,35.500931884,11.573],[139.67570863,35.500769907,11.397],[139.675350607,35.500575656,11.332],[139.675155919,35.50048586,11.243],[139.674684179,35.500303092,10.86],[139.673877225,35.499999403,10.539],[139.673095969,35.499702987,10.326],[139.672481151,35.49947476,10.619],[139.671997155,35.499295001,10.845],[139.671364729,35.499071564,11.131],[139.671084586,35.498973723,11.253],[139.67068468,35.498833467,11.423],[139.670359116,35.498726995,11.558],[139.670073417,35.498638383,11.825],[139.669732489,35.498534797,12.684],[139.66943046,35.498445825,13.888],[139.669188554,35.498386786,14.615],[139.669043442,35.498353029,15.017],[139.668801481,35.49831464,15.654],[139.668576714,35.4982897,16.255],[139.668325459,35.498284752,16.612],[139.668057157,35.498299648,16.512],[139.667772483,35.498320035,16.186],[139.667291869,35.498357284,15.68],[139.667048684,35.49836932,15.386],[139.66683128,35.4983681,15.15],[139.666621023,35.498354318,15.018],[139.66639679,35.498321316,14.924],[139.666189198,35.498272181,14.827],[139.665990728,35.49821344,14.769],[139.665763571,35.498116634,14.656],[139.66551908,35.49798838,14.682],[139.665274914,35.497827122,14.709],[139.664554309,35.497328261,14.502],[139.663760878,35.496784046,14.035],[139.663416034,35.496551003,12.86],[139.663092832,35.496366489,11.522],[139.662818203,35.496233137,10.382],[139.662674584,35.496179072,9.778],[139.662408441,35.496081284,8.645],[139.662237024,35.496033201,7.914],[139.662197936,35.496022236,7.748]]}},{"type":"Feature","id":151,"properties":{"lane_id":151,"name":"Lane #143","role":2,"role_name":"Secondary","speed_limit":60.0,"priority_offset":0.0,"oneway":"yes","length_m":3299.5},"geometry":{"type":"LineString","coordinates":[[139.678992979,35.502058975,11.269],[139.678961291,35.50204416,11.251],[139.67863235,35.501890375,11.066],[139.678232902,35.501719301,10.895],[139.677826981,35.501571439,10.939],[139.67731454,35.501389698,11.169],[139.677089934,35.501302885,11.476],[139.676880756,35.501219071,11.81],[139.676687223,35.501122319,12.237],[139.6765095,35.501004863,12.742],[139.676369734,35.500890284,13.345],[139.676244425,35.500742309,14.004],[139.676182237,35.500634169,14.426],[139.676113705,35.500467938,15.063],[139.67608964,35.500326901,15.542],[139.676084353,35.500198514,15.997],[139.676109616,35.500027274,16.585],[139.676147113,35.499893641,17.156],[139.67620902,35.499779817,17.691],[139.676296368,35.499638526,18.408],[139.676439965,35.499432459,18.816],[139.676598769,35.499200775,18.286],[139.677107434,35.498452352,15.892],[139.677326618,35.498133066,14.881],[139.677390193,35.49803026,14.568],[139.677661041,35.497632213,13.476],[139.67804356,35.497074164,13.271],[139.678376273,35.496612533,13.461],[139.678761651,35.496102584,13.681],[139.679156719,35.495569922,13.903],[139.679617249,35.494904997,14.173],[139.679924709,35.494452034,14.493],[139.680056918,35.494226684,14.729],[139.680173191,35.493982385,14.888],[139.680279852,35.493589874,14.982],[139.680299752,35.493349365,14.951],[139.68029111,35.493107269,14.782],[139.680247921,35.492806247,14.494],[139.680130736,35.492149576,14.181],[139.679900099,35.49083191,13.691],[139.679786685,35.490198302,13.457],[139.679634015,35.489323449,13.143],[139.679479456,35.488426664,12.823],[139.679462847,35.488247019,12.756],[139.67945988,35.488033223,12.965],[139.679498537,35.487507097,13.17],[139.679578969,35.486392867,13.546],[139.679624769,35.485738231,13.796],[139.679659196,35.485343132,13.883],[139.679693322,35.485090008,13.965],[139.679764346,35.484728052,14.187],[139.679895789,35.484140369,14.371],[139.680064912,35.483384831,14.715],[139.680114769,35.483207353,14.781],[139.680168331,35.483061088,14.998],[139.680232056,35.48292021,15.399],[139.680324362,35.482737319,15.943],[139.680603954,35.48218899,17.434],[139.680772592,35.481842148,18.686],[139.680841038,35.481667899,19.222],[139.680880067,35.481540337,19.505],[139.68092626,35.481366561,19.882],[139.681098691,35.480621138,21.886],[139.681227657,35.480044061,23.506],[139.681388274,35.47935366,24.849],[139.681446831,35.479118432,24.65],[139.681524145,35.478771293,23.721],[139.681680391,35.47809442,21.523],[139.681694603,35.478032851,21.323],[139.681703561,35.477994043,21.197],[139.68189826,35.477145867,19.505],[139.682092377,35.476315219,19.212],[139.682232213,35.475694314,18.975],[139.682324276,35.475336779,18.813],[139.682363775,35.475212173,18.75],[139.682403041,35.475083304,18.687],[139.68242271,35.474982902,18.67],[139.68241137,35.474942951,18.694],[139.682409094,35.474934934,18.698]]}},{"type":"Feature","id":152,"properties":{"lane_id":152,"name":"Lane #144","role":3,"role_name":"Main","speed_limit":80.0,"priority_offset":0.0,"oneway":"yes","length_m":4384.4},"geometry":{"type":"LineString","coordinates":[[139.67851708,35.501898349,11.023],[139.678490703,35.501883496,11.009],[139.678352769,35.501805825,10.934],[139.678187222,35.501735749,10.893],[139.677830515,35.501608767,10.936],[139.677298594,35.501420033,11.17],[139.677028652,35.501322009,11.553],[139.676833597,35.501239599,11.953],[139.67664281,35.501139934,12.476],[139.676523887,35.501068639,12.865],[139.676373127,35.500946815,13.448],[139.676245719,35.500806726,14.055],[139.676154584,35.500668058,14.614],[139.676089904,35.500520143,15.151],[139.676052186,35.50035407,15.718],[139.676043824,35.50017682,16.328],[139.676054613,35.500058996,16.754],[139.676101702,35.499908037,17.264],[139.676135089,35.499835067,17.552],[139.676197045,35.49973091,17.972],[139.676294906,35.499580083,18.582],[139.67657158,35.499173036,18.252],[139.677066813,35.498442895,15.929],[139.677295934,35.498111011,14.867],[139.677356051,35.498010811,14.557],[139.677618699,35.497627222,13.493],[139.677997761,35.497074058,13.264],[139.678331352,35.496611139,13.456],[139.678725362,35.496086828,13.681],[139.679126515,35.495546491,13.903],[139.679568568,35.494908014,14.169],[139.679899074,35.494416145,14.419],[139.680023083,35.494212297,14.563],[139.680138629,35.493968156,14.685],[139.680241459,35.493593339,14.776],[139.680263161,35.493352839,14.755],[139.680254578,35.493131446,14.647],[139.680236426,35.492986813,14.555],[139.680197262,35.49276241,14.419],[139.680093288,35.492162156,14.184],[139.679863314,35.490848297,13.694],[139.67974771,35.490199232,13.455],[139.679596674,35.489328326,13.142],[139.679432384,35.488401136,12.972],[139.679417473,35.488234369,12.99],[139.679419,35.487991203,13.111],[139.679452845,35.48755132,13.16],[139.679537329,35.486388735,13.549],[139.679585297,35.485735301,13.801],[139.679622891,35.485325736,13.966],[139.679658036,35.485057523,14.082],[139.679726773,35.484703427,14.225],[139.679857682,35.484132096,14.371],[139.680023283,35.483380647,14.795],[139.680050887,35.483279824,14.889],[139.680081377,35.483177676,15.003],[139.680125245,35.483057781,15.187],[139.680190324,35.482906568,15.518],[139.680568598,35.482174383,17.43],[139.680669729,35.481972807,18.08],[139.680745166,35.481812883,18.602],[139.680808903,35.481642423,19.098],[139.680841615,35.48152288,19.389],[139.680898646,35.481300741,19.976],[139.681050453,35.480637718,21.82],[139.681193267,35.480027191,23.539],[139.681351256,35.479351598,24.85],[139.68140799,35.479101817,24.63],[139.681483832,35.478772214,23.743],[139.681660756,35.477999087,21.229],[139.68185723,35.477134182,19.503],[139.682047607,35.476327921,19.217],[139.682198514,35.475670365,18.989],[139.682297692,35.475288784,18.84],[139.682369277,35.475049451,18.744],[139.682404085,35.474946545,18.704],[139.682411549,35.474924477,18.696],[139.68243351,35.474859551,18.671],[139.68250606,35.474680503,18.599],[139.682607968,35.474464864,18.507],[139.682691567,35.474302721,18.448],[139.682811703,35.474114032,18.364],[139.682883089,35.474013717,18.323],[139.682955877,35.473920825,18.281],[139.683001352,35.473867409,18.259],[139.683209867,35.4736502,18.166],[139.683346979,35.473529875,18.121],[139.683431565,35.473459002,18.136],[139.683530037,35.473381224,18.186],[139.683588001,35.473338265,18.233],[139.683788051,35.473197465,18.455],[139.683943925,35.473097212,18.745],[139.684121793,35.472989888,19.188],[139.684323699,35.472881889,19.768],[139.684577808,35.472765311,20.631],[139.684673782,35.472725694,20.991],[139.6849378,35.472633748,22.073],[139.685170827,35.472567963,23.122],[139.685442689,35.472531583,24.246],[139.685504943,35.472529104,24.496],[139.68555274,35.4725272,24.689],[139.685672652,35.472522424,25.171],[139.68586946,35.472531811,25.947],[139.686113934,35.472564524,26.934],[139.686239184,35.472592456,27.451],[139.686419323,35.472647837,28.215],[139.686595001,35.472717947,29.03],[139.686735819,35.472794751,29.72],[139.686881061,35.472899513,30.501],[139.686972105,35.47299695,31.015],[139.687047676,35.47309158,31.463],[139.687100127,35.473172735,31.592],[139.687152044,35.473310078,31.873],[139.687183327,35.473479977,32.2],[139.687185118,35.473628681,32.504],[139.687153107,35.473801158,32.862],[139.687084672,35.473965547,33.231],[139.686998813,35.474111733,33.636],[139.68687256,35.474245059,34.004],[139.686749322,35.47434568,34.337],[139.686597779,35.474438705,34.71],[139.686428596,35.474517017,35.11],[139.686267219,35.474564372,35.403],[139.686077246,35.474607524,35.807],[139.685931195,35.474624236,36.083],[139.685726301,35.47462971,36.478],[139.685484702,35.474608428,36.967],[139.685304428,35.4745726,37.364],[139.685057499,35.474490586,37.942],[139.684929234,35.474426669,38.43],[139.684782945,35.474336188,39.113],[139.684612295,35.474219364,39.778],[139.684413858,35.474064204,40.6],[139.684203218,35.473885647,41.508],[139.683935737,35.473652349,42.68],[139.683716126,35.473449352,43.67],[139.683481173,35.473214054,44.788],[139.683277821,35.473006214,45.76],[139.68323246,35.472980589,45.917],[139.683208081,35.472966817,46.002]]}},{"type":"Feature","id":153,"properties":{"lane_id":153,"name":"Lane #145","role":1,"role_name":"Parking","speed_limit":40.0,"priority_offset":0.0,"oneway":"yes","length_m":715.8},"geometry":{"type":"LineString","coordinates":[[139.677033583,35.498497987,26.262],[139.677013985,35.498527048,26.352],[139.676776043,35.498879892,27.448],[139.676474166,35.499338513,27.867],[139.67629701,35.499606603,27.717],[139.676230949,35.499705768,27.67],[139.676164613,35.499813065,27.662],[139.676086921,35.499966375,27.619],[139.676018437,35.500109578,27.581],[139.675998834,35.5001751,27.502],[139.675964945,35.500343113,27.249],[139.675962831,35.500455858,27.005],[139.675975562,35.500576507,26.695],[139.676007449,35.500696788,26.317],[139.676054225,35.500813261,25.891],[139.676123593,35.50092684,25.368],[139.676232017,35.501061507,24.592],[139.676345038,35.501163287,23.816],[139.676547996,35.501297682,22.458],[139.676766635,35.501426613,20.913],[139.6770438,35.501542885,19.047],[139.677368507,35.501660832,16.904],[139.677948946,35.501869566,13.126],[139.678231948,35.501966986,11.817],[139.678503961,35.502064923,11.219],[139.678671552,35.502123155,11.158],[139.678911948,35.502210188,11.267],[139.679123526,35.502283026,11.38],[139.679378282,35.502367962,11.501],[139.679572307,35.5024303,11.604],[139.679711971,35.502479198,11.669],[139.680012197,35.502571205,11.815],[139.680149267,35.502613717,11.884],[139.680179865,35.502614206,11.897],[139.680205866,35.502614621,11.907]]}},{"type":"Feature","id":154,"properties":{"lane_id":154,"name":"Lane #146","role":1,"role_name":"Parking","speed_limit":40.0,"priority_offset":0.0,"oneway":"yes","length_m":415.6},"geometry":{"type":"LineString","coordinates":[[139.674547785,35.500331147,3.335],[139.674520982,35.500321902,3.497],[139.674313706,35.500250404,4.751],[139.673871442,35.500080208,7.486],[139.673245084,35.49984405,10.258],[139.672852143,35.499696057,10.429],[139.67268057,35.499632368,10.515],[139.672542675,35.499581571,10.576],[139.672459305,35.499550859,10.614],[139.672195425,35.499453653,10.731],[139.671700327,35.499272982,10.956],[139.671431044,35.499176761,11.077],[139.671343861,35.499145609,11.117],[139.671179039,35.499086714,11.191],[139.671011685,35.499030377,11.265],[139.670878737,35.498984461,11.326],[139.670726498,35.498921684,11.402],[139.670444878,35.498825932,11.513],[139.670391438,35.498787637,11.535],[139.670377646,35.498777753,11.541]]}},{"type":"Feature","id":155,"properties":{"lane_id":155,"name":"Lane #147","role":3,"role_name":"Main","speed_limit":80.0,"priority_offset":0.0,"oneway":"yes","length_m":3828.5},"geometry":{"type":"LineString","coordinates":[[139.670370946,35.498772419,11.54],[139.67035197,35.498766311,11.554],[139.670151497,35.498701782,11.694],[139.669839246,35.498603003,12.274],[139.66959878,35.49852841,13.085],[139.669351334,35.49846016,13.913],[139.669090029,35.498393628,14.676],[139.66870411,35.49833215,15.703],[139.668454549,35.498314412,16.295],[139.668225277,35.498318193,16.471],[139.667822058,35.498349362,16.181],[139.667458177,35.498377276,15.884],[139.667116785,35.498399339,15.596],[139.666924934,35.498401655,15.443],[139.666683843,35.498392734,15.304],[139.666481198,35.498372127,15.241],[139.66623586,35.498320869,15.126],[139.666010709,35.498254223,15.022],[139.665750721,35.498146619,14.893],[139.665460124,35.49799188,14.831],[139.665234919,35.497841957,14.762],[139.664928807,35.497630353,14.66],[139.664544852,35.497365659,14.508],[139.664104698,35.497059127,14.342],[139.663796784,35.496847638,14.14],[139.66348196,35.496632474,13.164],[139.663184668,35.496451127,11.84],[139.663050215,35.496377104,11.265],[139.66276696,35.49624534,10.071],[139.662558958,35.496168571,9.213],[139.662284809,35.496081775,8.084],[139.661822941,35.495958205,6.23],[139.661154485,35.495779166,3.625],[139.660803178,35.495687448,2.607],[139.660384537,35.495576546,2.326],[139.660019938,35.495479732,2.223],[139.659650564,35.4953839,2.115],[139.658793678,35.495151997,2.777],[139.658200206,35.494997863,5.782],[139.657575024,35.494831482,9.005],[139.657266102,35.494751354,9.797],[139.656677733,35.494590553,10.059],[139.656263164,35.49445628,10.188],[139.65595941,35.494343122,10.331],[139.655053002,35.493972236,10.766],[139.654758494,35.4938502,10.919],[139.654544267,35.493765177,11.074],[139.654344767,35.493695961,11.172],[139.654129202,35.493632623,11.217],[139.653705268,35.493525791,11.336],[139.652718827,35.493275386,11.739],[139.651985453,35.493087443,12.041],[139.651743067,35.493015587,12.138],[139.651394981,35.492908421,12.164],[139.650678049,35.492663421,11.958],[139.649927888,35.492418061,11.738],[139.649304746,35.492190132,11.552],[139.64883949,35.491992328,11.408],[139.648532909,35.491845431,11.314],[139.647872955,35.491520776,11.104],[139.647346386,35.491255414,11.031],[139.647097839,35.491125905,11.1],[139.646848008,35.490973938,11.185],[139.646418669,35.490708611,11.326],[139.645876283,35.490381763,11.506],[139.645537971,35.490165888,11.61],[139.645247174,35.48996861,11.633],[139.644941489,35.489744497,11.525],[139.644675064,35.489539789,11.424],[139.644358547,35.489267708,11.293],[139.644060931,35.488998451,11.168],[139.643729082,35.48866962,11.013],[139.643416696,35.488338456,10.869],[139.64328383,35.488193638,10.81],[139.643077252,35.487965411,10.708],[139.642826245,35.487695032,10.588],[139.642603344,35.487488262,10.496],[139.642367334,35.487279089,10.388],[139.642128367,35.487070846,10.221],[139.641843278,35.486824854,10.585],[139.641622729,35.486647727,11.435],[139.641446716,35.486526104,12.035],[139.641267014,35.486424053,12.449],[139.641104197,35.486342521,12.769],[139.640822075,35.486227793,13.216],[139.640490161,35.486122522,13.601],[139.640115501,35.486028822,13.752],[139.639840057,35.485946352,13.541],[139.639667422,35.485878645,13.455],[139.639417591,35.485751443,13.395],[139.639267645,35.485650383,13.354],[139.639112186,35.485522145,13.349],[139.638866174,35.4852691,13.315],[139.638545578,35.484931313,13.336],[139.638210579,35.48457776,13.48],[139.637621314,35.483968628,13.747],[139.637309123,35.483651316,14.21],[139.636924688,35.483280008,15.42],[139.636622778,35.482994241,16.473],[139.636327202,35.482726134,17.488],[139.636034711,35.482467054,18.469],[139.635649953,35.482125204,19.852],[139.635232919,35.481759069,21.514],[139.63521044,35.481739334,21.604]]}},{"type":"Feature","id":156,"properties":{"lane_id":156,"name":"Lane #148","role":3,"role_name":"Main","speed_limit":80.0,"priority_offset":0.0,"oneway":"yes","length_m":113.0},"geometry":{"type":"LineString","coordinates":[[139.67250596,35.499571653,10.591],[139.672463062,35.499561849,10.61],[139.672291086,35.499522544,10.683],[139.672053199,35.499444503,10.79],[139.671637346,35.499300326,10.979],[139.671470936,35.499235909,11.052],[139.671401964,35.499181405,11.092],[139.671376208,35.499161053,11.108]]}},{"type":"Feature","id":157,"properties":{"lane_id":157,"name":"Lane #149","role":2,"role_name":"Secondary","speed_limit":60.0,"priority_offset":0.0,"oneway":"yes","length_m":4702.1},"geometry":{"type":"LineString","coordinates":[[139.662179179,35.496018481,7.668],[139.662156568,35.496012398,7.574],[139.661840776,35.495927431,6.254],[139.661404343,35.495811335,4.55],[139.661125668,35.495744637,3.481],[139.660724192,35.495639585,2.479],[139.660390444,35.4955485,2.321],[139.660148403,35.49547831,2.256],[139.65995057,35.495422534,2.198],[139.659941359,35.495420226,2.195],[139.659901102,35.495410137,2.183],[139.659679258,35.495354538,2.117],[139.659494167,35.495305736,2.074],[139.658710257,35.495097484,3.14],[139.65815706,35.494951658,6.092],[139.657520076,35.494781365,9.239],[139.657251968,35.494712018,9.821],[139.65690262,35.494618581,9.953],[139.656619753,35.494535724,9.994],[139.656584148,35.494523875,10.004],[139.656513233,35.494500277,10.023],[139.656226697,35.494404925,10.102],[139.655949797,35.494305348,10.273],[139.655076231,35.493944426,10.764],[139.654809623,35.49383319,10.925],[139.654596399,35.493744693,11.209],[139.654411799,35.493679986,11.344],[139.654195177,35.493614692,11.34],[139.653931989,35.493544397,11.262],[139.653490146,35.493435038,11.431],[139.65286559,35.493277483,11.689],[139.652264113,35.493122612,11.938],[139.65201015,35.493057081,12.038],[139.651762574,35.492987348,12.138],[139.651380912,35.492861769,12.157],[139.650669774,35.492623155,11.948],[139.649927823,35.492379172,11.734],[139.649359597,35.492172736,11.561],[139.649011166,35.492029874,11.457],[139.648703398,35.491888259,11.36],[139.647995508,35.491541611,11.134],[139.647348835,35.491219333,11.036],[139.647118953,35.491092762,11.104],[139.646868367,35.490948594,11.184],[139.646444239,35.490686978,11.324],[139.645881159,35.4903419,11.511],[139.645538985,35.490122876,11.621],[139.645256021,35.489929142,11.63],[139.644976909,35.489722873,11.526],[139.644669627,35.489485689,11.412],[139.644491101,35.48933352,11.337],[139.644187012,35.489056728,11.205],[139.643873396,35.48875789,11.065],[139.643646287,35.488532426,10.965],[139.643389897,35.488261933,10.843],[139.643114388,35.487959841,10.715],[139.642929248,35.487751097,10.624],[139.642843357,35.487665644,10.585],[139.642815487,35.487638768,10.573],[139.642770557,35.48759544,10.554],[139.642651657,35.487480779,10.503],[139.642576259,35.487413731,10.469],[139.642532694,35.48737499,10.449],[139.64239778,35.487255017,10.387],[139.642144497,35.487034089,10.209],[139.641943692,35.48686255,10.394],[139.641772933,35.486714434,11.115],[139.641574221,35.486569327,11.904],[139.641392696,35.48645288,12.452],[139.641190941,35.486341889,12.895],[139.641069877,35.486287376,13.1],[139.640861152,35.486205721,13.384],[139.640629814,35.486131725,13.569],[139.640348274,35.48605521,13.71],[139.640000306,35.485964116,13.565],[139.639830541,35.485906524,13.273],[139.639664228,35.485845485,13.235],[139.639505176,35.485764663,13.172],[139.639313045,35.485642119,13.117],[139.639118443,35.485475168,13.195],[139.638818487,35.485167996,13.299],[139.638532847,35.484861983,13.351],[139.638202217,35.484516045,13.5],[139.637902055,35.484198698,13.633],[139.637659723,35.483947995,13.744],[139.637307386,35.483598575,14.286],[139.636954563,35.483258033,15.421],[139.636674512,35.482988171,16.411],[139.63646842,35.482802666,17.114],[139.636222182,35.482580299,17.95],[139.635970776,35.482358791,18.792],[139.635771826,35.482187568,19.499],[139.635359091,35.481817796,21.138],[139.634923128,35.481427302,22.087],[139.634579303,35.481146905,22.242],[139.634359347,35.480984674,22.214],[139.634148454,35.480851366,22.203],[139.633885849,35.480710829,22.226],[139.633597135,35.480589215,22.084],[139.633347412,35.480506077,21.649],[139.632755288,35.480329319,20.891],[139.631946618,35.48008438,21.193],[139.631575238,35.479963889,21.337],[139.631295295,35.479863943,21.387],[139.631054548,35.479764751,21.393],[139.63078438,35.479632715,21.394],[139.630550377,35.479498241,21.399],[139.630366693,35.479380127,21.38],[139.630240839,35.479286023,21.275],[139.630067675,35.479139785,20.896],[139.629891469,35.478975255,20.341],[139.629640192,35.478716359,19.486],[139.629437272,35.478493115,18.777],[139.629142742,35.478159906,17.724],[139.628874689,35.477861823,16.781],[139.628612397,35.477566336,15.711],[139.628481515,35.477406281,15.047],[139.628393077,35.477258709,14.608],[139.628322927,35.477116216,14.385],[139.628267795,35.476953458,14.307],[139.628236949,35.476791911,14.306],[139.628211012,35.476568018,14.328],[139.628216396,35.476363907,14.328],[139.628228361,35.475788838,14.176],[139.628242894,35.475345297,13.89],[139.628244523,35.475162003,13.766],[139.628254999,35.474783581,13.519],[139.628261753,35.474438722,13.291],[139.628272866,35.474051457,13.036],[139.628274064,35.473735864,12.838],[139.628264828,35.47341077,12.66],[139.628260297,35.473135206,12.556],[139.628246638,35.472832544,12.602],[139.628238201,35.472612931,12.767],[139.628244577,35.472446779,12.95],[139.62826185,35.472277968,13.176],[139.628287625,35.472107798,13.484],[139.628322086,35.471970753,13.734],[139.628398008,35.471751982,14.078],[139.628476423,35.471597094,14.129],[139.628576372,35.471425037,14.057],[139.62870651,35.471232804,13.93],[139.628858074,35.47103214,13.802],[139.629111249,35.47073325,13.584],[139.629340236,35.470477152,13.31],[139.62960981,35.470155024,12.97],[139.630015969,35.469703545,12.477],[139.630043292,35.469673173,12.444]]}},{"type":"Feature","id":158,"properties":{"lane_id":158,"name":"Lane #150","role":3,"role_name":"Main","speed_limit":80.0,"priority_offset":0.0,"oneway":"yes","length_m":540.5},"geometry":{"type":"LineString","coordinates":[[139.662188199,35.49601499,7.708],[139.662160269,35.496003076,7.585],[139.662017365,35.495942116,6.955],[139.661792171,35.495866154,5.994],[139.661552849,35.495806185,5.144],[139.661365767,35.495758234,5.045],[139.661054444,35.495678667,6.299],[139.660669529,35.495575598,8.593],[139.66037057,35.495495312,9.644],[139.660088594,35.495420148,10.088],[139.659867607,35.495360179,10.403],[139.659837603,35.495352635,10.443],[139.659479666,35.495341511,10.463],[139.659361451,35.495293779,10.386],[139.659084032,35.495166691,10.075],[139.658894113,35.495100055,9.868],[139.658872616,35.495094206,9.853],[139.658800143,35.49507449,9.803],[139.658499979,35.494992828,9.594],[139.657925193,35.49484279,9.648],[139.657288705,35.494675155,9.798],[139.65705919,35.494614782,9.882],[139.656811139,35.494546313,9.89],[139.656632753,35.494497142,9.896],[139.656582876,35.494500315,9.946],[139.656548081,35.494502529,9.981]]}},{"type":"Feature","id":159,"properties":{"lane_id":159,"name":"Lane #151","role":1,"role_name":"Parking","speed_limit":40.0,"priority_offset":0.0,"oneway":"yes","length_m":565.9},"geometry":{"type":"LineString","coordinates":[[139.659927298,35.495416008,2.19],[139.659905834,35.495405548,2.184],[139.659806639,35.495357205,2.156],[139.65949421,35.495256347,2.066],[139.659124383,35.495153453,2.042],[139.658361361,35.494952158,2.046],[139.658018615,35.494860309,2.044],[139.657314351,35.494675375,2.041],[139.657284778,35.494666312,2.04],[139.65717719,35.49484565,2.039],[139.657193988,35.494859151,2.141],[139.657350753,35.494895075,2.775],[139.657877344,35.495034164,5.027],[139.658388215,35.495165717,7.261],[139.658786492,35.49527498,9.048],[139.659112008,35.495358565,10.293],[139.659276314,35.495393295,10.462],[139.659418104,35.495426254,10.47],[139.659437848,35.495430561,10.471],[139.659498747,35.495414797,10.469],[139.659459458,35.495371583,10.461],[139.65940561,35.495352257,10.433],[139.659203186,35.49526104,10.239],[139.658913242,35.495134487,9.978],[139.658864026,35.495103992,9.858],[139.65884977,35.49509516,9.823]]}},{"type":"Feature","id":160,"properties":{"lane_id":160,"name":"Lane #152","role":2,"role_name":"Secondary","speed_limit":60.0,"priority_offset":0.0,"oneway":"yes","length_m":248.4},"geometry":{"type":"LineString","coordinates":[[139.657193664,35.494875854,2.162],[139.657217978,35.494882569,2.264],[139.657537155,35.494970721,3.61],[139.657914825,35.495071298,5.234],[139.658568025,35.495245179,8.115],[139.659010591,35.495362126,10.05],[139.65939658,35.495463774,10.471],[139.659420758,35.495471012,10.471],[139.659803633,35.495485903,10.43],[139.659820664,35.495486565,10.428]]}},{"type":"Feature","id":161,"properties":{"lane_id":161,"name":"Lane #153","role":1,"role_name":"Parking","speed_limit":40.0,"priority_offset":0.0,"oneway":"yes","length_m":227.1},"geometry":{"type":"LineString","coordinates":[[139.642798442,35.487616719,10.565],[139.64278237,35.487593111,10.555],[139.642716629,35.487496544,10.514],[139.642496414,35.487252622,10.409],[139.642281291,35.487046256,10.268],[139.642076602,35.486863094,9.47],[139.641751129,35.486557396,5.585],[139.64151869,35.486341898,4.288],[139.641204621,35.486046122,4.141]]}},{"type":"Feature","id":162,"properties":{"lane_id":162,"name":"Lane #154","role":1,"role_name":"Parking","speed_limit":40.0,"priority_offset":0.0,"oneway":"yes","length_m":979.6},"geometry":{"type":"LineString","coordinates":[[139.642559583,35.487397036,10.458],[139.642538825,35.487372851,10.447],[139.642406131,35.487218251,10.375],[139.642223073,35.487040914,10.241],[139.64202284,35.486868033,9.26],[139.64166473,35.486536316,5.112],[139.641178738,35.486078124,4.144],[139.641110746,35.48602119,4.138],[139.640848206,35.486299474,4.141],[139.639432631,35.485938842,4.377],[139.639414397,35.485922525,4.413],[139.639383605,35.485884759,4.486],[139.639015926,35.485501179,5.264],[139.638676341,35.485143074,5.99],[139.638236602,35.484674294,6.939],[139.637968073,35.484394835,7.779],[139.637678863,35.484089927,9.904],[139.637400732,35.483813889,12.29],[139.637177615,35.483587881,13.985],[139.636978342,35.483390472,15.098],[139.636829551,35.483243448,15.632],[139.63680753,35.483221688,15.712],[139.636777712,35.483193477,15.816],[139.636554894,35.482982662,16.6],[139.636328141,35.4827837,17.358],[139.636223118,35.482691758,17.71],[139.636176835,35.48265124,17.866],[139.636025465,35.482518724,18.373],[139.635884636,35.482392355,18.864],[139.635701827,35.4822368,19.504],[139.635492282,35.48204933,20.321],[139.635347558,35.481915057,20.898],[139.635261569,35.481828209,21.265],[139.635223558,35.481767652,21.499],[139.635207193,35.48174158,21.599]]}},{"type":"Feature","id":163,"properties":{"lane_id":163,"name":"Lane #155","role":3,"role_name":"Main","speed_limit":80.0,"priority_offset":0.0,"oneway":"yes","length_m":83.5},"geometry":{"type":"LineString","coordinates":[[139.63680494,35.483222872,15.712],[139.636779857,35.48320526,15.786],[139.636645176,35.483110697,16.182],[139.636497421,35.482995952,16.647],[139.636336632,35.482858644,17.18],[139.636247557,35.482769935,17.501],[139.636206961,35.482697321,17.721],[139.63619249,35.482671437,17.8]]}},{"type":"Feature","id":164,"properties":{"lane_id":164,"name":"Lane #156","role":3,"role_name":"Main","speed_limit":80.0,"priority_offset":0.0,"oneway":"yes","length_m":3467.6},"geometry":{"type":"LineString","coordinates":[[139.635204895,35.48173786,21.612],[139.635188499,35.481723138,21.645],[139.634976577,35.481532845,22.06],[139.634760311,35.481342428,22.057],[139.634561318,35.481177811,22.076],[139.63435269,35.481021404,22.037],[139.634115796,35.480872964,22.019],[139.633889323,35.480750209,22.035],[139.633610837,35.480632999,21.919],[139.633431857,35.480567871,21.718],[139.633202353,35.480491532,21.31],[139.632733289,35.480352127,20.892],[139.631912438,35.480108075,21.197],[139.631553778,35.479989443,21.339],[139.63149361,35.479967521,21.35],[139.631455578,35.479953665,21.357],[139.631165136,35.479847845,21.409],[139.631161378,35.479846185,21.409],[139.631128445,35.479831636,21.408],[139.630898334,35.479729977,21.401],[139.630661439,35.479606038,21.4],[139.630423422,35.479464449,21.395],[139.630177605,35.479284365,21.209],[139.629904772,35.479045488,20.492],[139.629646774,35.478783653,19.635],[139.629435136,35.478549399,18.89],[139.628962328,35.478018369,17.217],[139.62871951,35.477742963,16.348],[139.628567223,35.477576083,15.768],[139.62846244,35.477445898,15.324],[139.628376667,35.477313555,14.93],[139.628289233,35.477139832,14.625],[139.628231738,35.476980118,14.521],[139.628198055,35.476798596,14.462],[139.628179541,35.476669718,14.445],[139.628170532,35.476398585,14.39],[139.628178527,35.476041085,14.295],[139.628184903,35.475826209,14.197],[139.628191096,35.475572612,14.041],[139.628193398,35.475466488,13.97],[139.628194341,35.475423037,13.94],[139.628200245,35.475150932,13.758],[139.62821193,35.474724568,13.483],[139.628219784,35.474364366,13.245],[139.628227164,35.474064984,13.045],[139.628230659,35.473755093,12.848],[139.628222913,35.473407033,12.661],[139.628213721,35.473055279,12.556],[139.628202058,35.472728185,12.691],[139.628201788,35.472490773,13.034],[139.628212674,35.472288846,13.368],[139.628245937,35.472102025,13.672],[139.628299623,35.471918073,13.984],[139.628388956,35.471678073,14.305],[139.628471037,35.471523048,14.283],[139.628498169,35.471471806,14.276],[139.628507873,35.471453478,14.274],[139.628702259,35.471174431,14.012],[139.628875455,35.470955161,13.819],[139.629103977,35.470689282,13.558],[139.62946527,35.470271716,13.112],[139.629926652,35.469740616,12.543],[139.630155444,35.469487299,12.268],[139.630463471,35.469144274,11.736],[139.630740889,35.468850148,10.831],[139.631016323,35.468567732,9.541],[139.631312892,35.468277422,7.939],[139.631599599,35.467999165,6.399],[139.631946143,35.46765957,4.524],[139.632191054,35.467415631,3.184],[139.632432858,35.467181701,1.882],[139.632642694,35.466977002,0.748],[139.632868562,35.466758837,-0.464],[139.633105662,35.466540611,-1.689],[139.633292032,35.466383582,-2.478],[139.633487604,35.466232237,-3.118],[139.633663627,35.466107956,-3.546],[139.633847116,35.465984254,-3.869],[139.634191535,35.465772906,-4.179],[139.634413767,35.465643835,-4.332],[139.634732918,35.465461392,-4.553],[139.635058347,35.465276475,-4.776],[139.635366126,35.465102734,-4.988],[139.635843972,35.464826749,-5.072],[139.63602717,35.464717399,-5.002],[139.636235635,35.464579301,-4.93],[139.636357519,35.464491505,-4.952],[139.636513539,35.464364961,-5.051],[139.636633254,35.464256812,-5.119],[139.636681276,35.464208502,-5.155],[139.636762831,35.464116548,-5.228],[139.636872987,35.463977739,-5.311],[139.636945791,35.463857687,-5.408],[139.637041662,35.463660795,-5.56],[139.637078518,35.463568938,-5.619],[139.637131719,35.463397337,-5.72],[139.637151462,35.463301488,-5.783],[139.637171983,35.463150811,-5.877],[139.63717795,35.462978193,-5.986],[139.637168962,35.462845166,-6.074],[139.63714049,35.462670758,-6.235],[139.637091821,35.462489104,-6.477],[139.63706268,35.462409458,-6.619],[139.636996057,35.462267053,-6.944],[139.636921764,35.462128289,-7.324],[139.636759821,35.461858637,-8.252],[139.6366213,35.461627612,-9.119],[139.63656482,35.461517323,-9.524],[139.636513529,35.461389024,-9.991],[139.636467341,35.461233451,-10.533],[139.636444522,35.461083704,-11.007],[139.636451384,35.460977284,-11.36],[139.636481744,35.460810026,-11.86],[139.636515676,35.460716151,-12.106],[139.636602182,35.460548542,-12.29],[139.636732751,35.460363186,-12.104],[139.636823379,35.460254354,-11.95],[139.637093655,35.459959095,-11.566],[139.637669617,35.459327997,-10.993],[139.638028503,35.458936766,-10.633],[139.638538824,35.458395271,-10.138],[139.638621608,35.458312545,-10.059],[139.638873543,35.458063343,-9.824],[139.639113718,35.457829396,-9.597],[139.639317717,35.45764261,-9.417],[139.63970674,35.457323676,-9.09],[139.639729566,35.457304963,-9.071]]}},{"type":"Feature","id":165,"properties":{"lane_id":165,"name":"Lane #157","role":3,"role_name":"Main","speed_limit":80.0,"priority_offset":0.0,"oneway":"yes","length_m":382.8},"geometry":{"type":"LineString","coordinates":[[139.631466883,35.479960116,21.371],[139.631454951,35.479958174,21.372],[139.631292026,35.479931649,21.389],[139.631087433,35.479878303,21.396],[139.630634143,35.479688772,21.399],[139.630243461,35.479440026,21.395],[139.629906919,35.479190499,21.449],[139.629791757,35.479113555,21.497],[139.629636999,35.479026031,21.555],[139.629477958,35.478962403,21.539],[139.629277983,35.478902785,21.556],[139.629040732,35.478868405,21.533],[139.62876764,35.478862431,21.482],[139.628478289,35.478886134,21.42],[139.627996829,35.478933287,21.402],[139.627642733,35.478970728,21.393]]}},{"type":"Feature","id":166,"properties":{"lane_id":166,"name":"Lane #158","role":2,"role_name":"Secondary","speed_limit":60.0,"priority_offset":0.0,"oneway":"yes","length_m":813.2},"geometry":{"type":"LineString","coordinates":[[139.631146481,35.479841152,21.4],[139.631128953,35.479836611,21.4],[139.630973102,35.479796245,21.397],[139.630711845,35.479678412,21.395],[139.630414392,35.479511733,21.393],[139.630159328,35.479330404,21.396],[139.630006329,35.479217413,21.486],[139.62983104,35.479099869,21.653],[139.629693706,35.479020723,21.762],[139.629566126,35.478963263,21.772],[139.629440736,35.478918137,21.767],[139.629265036,35.4788693,21.787],[139.629093965,35.478842351,21.776],[139.628938409,35.478831069,21.714],[139.62876135,35.478829613,21.633],[139.628569953,35.478842158,21.534],[139.62824038,35.478874958,21.402],[139.627641988,35.478942577,21.393],[139.627628793,35.478937261,21.392],[139.627571083,35.478915891,15.392],[139.627583997,35.478883222,15.369],[139.627703766,35.478870028,15.371],[139.627861146,35.478868738,15.501],[139.627957147,35.478849167,15.564],[139.628152493,35.47878189,15.651],[139.628242754,35.478738325,15.688],[139.628304445,35.478700814,15.683],[139.62838806,35.478636625,15.66],[139.628495347,35.478522161,15.612],[139.628557297,35.478430338,15.601],[139.628586805,35.478362684,15.567],[139.628620165,35.47825408,15.542],[139.628632756,35.478121763,15.501],[139.628610034,35.477999631,15.298],[139.628578735,35.477894501,15.136],[139.628536507,35.477811951,14.973],[139.62840337,35.47758289,14.806],[139.628321201,35.477440275,14.755],[139.628190718,35.477144885,14.66],[139.628125207,35.476844678,14.57],[139.628112843,35.476682746,14.508],[139.628113221,35.476396304,14.419],[139.628122564,35.476210097,14.365],[139.628144013,35.475773267,14.166],[139.628158103,35.475559883,14.037],[139.628164123,35.475477272,13.98],[139.628177183,35.475460858,13.969],[139.628191625,35.475442708,13.956]]}},{"type":"Feature","id":167,"properties":{"lane_id":167,"name":"Lane #159","role":2,"role_name":"Secondary","speed_limit":60.0,"priority_offset":0.0,"oneway":"yes","length_m":2958.2},"geometry":{"type":"LineString","coordinates":[[139.630049399,35.469664812,12.436],[139.630075439,35.469635485,12.404],[139.63029964,35.469382985,12.123],[139.630507016,35.469153082,11.712],[139.630763082,35.468881904,10.875],[139.630981604,35.468661529,9.905],[139.631235685,35.46840637,8.533],[139.631453807,35.468193547,7.358],[139.631655918,35.467989629,6.243],[139.631916452,35.4677419,4.855],[139.632157295,35.467502076,3.54],[139.632411096,35.467254101,2.168],[139.632676226,35.466992644,0.727],[139.632896905,35.466781584,-0.453],[139.632961768,35.466722135,-0.791],[139.633031708,35.466658031,-1.155],[139.633114261,35.466582368,-1.584],[139.633340895,35.466392205,-2.553],[139.633678667,35.466139424,-3.523],[139.633843998,35.466028828,-3.826],[139.634141528,35.465842393,-4.13],[139.634410185,35.465684899,-4.313],[139.63465132,35.465549749,-4.482],[139.635003312,35.465344216,-4.723],[139.635450572,35.465092321,-5.032],[139.635875735,35.464849891,-5.031],[139.636093997,35.464717451,-4.907],[139.636339264,35.464549334,-4.819],[139.636576979,35.464365075,-4.884],[139.636699542,35.46424668,-4.948],[139.63687754,35.464036367,-5.099],[139.636941044,35.463946377,-5.158],[139.637036969,35.463782471,-5.265],[139.637085088,35.463669743,-5.361],[139.637154602,35.46348044,-5.473],[139.637199948,35.463289672,-5.584],[139.637214071,35.463183076,-5.661],[139.637220329,35.463037223,-5.759],[139.637211331,35.462836147,-5.881],[139.63719341,35.462704489,-5.986],[139.637137599,35.462488411,-6.264],[139.637084042,35.462345875,-6.521],[139.636992464,35.462163756,-7.047],[139.636847686,35.461921817,-7.952],[139.636720635,35.461717855,-8.79],[139.636623792,35.461544509,-9.511],[139.636552973,35.461382375,-10.161],[139.636513334,35.461244408,-10.71],[139.63649468,35.461117364,-11.195],[139.636493828,35.460995504,-11.593],[139.636520908,35.460831448,-12.1],[139.63656059,35.460712501,-12.377],[139.636630298,35.460579105,-12.488],[139.636744932,35.460411321,-12.279],[139.63685239,35.460279943,-12.029],[139.636970185,35.460152425,-11.783],[139.637345277,35.459736939,-11.35],[139.637843665,35.459195022,-10.852],[139.638293093,35.458706995,-10.407],[139.638651979,35.458328985,-10.057],[139.638903914,35.458076791,-9.818],[139.639151026,35.457838011,-9.589],[139.639403856,35.45761274,-9.367],[139.639672244,35.457392961,-9.136],[139.640071719,35.457095527,-8.813],[139.640395034,35.456887871,-8.567],[139.64059503,35.456771661,-8.42],[139.640777581,35.456673996,-8.291],[139.641108771,35.456509852,-8.03],[139.641492548,35.456337892,-7.669],[139.641854143,35.456190232,-7.332],[139.64211254,35.456083821,-7.112],[139.642537196,35.45591008,-6.866],[139.642896395,35.455754762,-6.656],[139.643206936,35.455615848,-6.472],[139.64345599,35.455508227,-6.342],[139.643674749,35.455409658,-6.256],[139.643922184,35.455294825,-5.982],[139.644160503,35.455188072,-5.7],[139.644750933,35.454917192,-5.152],[139.645226751,35.454700001,-5.2],[139.645870651,35.454399374,-4.894],[139.646578314,35.454070911,-0.8],[139.647163296,35.453813068,3.714],[139.647444177,35.453691568,5.873],[139.647871639,35.453503949,8.579],[139.648338987,35.453304899,10.459],[139.648544594,35.45322649,11.179],[139.6487599,35.45316467,11.919],[139.648922868,35.453134632,12.556],[139.649136804,35.45312336,13.35],[139.649322731,35.453133685,13.799],[139.649528349,35.453172547,13.953],[139.649779938,35.453252948,13.862],[139.65009296,35.453375325,13.713],[139.650438144,35.453523792,13.52],[139.650825244,35.453690471,13.393],[139.651164818,35.453833631,13.291],[139.651312207,35.453890451,13.247],[139.651438837,35.453923457,13.21],[139.651480592,35.45393434,13.198]]}},{"type":"Feature","id":168,"properties":{"lane_id":168,"name":"Lane #160","role":3,"role_name":"Main","speed_limit":80.0,"priority_offset":0.0,"oneway":"yes","length_m":1203.9},"geometry":{"type":"LineString","coordinates":[[139.639751835,35.457289041,-9.053],[139.639766303,35.457277842,-9.041],[139.639965134,35.457123932,-8.878],[139.640145559,35.457001625,-8.737],[139.640407247,35.456841008,-8.542],[139.640561368,35.456746773,-8.425],[139.640704582,35.456667741,-8.325],[139.64100073,35.456520555,-8.109],[139.641272765,35.456399195,-7.86],[139.64155219,35.456279967,-7.59],[139.641857627,35.456152326,-7.313],[139.642235459,35.455999183,-7.023],[139.642646144,35.45582553,-6.787],[139.643031852,35.455656106,-6.565],[139.643246563,35.455564724,-6.442],[139.64327906,35.455550894,-6.423],[139.643281898,35.455549686,-6.421],[139.643832897,35.455300195,-5.942],[139.643871378,35.45528277,-5.908],[139.644258219,35.45510761,-5.572],[139.644732894,35.454890401,-5.155],[139.645174834,35.454687904,-5.186],[139.645857359,35.454365099,-4.866],[139.646613681,35.454015854,-0.366],[139.647350043,35.453690489,5.314],[139.647883442,35.453456112,8.737],[139.648255577,35.453301487,10.276],[139.648506444,35.453200435,11.267],[139.648695015,35.453142782,11.985],[139.648840548,35.45311321,12.526],[139.649036973,35.453093603,13.253],[139.649256249,35.453097796,13.899],[139.649358249,35.453105437,14.092],[139.649540346,35.453142475,14.17],[139.6497708,35.453215665,13.996],[139.650169541,35.453375597,13.67],[139.650419674,35.453481508,13.532],[139.651060769,35.453754792,13.325],[139.651426646,35.453910499,13.236],[139.651439831,35.45391611,13.233]]}},{"type":"Feature","id":169,"properties":{"lane_id":169,"name":"Lane #161","role":3,"role_name":"Main","speed_limit":80.0,"priority_offset":0.0,"oneway":"yes","length_m":465.6},"geometry":{"type":"LineString","coordinates":[[139.63974206,35.457294848,-9.061],[139.639756704,35.457275901,-9.044],[139.639823107,35.45718999,-8.967],[139.640075506,35.456998818,-8.766],[139.640383479,35.456787969,-8.527],[139.640529724,35.456705279,-8.421],[139.640730001,35.456598446,-8.282],[139.641060415,35.456439444,-8.174],[139.641224689,35.456365649,-8.314],[139.641404229,35.456283204,-7.8],[139.641717003,35.456154835,-6.418],[139.641915079,35.456073908,-5.508],[139.642223084,35.455946337,-4.095],[139.642618535,35.455783957,-2.437],[139.643137822,35.455573916,-0.502],[139.643503505,35.455425764,0.86],[139.644078089,35.455192578,3.002],[139.644129312,35.45517179,3.193]]}},{"type":"Feature","id":170,"properties":{"lane_id":170,"name":"Lane #162","role":3,"role_name":"Main","speed_limit":80.0,"priority_offset":0.0,"oneway":"yes","length_m":2824.3},"geometry":{"type":"LineString","coordinates":[[139.643265531,35.455555669,-6.432],[139.64327496,35.455548748,-6.426],[139.643372267,35.45547733,-6.361],[139.643462895,35.45540528,-6.326],[139.643716243,35.45527471,-6.148],[139.644140651,35.455071274,-5.651],[139.644584134,35.454871215,-5.2],[139.644820177,35.454759795,-5.094],[139.645276251,35.454519532,-2.404],[139.645446858,35.454418717,-0.797],[139.645773021,35.454203605,2.116],[139.645921144,35.454079912,3.574],[139.646079235,35.453901987,5.354],[139.646166411,35.453767398,6.606],[139.646244793,35.453604605,8.099],[139.646307003,35.453409828,9.832],[139.646314814,35.453298469,10.787],[139.646203881,35.452208617,20.045],[139.647597371,35.452241409,28.276],[139.650086088,35.453248746,26.189],[139.650446269,35.453406705,25.18],[139.651219745,35.453729781,22.91],[139.652110088,35.454106721,19.752],[139.652701651,35.454353037,17.68],[139.653186284,35.454558885,15.909],[139.653714245,35.454774761,14.29],[139.654198316,35.454950642,13.615],[139.654603801,35.455096372,13.654],[139.655003405,35.455236251,14.002],[139.655427629,35.455384858,14.702],[139.655817459,35.455512516,15.59],[139.656364571,35.455685248,16.87],[139.656996624,35.455891123,18.354],[139.657679732,35.456112902,19.959],[139.658089305,35.456236745,20.957],[139.658464904,35.456327365,21.797],[139.658785651,35.456388142,22.382],[139.659054557,35.456424548,22.734],[139.659379393,35.456460726,23.003],[139.659710805,35.456474297,23.084],[139.659914642,35.456476832,23.042],[139.660259222,35.456465217,22.82],[139.660635652,35.456438838,22.364],[139.661120376,35.456366921,21.415],[139.661396753,35.456296846,20.681],[139.661713292,35.45620147,19.658],[139.661973324,35.456095261,18.614],[139.662263625,35.455950066,17.331],[139.662586298,35.455751332,15.916],[139.662904617,35.455534623,14.756],[139.663369759,35.455177808,13.51],[139.663911018,35.454759654,12.941],[139.664304883,35.454442763,13.043],[139.664865017,35.45400652,13.272],[139.665219593,35.45373222,13.325],[139.665515175,35.453516151,13.249],[139.665756973,35.453340068,13.163],[139.665999246,35.45317203,13.078],[139.66623531,35.453001807,12.987],[139.666524014,35.452784308,12.881],[139.666805699,35.452561327,12.775],[139.667043759,35.452377086,12.688],[139.667321609,35.452158824,12.582],[139.667629431,35.451918052,12.375],[139.667943133,35.451710809,12.249],[139.6681806,35.451568851,12.275],[139.668358882,35.45147476,12.333],[139.668382225,35.45146244,12.341]]}},{"type":"Feature","id":171,"properties":{"lane_id":171,"name":"Lane #163","role":2,"role_name":"Secondary","speed_limit":60.0,"priority_offset":0.0,"oneway":"yes","length_m":1301.9},"geometry":{"type":"LineString","coordinates":[[139.643858216,35.455287737,-6.035],[139.643866695,35.455281449,-6.024],[139.6439704,35.455204538,-5.886],[139.644087785,35.455146656,-5.747],[139.644345902,35.455018822,-5.439],[139.64462127,35.454886681,-5.191],[139.644827438,35.454793903,-5.109],[139.645303051,35.454548367,-2.386],[139.645495301,35.454440175,-0.626],[139.645801709,35.454234677,2.078],[139.645929818,35.454125345,3.33],[139.646037147,35.454015407,4.451],[139.646169237,35.453845588,6.04],[139.646245074,35.453710104,7.259],[139.646315623,35.453532363,8.825],[139.646352748,35.453307391,10.739],[139.646301414,35.452284061,19.555],[139.647598417,35.452273324,28.507],[139.65007258,35.453288828,26.162],[139.650589482,35.453503615,24.723],[139.651229369,35.453776021,22.81],[139.65214867,35.454161725,19.539],[139.652646756,35.454370994,17.802],[139.65317749,35.454597151,15.863],[139.653716176,35.454813957,14.243],[139.654130529,35.454968915,13.64],[139.654339372,35.455039096,13.59],[139.654845868,35.455218962,13.88],[139.654922616,35.455246216,13.924]]}},{"type":"Feature","id":172,"properties":{"lane_id":172,"name":"Lane #164","role":2,"role_name":"Secondary","speed_limit":60.0,"priority_offset":0.0,"oneway":"yes","length_m":2510.5},"geometry":{"type":"LineString","coordinates":[[139.651486526,35.453935691,13.197],[139.651496658,35.453939942,13.195],[139.651913911,35.454115011,13.146],[139.652505463,35.454363389,13.364],[139.652869477,35.454514756,13.511],[139.65294421,35.454545832,13.541],[139.652956844,35.454551113,13.546],[139.653225124,35.454663253,13.655],[139.653467823,35.454765602,13.754],[139.653916949,35.454940834,13.723],[139.654355092,35.455089854,13.592],[139.65466861,35.455185063,13.704],[139.65488438,35.455247785,13.934],[139.654982404,35.45527628,14.038],[139.6551208,35.455316511,14.186],[139.6556028,35.455476242,15.12],[139.65630536,35.455708601,16.768],[139.656604961,35.455802932,17.47],[139.657240543,35.456005017,18.962],[139.657670097,35.456138255,19.968],[139.657935648,35.45622413,20.674],[139.658092725,35.456267089,21.047],[139.65847046,35.456362728,21.901],[139.658669007,35.456400431,22.254],[139.658771618,35.456419916,22.437],[139.658836521,35.456432241,22.552],[139.659118849,35.456468446,22.88],[139.659516683,35.456502799,23.139],[139.659901156,35.456509352,23.121],[139.66028695,35.456501053,22.884],[139.660482944,35.4564865,22.662],[139.660733567,35.456460822,22.27],[139.661060459,35.45641088,21.635],[139.661329478,35.456353929,21.039],[139.661605623,35.456275511,20.251],[139.661828023,35.456194996,19.441],[139.662045179,35.456098059,18.516],[139.662193448,35.45602958,17.889],[139.662506561,35.455849436,16.463],[139.662810893,35.45564721,15.24],[139.663094278,35.455441213,14.293],[139.663458532,35.455155859,13.402],[139.663761617,35.454918122,13.028],[139.664304629,35.454488784,13.034],[139.664902455,35.454024785,13.288],[139.665190171,35.453801313,13.326],[139.665476987,35.453589701,13.276],[139.665837675,35.453330875,13.145],[139.666166368,35.453097726,13.019],[139.666470684,35.452875245,12.916],[139.666849605,35.452573626,12.773],[139.667351133,35.452180054,12.579],[139.667567507,35.452014638,12.438],[139.667832189,35.451827467,12.255],[139.668080159,35.45166828,12.191],[139.668356714,35.451513216,12.241],[139.668577059,35.451408366,12.299],[139.668859057,35.45129934,12.389],[139.669098903,35.451226195,12.552],[139.66934397,35.451175244,12.83],[139.669595457,35.451141487,13.275],[139.669896595,35.451135609,13.934],[139.670193504,35.451163892,14.786],[139.670494399,35.451220668,15.929],[139.670717333,35.451293498,16.926],[139.670955641,35.451394084,18.266],[139.671142227,35.451499653,19.532],[139.671324696,35.451626592,21.011],[139.671471481,35.451759427,22.359],[139.671620138,35.451928843,23.945],[139.671753528,35.452169843,25.873],[139.671810186,35.452364488,27.278],[139.67182959,35.452469671,28.056],[139.671826769,35.452589294,28.885],[139.671809178,35.452761658,30.14],[139.671758334,35.452978463,31.311],[139.671659879,35.453319988,32.359],[139.671577737,35.453609491,33.135],[139.671508811,35.453960991,34.06],[139.671470294,35.45423845,34.8],[139.671441595,35.454509347,35.516],[139.671433536,35.454789648,36.254],[139.671427769,35.455196546,37.329],[139.671462919,35.455313835,37.642],[139.671473585,35.455349426,37.737]]}},{"type":"Feature","id":173,"properties":{"lane_id":173,"name":"Lane #165","role":1,"role_name":"Parking","speed_limit":40.0,"priority_offset":0.0,"oneway":"yes","length_m":760.4},"geometry":{"type":"LineString","coordinates":[[139.652897699,35.454530366,13.526],[139.652941523,35.454553893,13.545],[139.653186413,35.454685359,13.647],[139.653546314,35.454833941,13.777],[139.654127152,35.455056246,13.62],[139.654513065,35.455183773,13.636],[139.654691828,35.455239549,13.744],[139.655244054,35.455408272,14.426],[139.65588831,35.455618726,15.839],[139.656341881,35.455766096,16.901],[139.656774651,35.455905168,17.917],[139.657153777,35.456026256,18.056],[139.657280937,35.456068303,17.512],[139.657547879,35.456155274,16.001],[139.65774097,35.456215734,14.896],[139.658061502,35.456320874,13.043],[139.658373413,35.456415486,11.273],[139.658519421,35.456454059,10.471],[139.658635219,35.456475736,9.847],[139.658867928,35.456502071,8.611],[139.659134644,35.456507343,7.215],[139.659270737,35.45650158,6.497],[139.659436143,35.456478903,5.619],[139.659924341,35.456388229,3.178],[139.660765988,35.456221419,2.014]]}},{"type":"Feature","id":174,"properties":{"lane_id":174,"name":"Lane #166","role":1,"role_name":"Parking","speed_limit":40.0,"priority_offset":0.0,"oneway":"yes","length_m":1112.6},"geometry":{"type":"LineString","coordinates":[[139.658708304,35.456411319,22.354],[139.658766002,35.456427204,22.454],[139.658970413,35.456483482,22.808],[139.659349227,35.456535266,23.16],[139.659769745,35.456554171,23.252],[139.660178304,35.45655204,23.078],[139.660571802,35.456526704,22.389],[139.660927727,35.456490518,21.272],[139.661176975,35.45645341,20.244],[139.661487877,35.456392721,18.783],[139.661685592,35.456354095,17.85],[139.661946012,35.456291687,16.599],[139.662133525,35.456234525,15.685],[139.662285046,35.456179425,14.929],[139.662495977,35.456064908,13.775],[139.662866872,35.455799186,11.52],[139.663144819,35.45559597,9.802],[139.663645214,35.455220706,6.852],[139.663726763,35.455156236,6.736],[139.66365206,35.454933807,6.626],[139.66562601,35.453373466,4.362],[139.665836936,35.453217656,5.483],[139.665971831,35.453132904,6.151],[139.666119765,35.453035485,6.883],[139.666272824,35.452915923,7.708],[139.666587939,35.452668546,9.413],[139.667175359,35.452202477,12.377],[139.667337523,35.452072204,12.555],[139.667513713,35.451945405,12.431],[139.667644908,35.451849889,12.358],[139.667827329,35.451730968,12.305],[139.668047522,35.45160024,12.326],[139.668308067,35.451459808,12.417],[139.66837367,35.451450613,12.38],[139.668412332,35.451445193,12.358]]}},{"type":"Feature","id":175,"properties":{"lane_id":175,"name":"Lane #167","role":3,"role_name":"Main","speed_limit":80.0,"priority_offset":0.0,"oneway":"yes","length_m":633.0},"geometry":{"type":"LineString","coordinates":[[139.668425446,35.451436859,12.367],[139.66845695,35.451422728,12.38],[139.668594542,35.451361012,12.436],[139.668921067,35.451235827,12.606],[139.669155534,35.45117384,12.808],[139.669364895,35.451131714,13.101],[139.669575783,35.451111204,13.45],[139.669802288,35.451103747,13.925],[139.669992024,35.451108642,14.419],[139.670193855,35.451128609,15.036],[139.67035877,35.451155839,15.612],[139.670572442,35.451211509,16.442],[139.670817455,35.451297235,17.605],[139.670985845,35.451372398,18.576],[139.671150211,35.451463317,19.672],[139.671314074,35.451575624,20.946],[139.671448063,35.451685404,22.104],[139.671553607,35.451781972,23.104],[139.671657953,35.451914087,24.232],[139.671763562,35.45208245,25.6],[139.671823327,35.452236128,26.712],[139.671855997,35.452379525,27.693],[139.671873378,35.452507148,28.586],[139.671860523,35.452736638,30.132],[139.671816886,35.452937644,31.247],[139.671734577,35.45322663,32.075],[139.671649138,35.453498545,32.811],[139.671567439,35.453837236,33.721],[139.67152234,35.454110879,34.448],[139.671503681,35.45427504,34.863],[139.671475791,35.454496986,35.474],[139.671485527,35.454528543,35.556],[139.671496511,35.454564149,35.649]]}},{"type":"Feature","id":176,"properties":{"lane_id":176,"name":"Lane #168","role":2,"role_name":"Secondary","speed_limit":60.0,"priority_offset":0.0,"oneway":"yes","length_m":2674.7},"geometry":{"type":"LineString","coordinates":[[139.673112482,35.45068019,24.639],[139.673099075,35.450704531,24.711],[139.672324575,35.45211068,28.85],[139.672150607,35.452442231,29.809],[139.671987418,35.452785589,30.793],[139.671794839,35.45325972,32.122],[139.671713797,35.453509704,32.806],[139.671620348,35.453845333,33.721],[139.671565971,35.45408943,34.381],[139.671512873,35.454459027,35.369],[139.671506085,35.454521939,35.537],[139.671497193,35.45460434,35.758],[139.671495244,35.454622408,35.806],[139.671478974,35.454863434,36.45],[139.671474335,35.455217872,37.392],[139.67147659,35.455302755,37.614],[139.671478382,35.45537019,37.79],[139.671479788,35.455423133,37.928],[139.671499732,35.455697328,38.664],[139.671521823,35.455858857,39.097],[139.671577359,35.45623699,40.112],[139.671657683,35.456631668,41.176],[139.671715378,35.456878765,41.848],[139.671807484,35.457186165,42.689],[139.671890338,35.457430007,43.364],[139.672046865,35.457828492,44.476],[139.672196536,35.458161166,45.421],[139.672353155,35.458467355,46.309],[139.672563628,35.458831706,47.382],[139.672741425,35.459105805,48.202],[139.672823935,35.459229674,48.577],[139.673491608,35.460156654,51.457],[139.674102278,35.460987495,54.062],[139.674696997,35.46180473,56.616],[139.675262412,35.462584445,59.05],[139.675803094,35.463326815,61.373],[139.676238431,35.463925297,63.244],[139.676686964,35.464543456,65.178],[139.677132173,35.465148088,67.073],[139.677351671,35.465449926,68.013],[139.677989599,35.466333227,70.653],[139.678591201,35.467155059,70.594],[139.679124956,35.467888735,67.9],[139.679942791,35.469012467,63.196],[139.680585224,35.469890829,59.517],[139.681196552,35.470726118,56.015],[139.68160823,35.471305423,53.608],[139.681698477,35.471425743,53.102],[139.681738305,35.471478844,52.879],[139.682217323,35.472117484,50.192],[139.682259736,35.472174031,49.954]]}},{"type":"Feature","id":177,"properties":{"lane_id":177,"name":"Lane #169","role":3,"role_name":"Main","speed_limit":80.0,"priority_offset":0.0,"oneway":"yes","length_m":13923.1},"geometry":{"type":"LineString","coordinates":[[139.673113431,35.450757459,24.825],[139.673102523,35.450777237,24.883],[139.672379065,35.452088977,28.748],[139.672183131,35.452472356,29.86],[139.672039583,35.452768237,30.71],[139.671833496,35.453279371,32.152],[139.671788231,35.453415951,32.521],[139.671716543,35.453636713,33.132],[139.671670992,35.453813647,33.621],[139.671623202,35.454028487,34.201],[139.671589054,35.454228563,34.736],[139.671554314,35.454440622,35.315],[139.67153635,35.45464226,35.853],[139.671519341,35.454830072,36.354],[139.671520253,35.4550014,36.81],[139.671513806,35.455168404,37.256],[139.671526262,35.455386244,37.84],[139.671534251,35.455585925,38.374],[139.671558629,35.455825925,39.016],[139.671617203,35.45623621,40.121],[139.671686916,35.456583735,41.067],[139.67177332,35.456929497,42.01],[139.671910988,35.457367924,43.215],[139.672027003,35.457673657,44.074],[139.672225985,35.458132743,45.371],[139.672416314,35.458501217,46.446],[139.672611817,35.458841058,47.447],[139.672798009,35.459122113,48.301],[139.673094141,35.459545749,49.609],[139.673741428,35.460426471,52.365],[139.674369026,35.461292061,55.069],[139.674848809,35.46194617,57.112],[139.675287297,35.462556846,59.014],[139.67580981,35.463273355,61.265],[139.676280924,35.463918954,63.276],[139.676681742,35.464472161,65.007],[139.677113174,35.46505988,66.844],[139.677376539,35.46542531,67.985],[139.677930578,35.466179304,70.327],[139.678444821,35.466883776,70.989],[139.67902841,35.467687326,68.664],[139.679672774,35.468577154,64.946],[139.680008022,35.469032056,63.042],[139.680385374,35.469552752,60.862],[139.680720352,35.470015706,58.928],[139.681095141,35.470524524,56.793],[139.681639561,35.471265315,53.692],[139.682204863,35.472043881,50.433],[139.682577079,35.472514512,48.423],[139.682920661,35.472904996,46.69],[139.683162012,35.473169015,45.497],[139.683472747,35.473485626,44.036],[139.683794325,35.47378914,42.58],[139.684237651,35.474184186,40.649],[139.684646119,35.474512315,38.959],[139.684959238,35.474758675,37.68],[139.685403746,35.475073883,36.545],[139.685818941,35.475350762,36.499],[139.686289359,35.475644196,36.661],[139.686787402,35.475927033,36.826],[139.687281232,35.476192762,36.986],[139.687470515,35.476281944,37.043],[139.68802027,35.476536647,37.214],[139.688342927,35.476675254,37.311],[139.688831913,35.476879251,37.462],[139.68933822,35.477085968,37.617],[139.690094801,35.477394175,37.846],[139.690895871,35.477718734,38.089],[139.692012632,35.478171538,38.43],[139.692790452,35.478491176,38.658],[139.693572074,35.478807804,38.894],[139.694323287,35.479114125,39.13],[139.695146053,35.479447237,39.382],[139.695844702,35.479729854,39.589],[139.696738822,35.480094547,39.859],[139.697612151,35.480450143,40.166],[139.698291337,35.480722479,41.316],[139.699275172,35.481126526,44.762],[139.700441094,35.481598464,49.048],[139.701248098,35.481927532,52.016],[139.701962752,35.482217185,54.598],[139.702814951,35.482561183,56.808],[139.703187189,35.482710747,57.405],[139.704104683,35.483083967,57.891],[139.705005907,35.483449687,57.018],[139.705832139,35.48379065,55.026],[139.706760031,35.484166081,51.481],[139.707669781,35.484535468,47.371],[139.708429348,35.484845605,43.934],[139.70930847,35.485199806,39.973],[139.710208683,35.48556435,37.387],[139.710747921,35.485785691,37.087],[139.711902191,35.486253962,36.462],[139.712630321,35.486547369,35.627],[139.713803324,35.487019833,33.546],[139.714655471,35.487372096,31.442],[139.715495225,35.487712094,28.912],[139.716509993,35.488127511,25.221],[139.717140838,35.488377617,22.603],[139.71802347,35.488736046,18.836],[139.719134586,35.48918579,15.702],[139.720149049,35.489595065,15.316],[139.72122586,35.490029395,14.984],[139.721978796,35.490328689,14.756],[139.722418579,35.49050772,14.553],[139.72320678,35.490822286,13.435],[139.724431168,35.491314594,10.061],[139.725628262,35.491796059,6.533],[139.727087206,35.492381725,4.075],[139.727964514,35.492732864,4.362],[139.728845638,35.493082978,4.636],[139.729838024,35.493487779,4.965],[139.730687528,35.493825234,5.232],[139.731358543,35.494101824,5.278],[139.732125541,35.494403872,5.068],[139.732870125,35.494701587,4.845],[139.733858212,35.495095554,4.539],[139.734858019,35.495494101,4.242],[139.735814571,35.495872558,4.329],[139.73669203,35.496220952,5.374],[139.737616098,35.496584926,7.359],[139.738453761,35.496913485,9.296],[139.739456107,35.49730876,11.61],[139.740327623,35.497654118,13.629],[139.741081844,35.497962071,15.386],[139.74183086,35.498258557,17.118],[139.742842234,35.498669377,19.207],[139.743890456,35.499088811,19.844],[139.744806681,35.499463733,19.034],[139.745621837,35.499796678,17.226],[139.746700711,35.500234026,13.99],[139.747954566,35.500739343,10.22],[139.749787503,35.501485152,5.202],[139.750784144,35.501889717,4.198],[139.751741573,35.50228493,4.395],[139.752606925,35.502632534,4.66],[139.753357784,35.502939829,4.892],[139.753977634,35.503190593,5.086],[139.7549739,35.503591824,5.387],[139.756145089,35.504068674,5.541],[139.757385142,35.504572544,5.143],[139.758288873,35.504943843,4.844],[139.758754946,35.50512898,4.689],[139.759636005,35.505489129,4.439],[139.760764697,35.505944662,7.237],[139.761676317,35.506316443,10.014],[139.762448903,35.506630221,11.789],[139.763160031,35.506919145,12.349],[139.763647172,35.507117809,12.143],[139.764864133,35.507612863,9.532],[139.766134978,35.508126874,5.947],[139.767385763,35.508635744,5.121],[139.768573666,35.509116472,4.723],[139.769346985,35.509431118,4.462],[139.770164036,35.509761274,3.94],[139.770965565,35.510092675,2.89],[139.771726466,35.510401022,1.474],[139.772923203,35.510884487,-1.544],[139.773742611,35.511221424,-4.113],[139.774395816,35.511486917,-6.163],[139.775034017,35.511744489,-8.168],[139.775859208,35.512081671,-10.769],[139.776635099,35.512403116,-13.219],[139.777150828,35.512629123,-14.875],[139.777637934,35.512848859,-16.433],[139.777979032,35.51300773,-17.546],[139.778373209,35.513199323,-18.84],[139.778901292,35.513458412,-20.578],[139.7798346,35.513935385,-23.24],[139.780684055,35.514378391,-24.263],[139.781564376,35.514833521,-24.009],[139.782478687,35.515306038,-23.543],[139.783457651,35.515812022,-23.036],[139.784374123,35.516287785,-22.566],[139.785071952,35.516645425,-22.206],[139.785991064,35.517122416,-21.732],[139.786865995,35.517576485,-21.283],[139.787614479,35.517962513,-20.893],[139.788318782,35.51832518,-20.047],[139.789236505,35.518801127,-17.697],[139.789736792,35.519061663,-16.152],[139.79046267,35.519458359,-13.868],[139.790991481,35.519775084,-12.201],[139.791247823,35.519930814,-11.39],[139.79136453,35.520004744,-11.06],[139.791373221,35.52001025,-11.036]]}},{"type":"Feature","id":178,"properties":{"lane_id":178,"name":"Lane #170","role":3,"role_name":"Main","speed_limit":80.0,"priority_offset":0.0,"oneway":"yes","length_m":13889.2},"geometry":{"type":"LineString","coordinates":[[139.673111683,35.450843711,25.042],[139.67309799,35.450868426,25.115],[139.672442877,35.452050781,28.597],[139.672194324,35.452526816,29.983],[139.672061938,35.45282068,30.827],[139.671869682,35.453290117,32.157],[139.671816978,35.453452094,32.602],[139.671712281,35.453813147,33.601],[139.671657047,35.454061779,34.279],[139.671614036,35.454310937,34.953],[139.671584555,35.454517663,35.514],[139.671564223,35.454756952,36.149],[139.671555867,35.45495087,36.67],[139.671556644,35.455194063,37.326],[139.671564148,35.455414114,37.918],[139.67157539,35.4556242,38.483],[139.671597853,35.455825557,39.025],[139.671656858,35.456233771,40.124],[139.671727375,35.456585112,41.084],[139.671813412,35.456928041,42.025],[139.671957791,35.457378363,43.274],[139.672063173,35.457659831,44.063],[139.672260704,35.45810903,45.339],[139.672455619,35.458500164,46.475],[139.672653441,35.458838452,47.479],[139.672833968,35.4591112,48.312],[139.673331774,35.459800057,50.457],[139.673891337,35.460566289,52.853],[139.674385501,35.461251286,54.993],[139.674901864,35.461962443,57.21],[139.675305104,35.462520247,58.95],[139.675890771,35.463317042,61.454],[139.676596902,35.464289929,64.493],[139.677125953,35.465016894,66.758],[139.677433511,35.465436565,68.071],[139.67816409,35.466436252,70.894],[139.678820425,35.467343117,69.976],[139.679437147,35.468188117,66.506],[139.680020726,35.468988175,63.158],[139.680299865,35.469375642,61.539],[139.680743251,35.469971905,59.028],[139.681172299,35.470569343,56.537],[139.681614741,35.471168308,54.021],[139.682118696,35.471864473,51.119],[139.682487455,35.472339587,49.094],[139.682718599,35.472621572,47.869],[139.682961821,35.472900189,46.635],[139.683306488,35.47326218,44.971],[139.683625374,35.473581589,43.476],[139.684012258,35.473937756,41.756],[139.684275348,35.474166966,40.619],[139.684616115,35.474447749,39.186],[139.684953844,35.474709347,37.812],[139.685452275,35.475069514,36.518],[139.68595827,35.475401643,36.541],[139.686466104,35.475706332,36.707],[139.68696432,35.475986098,36.875],[139.687457649,35.476238354,37.031],[139.687943015,35.476466598,37.185],[139.68833155,35.476633014,37.301],[139.68899282,35.476911815,37.509],[139.689673376,35.477190704,37.711],[139.690536089,35.477541273,37.973],[139.691091341,35.47776557,38.143],[139.691987726,35.478130202,38.419],[139.692776156,35.478449901,38.655],[139.693397108,35.478703674,38.838],[139.694217733,35.479037593,39.09],[139.695030098,35.479367064,39.34],[139.695879961,35.479708098,39.594],[139.696583557,35.479996952,39.81],[139.697384141,35.480321388,40.054],[139.698232655,35.480661992,41.126],[139.699344621,35.481115517,44.947],[139.700151819,35.481444655,47.918],[139.701108434,35.481832578,51.438],[139.701870447,35.482145074,54.226],[139.702623974,35.482450105,56.386],[139.703194067,35.482680701,57.393],[139.703989299,35.483005909,57.902],[139.70488682,35.483365461,57.23],[139.705630287,35.483670914,55.67],[139.706729147,35.484117358,51.698],[139.707792436,35.484552618,46.884],[139.708785202,35.484950007,42.421],[139.709806497,35.485363853,38.243],[139.710642092,35.48570722,37.12],[139.711897112,35.486213213,36.484],[139.712737605,35.486553334,35.497],[139.713679887,35.486935634,33.843],[139.714542739,35.487286765,31.798],[139.715388262,35.487635738,29.316],[139.71622705,35.487970034,26.395],[139.716986269,35.488279206,23.338],[139.717910935,35.488655233,19.394],[139.718962847,35.489077405,15.956],[139.720015727,35.489506278,15.36],[139.720803404,35.489826626,15.118],[139.721726562,35.490193539,14.84],[139.722450466,35.490488622,14.544],[139.723263722,35.490811505,13.348],[139.724285961,35.49122321,10.534],[139.725102049,35.491547988,8.133],[139.725975672,35.491895654,5.568],[139.727046178,35.492331203,4.059],[139.72796005,35.492696397,4.354],[139.728961316,35.493096487,4.671],[139.730032333,35.493532142,5.02],[139.730872384,35.493862719,5.273],[139.731581626,35.494148898,5.233],[139.73215076,35.494376511,5.062],[139.732778631,35.494624809,4.876],[139.733752326,35.49501661,4.579],[139.734670983,35.495384154,4.304],[139.735732654,35.495804027,4.277],[139.736461502,35.496095145,4.986],[139.737215185,35.496388631,6.39],[139.737711743,35.496584224,7.535],[139.738666744,35.496963699,9.746],[139.739728662,35.497382511,12.205],[139.740607141,35.497730466,14.237],[139.741314046,35.498014697,15.877],[139.742095522,35.498328676,17.695],[139.742900841,35.498654683,19.257],[139.743611341,35.498943291,19.833],[139.744385454,35.499257788,19.587],[139.745129717,35.499560942,18.475],[139.745995702,35.499911037,16.167],[139.747038699,35.500340613,13.02],[139.748001631,35.500727658,10.127],[139.749791157,35.501452896,5.223],[139.75067917,35.501812106,4.236],[139.751635196,35.502199169,4.354],[139.752506049,35.502557809,4.627],[139.753341845,35.502894799,4.882],[139.753995186,35.503162731,5.086],[139.754763532,35.503471359,5.321],[139.755660852,35.503837447,5.566],[139.756634235,35.504232923,5.402],[139.7575278,35.504594914,5.102],[139.758692995,35.505068063,4.722],[139.759770702,35.505508499,4.515],[139.760992767,35.506005456,7.883],[139.761647798,35.506266712,9.865],[139.762358566,35.5065639,11.616],[139.763143575,35.506881915,12.342],[139.763627629,35.507076473,12.172],[139.764582341,35.507461466,10.43],[139.765551785,35.507853512,7.496],[139.766537661,35.508252997,5.448],[139.76760565,35.508690555,5.057],[139.768610186,35.509097945,4.719],[139.769631976,35.509511922,4.351],[139.770743199,35.50996571,3.26],[139.771700747,35.510353773,1.563],[139.772909269,35.510846765,-1.456],[139.773703152,35.511168613,-3.933],[139.774373418,35.511439484,-6.035],[139.775043269,35.51171503,-8.147],[139.775867918,35.512048599,-10.737],[139.776566866,35.512339129,-12.946],[139.777231541,35.512628404,-15.065],[139.777750073,35.512865071,-16.739],[139.778298185,35.513119484,-18.519],[139.778897659,35.513415663,-20.495],[139.779826883,35.51389547,-23.189],[139.780933074,35.514472381,-24.296],[139.781964392,35.515004911,-23.81],[139.782822183,35.515447382,-23.377],[139.78359393,35.515845174,-22.978],[139.784231281,35.516171057,-22.654],[139.78523563,35.516693745,-22.129],[139.78602759,35.517104143,-21.725],[139.78671093,35.517455906,-21.377],[139.787365096,35.51779486,-21.037],[139.788137785,35.518192687,-20.383],[139.788838206,35.518556495,-18.931],[139.789451495,35.518873439,-17.098],[139.78978889,35.519047794,-16.065],[139.790410961,35.519392573,-14.095],[139.790699511,35.51955927,-13.188],[139.791203139,35.519863358,-11.619],[139.791219723,35.519873371,-11.567]]}},{"type":"Feature","id":179,"properties":{"lane_id":179,"name":"Lane #168","role":1,"role_name":"Parking","speed_limit":40.0,"priority_offset":0.0,"oneway":"yes","length_m":108.2},"geometry":{"type":"LineString","coordinates":[[139.674586846,35.461704933,56.263],[139.674962493,35.462221488,57.875],[139.675156281,35.462489017,58.708],[139.675216785,35.462525283,58.865]]}},{"type":"Feature","id":180,"properties":{"lane_id":180,"name":"Lane #169","role":2,"role_name":"Secondary","speed_limit":60.0,"priority_offset":0.0,"oneway":"yes","length_m":4155.2},"geometry":{"type":"LineString","coordinates":[[139.681718278,35.471464102,52.955],[139.681725886,35.47147644,52.905],[139.68189559,35.471751649,51.799],[139.682379332,35.472444296,48.953],[139.682629482,35.472760977,47.613],[139.683027354,35.473224993,45.588],[139.683319532,35.473539727,44.227],[139.683589139,35.473833038,45.077],[139.683734645,35.473979627,45.901],[139.683934733,35.474175598,47.009],[139.684091244,35.474312002,47.819],[139.684308638,35.474489121,48.865],[139.684470403,35.474599857,49.41],[139.684656153,35.474717164,49.842],[139.684850609,35.474806179,50.028],[139.685133486,35.474906555,49.99],[139.685316307,35.474946786,49.791],[139.685631805,35.474974998,49.337],[139.685900333,35.474966462,48.964],[139.68613029,35.474931267,48.64],[139.686430177,35.474845322,48.218],[139.686623376,35.474756579,47.934],[139.686908034,35.474571214,47.547],[139.687091156,35.47438263,47.226],[139.68721489,35.474190915,46.886],[139.687275994,35.474022648,46.448],[139.687311139,35.473733855,45.485],[139.687272256,35.473485398,44.401],[139.687229838,35.473360705,43.767],[139.687130768,35.473188798,42.682],[139.686922071,35.472959842,40.968],[139.686775415,35.472851387,39.985],[139.686584158,35.472735536,38.856],[139.686482988,35.472690931,38.312],[139.686410714,35.472659066,37.923],[139.686401976,35.472656147,37.879],[139.686225191,35.472597088,36.987],[139.685937517,35.472547347,35.572],[139.685664166,35.472531276,34.266],[139.685354462,35.472547523,32.806],[139.685121651,35.472591351,31.629],[139.684818004,35.472671909,30.082],[139.684552799,35.472765661,28.759],[139.684376312,35.472844922,27.987],[139.684096558,35.472982002,27.14],[139.683931318,35.473076912,26.831],[139.683708007,35.473224458,26.662],[139.683600079,35.473300104,26.722],[139.683332889,35.4735272,26.909],[139.683167396,35.473685983,27.053],[139.682925867,35.473960064,27.294],[139.682750491,35.474199503,27.497],[139.682622399,35.474405895,27.674],[139.6825425,35.474553117,27.799],[139.682417855,35.474851165,28.007],[139.682335826,35.475100586,28.202],[139.682179514,35.475722947,28.654],[139.681970892,35.476644269,29.451],[139.681779813,35.477504314,29.942],[139.681543021,35.478551277,32.802],[139.681275107,35.479698817,34.844],[139.681048376,35.480692626,32.071],[139.680958552,35.481075979,30.998],[139.680864396,35.481477297,29.695],[139.680799484,35.48170084,28.965],[139.680710382,35.481905846,28.438],[139.680575045,35.482188998,27.809],[139.680303118,35.482714282,26.198],[139.680161852,35.482992539,25.676],[139.68009667,35.483150621,25.457],[139.680056319,35.48329579,25.114],[139.679972812,35.483660939,24.64],[139.679894996,35.484002096,24.517],[139.679770037,35.484558663,24.31],[139.679696866,35.484907565,24.285],[139.67964557,35.485179331,24.25],[139.679608472,35.485572052,23.984],[139.679558481,35.486275411,23.668],[139.679502248,35.486940529,23.424],[139.679471375,35.487411081,23.252],[139.679439159,35.487873176,23.133],[139.679428289,35.488089736,23.246],[139.679428753,35.488231781,23.307],[139.679447208,35.488415865,23.183],[139.679496854,35.488718835,23.016],[139.679617195,35.489414991,23.244],[139.679724545,35.490039396,23.468],[139.679816209,35.490547459,23.646],[139.679913429,35.491108483,23.842],[139.680025311,35.491731414,24.063],[139.680121582,35.492269269,24.249],[139.680186866,35.492646112,24.381],[139.680220145,35.492831635,24.384],[139.680248763,35.493003226,24.384],[139.680265054,35.493154676,24.424],[139.680268501,35.493295563,24.495],[139.680264412,35.493456628,24.673],[139.680241416,35.493624561,24.785],[139.680183894,35.493869149,24.816],[139.68010822,35.494067251,24.677],[139.679995922,35.494282635,24.535],[139.679843867,35.49452003,24.488],[139.679612615,35.494859011,24.391],[139.679341864,35.495260251,24.213],[139.679097848,35.495606679,24.055],[139.678851071,35.495942362,23.904],[139.678607659,35.496255165,23.766],[139.678341381,35.496606665,23.601],[139.678076553,35.496978043,23.44],[139.677955614,35.497147976,23.364],[139.677805209,35.497369124,23.336],[139.677480448,35.497844036,24.156],[139.677307603,35.498102791,24.987],[139.677220018,35.498229116,25.396],[139.677189744,35.498272781,25.537],[139.677150978,35.498328694,25.718],[139.677082442,35.498428744,26.04],[139.677044318,35.498484398,26.218]]}},{"type":"Feature","id":181,"properties":{"lane_id":181,"name":"Lane #170","role":3,"role_name":"Main","speed_limit":80.0,"priority_offset":0.0,"oneway":"yes","length_m":4007.6},"geometry":{"type":"LineString","coordinates":[[139.682275375,35.472200638,49.847],[139.682318688,35.472262511,49.593],[139.682533292,35.472569077,48.334],[139.682752687,35.472846273,47.151],[139.683121494,35.473265584,45.305],[139.683457626,35.473627645,44.199],[139.683698502,35.473881673,45.471],[139.68394911,35.474125577,46.83],[139.68417508,35.474328574,48.005],[139.684359719,35.474477541,48.862],[139.68457114,35.474618613,49.493],[139.684754478,35.474718444,49.793],[139.684914771,35.474790862,49.897],[139.685168351,35.474864964,49.765],[139.685465379,35.474919696,49.357],[139.685837692,35.474930951,48.805],[139.686109166,35.474895887,48.403],[139.686357853,35.474826242,48.022],[139.686580495,35.474731173,47.692],[139.686765748,35.474620534,47.415],[139.68694572,35.47446661,47.096],[139.6870614,35.474341048,46.903],[139.68713941,35.474221426,46.687],[139.687227686,35.474017955,46.199],[139.687262081,35.473841161,45.639],[139.687256827,35.473655753,44.892],[139.687225415,35.47347945,44.096],[139.687165034,35.473327703,43.247],[139.687054883,35.473161375,42.094],[139.686878316,35.472984941,40.65],[139.686709489,35.472854782,39.506],[139.686542092,35.472758898,38.501],[139.686310775,35.472664444,37.246],[139.68613425,35.47261594,36.343],[139.685928595,35.472581981,35.318],[139.685633499,35.472568103,33.871],[139.685284171,35.472595184,32.172],[139.685130028,35.472623537,31.402],[139.684923893,35.472676383,30.33],[139.684718303,35.472740633,29.27],[139.684480738,35.47283674,28.129],[139.684443468,35.472851817,27.95],[139.684427782,35.472859391,27.893],[139.684247318,35.472946526,27.236],[139.683970499,35.473104642,26.57],[139.683735222,35.473254478,26.412],[139.68360816,35.473351169,26.459],[139.683313015,35.473604424,26.695],[139.683140439,35.473779086,26.85],[139.682937843,35.474014577,27.073],[139.682814605,35.474181774,27.218],[139.682708716,35.474350602,27.355],[139.682515058,35.474727156,27.655],[139.682382111,35.47510728,27.951],[139.682196151,35.475898452,28.5],[139.681976427,35.476841248,29.301],[139.681816506,35.477535738,29.989],[139.681756382,35.477798992,30.692],[139.681750351,35.477825397,30.762],[139.681637462,35.478319681,32.081],[139.681457118,35.479101168,34.512],[139.681262786,35.479948773,34.178],[139.681026215,35.48095347,31.356],[139.680960785,35.481258808,30.495],[139.680894395,35.481533372,29.67],[139.680831198,35.481724122,29.095],[139.680729706,35.48196078,28.454],[139.680581319,35.482259872,27.652],[139.680395057,35.482620232,26.535],[139.680291854,35.482816623,25.923],[139.680181094,35.48304292,25.448],[139.680122688,35.483213722,25.129],[139.680056621,35.483470504,24.757],[139.679967951,35.48387134,24.57],[139.679871854,35.484279844,24.412],[139.679761428,35.484775757,24.256],[139.67970252,35.485071305,24.18],[139.679677333,35.485271548,24.098],[139.679629651,35.485766286,23.859],[139.679600909,35.486293991,23.662],[139.679543662,35.4869531,23.42],[139.679504093,35.487531046,23.202],[139.679472028,35.48799022,23.093],[139.679468187,35.488150346,23.092],[139.679473161,35.488311735,23.084],[139.679520827,35.488637206,23.0],[139.679651498,35.489371128,23.231],[139.679767281,35.490017491,23.46],[139.679853383,35.490518203,23.639],[139.679952976,35.491104272,23.844],[139.680049889,35.491628398,24.028],[139.680155265,35.492229249,24.238],[139.680225939,35.492636156,24.379],[139.680265686,35.492858075,24.435],[139.680290511,35.493032807,24.506],[139.680304704,35.493196433,24.614],[139.680311307,35.493293932,24.72],[139.680304343,35.493448934,24.876],[139.680282279,35.493643334,25.028],[139.680236312,35.493833146,25.042],[139.680163735,35.494037951,24.935],[139.680049031,35.494266652,24.705],[139.679879438,35.494533531,24.53],[139.679547988,35.495027497,24.325],[139.679131753,35.495621733,24.057],[139.678803157,35.496062792,23.861],[139.678526904,35.496420897,23.695],[139.678185878,35.496878913,23.494],[139.677846159,35.497378739,23.334],[139.677521107,35.497857309,24.147],[139.67735317,35.498101923,24.929],[139.677288107,35.498188061,25.212],[139.677225063,35.498241893,25.417],[139.677201644,35.498261891,25.493]]}},{"type":"Feature","id":182,"properties":{"lane_id":182,"name":"Lane #171","role":2,"role_name":"Secondary","speed_limit":60.0,"priority_offset":0.0,"oneway":"yes","length_m":6755.7},"geometry":{"type":"LineString","coordinates":[[139.682309425,35.472234254,49.697],[139.682331127,35.472261909,49.579],[139.682549297,35.472539926,48.395],[139.682821516,35.472852484,47.015],[139.68306312,35.473117012,45.824],[139.683324565,35.473392348,44.568],[139.683578598,35.473635032,43.419],[139.683748919,35.473799088,42.644],[139.684029634,35.474053931,41.416],[139.684374295,35.47434268,39.961],[139.684686227,35.474595786,38.666],[139.685311522,35.4750481,36.637],[139.685786838,35.475371755,36.497],[139.686269733,35.475671154,36.66],[139.686688855,35.4759144,36.795],[139.68696288,35.476060735,36.888],[139.687437533,35.476301227,37.039],[139.687563505,35.47636117,37.077],[139.688138329,35.47662368,37.254],[139.688733215,35.476878321,37.438],[139.690113374,35.477437897,37.855],[139.691324724,35.477934083,38.227],[139.692102996,35.478245868,38.458],[139.692549191,35.478429235,38.593],[139.692641887,35.478467328,38.621],[139.69311669,35.478662452,38.766],[139.693953261,35.478997862,39.018],[139.694333704,35.479155172,39.135],[139.695328922,35.479558245,39.439],[139.696141973,35.479887137,39.682],[139.697117425,35.48028414,39.983],[139.698261737,35.480748025,41.289],[139.699240151,35.48114715,44.697],[139.700106095,35.481501159,47.878],[139.700782114,35.481771749,50.365],[139.702259025,35.482373459,55.555],[139.702949598,35.482653497,57.084],[139.703878572,35.483032762,57.898],[139.70457639,35.483314826,57.576],[139.705282632,35.483600128,56.436],[139.705997338,35.483891289,54.45],[139.70679527,35.484216497,51.233],[139.707836525,35.484643283,46.527],[139.708707818,35.484992036,42.601],[139.709563561,35.485339737,38.886],[139.710444027,35.485701106,37.171],[139.71141077,35.486091886,36.688],[139.711447582,35.486106767,36.67],[139.711912292,35.486294614,36.438],[139.712924107,35.486702468,35.161],[139.713988833,35.487139158,33.082],[139.715077101,35.487582708,30.172],[139.716056991,35.487977052,26.886],[139.716771562,35.488264258,24.094],[139.717676433,35.488633346,20.237],[139.71848883,35.488962475,16.985],[139.719504302,35.48937397,15.503],[139.720562477,35.489799098,15.186],[139.72151637,35.490184942,14.888],[139.722382384,35.490527668,14.566],[139.723418587,35.490945594,12.907],[139.724956685,35.491564525,8.46],[139.726141798,35.492038314,5.002],[139.727097965,35.492425105,4.085],[139.728041452,35.492803405,4.39],[139.728948348,35.493164484,4.681],[139.729229652,35.49327867,4.771],[139.729294663,35.493305058,4.792],[139.729969871,35.493579137,5.009],[139.730939537,35.493965358,5.286],[139.732079345,35.494425514,5.076],[139.732893165,35.49474888,4.832],[139.733930218,35.495163436,4.514],[139.735065862,35.495612776,4.173],[139.735928057,35.495953871,4.431],[139.736938582,35.496350874,5.868],[139.737624004,35.496619674,7.414],[139.738382694,35.496922196,9.174],[139.739382494,35.497316673,11.48],[139.740282824,35.497676067,13.572],[139.740981961,35.497955149,15.191],[139.741989641,35.498362135,17.534],[139.742893263,35.49872317,19.29],[139.744189701,35.499250314,19.709],[139.745631319,35.499833786,17.154],[139.747003035,35.500390888,13.033],[139.747770655,35.500703258,10.719],[139.747789851,35.500711069,10.661]]}},{"type":"Feature","id":186,"properties":{"lane_id":186,"name":"Lane #175","role":3,"role_name":"Main","speed_limit":80.0,"priority_offset":0.0,"oneway":"yes","length_m":95.2},"geometry":{"type":"LineString","coordinates":[[139.710492375,35.485740258,37.149],[139.711089375,35.485980942,36.972],[139.711408825,35.486111214,36.809],[139.711418992,35.486106618,36.806],[139.711433311,35.486100143,36.802]]}},{"type":"Feature","id":187,"properties":{"lane_id":187,"name":"Lane #176","role":1,"role_name":"Parking","speed_limit":40.0,"priority_offset":0.0,"oneway":"yes","length_m":99.7},"geometry":{"type":"LineString","coordinates":[[139.728273592,35.49291858,4.469],[139.729233031,35.493305152,4.78],[139.729242793,35.49329965,4.783],[139.729258295,35.493290914,4.787]]}},{"type":"Feature","id":188,"properties":{"lane_id":188,"name":"Lane #177","role":1,"role_name":"Parking","speed_limit":40.0,"priority_offset":0.0,"oneway":"yes","length_m":2450.4},"geometry":{"type":"LineString","coordinates":[[139.747807097,35.50071993,10.605],[139.74787002,35.500753572,10.403],[139.748090334,35.500871362,9.699],[139.748585097,35.501096738,8.178],[139.749200807,35.501362424,6.358],[139.749280221,35.501396067,6.157],[139.750207923,35.501776095,4.559],[139.751082253,35.502309546,4.201],[139.751909684,35.502672458,4.455],[139.75396357,35.503488948,5.092],[139.75575994,35.504203219,5.576],[139.757841465,35.505065089,4.981],[139.759769717,35.505872858,5.182],[139.762829548,35.507114984,7.873],[139.766143208,35.508466249,6.436],[139.767370308,35.508963224,5.115],[139.767962882,35.509158449,4.919],[139.76867771,35.509311732,4.681],[139.769055405,35.509424565,4.559],[139.770046305,35.509828849,4.022],[139.77049813,35.510004581,3.496],[139.771020686,35.510219062,2.714],[139.77149546,35.510398891,1.838],[139.771885043,35.510541997,1.058],[139.771932895,35.510544384,0.967],[139.771976321,35.51054655,0.884]]}},{"type":"Feature","id":189,"properties":{"lane_id":189,"name":"Lane #178","role":2,"role_name":"Secondary","speed_limit":60.0,"priority_offset":0.0,"oneway":"yes","length_m":4510.5},"geometry":{"type":"LineString","coordinates":[[139.747856932,35.50074158,10.452],[139.747877591,35.500749865,10.39],[139.748608434,35.501042936,8.199],[139.749785963,35.501527392,5.17],[139.750556094,35.501836371,4.282],[139.751534402,35.502231979,4.334],[139.752441882,35.502604655,4.62],[139.753194288,35.502905984,4.849],[139.7532854,35.50294274,4.877],[139.753342966,35.502965963,4.895],[139.753953196,35.503212138,5.083],[139.754880355,35.503590832,5.365],[139.75597693,35.504038681,5.563],[139.757119147,35.504504381,5.225],[139.75804808,35.50488047,4.918],[139.758721555,35.505158026,4.695],[139.759467175,35.505457451,4.45],[139.760554158,35.505898606,6.657],[139.761638094,35.506338629,9.951],[139.762609082,35.506734562,12.024],[139.76360937,35.507140942,12.162],[139.765222472,35.507798113,8.384],[139.76662656,35.508366681,5.373],[139.767975687,35.508912291,4.92],[139.768810351,35.509251219,4.639],[139.769951544,35.50971713,4.111],[139.770770548,35.510054076,3.161],[139.771562289,35.510370783,1.76],[139.77191873,35.510516678,0.881],[139.772024149,35.510559827,0.621],[139.7728963,35.510916806,-1.529],[139.773887378,35.511316405,-4.622],[139.77461659,35.511614637,-6.92],[139.77548053,35.511962934,-9.628],[139.775954449,35.512159352,-11.128],[139.776624456,35.512440768,-13.25],[139.777282665,35.512726534,-15.354],[139.777746941,35.512939199,-16.859],[139.778219544,35.513163399,-18.406],[139.778592515,35.513346895,-19.638],[139.779014167,35.513557086,-21.029],[139.779969681,35.514047016,-23.547],[139.781011511,35.51458431,-24.274],[139.78206674,35.515130929,-23.743],[139.782865932,35.515542108,-23.333],[139.783587281,35.515919364,-22.962],[139.784241439,35.516252739,-22.625],[139.785257931,35.516781111,-22.101],[139.786334306,35.517340608,-21.545],[139.787300143,35.517837819,-21.047],[139.788129534,35.518268544,-20.323],[139.789081151,35.518757887,-18.114],[139.789668406,35.5190654,-16.296],[139.79038965,35.519455964,-14.03],[139.790600147,35.519576639,-13.362],[139.791208314,35.519942868,-11.461],[139.791338266,35.520025741,-11.079],[139.791387763,35.520057307,-10.934],[139.791496145,35.520126424,-10.615],[139.791525419,35.520145093,-10.529]]}},{"type":"Feature","id":190,"properties":{"lane_id":190,"name":"Lane #179","role":1,"role_name":"Parking","speed_limit":40.0,"priority_offset":0.0,"oneway":"yes","length_m":94.8},"geometry":{"type":"LineString","coordinates":[[139.75237993,35.502608532,4.603],[139.753278012,35.502972866,4.879],[139.753299247,35.502965737,4.882],[139.753318904,35.502959137,4.884]]}},{"type":"Feature","id":191,"properties":{"lane_id":191,"name":"Lane #180","role":2,"role_name":"Secondary","speed_limit":60.0,"priority_offset":0.0,"oneway":"yes","length_m":726.3},"geometry":{"type":"LineString","coordinates":[[139.791368186,35.520049726,-10.974],[139.791383112,35.520063028,-10.923],[139.791480572,35.520149874,-10.596],[139.791798795,35.520423377,-9.643],[139.791983673,35.520569089,-9.16],[139.792117942,35.520683667,-8.823],[139.792308992,35.520936668,-7.2],[139.792365675,35.521758799,-0.518],[139.79446259,35.522870441,-1.094],[139.794830642,35.52314633,-5.131],[139.795277834,35.523657367,-8.097],[139.79557737,35.524022744,-8.93],[139.796136921,35.524697188,-10.939],[139.796262603,35.524840407,-11.457],[139.796281613,35.524862069,-11.536]]}},{"type":"Feature","id":192,"properties":{"lane_id":192,"name":"Lane #181","role":3,"role_name":"Main","speed_limit":80.0,"priority_offset":0.0,"oneway":"yes","length_m":673.4},"geometry":{"type":"LineString","coordinates":[[139.791541908,35.520157919,-10.478],[139.791571965,35.520184859,-10.386],[139.791729149,35.520325747,-9.904],[139.791948832,35.520499531,-9.312],[139.792136772,35.520657516,-8.831],[139.792345445,35.520949739,-7.174],[139.79241528,35.52175078,-0.914],[139.794306926,35.522748801,1.479],[139.794826585,35.523090615,-4.719],[139.795300604,35.523619926,-8.065],[139.795576199,35.523956705,-8.813],[139.795834462,35.524283509,-9.674],[139.796046143,35.524539326,-10.456],[139.796094918,35.524578899,-10.604],[139.796115818,35.524595856,-10.668]]}},{"type":"Feature","id":193,"properties":{"lane_id":193,"name":"Lane #182","role":4,"role_name":"Highway","speed_limit":90.0,"priority_offset":0.0,"oneway":"yes","length_m":10595.0},"geometry":{"type":"LineString","coordinates":[[139.791257854,35.519899961,-11.445],[139.791274925,35.519910533,-11.395],[139.791448758,35.520018189,-10.885],[139.791810293,35.520249785,-9.892],[139.792061265,35.520423903,-9.255],[139.792226555,35.520539578,-8.868],[139.792617396,35.520822853,-8.064],[139.793107062,35.521203556,-7.276],[139.793493822,35.521531247,-6.856],[139.793926853,35.521926153,-6.611],[139.794291312,35.52227781,-6.623],[139.794735413,35.522746195,-6.913],[139.795089692,35.523147058,-7.382],[139.795399793,35.523518804,-8.001],[139.795700122,35.523895437,-8.815],[139.795899903,35.524158991,-9.489],[139.796098825,35.524432766,-10.262],[139.796395222,35.524890053,-11.738],[139.796640602,35.525313032,-13.278],[139.79677506,35.525590833,-14.366],[139.796886128,35.525833964,-15.378],[139.797000578,35.526108914,-16.59],[139.797175252,35.526579791,-18.81],[139.797379537,35.527194879,-21.802],[139.797605039,35.527923906,-24.573],[139.797800175,35.528586183,-25.286],[139.797976101,35.52917541,-24.516],[139.798146692,35.529751781,-23.728],[139.798395244,35.530574363,-23.324],[139.798671136,35.531509493,-22.898],[139.798955718,35.532454847,-22.583],[139.799221096,35.533336253,-22.82],[139.799424874,35.534026172,-23.059],[139.799647656,35.53476827,-23.314],[139.799880451,35.535534721,-24.04],[139.800121645,35.536348907,-25.373],[139.800299891,35.537011635,-25.35],[139.800409518,35.537476726,-24.531],[139.800505239,35.537955805,-23.016],[139.800547942,35.53822547,-22.044],[139.800618211,35.53892449,-19.517],[139.800646386,35.53948007,-17.524],[139.800615389,35.540299761,-14.573],[139.80056747,35.540772239,-12.867],[139.800481994,35.541275372,-11.041],[139.800380113,35.541753613,-9.297],[139.800282321,35.542139891,-7.871],[139.800092882,35.542742238,-5.642],[139.799896084,35.543237976,-3.768],[139.799700544,35.543679749,-2.082],[139.799465678,35.544142612,-0.358],[139.799242156,35.544546128,0.777],[139.798855623,35.545158862,1.717],[139.798582078,35.54555193,1.777],[139.798275022,35.545962951,1.659],[139.797744541,35.54664504,1.459],[139.797207096,35.547338433,1.255],[139.79663237,35.548060613,1.09],[139.79613212,35.548698019,1.148],[139.795507398,35.549497051,1.42],[139.794684351,35.550541864,1.784],[139.794430801,35.550861892,1.895],[139.793650643,35.551860978,2.243],[139.793015498,35.552671318,2.524],[139.792546682,35.553266037,2.734],[139.791899723,35.554087228,3.016],[139.79131567,35.554828646,3.078],[139.790604516,35.555737993,2.76],[139.789969126,35.556552869,2.417],[139.789510074,35.557128862,2.166],[139.788852386,35.557964849,1.821],[139.788105364,35.5589168,1.424],[139.787571288,35.559584138,1.141],[139.78733278,35.559874677,1.019],[139.786974579,35.560294115,0.833],[139.786647749,35.560655058,0.674],[139.786265181,35.561044267,0.502],[139.78582176,35.561466034,0.223],[139.785329848,35.56189961,-0.47],[139.784895934,35.562248749,-1.39],[139.784469109,35.562568233,-2.413],[139.7841415,35.562798754,-3.176],[139.783702959,35.563087486,-4.173],[139.783337302,35.563318775,-4.971],[139.782912257,35.56356876,-5.856],[139.782248457,35.563929179,-7.148],[139.781446071,35.564324567,-8.626],[139.780739257,35.564656791,-9.44],[139.77995866,35.565008532,-9.298],[139.779341328,35.565294182,-9.082],[139.778907442,35.565491918,-8.936],[139.777517089,35.566135316,-8.463],[139.776511921,35.566594286,-8.281],[139.77582614,35.566907868,-7.99],[139.774979225,35.567293729,-7.446],[139.773895699,35.567789787,-7.005],[139.772897322,35.56825297,-8.787],[139.771936304,35.568689689,-11.296],[139.770812819,35.569203952,-9.322],[139.769918185,35.569616769,-5.672],[139.769436858,35.56983525,-3.708],[139.768931749,35.570067236,-1.653],[139.768253227,35.570382713,1.125],[139.767820669,35.570594073,2.758],[139.7673063,35.57084687,4.08],[139.766765342,35.571145484,4.722],[139.766388612,35.571388736,4.873],[139.76604781,35.571641196,5.0],[139.765785967,35.571869293,5.105],[139.765544553,35.572107806,5.22],[139.76530565,35.572392022,5.336],[139.765076384,35.572705208,5.518],[139.764872012,35.573041456,6.004],[139.764710612,35.573368949,6.766],[139.764575652,35.573695933,7.811],[139.764443579,35.574063576,9.214],[139.764146587,35.574949457,12.616],[139.763912389,35.575623953,15.219],[139.763784798,35.576011626,16.711],[139.763579343,35.576593522,18.964],[139.763389951,35.577163206,21.141],[139.763197805,35.577731923,22.478],[139.763006034,35.5782928,21.989],[139.762816967,35.578835236,20.135],[139.762630204,35.579402951,18.061],[139.762519609,35.579723165,16.898],[139.762313439,35.580331071,14.679],[139.762059949,35.581064969,12.005],[139.761838585,35.581723758,10.127],[139.761622772,35.582369803,9.436],[139.761313979,35.583251919,10.207],[139.761035143,35.584069554,11.344],[139.760815591,35.584715683,12.243],[139.760609417,35.58532694,13.088],[139.760496675,35.585683517,13.58],[139.760407867,35.586028555,13.953],[139.760329325,35.586460423,14.11],[139.760277332,35.586847701,13.958],[139.760239108,35.587286379,13.465],[139.760216618,35.587599906,12.901],[139.760210701,35.587854387,12.315],[139.760204086,35.588444715,10.52],[139.76020397,35.589397487,7.399],[139.760207644,35.590248203,6.146],[139.760212215,35.590634358,6.139],[139.760213302,35.591906072,6.417],[139.760218179,35.59289989,6.091],[139.76021949,35.593570161,5.871],[139.760224793,35.594975584,5.395],[139.760225265,35.595798983,5.107],[139.760221703,35.596307095,4.941],[139.76023043,35.597470862,4.659],[139.760235801,35.598727308,5.194],[139.760240427,35.599655555,5.605],[139.760245206,35.599901029,5.716],[139.760245636,35.599923135,5.725]]}},{"type":"Feature","id":194,"properties":{"lane_id":194,"name":"Lane #183","role":3,"role_name":"Main","speed_limit":80.0,"priority_offset":0.0,"oneway":"yes","length_m":10577.9},"geometry":{"type":"LineString","coordinates":[[139.791405853,35.520029971,-10.939],[139.791419671,35.520038802,-10.901],[139.791766271,35.520260312,-9.94],[139.792028388,35.520439158,-9.279],[139.79230049,35.520633813,-8.657],[139.792782196,35.520994988,-7.725],[139.793218189,35.52134676,-7.101],[139.793578591,35.521656475,-6.761],[139.793896312,35.521947909,-6.612],[139.794193102,35.522234053,-6.609],[139.794615193,35.522674304,-6.836],[139.795078148,35.523188052,-7.412],[139.795534106,35.523736592,-8.418],[139.795866656,35.524175212,-9.482],[139.796078278,35.524467996,-10.326],[139.796373557,35.524919468,-11.792],[139.796600246,35.525324524,-13.273],[139.796726078,35.525585069,-14.288],[139.796857132,35.525864563,-15.462],[139.796961139,35.52612024,-16.585],[139.797122073,35.526535717,-18.559],[139.797334731,35.527167285,-21.635],[139.797567159,35.527927262,-24.561],[139.797761604,35.528582928,-25.289],[139.797951944,35.529219387,-24.45],[139.79812192,35.529786582,-23.705],[139.798417939,35.530801752,-23.223],[139.798681504,35.531669952,-22.836],[139.798922747,35.532476313,-22.58],[139.799182703,35.533350066,-22.824],[139.799382591,35.534011772,-23.05],[139.799649469,35.534904854,-23.365],[139.799938831,35.535884584,-24.635],[139.800167288,35.536648271,-25.538],[139.800324134,35.537280072,-24.971],[139.800428545,35.537745825,-23.774],[139.800506096,35.538218666,-22.084],[139.800575788,35.538881539,-19.676],[139.800601871,35.53947378,-17.549],[139.800585984,35.540042927,-15.491],[139.800550504,35.540535318,-13.714],[139.800496807,35.540934711,-12.264],[139.800411665,35.541437178,-10.433],[139.800321372,35.541833277,-8.984],[139.80022837,35.542188847,-7.673],[139.800028541,35.542792066,-5.418],[139.799854428,35.54323759,-3.732],[139.799660506,35.543676503,-2.053],[139.799433672,35.544133124,-0.352],[139.79920687,35.544533855,0.78],[139.798821276,35.545139479,1.716],[139.798521287,35.54556658,1.765],[139.798227857,35.545962876,1.655],[139.79762625,35.546737372,1.426],[139.797113507,35.547393187,1.232],[139.796625562,35.548009679,1.092],[139.796133242,35.548630685,1.139],[139.795582613,35.549337232,1.371],[139.794959539,35.550132707,1.649],[139.794394555,35.550858826,1.9],[139.793685335,35.551755716,2.212],[139.79296517,35.552671704,2.531],[139.792499316,35.553260992,2.738],[139.791860705,35.55407585,3.02],[139.791283842,35.554814163,3.077],[139.790567567,35.555728348,2.756],[139.789928438,35.556538802,2.417],[139.789269411,35.55737374,2.062],[139.788439524,35.558432773,1.622],[139.787786092,35.559261689,1.265],[139.787455872,35.559665955,1.1],[139.787037999,35.560170619,0.876],[139.786650876,35.560597519,0.691],[139.786290303,35.560970682,0.525],[139.785860973,35.561383269,0.281],[139.785445938,35.561750305,-0.219],[139.784856136,35.562235419,-1.417],[139.784478536,35.562517304,-2.323],[139.784046902,35.56282112,-3.332],[139.783594675,35.563115093,-4.352],[139.783243233,35.563333399,-5.119],[139.782864926,35.563552594,-5.9],[139.782323093,35.563846151,-6.957],[139.781626874,35.564195863,-8.253],[139.780864157,35.56455944,-9.365],[139.780091417,35.564913939,-9.344],[139.779484399,35.565190894,-9.141],[139.77890434,35.565457413,-8.938],[139.777839185,35.565947195,-8.571],[139.776554818,35.566538847,-8.291],[139.775811564,35.566878767,-7.993],[139.775243211,35.567139097,-7.627],[139.77495724,35.567269054,-7.441],[139.773604061,35.567889979,-7.237],[139.772668803,35.568317392,-9.483],[139.771758756,35.568735032,-11.364],[139.770553825,35.569292415,-8.331],[139.769791515,35.569635896,-5.238],[139.769438526,35.569796971,-3.796],[139.768925134,35.570032826,-1.709],[139.768333836,35.5703115,0.721],[139.767809346,35.570562845,2.734],[139.767416494,35.570753293,3.813],[139.766923267,35.571015038,4.597],[139.766541624,35.571242123,4.798],[139.766176639,35.571496788,4.936],[139.765907109,35.571713201,5.045],[139.765719468,35.57188638,5.119],[139.765405127,35.572206178,5.265],[139.76511762,35.572575856,5.427],[139.764807431,35.573085345,6.114],[139.76460962,35.573511312,7.226],[139.764474248,35.573853625,8.44],[139.76431313,35.574326451,10.259],[139.764026053,35.575182801,13.55],[139.763844056,35.575715149,15.602],[139.763740581,35.576021607,16.781],[139.763618802,35.576372346,18.135],[139.763465641,35.576819492,19.856],[139.763313187,35.57726508,21.543],[139.763129097,35.577806617,22.521],[139.762989918,35.578220342,22.138],[139.762809258,35.578744365,20.431],[139.762597686,35.579373038,18.141],[139.762497297,35.579663696,17.082],[139.762284396,35.580285649,14.811],[139.762101744,35.580814495,12.887],[139.761795796,35.581718745,10.122],[139.761596248,35.582297522,9.45],[139.761317276,35.583121292,10.042],[139.761027456,35.583971119,11.222],[139.760774817,35.584719984,12.264],[139.760615872,35.585180241,12.904],[139.760504057,35.585515368,13.359],[139.760423598,35.585813031,13.749],[139.760336543,35.586187885,14.053],[139.760275429,35.586547515,14.092],[139.760223025,35.586970669,13.853],[139.760189355,35.587389864,13.295],[139.760172162,35.587765973,12.53],[139.760164667,35.588277189,11.093],[139.760163287,35.589067918,8.345],[139.760169052,35.589837584,6.536],[139.760170814,35.590517565,6.105],[139.760175054,35.591765895,6.429],[139.76017613,35.59271872,6.154],[139.760178813,35.593422621,5.916],[139.760183839,35.594746351,5.467],[139.760188746,35.596148015,4.994],[139.760189877,35.597430578,4.647],[139.760196631,35.598728046,5.193],[139.760201675,35.599670635,5.611],[139.760199736,35.599957476,5.746],[139.760199617,35.599975083,5.754]]}},{"type":"Feature","id":195,"properties":{"lane_id":195,"name":"Lane #184","role":2,"role_name":"Secondary","speed_limit":60.0,"priority_offset":0.0,"oneway":"yes","length_m":4321.7},"geometry":{"type":"LineString","coordinates":[[139.79156556,35.520173104,-10.413],[139.79157578,35.520179759,-10.387],[139.791879656,35.520377654,-9.592],[139.79207915,35.520518576,-9.104],[139.792173908,35.52058995,-8.877],[139.792511817,35.520831634,-8.17],[139.792794881,35.521047141,-7.661],[139.793089808,35.521281816,-7.225],[139.793418466,35.52156296,-6.86],[139.79384853,35.521947707,-6.617],[139.794126766,35.52221735,-6.601],[139.794598492,35.522708815,-6.845],[139.795072422,35.523240889,-7.455],[139.795519702,35.52377863,-8.47],[139.795849928,35.524204652,-9.523],[139.796060362,35.52450363,-10.394],[139.796100336,35.52456503,-10.588],[139.796137898,35.524622725,-10.77],[139.79624738,35.524790888,-11.301],[139.79627102,35.524830113,-11.439],[139.796308962,35.524893068,-11.66],[139.796445601,35.525119781,-12.458],[139.796690296,35.525584648,-14.249],[139.796823805,35.525875959,-15.472],[139.79692321,35.526127688,-16.581],[139.797147935,35.526743934,-19.52],[139.7974046,35.527530474,-23.261],[139.797572386,35.528087703,-24.889],[139.79782069,35.528926572,-25.012],[139.798090206,35.529827295,-23.676],[139.798350103,35.530697556,-23.274],[139.798654396,35.531718692,-22.82],[139.798909357,35.53256932,-22.595],[139.79917582,35.533461451,-22.855],[139.79933909,35.534010302,-23.043],[139.799624632,35.53495792,-23.394],[139.799947127,35.536050539,-24.92],[139.800125297,35.536674168,-25.532],[139.800251076,35.537137978,-25.21],[139.800378683,35.537699865,-23.943],[139.800465362,35.538185932,-22.214],[139.800536548,35.538850485,-19.799],[139.800561083,35.539491474,-17.486],[139.800542526,35.540123722,-15.196],[139.800500777,35.540579479,-13.54],[139.800453295,35.540965016,-12.137],[139.80037481,35.541419536,-10.479],[139.800285482,35.541811609,-9.036],[139.800190803,35.542167828,-7.72],[139.799980875,35.542802492,-5.338],[139.799809281,35.543243538,-3.67],[139.799672465,35.543558542,-2.459],[139.799631564,35.543652712,-2.097],[139.799615558,35.543684582,-1.979],[139.799371096,35.544171325,-0.189],[139.799138042,35.544574617,0.905],[139.798802595,35.545099989,1.691],[139.798433658,35.545625391,1.748],[139.79817532,35.545966609,1.647],[139.797650401,35.546650019,1.448],[139.797083346,35.547373791,1.233],[139.796489059,35.548130122,1.083],[139.796018102,35.548722749,1.165],[139.795444821,35.549459794,1.42],[139.794772913,35.550309347,1.716],[139.794326074,35.550871796,1.916],[139.793613413,35.55178435,2.227],[139.792871926,35.552732384,2.561],[139.792437187,35.553283674,2.749],[139.791846711,35.554036667,3.01],[139.791498727,35.554479735,3.09],[139.79106904,35.555028455,3.026],[139.791045852,35.555058067,3.023]]}},{"type":"Feature","id":196,"properties":{"lane_id":196,"name":"Lane #185","role":3,"role_name":"Main","speed_limit":80.0,"priority_offset":0.0,"oneway":"yes","length_m":20.2},"geometry":{"type":"LineString","coordinates":[[139.791231232,35.51988396,-11.525],[139.791268947,35.519915962,-11.398],[139.791367809,35.519999849,-11.064],[139.791385505,35.520014864,-11.004]]}},{"type":"Feature","id":197,"properties":{"lane_id":197,"name":"Lane #186","role":3,"role_name":"Main","speed_limit":80.0,"priority_offset":0.0,"oneway":"yes","length_m":15.0},"geometry":{"type":"LineString","coordinates":[[139.791394052,35.520025584,-10.969],[139.791414505,35.52004458,-10.9],[139.791498378,35.520122476,-10.616],[139.791503367,35.520127109,-10.599]]}},{"type":"Feature","id":198,"properties":{"lane_id":198,"name":"Lane #187","role":1,"role_name":"Parking","speed_limit":40.0,"priority_offset":0.0,"oneway":"yes","length_m":483.1},"geometry":{"type":"LineString","coordinates":[[139.799632589,35.54363568,-2.156],[139.799603576,35.543680502,-1.975],[139.799466697,35.543891958,-1.121],[139.799222256,35.544298413,0.267],[139.798999419,35.544631433,1.091],[139.798979616,35.544668019,1.165],[139.798276834,35.545688826,1.727],[139.797825459,35.546290988,1.523],[139.797809367,35.546310792,1.507],[139.797212852,35.547058803,8.131],[139.796956548,35.547386612,8.025]]}},{"type":"Feature","id":199,"properties":{"lane_id":199,"name":"Lane #188","role":1,"role_name":"Parking","speed_limit":40.0,"priority_offset":0.0,"oneway":"yes","length_m":928.2},"geometry":{"type":"LineString","coordinates":[[139.791029005,35.555077765,3.017],[139.790949755,35.555154103,2.985],[139.790825786,35.555273516,2.933],[139.790484666,35.555654768,2.767],[139.790287338,35.555898194,2.664],[139.790260298,35.55593381,2.648],[139.789604589,35.556757612,2.258],[139.789482357,35.556906912,2.299],[139.789205972,35.55703754,3.086],[139.7879336,35.558665575,1.467],[139.78730113,35.559654994,1.081],[139.786657988,35.560401939,0.748],[139.786320831,35.560769755,0.586],[139.786069633,35.561028116,0.467],[139.785574214,35.561518573,0.063],[139.785264922,35.561812099,-0.433],[139.78522975,35.561862241,-0.521],[139.785209008,35.561891811,-0.573]]}},{"type":"Feature","id":200,"properties":{"lane_id":200,"name":"Lane #189","role":2,"role_name":"Secondary","speed_limit":60.0,"priority_offset":0.0,"oneway":"yes","length_m":5051.3},"geometry":{"type":"LineString","coordinates":[[139.79099284,35.555123282,3.004],[139.790956966,35.555169172,2.984],[139.790579019,35.555652636,2.78],[139.789896001,35.556523638,2.415],[139.78902579,35.55762982,1.951],[139.788276853,35.558578635,1.548],[139.787762278,35.559235639,1.271],[139.787429396,35.559647029,1.097],[139.787002334,35.560152916,0.878],[139.786630433,35.560564446,0.698],[139.786286587,35.560922854,0.54],[139.785848145,35.561348298,0.293],[139.785405133,35.561736611,-0.238],[139.785247445,35.561866031,-0.56],[139.785189298,35.561913754,-0.679],[139.784832589,35.562206518,-1.406],[139.784434077,35.56250461,-2.363],[139.783930793,35.562854526,-3.533],[139.783479623,35.563151219,-4.564],[139.783197339,35.563320433,-5.166],[139.782725888,35.563594589,-6.137],[139.782189166,35.563877186,-7.168],[139.781677283,35.564138611,-8.131],[139.780890854,35.564508787,-9.334],[139.780143555,35.564857097,-9.368],[139.779295547,35.56524272,-9.076],[139.778887865,35.565428321,-8.937],[139.778063996,35.56580875,-8.66],[139.776857199,35.56636221,-8.335],[139.77607042,35.566726188,-8.162],[139.775392259,35.567032592,-7.733],[139.774935605,35.56724048,-7.439],[139.773712628,35.567803716,-7.104],[139.77284988,35.56819792,-8.815],[139.772021072,35.568578362,-11.172],[139.771068201,35.569018333,-10.371],[139.770095516,35.56946201,-6.549],[139.769468003,35.569750602,-3.989],[139.768902628,35.570010684,-1.686],[139.768345694,35.570267152,0.589],[139.767793601,35.57052875,2.713],[139.767320684,35.570763533,3.97],[139.766884843,35.570996844,4.615],[139.766591066,35.571169098,4.77],[139.766309634,35.571357114,4.877],[139.765969086,35.57161699,5.006],[139.765692379,35.57186224,5.122],[139.765508199,35.572045569,5.204],[139.765168099,35.572444671,5.372],[139.764921973,35.572799618,5.661],[139.764726403,35.573155188,6.294],[139.764596128,35.573441377,7.04],[139.764450618,35.573809749,8.303],[139.764329802,35.574154105,9.626],[139.764144565,35.5747126,11.777],[139.763932249,35.575326916,14.142],[139.763712655,35.575980804,16.657],[139.763537116,35.576490113,18.623],[139.763401645,35.576893485,20.169],[139.763278089,35.577249447,21.515],[139.763105954,35.577753346,22.504],[139.762955614,35.57819615,22.169],[139.762809766,35.578625118,20.836],[139.762638294,35.579126933,19.007],[139.762477912,35.579591267,17.309],[139.762224674,35.580340699,14.583],[139.761971668,35.581089273,11.857],[139.76186421,35.581402066,11.021],[139.761849651,35.581444445,10.908],[139.761726228,35.581803714,9.947],[139.761563309,35.582287608,9.452],[139.761306551,35.583044142,9.945],[139.76104771,35.583803331,10.997],[139.760792143,35.584555246,12.046],[139.76064423,35.584973792,12.625],[139.760483427,35.585466002,13.302],[139.760420162,35.585684653,13.599],[139.760347689,35.58596676,13.914],[139.760340981,35.58599807,13.929],[139.760327274,35.586062053,13.96],[139.760264774,35.586353799,14.1],[139.760206607,35.586749307,14.007],[139.760204613,35.586762862,14.003],[139.760199257,35.586818094,13.956],[139.760172385,35.587095177,13.717],[139.760135873,35.587617055,12.861],[139.760132411,35.587894714,12.214],[139.760122603,35.588427472,10.579],[139.760124807,35.589030465,8.469],[139.760123769,35.589411999,7.381],[139.76012367,35.589448438,7.277]]}},{"type":"Feature","id":201,"properties":{"lane_id":201,"name":"Lane #190","role":1,"role_name":"Parking","speed_limit":40.0,"priority_offset":0.0,"oneway":"yes","length_m":103.2},"geometry":{"type":"LineString","coordinates":[[139.762129469,35.580535255,13.853],[139.761834143,35.581404112,10.827],[139.761842293,35.581412406,10.81],[139.761853498,35.581423807,10.787]]}},{"type":"Feature","id":204,"properties":{"lane_id":204,"name":"Lane #193","role":1,"role_name":"Parking","speed_limit":40.0,"priority_offset":0.0,"oneway":"yes","length_m":1314.3},"geometry":{"type":"LineString","coordinates":[[139.760124701,35.589457473,7.256],[139.760115834,35.589514544,7.14],[139.760084586,35.589715679,6.732],[139.760057265,35.590014352,6.322],[139.760040707,35.590267135,6.141],[139.76004374,35.590456234,6.101],[139.760042358,35.590490783,6.102],[139.760043397,35.591214369,6.316],[139.760023498,35.591554577,6.41],[139.759905378,35.592449945,6.243],[139.759889925,35.592987897,6.061],[139.759807094,35.593370029,5.933],[139.759812937,35.59461229,5.51],[139.759822328,35.596182663,4.978],[139.759834323,35.597788424,4.77],[139.75985203,35.599341026,5.46],[139.759852454,35.599378193,5.477],[139.759863568,35.599451195,5.513],[139.759909573,35.599753382,5.66],[139.759930539,35.599934779,5.727],[139.759940702,35.60017426,5.838],[139.759941342,35.600189337,5.845],[139.759956265,35.600219796,5.859],[139.759991255,35.600291218,5.89],[139.759998382,35.600568177,6.016],[139.759994988,35.600935656,6.18],[139.760005126,35.601105141,6.253],[139.76005484,35.601201166,6.3],[139.760068136,35.60122685,6.313]]}},{"type":"Feature","id":205,"properties":{"lane_id":205,"name":"Lane #194","role":2,"role_name":"Secondary","speed_limit":60.0,"priority_offset":0.0,"oneway":"yes","length_m":1464.4},"geometry":{"type":"LineString","coordinates":[[139.760124295,35.589483068,7.198],[139.760124812,35.589521911,7.126],[139.760129364,35.589863971,6.5],[139.760132504,35.590540611,6.112],[139.760135842,35.591591421,6.418],[139.76013961,35.59291105,6.092],[139.760143477,35.593364111,5.935],[139.760142499,35.594088526,5.69],[139.760142437,35.594134977,5.674],[139.760141735,35.594654715,5.499],[139.760145229,35.595770014,5.12],[139.760148144,35.596279203,4.948],[139.760151346,35.597583006,4.687],[139.76015741,35.598727287,5.19],[139.760162446,35.599679621,5.614],[139.760158308,35.599992964,5.759],[139.760137746,35.600132391,5.821],[139.760101573,35.600300264,5.898],[139.760101409,35.600320066,5.907],[139.760100886,35.600383065,5.936],[139.760098267,35.600698718,6.081],[139.760105017,35.601036297,6.223],[139.760127921,35.601388408,6.381],[139.760142094,35.601490742,6.411],[139.76014953,35.601544427,6.426],[139.760160499,35.601623624,6.449],[139.76017728,35.601875631,6.437],[139.76018711,35.602325219,6.264],[139.760192741,35.602607233,6.094],[139.760193229,35.602631671,6.079]]}},{"type":"Feature","id":206,"properties":{"lane_id":206,"name":"Lane #195","role":1,"role_name":"Parking","speed_limit":40.0,"priority_offset":0.0,"oneway":"yes","length_m":103.9},"geometry":{"type":"LineString","coordinates":[[139.760109489,35.593194084,5.993],[139.760107733,35.594092893,5.689],[139.760120892,35.594102184,5.687],[139.76013969,35.594115457,5.685]]}},{"type":"Feature","id":207,"properties":{"lane_id":207,"name":"Lane #196","role":4,"role_name":"Highway","speed_limit":90.0,"priority_offset":0.0,"oneway":"yes","length_m":169.5},"geometry":{"type":"LineString","coordinates":[[139.760257191,35.59995198,5.736],[139.760259994,35.599966573,5.743],[139.760275922,35.600049525,5.78],[139.760339858,35.60017355,5.839],[139.760371484,35.600308449,5.909],[139.760367203,35.600684809,6.068],[139.760371556,35.601045772,6.23],[139.760370561,35.60130175,6.344],[139.76031554,35.601427965,6.395],[139.760305178,35.601451737,6.405]]}},{"type":"Feature","id":208,"properties":{"lane_id":208,"name":"Lane #197","role":4,"role_name":"Highway","speed_limit":90.0,"priority_offset":0.0,"oneway":"yes","length_m":7759.9},"geometry":{"type":"LineString","coordinates":[[139.760246145,35.599956624,5.739],[139.760246609,35.599970882,5.746],[139.760249795,35.600068813,5.789],[139.760265942,35.600190651,5.845],[139.76030366,35.600294366,5.897],[139.760313209,35.600647571,6.052],[139.760313542,35.601094183,6.255],[139.760297851,35.601425377,6.396],[139.760296662,35.601450471,6.406],[139.76029102,35.601478999,6.412],[139.760249124,35.601690865,6.451],[139.760252377,35.601888939,6.431],[139.760266186,35.602268842,6.293],[139.760268928,35.602730665,5.987],[139.760265218,35.603199713,5.339],[139.760259531,35.603703275,4.209],[139.760250305,35.604120586,2.953],[139.760247615,35.604419169,1.9],[139.760251625,35.605060806,-0.241],[139.760254627,35.605675708,-1.433],[139.760252529,35.606439694,-1.655],[139.760259225,35.607063929,-1.429],[139.760259815,35.607923545,-1.204],[139.760264088,35.608623588,-1.44],[139.760278359,35.609095319,-1.727],[139.760316801,35.609414038,-1.833],[139.76039333,35.609803982,-1.942],[139.760514224,35.610180025,-2.092],[139.76067347,35.610572934,-2.18],[139.760773277,35.610771772,-2.204],[139.760973149,35.611107603,-2.227],[139.761161852,35.611392924,-2.273],[139.761481556,35.61178239,-3.173],[139.761697471,35.612007959,-4.007],[139.761930944,35.612220493,-4.865],[139.762232567,35.612473967,-5.866],[139.762700213,35.612806021,-7.222],[139.763430118,35.613317072,-9.535],[139.764349979,35.613955779,-12.46],[139.764987727,35.61441388,-14.508],[139.765849993,35.615019094,-16.586],[139.767181837,35.6159567,-19.004],[139.76858546,35.616938543,-20.163],[139.770387002,35.618205519,-20.036],[139.77201046,35.619342407,-14.921],[139.773369515,35.620291474,-8.337],[139.774339692,35.620970405,-3.626],[139.774976113,35.621418892,-1.424],[139.775767016,35.621970546,-1.413],[139.776106811,35.622213062,-1.405],[139.776703887,35.622630581,-1.418],[139.77774908,35.623361021,-1.655],[139.77831688,35.623741397,-1.853],[139.778943512,35.62413207,-2.061],[139.779491954,35.624450028,-2.2],[139.780594126,35.625041703,-2.359],[139.78106661,35.62529437,-2.426],[139.782060733,35.625830501,-2.573],[139.783303452,35.626502471,-0.891],[139.783780828,35.626756152,0.184],[139.785643498,35.627761881,4.513],[139.786961705,35.628472997,7.52],[139.788515628,35.629316216,11.053],[139.78967813,35.62994683,12.713],[139.790880157,35.630595176,12.764],[139.792407755,35.631416973,10.393],[139.794152182,35.632358427,5.897],[139.794972143,35.632802999,5.054],[139.796137348,35.633423652,4.977],[139.797083055,35.633935097,4.929],[139.798121612,35.634501996,4.871],[139.79892122,35.634933392,4.833],[139.799790697,35.635398961,4.797],[139.800300058,35.635671119,4.778],[139.800618799,35.635847307,4.756],[139.801597121,35.636378815,4.612],[139.802735251,35.63699091,4.306],[139.803451675,35.637374719,4.248],[139.804161021,35.637756892,4.406],[139.804705889,35.63804629,4.534],[139.805196493,35.638304322,5.086],[139.805707855,35.638555481,6.286],[139.806049754,35.63871633,7.179],[139.806627815,35.638982025,8.673],[139.807178276,35.639212362,10.074],[139.807906293,35.63949844,11.875],[139.808582296,35.639748476,12.659],[139.809100127,35.639920914,12.571],[139.810044442,35.640231673,12.294],[139.810772351,35.640468879,12.076],[139.81089574,35.640511325,12.035],[139.812038552,35.640874663,11.708],[139.813383146,35.641302014,11.324],[139.814046844,35.64151828,11.361],[139.815949981,35.642128053,11.919],[139.817551084,35.64264034,12.389],[139.818763992,35.643029311,12.744],[139.819185412,35.643168637,12.851],[139.819577922,35.643296151,12.863],[139.820092962,35.643460562,12.738],[139.820128524,35.643471914,12.73]]}},{"type":"Feature","id":209,"properties":{"lane_id":209,"name":"Lane #198","role":3,"role_name":"Main","speed_limit":80.0,"priority_offset":0.0,"oneway":"yes","length_m":7768.6},"geometry":{"type":"LineString","coordinates":[[139.760197583,35.599988026,5.759],[139.760191825,35.600023887,5.775],[139.760141194,35.600339215,5.915],[139.760152117,35.600828682,6.136],[139.760163513,35.601382094,6.379],[139.76019551,35.601608035,6.431],[139.760205688,35.601679904,6.447],[139.760207269,35.601691069,6.45],[139.760213455,35.601913525,6.424],[139.760225075,35.602334387,6.257],[139.760229754,35.603034856,5.602],[139.760216367,35.603849946,3.798],[139.760205374,35.604285984,2.382],[139.760208355,35.604547492,1.433],[139.760215364,35.605443999,-1.1],[139.760214375,35.606234425,-1.718],[139.760215455,35.60703735,-1.439],[139.76022235,35.607747868,-1.211],[139.76022667,35.608631201,-1.408],[139.760243839,35.609176141,-1.569],[139.760333497,35.609699195,-1.755],[139.760443807,35.610100754,-1.874],[139.760603659,35.610514938,-1.987],[139.76072317,35.610758649,-2.021],[139.760860652,35.610995278,-2.042],[139.761039791,35.611286644,-2.02],[139.761306071,35.611632586,-2.493],[139.761515776,35.611872645,-3.255],[139.761711218,35.612070462,-3.999],[139.761907055,35.612247011,-4.704],[139.762164099,35.61245644,-5.589],[139.762477714,35.612696454,-6.592],[139.762800733,35.612920288,-7.621],[139.763372305,35.613322404,-9.439],[139.76431666,35.613980725,-12.446],[139.764979876,35.614450478,-14.568],[139.76583578,35.615050546,-16.607],[139.767148677,35.615972545,-18.984],[139.768645899,35.617021861,-20.193],[139.770556214,35.618361309,-19.947],[139.771987482,35.6193639,-14.92],[139.773374788,35.620337144,-8.184],[139.774373586,35.621036391,-3.341],[139.774947613,35.621437922,-1.428],[139.775717152,35.62198233,-1.408],[139.776425457,35.622475708,-1.41],[139.776726738,35.622688989,-1.421],[139.777472417,35.623210587,-1.576],[139.778172949,35.623685797,-1.829],[139.778876323,35.624130213,-2.083],[139.7794223,35.624445995,-2.234],[139.780231731,35.624884647,-2.363],[139.781031848,35.625312821,-2.477],[139.781875798,35.625769585,-2.602],[139.783072016,35.626424141,-1.419],[139.783714956,35.626764052,0.031],[139.784818164,35.627354733,2.616],[139.78610258,35.628050271,5.556],[139.787049104,35.628564811,7.714],[139.788539614,35.629369407,11.094],[139.789965158,35.630137833,12.837],[139.790866412,35.630624713,12.709],[139.792065535,35.631270918,11.065],[139.793031657,35.631791904,8.545],[139.793778223,35.632196521,6.52],[139.794747097,35.632720392,5.111],[139.795970765,35.633375949,4.924],[139.797037417,35.633960985,4.86],[139.797824725,35.634384187,4.826],[139.798763349,35.634885588,4.789],[139.799912139,35.635507477,4.73],[139.800519976,35.635833804,4.705],[139.801513538,35.636369264,4.585],[139.80271849,35.63702093,4.252],[139.803454021,35.637421968,4.194],[139.804210581,35.637824212,4.364],[139.805037824,35.638260165,4.814],[139.805604076,35.638539729,6.012],[139.806041193,35.638747973,7.156],[139.806548273,35.63898213,8.463],[139.807044816,35.639194575,9.729],[139.807489491,35.639374518,10.849],[139.808005509,35.639570476,12.046],[139.808929509,35.639899013,12.562],[139.810201762,35.64031585,12.191],[139.810763499,35.640498508,12.025],[139.810879157,35.640531783,11.996],[139.811835929,35.640841169,11.714],[139.813143699,35.641263016,11.328],[139.813854907,35.641488076,11.263],[139.8159283,35.642155699,11.863],[139.816821643,35.642442308,12.124],[139.818281204,35.642912123,12.549],[139.818991409,35.643141916,12.753],[139.820162174,35.643514067,12.661],[139.82020183,35.643526672,12.657]]}},{"type":"Feature","id":210,"properties":{"lane_id":210,"name":"Lane #199","role":3,"role_name":"Main","speed_limit":80.0,"priority_offset":0.0,"oneway":"yes","length_m":181.8},"geometry":{"type":"LineString","coordinates":[[139.760199909,35.599993324,5.761],[139.760200239,35.600024635,5.775],[139.760208475,35.600806841,6.126],[139.760208079,35.601612033,6.441],[139.760208072,35.601626579,6.446]]}},{"type":"Feature","id":211,"properties":{"lane_id":211,"name":"Lane #200","role":3,"role_name":"Main","speed_limit":80.0,"priority_offset":0.0,"oneway":"yes","length_m":182.7},"geometry":{"type":"LineString","coordinates":[[139.760205326,35.599998153,5.763],[139.760207828,35.600025309,5.775],[139.760226193,35.600224707,5.86],[139.76025911,35.600554613,6.009],[139.760259651,35.600758667,6.101],[139.760255017,35.601491611,6.428],[139.760220496,35.601615983,6.45],[139.760215557,35.601633778,6.453]]}},{"type":"Feature","id":212,"properties":{"lane_id":212,"name":"Lane #202","role":2,"role_name":"Secondary","speed_limit":60.0,"priority_offset":0.0,"oneway":"yes","length_m":132.0},"geometry":{"type":"LineString","coordinates":[[139.760093611,35.600348206,5.918],[139.760086847,35.600375418,5.93],[139.760060251,35.600482414,5.976],[139.760048511,35.600760437,6.102],[139.760061377,35.60109452,6.253],[139.760065677,35.601191137,6.298],[139.760067802,35.601238891,6.319],[139.760071838,35.601329581,6.361],[139.760073379,35.60136422,6.377],[139.760078215,35.601375262,6.381],[139.760132695,35.601499671,6.421],[139.760142246,35.601521481,6.428]]}},{"type":"Feature","id":213,"properties":{"lane_id":213,"name":"Lane #203","role":3,"role_name":"Main","speed_limit":80.0,"priority_offset":0.0,"oneway":"yes","length_m":130.5},"geometry":{"type":"LineString","coordinates":[[139.759941509,35.600199374,5.85],[139.759941789,35.600248576,5.872],[139.759946318,35.601043039,6.232],[139.759994985,35.601249458,6.322],[139.760054788,35.60133544,6.365],[139.760066845,35.601352776,6.373]]}},{"type":"Feature","id":214,"properties":{"lane_id":214,"name":"Lane #204","role":2,"role_name":"Secondary","speed_limit":60.0,"priority_offset":0.0,"oneway":"yes","length_m":1056.4},"geometry":{"type":"LineString","coordinates":[[139.760191253,35.602642648,6.071],[139.760186599,35.602688822,6.016],[139.760156683,35.602985597,5.668],[139.760102914,35.603702292,4.203],[139.760076264,35.604147363,2.862],[139.760078348,35.604556252,5.133],[139.760078907,35.604897344,8.084],[139.760074996,35.605149301,10.538],[139.760048815,35.605356873,12.641],[139.759992701,35.605508623,14.163],[139.759872859,35.605705163,15.618],[139.759732165,35.605866306,16.278],[139.759473695,35.606061717,16.126],[139.759135526,35.60623352,15.466],[139.758546226,35.606454557,14.559],[139.758297596,35.606560829,14.152],[139.758133678,35.606633035,13.879],[139.758058349,35.606666217,13.754],[139.757836669,35.606763868,13.385],[139.757135565,35.607055874,13.181],[139.756840094,35.60718995,13.526],[139.756393355,35.607421594,14.059],[139.756162405,35.607549902,14.34],[139.755992766,35.607660488,14.559],[139.755888544,35.607748796,14.71],[139.755784647,35.607866829,14.89],[139.75570767,35.608002644,15.071],[139.755663388,35.608157765,15.176],[139.755649748,35.608359091,14.187],[139.755691017,35.608779455,9.708],[139.755744934,35.609271734,4.406],[139.75578721,35.609673423,3.135],[139.755821578,35.609914725,3.14],[139.755861229,35.610150199,3.136],[139.755881763,35.610189762,3.137],[139.755896511,35.610218177,3.138]]}},{"type":"Feature","id":215,"properties":{"lane_id":215,"name":"Lane #205","role":2,"role_name":"Secondary","speed_limit":60.0,"priority_offset":0.0,"oneway":"yes","length_m":7481.4},"geometry":{"type":"LineString","coordinates":[[139.760193773,35.602662705,6.054],[139.760193506,35.60269198,6.004],[139.760185032,35.603621416,4.412],[139.760175845,35.603968015,3.442],[139.760171369,35.604355647,2.129],[139.760173367,35.604724247,0.801],[139.760178559,35.606116313,-1.722],[139.760179833,35.606373344,-1.643],[139.760180044,35.60641584,-1.63],[139.760182579,35.606927097,-1.474],[139.760181765,35.607420854,-1.299],[139.760179787,35.608020813,-1.219],[139.760179924,35.608671653,-1.357],[139.760207498,35.609193283,-1.399],[139.760250341,35.609506103,-1.493],[139.760325909,35.609849814,-1.6],[139.760471235,35.610309102,-1.732],[139.760630347,35.610665434,-1.82],[139.760760804,35.610899268,-1.867],[139.760972427,35.611241421,-1.869],[139.761213588,35.611579197,-2.146],[139.761413598,35.611806976,-2.808],[139.761705215,35.612110075,-3.913],[139.761835227,35.612230138,-4.375],[139.76204833,35.612412312,-5.108],[139.762242364,35.612566465,-5.786],[139.762346327,35.612640916,-6.153],[139.762387801,35.612670617,-6.3],[139.762536395,35.612777029,-6.824],[139.7630085,35.613107196,-8.36],[139.763359468,35.613357416,-9.486],[139.764285141,35.614006289,-12.436],[139.764979114,35.614490504,-14.642],[139.76580637,35.615071496,-16.599],[139.767158321,35.616021692,-19.05],[139.768552203,35.616999465,-20.169],[139.770645597,35.618468865,-19.831],[139.772042251,35.619449628,-14.518],[139.773338324,35.62035231,-8.241],[139.774411177,35.621102935,-3.041],[139.775022314,35.621532363,-1.412],[139.775024857,35.621534144,-1.412],[139.775097089,35.621584722,-1.412],[139.77581568,35.622087888,-1.413],[139.776663199,35.622688233,-1.419],[139.777215676,35.623074634,-1.513],[139.777783389,35.623472042,-1.705],[139.778456217,35.623911881,-1.973],[139.77894543,35.624214647,-2.154],[139.77959948,35.624581741,-2.326],[139.780569406,35.625105424,-2.47],[139.781418322,35.62555712,-2.584],[139.782056385,35.62590268,-2.681],[139.782442123,35.626111625,-2.073],[139.78252922,35.626158803,-1.936],[139.783578836,35.626727356,-0.281],[139.784547616,35.62724871,1.967],[139.785667995,35.627852798,4.56],[139.786986878,35.62856047,7.569],[139.788804477,35.629550977,11.58],[139.790242957,35.630323305,12.851],[139.790891968,35.630675772,12.624],[139.792307166,35.63143958,10.423],[139.792805258,35.631710739,9.042],[139.792875211,35.631748821,8.848],[139.793047566,35.631842651,8.37],[139.794134968,35.632430014,5.736],[139.794446141,35.632594864,5.429],[139.794520825,35.632634429,5.355],[139.79491874,35.632845233,4.962],[139.795988815,35.63342878,4.863],[139.796913748,35.633926689,4.82],[139.797997231,35.634512102,4.767],[139.798404272,35.634732673,4.747],[139.798465932,35.634766085,4.743],[139.798619942,35.634849541,4.736],[139.799934936,35.635558946,4.675],[139.800543124,35.635888069,4.644],[139.80114245,35.636210489,4.614],[139.801952285,35.636650912,4.266],[139.802981715,35.637199092,4.168],[139.804200266,35.637860031,4.309],[139.804976111,35.638268929,4.703],[139.80555183,35.638556941,5.875],[139.806001215,35.638770014,7.049],[139.806509793,35.639000579,8.359],[139.806979262,35.639203585,9.554],[139.807457275,35.639389647,10.761],[139.80809077,35.639636064,12.161],[139.80843406,35.63976456,12.508],[139.808917204,35.639929734,12.509],[139.809403613,35.640090082,12.366],[139.809478166,35.640114659,12.344],[139.810042764,35.640300783,12.179],[139.81083305,35.640556868,11.944],[139.810915392,35.640582286,11.922],[139.812148179,35.640979245,11.559],[139.813617991,35.641444841,11.188],[139.815917829,35.642185377,11.813],[139.816859588,35.642492606,12.08],[139.818443186,35.642998463,12.547],[139.819457236,35.643327395,12.76],[139.820230549,35.643572773,12.584],[139.820255651,35.643580738,12.578]]}},{"type":"Feature","id":216,"properties":{"lane_id":216,"name":"Lane #206","role":1,"role_name":"Parking","speed_limit":40.0,"priority_offset":0.0,"oneway":"yes","length_m":92.0},"geometry":{"type":"LineString","coordinates":[[139.760139937,35.605587232,-1.322],[139.760144648,35.606376534,-1.677],[139.760161588,35.606390248,-1.67],[139.760176892,35.606402637,-1.664]]}},{"type":"Feature","id":217,"properties":{"lane_id":217,"name":"Lane #207","role":1,"role_name":"Parking","speed_limit":40.0,"priority_offset":0.0,"oneway":"yes","length_m":1545.6},"geometry":{"type":"LineString","coordinates":[[139.759850669,35.599413272,5.667],[139.759850275,35.599451683,5.676],[139.759822032,35.602199453,6.314],[139.759936229,35.603846391,3.809],[139.75995955,35.605250167,-0.706],[139.759970034,35.606997921,-1.453],[139.759978102,35.608107152,-1.234],[139.759984954,35.60892483,-1.276],[139.760006911,35.609458389,-1.345],[139.760106346,35.610001625,-1.257],[139.760326447,35.61048502,-1.153],[139.76044526,35.610708413,-1.198],[139.760645573,35.61102065,-1.281],[139.760851548,35.611312823,-1.273],[139.761273627,35.611790332,-2.452],[139.761575524,35.612083195,-3.301],[139.76180688,35.612296624,-4.13],[139.762079499,35.612499117,-5.1],[139.762260208,35.612616716,-5.822],[139.762344876,35.612650902,-6.144],[139.762366206,35.612659515,-6.225]]}},{"type":"Feature","id":218,"properties":{"lane_id":218,"name":"Lane #208","role":2,"role_name":"Secondary","speed_limit":60.0,"priority_offset":0.0,"oneway":"yes","length_m":477.3},"geometry":{"type":"LineString","coordinates":[[139.775052817,35.621559113,-1.411],[139.775084826,35.621586481,-1.411],[139.775343997,35.621808074,-1.407],[139.775808068,35.622175987,-1.41],[139.776029589,35.622339422,-1.411],[139.776482771,35.622656917,-1.414],[139.777248776,35.623326974,-1.614],[139.778249346,35.624038518,-1.939],[139.778936966,35.624445661,-2.335]]}},{"type":"Feature","id":219,"properties":{"lane_id":219,"name":"Lane #209","role":2,"role_name":"Secondary","speed_limit":60.0,"priority_offset":0.0,"oneway":"yes","length_m":970.8},"geometry":{"type":"LineString","coordinates":[[139.78247213,35.626130802,-2.591],[139.782510652,35.626156515,-2.521],[139.782904012,35.626419075,-1.806],[139.783499699,35.626777889,-0.469],[139.784007735,35.627055018,0.986],[139.785037721,35.627610158,7.926],[139.786006522,35.628133593,14.793],[139.786761557,35.62854175,20.145],[139.787116268,35.628734439,22.652],[139.787429463,35.628945187,24.77],[139.787588043,35.629093036,25.682],[139.787703149,35.629246871,26.339],[139.787787424,35.629406473,26.898],[139.787819913,35.629512691,27.177],[139.787853162,35.629699567,27.712],[139.787821699,35.629967933,28.394],[139.787743211,35.630157194,28.893],[139.787642762,35.630323619,29.501],[139.787368473,35.630635471,30.571],[139.787042258,35.630931314,30.644],[139.786823923,35.631135218,30.643],[139.786588957,35.631387047,30.668],[139.786374285,35.631622979,30.833],[139.786239867,35.631771946,30.978],[139.786135335,35.631886943,31.087],[139.786049231,35.631991657,31.191],[139.785968119,35.632092171,31.288],[139.78596439,35.632130858,31.347],[139.785961999,35.63215568,31.384]]}},{"type":"Feature","id":220,"properties":{"lane_id":220,"name":"Lane #210","role":2,"role_name":"Secondary","speed_limit":60.0,"priority_offset":0.0,"oneway":"yes","length_m":884.4},"geometry":{"type":"LineString","coordinates":[[139.786357336,35.631874947,28.362],[139.786365101,35.631865384,28.313],[139.786578255,35.631602874,26.98],[139.786903274,35.631294225,25.195],[139.787357414,35.6308759,22.771],[139.787878686,35.630394236,21.006],[139.788053207,35.630205972,21.285],[139.788205686,35.62999327,21.677],[139.78829326,35.629734326,21.87],[139.788310226,35.62953119,22.04],[139.788261076,35.629272843,22.24],[139.788167627,35.629081131,22.375],[139.788009023,35.628883779,22.06],[139.787787648,35.628699382,20.792],[139.78747687,35.628495104,18.41],[139.786710231,35.628076729,13.018],[139.786043353,35.627728486,8.506],[139.785250715,35.627302598,3.243],[139.784754736,35.627033745,1.883],[139.784363261,35.626836478,0.982],[139.784100812,35.626707147,0.412],[139.783762215,35.626534426,-0.324],[139.783615396,35.626497376,-0.542],[139.783561436,35.62648376,-0.623]]}},{"type":"Feature","id":221,"properties":{"lane_id":221,"name":"Lane #211","role":3,"role_name":"Main","speed_limit":80.0,"priority_offset":0.0,"oneway":"yes","length_m":724.4},"geometry":{"type":"LineString","coordinates":[[139.78636355,35.631873528,28.338],[139.786374729,35.631863037,28.277],[139.78662127,35.631631651,26.911],[139.78708022,35.631216294,24.433],[139.787618743,35.630732978,21.569],[139.787975253,35.630421214,20.771],[139.788232963,35.630244576,20.948],[139.788436622,35.630153523,21.101],[139.788741364,35.630069015,21.355],[139.788932632,35.630040217,21.545],[139.78920954,35.630042456,21.713],[139.78950612,35.630086205,21.955],[139.78983525,35.630191254,22.147],[139.790266987,35.630415294,20.394],[139.790909749,35.630764019,16.432],[139.791620681,35.631142437,12.245],[139.791988425,35.631346937,10.927],[139.792302578,35.631510368,10.233],[139.792662643,35.631689449,9.328],[139.792812273,35.631732646,9.008],[139.792854836,35.631744933,8.917]]}},{"type":"Feature","id":223,"properties":{"lane_id":223,"name":"Lane #213","role":1,"role_name":"Parking","speed_limit":40.0,"priority_offset":0.0,"oneway":"yes","length_m":176.5},"geometry":{"type":"LineString","coordinates":[[139.796780919,35.633931345,4.718],[139.796922789,35.634003712,4.718],[139.797026666,35.634051544,4.722],[139.797312343,35.634183201,4.741],[139.797745776,35.634417711,4.721],[139.798256977,35.634694819,4.695],[139.798376309,35.634749402,4.703],[139.798404887,35.634751998,4.72],[139.798439209,35.634755115,4.74]]}},{"type":"Feature","id":224,"properties":{"lane_id":224,"name":"Lane #215","role":1,"role_name":"Parking","speed_limit":40.0,"priority_offset":0.0,"oneway":"yes","length_m":1098.1},"geometry":{"type":"LineString","coordinates":[[139.809441163,35.640106541,12.351],[139.80947182,35.64011907,12.338],[139.809842148,35.640270417,12.179],[139.810368884,35.640468853,11.977],[139.810966743,35.64067074,11.787],[139.811159537,35.640728249,11.76],[139.811632377,35.640902108,12.26],[139.81196667,35.641021279,13.313],[139.812419538,35.641166012,14.855],[139.812487734,35.641187807,15.087],[139.812560741,35.641211139,15.336],[139.813306684,35.641451236,17.877],[139.814270468,35.641764184,21.158],[139.814985954,35.641989139,23.541],[139.815589314,35.642183623,25.16],[139.816027511,35.642323668,26.124],[139.816410705,35.642448668,26.943],[139.816657639,35.642543758,27.367],[139.816899173,35.642665004,27.829],[139.81713227,35.642848399,28.344],[139.817236896,35.642959319,28.738],[139.817346761,35.643138026,29.245],[139.817388142,35.643240695,29.565],[139.817433575,35.643388135,30.091],[139.817453195,35.643451806,30.318],[139.817457721,35.643466492,30.37],[139.817492521,35.643716647,31.17],[139.817480491,35.644002084,31.688],[139.817391638,35.644603014,32.024],[139.81733629,35.644964602,32.169],[139.817284088,35.645262698,32.176],[139.81723572,35.645472595,32.053],[139.817214374,35.645585647,31.956],[139.817187758,35.645714218,31.81],[139.817215639,35.645765491,31.782],[139.817221053,35.645775446,31.777]]}},{"type":"Feature","id":225,"properties":{"lane_id":225,"name":"Lane #216","role":3,"role_name":"Main","speed_limit":80.0,"priority_offset":0.0,"oneway":"yes","length_m":542.0},"geometry":{"type":"LineString","coordinates":[[139.812448228,35.641172922,14.953],[139.812488305,35.64117861,15.091],[139.812587385,35.641192673,15.431],[139.813063105,35.641344798,17.051],[139.813436546,35.641465307,18.324],[139.813662973,35.641536038,19.094],[139.813670479,35.641538382,19.12],[139.813702734,35.641546506,19.23],[139.813934487,35.641604879,20.021],[139.814103222,35.641638328,20.598],[139.814420457,35.641712408,21.683],[139.814668842,35.641793366,22.528],[139.814996646,35.641897926,23.598],[139.815222142,35.641998223,24.253],[139.81539263,35.642079874,24.7],[139.815564445,35.642144155,25.119],[139.815791317,35.642214191,25.631],[139.816155388,35.642330002,26.424],[139.816417415,35.642416749,26.992],[139.81662128,35.64249647,27.405],[139.816838085,35.64260042,27.86],[139.817029321,35.642717153,28.322],[139.817185195,35.642853562,28.758],[139.817302235,35.642987808,29.212],[139.817416097,35.643197837,29.803],[139.817469945,35.643380684,30.299],[139.817459945,35.643404781,30.273],[139.817450449,35.643427665,30.248]]}},{"type":"Feature","id":226,"properties":{"lane_id":226,"name":"Lane #217","role":1,"role_name":"Parking","speed_limit":40.0,"priority_offset":0.0,"oneway":"yes","length_m":350.9},"geometry":{"type":"LineString","coordinates":[[139.813678156,35.641537996,19.147],[139.813700794,35.641538802,19.224],[139.813850241,35.64154412,19.738],[139.814138907,35.641602413,20.725],[139.814516431,35.641706996,22.011],[139.814769785,35.641787923,22.874],[139.815279992,35.641936635,24.437],[139.815433483,35.641983959,24.843],[139.815478861,35.641982288,24.954],[139.815518657,35.641953838,25.026],[139.815528108,35.641915428,24.984],[139.81550291,35.641884798,24.866],[139.815439756,35.641844589,24.651],[139.815147762,35.641745178,23.837],[139.815031532,35.641700574,23.459],[139.814844553,35.641633696,22.82],[139.814487209,35.641520745,21.609],[139.814421946,35.641523688,21.46],[139.814206845,35.641453104,20.723],[139.81403489,35.641395745,20.132],[139.813968629,35.641356334,19.85],[139.813902282,35.64129343,19.494],[139.813887789,35.641276793,19.409],[139.813868927,35.641255138,19.297]]}},{"type":"Feature","id":229,"properties":{"lane_id":229,"name":"Lane #218","role":1,"role_name":"Parking","speed_limit":40.0,"priority_offset":0.0,"oneway":"yes","length_m":1009.1},"geometry":{"type":"LineString","coordinates":[[139.746781791,35.596519962,11.26],[139.746800547,35.596549996,11.272],[139.746923141,35.596746306,11.354],[139.746995904,35.596911341,11.23],[139.747108942,35.597287249,10.886],[139.747149209,35.597431439,10.755],[139.747160058,35.597475624,10.707],[139.747284469,35.597913659,8.542],[139.747421486,35.598361371,4.948],[139.748055447,35.599860263,2.334],[139.749863593,35.600933494,2.01],[139.750224144,35.60118264,2.334],[139.750256441,35.601144993,2.334],[139.750259786,35.601141093,2.334],[139.750221081,35.601115582,2.342],[139.749975146,35.600953477,2.398],[139.749742904,35.600812163,2.449],[139.74917952,35.600514147,2.576],[139.748795756,35.600312275,2.881],[139.748523645,35.600164326,4.222],[139.748280867,35.600004637,5.721],[139.748099612,35.599850341,6.975],[139.747982502,35.599717386,7.933],[139.747864958,35.599561625,8.776],[139.747751619,35.599360325,8.994],[139.747733645,35.599324574,9.004],[139.747686244,35.599193389,9.094],[139.747661661,35.599069877,9.204],[139.747626076,35.598876601,9.38],[139.74764124,35.59884017,9.411],[139.747647981,35.598823975,9.424]]}},{"type":"Feature","id":230,"properties":{"lane_id":230,"name":"Lane #219","role":3,"role_name":"Main","speed_limit":80.0,"priority_offset":0.0,"oneway":"yes","length_m":4707.6},"geometry":{"type":"LineString","coordinates":[[139.746789702,35.59654507,11.274],[139.746795526,35.59655664,11.28],[139.746859518,35.596683761,11.35],[139.746908592,35.596803735,11.329],[139.746993027,35.597065325,11.098],[139.747117395,35.597511259,10.688],[139.747247131,35.597951068,10.287],[139.74739167,35.598439688,9.838],[139.747522191,35.598867618,9.442],[139.74763038,35.599223963,9.079],[139.747692293,35.599366041,8.944],[139.747766071,35.59949752,8.924],[139.747939381,35.599740433,8.923],[139.74807804,35.599886268,8.916],[139.748295069,35.600070323,8.926],[139.74854208,35.600228906,9.228],[139.749111184,35.600530633,9.664],[139.749630573,35.600806625,9.697],[139.749925838,35.600975177,9.946],[139.750070484,35.601067454,9.866],[139.750712952,35.601519861,9.661],[139.751472069,35.602063535,8.581],[139.752433548,35.602744421,6.952],[139.752960545,35.603115293,6.063],[139.753136501,35.60324168,5.768],[139.753276359,35.603348188,5.519],[139.753470606,35.603523509,5.15],[139.75359617,35.60366243,4.879],[139.753791885,35.603905385,4.415],[139.754195859,35.60445426,3.416],[139.754591976,35.605008285,3.135],[139.754969233,35.605516411,3.141],[139.755183822,35.605817279,3.137],[139.755301148,35.605996591,3.133],[139.755394015,35.606169212,3.138],[139.755462987,35.606344489,3.135],[139.755509188,35.606524942,3.137],[139.755573278,35.606854957,3.135],[139.755623763,35.607311282,3.132],[139.755709741,35.608060328,3.137],[139.755787297,35.608802941,3.14],[139.755865468,35.609548876,3.139],[139.75597859,35.610550643,3.117],[139.756044358,35.611136563,1.427],[139.756088001,35.6115365,1.402],[139.756171951,35.612287661,3.137],[139.756232921,35.612827707,3.136],[139.756317987,35.613618869,3.14],[139.756442764,35.614708455,3.132],[139.756496103,35.615247243,3.136],[139.756553702,35.6157533,3.14],[139.756582765,35.615989209,3.176],[139.756647597,35.616556773,4.846],[139.756691617,35.616965261,6.26],[139.756757945,35.617556039,8.224],[139.756799441,35.617970657,9.523],[139.756845954,35.618363306,10.089],[139.756874903,35.618634244,10.041],[139.756879329,35.618876873,10.038],[139.756859802,35.6191294,10.024],[139.756816083,35.619324812,9.99],[139.756755169,35.619516929,9.97],[139.756663138,35.619720713,9.922],[139.756507018,35.619987983,9.854],[139.756334279,35.620241462,9.783],[139.755976655,35.620733026,9.703],[139.755659224,35.621175254,9.637],[139.755407868,35.621526205,9.598],[139.755141147,35.621898085,10.239],[139.754950141,35.622164361,11.038],[139.754885105,35.622276172,11.347],[139.754835957,35.622376705,11.659],[139.754797232,35.622482669,11.973],[139.754766217,35.622617366,12.359],[139.754756297,35.622753672,12.738],[139.754761582,35.622932038,13.297],[139.754782415,35.623165474,13.979],[139.754803691,35.623398219,14.237],[139.754851974,35.623903984,12.841],[139.754889987,35.624367434,11.474],[139.754927973,35.624779306,10.343],[139.754963596,35.625184318,10.066],[139.755014519,35.625720006,10.007],[139.755086983,35.626540928,10.337],[139.755158083,35.627379553,10.763],[139.755219884,35.628035941,10.028],[139.755295114,35.62885783,10.179],[139.755344965,35.629417511,11.044],[139.7554257,35.630294009,11.247],[139.755479198,35.630922149,10.35],[139.755522351,35.631382214,9.684],[139.755582932,35.632035895,10.02],[139.75561432,35.632417912,10.401],[139.755635513,35.632639601,10.621],[139.755657152,35.632831229,10.816],[139.755684281,35.632998005,10.987],[139.755715341,35.633153674,11.145],[139.75575498,35.63333581,11.332],[139.755812084,35.633540079,11.538],[139.755879214,35.633747577,11.756],[139.755946672,35.633922463,11.935],[139.756013289,35.634073489,12.024],[139.75617519,35.634387016,11.89],[139.756521906,35.635072158,11.497],[139.756727947,35.635458467,11.265],[139.756738233,35.635477754,11.254]]}},{"type":"Feature","id":231,"properties":{"lane_id":231,"name":"Lane #220","role":1,"role_name":"Parking","speed_limit":40.0,"priority_offset":0.0,"oneway":"yes","length_m":338.3},"geometry":{"type":"LineString","coordinates":[[139.750277942,35.60111586,2.335],[139.7502493,35.601096795,2.342],[139.750079104,35.600983502,2.381],[139.749840432,35.600832517,2.435],[139.749509921,35.600651641,2.508],[139.749094641,35.600435504,2.595],[139.74858246,35.600158972,4.002],[139.748378077,35.600034706,5.25],[139.748224546,35.599913483,6.297],[139.748040833,35.599729665,7.72],[139.747906127,35.599555394,8.743],[139.747803156,35.599384853,8.992],[139.747785966,35.599349039,8.998],[139.747730003,35.599223496,9.061],[139.747700394,35.599117867,9.158],[139.747709931,35.599079147,9.192],[139.747715973,35.599054619,9.213]]}},{"type":"Feature","id":232,"properties":{"lane_id":232,"name":"Lane #221","role":2,"role_name":"Secondary","speed_limit":60.0,"priority_offset":0.0,"oneway":"yes","length_m":4554.0},"geometry":{"type":"LineString","coordinates":[[139.755897307,35.610225769,3.138],[139.7559,35.610249379,3.124],[139.755954394,35.610726297,2.854],[139.756004449,35.611109258,1.515],[139.756050544,35.611586074,1.53],[139.756157684,35.612554234,3.134],[139.756268544,35.613551735,3.138],[139.756361691,35.614412552,3.137],[139.756452809,35.615207116,3.136],[139.756526277,35.615925117,3.143],[139.756606479,35.616643035,5.134],[139.756678931,35.617267111,7.264],[139.756723413,35.617681497,8.608],[139.756774036,35.618113174,9.946],[139.756804386,35.618400617,10.049],[139.756824199,35.618588773,9.968],[139.756831599,35.618744725,9.917],[139.756830691,35.61885824,9.877],[139.756825586,35.619011861,9.863],[139.756805675,35.61916528,9.842],[139.756771511,35.619324149,9.828],[139.756710572,35.61951419,9.806],[139.756642187,35.619666282,9.777],[139.756530157,35.619875218,9.767],[139.756414454,35.620053012,9.762],[139.756234741,35.620307228,9.764],[139.755953096,35.620702476,9.704],[139.75564705,35.621125132,9.642],[139.755385019,35.621490621,9.596],[139.755108257,35.621870017,10.211],[139.754945049,35.62210433,11.022],[139.754854828,35.622242283,11.522],[139.754800605,35.62235157,11.852],[139.754762163,35.622449428,12.142],[139.754732717,35.622564362,12.459],[139.754711982,35.622712041,12.856],[139.754713824,35.622908628,13.31],[139.754739468,35.623172024,13.992],[139.754757574,35.623384382,14.236],[139.754778887,35.623628698,13.843],[139.754808745,35.623932466,12.75],[139.754837726,35.624253619,11.799],[139.754863223,35.624560968,10.934],[139.75490879,35.625027208,10.091],[139.754950195,35.625516575,10.031],[139.75498655,35.625888982,10.001],[139.755036981,35.626448647,10.285],[139.755086083,35.626972144,10.59],[139.75514337,35.627615945,10.543],[139.755197617,35.62822817,9.794],[139.755245283,35.628725958,9.977],[139.755289449,35.629224778,10.746],[139.755339638,35.629786981,11.592],[139.755398308,35.630431263,11.055],[139.755448024,35.631000964,10.238],[139.755491112,35.631461246,9.599],[139.755547302,35.632079679,10.061],[139.755581016,35.632458558,10.439],[139.755606879,35.632752368,10.736],[139.755639904,35.632971779,10.954],[139.755675612,35.633160357,11.145],[139.755712108,35.633326366,11.31],[139.755767192,35.63352989,11.523],[139.755810871,35.633668808,11.662],[139.755876046,35.633848558,11.846],[139.755965391,35.634056685,12.019],[139.756122813,35.63436607,11.91],[139.756343252,35.634784361,11.665],[139.756498666,35.635099044,11.487],[139.756716406,35.635521095,11.238],[139.756909579,35.635904548,11.018],[139.757110745,35.636299022,10.787],[139.757316462,35.636688735,10.552],[139.757587876,35.63722412,10.181],[139.757850369,35.63773753,10.058],[139.758178145,35.638377827,10.166],[139.75853405,35.639072904,9.84],[139.758848401,35.639684817,9.621],[139.759073933,35.640127468,9.672],[139.759249352,35.640469997,9.692],[139.759452708,35.640866706,9.581],[139.75954956,35.641057352,9.522],[139.759648375,35.641238764,9.53],[139.75975615,35.641417996,9.654],[139.759896295,35.641656689,9.831],[139.759988828,35.641822741,9.939],[139.760097205,35.642023571,9.992],[139.760263427,35.642362526,10.028],[139.760403224,35.64264456,10.063],[139.760563726,35.642976395,10.17],[139.760766906,35.643393101,10.449],[139.760994477,35.643864728,10.856],[139.761173796,35.644234667,11.72],[139.761342575,35.644564489,12.522],[139.761553106,35.644975383,12.816],[139.761647321,35.645161537,12.759],[139.761885399,35.645625926,11.724],[139.762084669,35.646015564,10.959],[139.76233327,35.646497227,10.314],[139.762540198,35.646904164,10.307],[139.762783447,35.647371391,10.31],[139.762914785,35.647628787,10.309],[139.763239507,35.648258991,10.311],[139.763247235,35.648274232,10.311],[139.763252409,35.648284436,10.311],[139.763580013,35.648930532,10.307],[139.763781407,35.649319851,9.869],[139.763794483,35.649345128,9.841]]}},{"type":"Feature","id":233,"properties":{"lane_id":233,"name":"Lane #223","role":2,"role_name":"Secondary","speed_limit":60.0,"priority_offset":0.0,"oneway":"yes","length_m":960.9},"geometry":{"type":"LineString","coordinates":[[139.683548286,35.473418323,18.013],[139.683555212,35.473412751,18.019],[139.683610717,35.4733681,18.071],[139.683811927,35.473217616,18.316],[139.68400532,35.473098502,18.658],[139.684158978,35.473008109,19.058],[139.6842818,35.472944482,19.403],[139.684508391,35.472832666,20.177],[139.684688601,35.472755371,20.859],[139.684947996,35.472666514,21.939],[139.685169328,35.472606588,22.946],[139.68544803,35.472565419,24.132],[139.685684331,35.472559541,25.069],[139.685862437,35.472567077,25.779],[139.686155575,35.472609273,26.968],[139.686353845,35.472664321,27.799],[139.686533611,35.472729948,28.625],[139.686681766,35.472808296,29.335],[139.686836109,35.472913664,30.168],[139.686940148,35.473016917,30.766],[139.687002449,35.473094168,31.152],[139.687059453,35.473191859,31.313],[139.687099771,35.473289156,31.544],[139.687122951,35.473381356,31.723],[139.687141002,35.473517339,31.991],[139.687128384,35.473687106,32.322],[139.687082282,35.473858882,32.708],[139.687026088,35.473976232,32.998],[139.686942138,35.474102952,33.338],[139.686848511,35.474202591,33.623],[139.686730144,35.474308748,34.006],[139.686611756,35.474385385,34.321],[139.686434805,35.474470909,34.745],[139.686288188,35.474519904,35.047],[139.686151378,35.474555117,35.342],[139.686004355,35.474576864,35.624],[139.68578769,35.474590374,36.044],[139.685585191,35.474584663,36.505],[139.685354721,35.474546923,37.129],[139.68517353,35.474495235,37.649],[139.685027193,35.474436871,38.12],[139.684891855,35.474361787,38.72],[139.684765963,35.474283606,39.284],[139.684493557,35.474083231,40.386],[139.684356865,35.473974837,40.959],[139.68405324,35.473717705,42.264],[139.683809343,35.473499233,43.355],[139.683579235,35.473277313,44.418],[139.683266353,35.472948306,45.954],[139.682972616,35.472626485,47.424],[139.682881734,35.472573086,47.739],[139.682857756,35.472558997,47.822]]}},{"type":"Feature","id":234,"properties":{"lane_id":234,"name":"Lane #224","role":1,"role_name":"Parking","speed_limit":40.0,"priority_offset":0.0,"oneway":"yes","length_m":1048.2},"geometry":{"type":"LineString","coordinates":[[139.685518871,35.472529241,24.545],[139.685552395,35.472524725,24.694],[139.685692844,35.472505809,25.318],[139.686026786,35.472508502,26.741],[139.686209423,35.472538162,27.504],[139.686487925,35.472611799,28.729],[139.686765716,35.472727185,30.079],[139.686949475,35.472852343,31.062],[139.687109956,35.472999687,32.002],[139.687196743,35.473108941,32.579],[139.687273572,35.473246372,33.197],[139.687334595,35.473429675,34.008],[139.687361098,35.473569799,34.738],[139.687375609,35.473873032,36.416],[139.68738635,35.474276552,38.568],[139.687392715,35.474609752,40.355],[139.687407987,35.475156441,43.275],[139.687415955,35.475412907,44.68],[139.687432953,35.475634266,45.902],[139.68746867,35.475827973,46.973],[139.687530701,35.476019645,47.856],[139.687642638,35.476226625,48.477],[139.687735499,35.476351204,48.685],[139.687862583,35.476487916,48.72],[139.688067348,35.476660332,48.414],[139.688274076,35.47679264,47.76],[139.688530235,35.476925649,46.59],[139.688811548,35.4770465,45.126],[139.68906713,35.477146376,43.832],[139.689481747,35.477298159,41.675],[139.689863495,35.477439555,39.671],[139.69047369,35.477675915,38.046],[139.690792792,35.477803345,38.073],[139.691229241,35.4779767,38.207],[139.691523431,35.478089734,38.298],[139.691768935,35.478179793,38.369],[139.692218282,35.478341507,38.5],[139.692525182,35.478450857,38.593],[139.692562617,35.478455431,38.604],[139.692599567,35.478459945,38.615]]}},{"type":"Feature","id":235,"properties":{"lane_id":235,"name":"Lane #225","role":2,"role_name":"Secondary","speed_limit":60.0,"priority_offset":0.0,"oneway":"yes","length_m":749.9},"geometry":{"type":"LineString","coordinates":[[139.756745561,35.635489204,11.246],[139.756762616,35.635510868,11.233],[139.756844252,35.635614566,11.17],[139.757019913,35.635857229,11.015],[139.757097903,35.636001902,10.932],[139.757116153,35.636043549,10.907],[139.757294031,35.636385798,9.967],[139.757441363,35.636667257,7.324],[139.757718346,35.637209523,2.945],[139.757825941,35.637415621,2.84],[139.7578607,35.637680763,2.84],[139.758655818,35.639039257,2.541],[139.758857873,35.639437155,2.536],[139.758959985,35.63962612,2.543],[139.759084903,35.63987788,2.66],[139.759212655,35.64012431,4.198],[139.7593289,35.640352783,6.322],[139.759432962,35.640557723,8.226],[139.759491471,35.640673258,9.128],[139.75961823,35.640928285,9.719],[139.759638949,35.640966363,9.708],[139.759765158,35.641221013,9.697],[139.759869009,35.641443876,9.815],[139.759951005,35.641625893,9.914],[139.759954183,35.641655454,9.916],[139.759956431,35.641676353,9.917]]}},{"type":"Feature","id":236,"properties":{"lane_id":236,"name":"Lane #226","role":3,"role_name":"Main","speed_limit":80.0,"priority_offset":0.0,"oneway":"yes","length_m":1535.8},"geometry":{"type":"LineString","coordinates":[[139.756750313,35.635504694,11.237],[139.756757933,35.635519793,11.228],[139.756879262,35.635760213,11.089],[139.756898438,35.635798209,11.067],[139.756905624,35.635812072,11.059],[139.757210476,35.636400148,10.717],[139.75750302,35.636980173,10.373],[139.757624995,35.637223186,10.208],[139.757990447,35.63793204,10.159],[139.758340808,35.638612752,10.109],[139.758583225,35.63908791,9.879],[139.758749791,35.639416894,9.718],[139.75894805,35.63980673,9.683],[139.759200768,35.640298687,9.743],[139.759412335,35.640711076,9.674],[139.759577606,35.641033947,9.576],[139.759671255,35.641208608,9.572],[139.759772665,35.641378932,9.683],[139.75978883,35.641405653,9.703],[139.759813267,35.641446048,9.734],[139.759938446,35.641652965,9.893],[139.759944079,35.641662277,9.901],[139.759962462,35.641695376,9.921],[139.760039904,35.641834821,10.006],[139.760134933,35.642018084,10.043],[139.760307917,35.642367088,10.083],[139.760410176,35.642576449,10.107],[139.760601987,35.642966974,10.226],[139.760818518,35.643409708,10.523],[139.761020957,35.643836967,10.877],[139.761201739,35.644210358,11.739],[139.761415989,35.644632547,12.719],[139.761543745,35.644879613,12.856],[139.761664797,35.645113718,12.845],[139.761876043,35.645522923,11.997],[139.762028631,35.645824748,11.305],[139.762295508,35.646347769,10.486],[139.762570776,35.646883527,10.357],[139.762812214,35.647350491,10.359],[139.762940245,35.64759811,10.362],[139.763261203,35.648234695,10.356],[139.763264788,35.648241806,10.356]]}},{"type":"Feature","id":237,"properties":{"lane_id":237,"name":"Lane #227","role":1,"role_name":"Parking","speed_limit":40.0,"priority_offset":0.0,"oneway":"yes","length_m":684.0},"geometry":{"type":"LineString","coordinates":[[139.756897934,35.635787796,11.073],[139.756910101,35.635800818,11.064],[139.75698133,35.63587705,11.014],[139.757084579,35.636058191,10.903],[139.757104208,35.636099378,10.878],[139.757257132,35.636390886,10.022],[139.75741538,35.63669597,7.165],[139.757686995,35.637234932,2.913],[139.757783995,35.637422582,2.84],[139.757805417,35.637695883,2.84],[139.7586188,35.639057745,2.538],[139.75882409,35.639443098,2.536],[139.758896483,35.639585617,2.541],[139.759039298,35.639865177,2.602],[139.759167082,35.640115331,3.973],[139.759303575,35.64038482,6.458],[139.759422565,35.640620622,8.601],[139.759553774,35.640871891,9.69],[139.759591514,35.640947445,9.67],[139.759690466,35.641135379,9.634],[139.759760921,35.641283724,9.678],[139.759805059,35.641386985,9.729],[139.759807567,35.641412141,9.73],[139.759809576,35.6414323,9.73]]}},{"type":"Feature","id":238,"properties":{"lane_id":238,"name":"Lane #228","role":2,"role_name":"Secondary","speed_limit":60.0,"priority_offset":0.0,"oneway":"yes","length_m":756.1},"geometry":{"type":"LineString","coordinates":[[139.759125785,35.639841868,9.701],[139.75911372,35.639823515,9.702],[139.758978061,35.639617141,9.709],[139.758838088,35.639422864,9.797],[139.758693571,35.639188123,9.943],[139.758572579,35.638954983,10.058],[139.758557637,35.638922621,10.071],[139.758411801,35.638640386,9.933],[139.758230985,35.638286935,6.845],[139.758108978,35.63805165,4.51],[139.75793156,35.637707813,2.84],[139.75787398,35.637371521,2.84],[139.757117446,35.63610989,2.838],[139.756970369,35.635814528,2.839],[139.75681082,35.635501905,2.838],[139.756684805,35.635260383,3.092],[139.756547091,35.634994071,5.286],[139.756430476,35.634761954,7.696],[139.756325996,35.634560075,9.794],[139.756240988,35.634394056,11.355],[139.756120223,35.634161526,12.001],[139.756107114,35.634135024,12.014],[139.756047431,35.634011776,12.014],[139.755950521,35.633779125,11.798],[139.75590409,35.633621276,11.633],[139.755906986,35.633607962,11.622],[139.755908844,35.633599424,11.615]]}},{"type":"Feature","id":239,"properties":{"lane_id":239,"name":"Lane #229","role":1,"role_name":"Parking","speed_limit":40.0,"priority_offset":0.0,"oneway":"yes","length_m":690.4},"geometry":{"type":"LineString","coordinates":[[139.758932869,35.639473061,9.687],[139.758916108,35.639452547,9.703],[139.758822605,35.639338112,9.798],[139.758723258,35.639175105,9.899],[139.758594009,35.638917296,10.019],[139.758579015,35.63888479,10.032],[139.758459822,35.638650593,9.956],[139.75833092,35.63840304,8.066],[139.758153511,35.638049216,4.556],[139.757969612,35.637691707,2.84],[139.757923886,35.637353134,2.84],[139.757153832,35.636099604,2.838],[139.75699813,35.635801707,2.839],[139.756899504,35.63560153,2.839],[139.756723112,35.635260084,3.046],[139.756549123,35.634917322,5.959],[139.756431575,35.634684071,8.373],[139.756359036,35.634546668,9.815],[139.756256004,35.6343452,11.586],[139.756171455,35.634179444,11.988],[139.756156771,35.634150067,12.003],[139.756087596,35.634011655,12.014],[139.756031409,35.633890136,11.928],[139.755996841,35.633806283,11.833],[139.75599885,35.633789602,11.818],[139.756000698,35.63377427,11.803]]}},{"type":"Feature","id":240,"properties":{"lane_id":240,"name":"Lane #230","role":2,"role_name":"Secondary","speed_limit":60.0,"priority_offset":0.0,"oneway":"yes","length_m":417.8},"geometry":{"type":"LineString","coordinates":[[139.763796659,35.649354935,9.821],[139.763805891,35.649372426,9.79],[139.763916343,35.649581689,9.422],[139.764055827,35.649857327,9.333],[139.764189241,35.650120794,9.464],[139.764407232,35.650540447,10.45],[139.764563124,35.650855387,10.47],[139.764633825,35.651037799,10.075],[139.764679319,35.651221607,9.719],[139.764699666,35.65146326,9.654],[139.764705753,35.651651414,9.556],[139.76470626,35.651882186,9.297],[139.764704064,35.652069252,9.135],[139.764702446,35.652469044,9.704],[139.764704986,35.652954985,10.203],[139.764705069,35.652970787,10.219]]}},{"type":"Feature","id":241,"properties":{"lane_id":241,"name":"Lane #231","role":3,"role_name":"Main","speed_limit":80.0,"priority_offset":0.0,"oneway":"yes","length_m":2732.7},"geometry":{"type":"LineString","coordinates":[[139.76327274,35.648255684,10.356],[139.763283696,35.648276873,10.356],[139.763424253,35.648548723,10.358],[139.763608234,35.648904556,10.362],[139.764056127,35.649782633,9.381],[139.76422355,35.650113868,9.521],[139.764416104,35.650481509,10.387],[139.76457054,35.65078457,10.606],[139.764649782,35.650970452,10.337],[139.764706208,35.651174318,10.028],[139.764729429,35.651339835,9.861],[139.764741981,35.65150925,9.748],[139.764741621,35.651695795,9.555],[139.76474202,35.651932277,9.29],[139.764741572,35.652152306,9.26],[139.764740752,35.652590452,9.947],[139.764741425,35.65312932,10.269],[139.764741912,35.653835486,10.27],[139.764741066,35.654585668,10.021],[139.764743112,35.655045596,9.874],[139.764742261,35.655567384,10.285],[139.764742735,35.655806998,10.367],[139.76472829,35.656090651,10.286],[139.764692345,35.656264918,10.247],[139.764657617,35.656365052,10.198],[139.764578269,35.65651512,10.081],[139.764482011,35.656667259,9.985],[139.764309755,35.65691061,9.788],[139.764224292,35.657049519,9.662],[139.764175377,35.657137385,9.594],[139.764128492,35.657248244,9.508],[139.764088679,35.657385214,9.425],[139.76407747,35.657516035,9.347],[139.764093719,35.657627934,9.276],[139.764128631,35.657750105,9.249],[139.764208374,35.657916038,9.205],[139.764342037,35.658114237,9.163],[139.764465448,35.658268459,9.219],[139.764713054,35.658574731,9.362],[139.764963459,35.658882929,9.507],[139.765200815,35.659177139,9.625],[139.765485577,35.65952666,8.166],[139.765753233,35.65986122,5.902],[139.766031552,35.660205833,3.567],[139.766254522,35.660478186,1.716],[139.766505154,35.660792244,-0.308],[139.766659476,35.660983284,-1.519],[139.766833718,35.661193212,-2.805],[139.767028581,35.661413846,-4.166],[139.767192009,35.661568116,-5.181],[139.767343245,35.661684401,-6.042],[139.767508859,35.661789904,-6.966],[139.767715634,35.661896491,-7.937],[139.767913896,35.661983853,-8.414],[139.768175873,35.662086084,-8.629],[139.768460708,35.662191596,-8.785],[139.768709427,35.662292976,-8.943],[139.768899382,35.662376149,-9.087],[139.769051569,35.662452409,-9.194],[139.769229907,35.662560575,-9.068],[139.769386068,35.662676017,-8.419],[139.769531909,35.662800961,-7.572],[139.769681401,35.662953976,-6.634],[139.769860935,35.663157118,-5.47],[139.77005412,35.663382863,-4.219],[139.770210608,35.663563543,-3.216],[139.770344524,35.663714054,-2.616],[139.770495523,35.663849454,-2.467],[139.770658489,35.663978551,-2.536],[139.770849839,35.664129123,-2.62],[139.771174538,35.664389033,-2.77],[139.771442804,35.664602614,-2.891],[139.771699555,35.664806019,-3.002],[139.771876377,35.664947569,-2.775],[139.772012441,35.665072977,-2.347],[139.772092078,35.665179696,-2.066],[139.772144083,35.665281949,-2.062],[139.772186866,35.665438609,-2.183],[139.772212619,35.665642514,-2.39],[139.77222893,35.665765098,-2.687],[139.772262074,35.665904196,-3.073],[139.772304016,35.666015261,-3.254],[139.772367148,35.666124971,-3.173],[139.772430801,35.666205507,-2.979],[139.772538017,35.666316612,-2.672],[139.77272404,35.66647708,-2.205],[139.773005148,35.666722659,-1.87],[139.773298294,35.666970585,-1.598],[139.773654386,35.667267203,-1.7],[139.773950062,35.667504238,-1.854],[139.774233409,35.667730829,-1.992],[139.774473082,35.667918409,-1.994],[139.774779677,35.668165633,-1.958],[139.775066954,35.668395571,-1.92],[139.775343201,35.668620105,-1.888],[139.775523548,35.66877579,-1.863],[139.775536349,35.66878684,-1.862]]}},{"type":"Feature","id":242,"properties":{"lane_id":242,"name":"Lane #232","role":3,"role_name":"Main","speed_limit":80.0,"priority_offset":0.0,"oneway":"yes","length_m":592.2},"geometry":{"type":"LineString","coordinates":[[139.764834731,35.652380095,15.576],[139.764840013,35.652346617,15.655],[139.764866204,35.65218058,16.048],[139.764877328,35.651855355,15.925],[139.76487561,35.651647484,15.012],[139.764843626,35.651372504,13.764],[139.764785217,35.651158321,12.678],[139.764716798,35.6509754,11.786],[139.764645704,35.650820941,11.302],[139.764449578,35.650434058,10.314],[139.762888048,35.647384929,10.36],[139.762882328,35.64737376,10.36]]}},{"type":"Feature","id":243,"properties":{"lane_id":243,"name":"Lane #233","role":3,"role_name":"Main","speed_limit":80.0,"priority_offset":0.0,"oneway":"yes","length_m":6267.9},"geometry":{"type":"LineString","coordinates":[[139.762878808,35.647361821,10.355],[139.762872571,35.6473498,10.356],[139.762517139,35.646664796,10.362],[139.762019713,35.645692028,11.551],[139.761783986,35.645227862,12.662],[139.7614007,35.644485769,12.459],[139.761187777,35.644067975,11.438],[139.760952786,35.64357354,10.639],[139.760630585,35.64291107,10.206],[139.760389214,35.642408731,10.086],[139.760119761,35.641864898,10.017],[139.759952682,35.641492234,9.788],[139.759824771,35.641213727,9.597],[139.759705782,35.640984193,9.585],[139.759540419,35.640649857,9.678],[139.759322346,35.640216944,9.735],[139.759154173,35.639885257,9.693],[139.759141591,35.639861213,9.696],[139.759117073,35.639814356,9.702],[139.758954302,35.639503295,9.745],[139.758922135,35.639441822,9.753],[139.758821188,35.639248908,9.779],[139.758595922,35.638818351,9.994],[139.758244645,35.638124309,10.218],[139.7579435,35.637531546,10.075],[139.757659185,35.636981151,10.342],[139.757270462,35.63622117,10.795],[139.756980444,35.635650771,11.125],[139.756717901,35.635139826,11.423],[139.756432722,35.634584419,11.75],[139.75623923,35.634199062,11.976],[139.756011891,35.63379099,11.777],[139.755993297,35.633757614,11.761],[139.75597145,35.633718399,11.742],[139.755919844,35.633608567,11.625],[139.755907207,35.63358167,11.596],[139.755871542,35.633505763,11.515],[139.755816245,35.633347739,11.354],[139.755728441,35.63292616,10.921],[139.755672322,35.63242388,10.41],[139.755635403,35.632012915,10.0],[139.755575486,35.631301506,9.796],[139.755499994,35.630489631,10.96],[139.755416778,35.629586986,11.31],[139.75535262,35.628851593,10.175],[139.755296954,35.628230567,9.78],[139.755219794,35.627412281,10.746],[139.755147123,35.626598152,10.375],[139.755072239,35.625799784,10.0],[139.75500528,35.625063663,10.08],[139.754917507,35.624079082,12.297],[139.754867359,35.62352171,14.106],[139.754824803,35.623073919,13.725],[139.754808739,35.622828385,13.092],[139.754820385,35.6226381,12.571],[139.754854388,35.622472239,12.111],[139.754926636,35.62229493,11.578],[139.755030244,35.622138133,10.973],[139.755239067,35.621836947,9.989],[139.755545275,35.621413931,9.604],[139.755908648,35.620909958,9.685],[139.756221785,35.62047869,9.742],[139.756443117,35.620170792,9.772],[139.756539409,35.620025597,9.772],[139.756687149,35.619778382,9.786],[139.75680229,35.61952076,9.816],[139.75686019,35.619340666,9.84],[139.756900519,35.619152926,9.86],[139.756924171,35.618961252,9.887],[139.756923634,35.618736025,9.928],[139.756900264,35.618447855,10.028],[139.756864443,35.618091614,9.888],[139.756781553,35.617352823,7.551],[139.756699296,35.616613364,5.028],[139.756617451,35.615870391,3.136],[139.756529568,35.615093751,3.14],[139.756457444,35.614412841,3.138],[139.756381747,35.613742757,3.134],[139.756265989,35.612684447,3.141],[139.756167044,35.611810438,2.278],[139.756111819,35.61126768,1.187],[139.75604748,35.610749593,2.785],[139.755974368,35.610046067,3.133],[139.755892876,35.609311082,3.138],[139.755836067,35.60879692,3.139],[139.755774835,35.60825594,3.134],[139.755723598,35.607785258,3.133],[139.755654421,35.607173171,3.14],[139.755616553,35.606828334,3.138],[139.755562833,35.606531286,3.134],[139.755506183,35.606324839,3.136],[139.75542312,35.606107905,3.138],[139.755280694,35.605872156,3.137],[139.755064813,35.605567228,3.14],[139.754863551,35.605286384,3.135],[139.754426116,35.604694847,3.146],[139.753957513,35.604051589,4.121],[139.753739431,35.603766027,4.65],[139.753572119,35.603567192,5.027],[139.753405779,35.603405201,5.354],[139.75320202,35.603238605,5.716],[139.752966252,35.60306421,6.121],[139.752303348,35.602595392,7.245],[139.751742889,35.602199239,8.191],[139.751239272,35.601837959,9.052],[139.750551099,35.601355129,9.663],[139.750106138,35.601036442,9.838],[139.749640533,35.600702996,9.643],[139.749261149,35.600470524,9.648],[139.748830169,35.600245892,9.488],[139.748491772,35.600058792,9.079],[139.74820344,35.599834811,8.993],[139.748044185,35.599660942,8.994],[139.747940762,35.599527403,8.992],[139.747812035,35.599305543,9.003],[139.74772604,35.599085489,9.184],[139.747726004,35.599085365,9.184],[139.747711173,35.599034729,9.23],[139.747658794,35.598855892,9.392],[139.747643869,35.598804934,9.438],[139.747629143,35.598754653,9.484],[139.747543171,35.598453919,9.756],[139.747439896,35.5981232,10.063],[139.747244774,35.597451076,10.673],[139.74713879,35.597093674,10.968],[139.747069132,35.59689301,11.116],[139.746964153,35.596679189,11.31],[139.746754496,35.596344767,11.197],[139.746471269,35.595911564,10.967],[139.746280308,35.595623905,10.896],[139.746206824,35.595490012,10.863],[139.746199817,35.595477245,10.86]]}},{"type":"Feature","id":244,"properties":{"lane_id":244,"name":"Lane #234","role":2,"role_name":"Secondary","speed_limit":60.0,"priority_offset":0.0,"oneway":"yes","length_m":851.3},"geometry":{"type":"LineString","coordinates":[[139.764867333,35.653972974,10.178],[139.764867299,35.653961648,10.215],[139.764865705,35.653426496,11.97],[139.764866906,35.652885246,14.211],[139.764869274,35.652648088,14.861],[139.764879496,35.652450968,15.387],[139.764903097,35.652161675,16.076],[139.764915545,35.651851644,15.911],[139.764915014,35.651696979,15.323],[139.764897101,35.651478354,14.485],[139.764871877,35.651327996,13.818],[139.764829469,35.65118095,13.051],[139.7647372,35.650936761,11.797],[139.764672911,35.650801045,11.334],[139.764572571,35.650594732,10.695],[139.76290988,35.647357969,10.314],[139.762905177,35.647348728,10.314],[139.762900788,35.647340103,10.314],[139.762579425,35.646708644,10.312],[139.762572356,35.646694754,10.312]]}},{"type":"Feature","id":245,"properties":{"lane_id":245,"name":"Lane #235","role":2,"role_name":"Secondary","speed_limit":60.0,"priority_offset":0.0,"oneway":"yes","length_m":7212.0},"geometry":{"type":"LineString","coordinates":[[139.762565929,35.646681841,10.311],[139.762562575,35.646675361,10.317],[139.762209911,35.645993914,10.943],[139.761869201,35.645318386,12.376],[139.761716372,35.645026141,12.825],[139.76144987,35.644507393,12.489],[139.761293696,35.644185589,11.698],[139.761140507,35.643871509,10.941],[139.76097768,35.643539555,10.572],[139.760803283,35.643172519,10.327],[139.760502066,35.642561738,10.059],[139.760203072,35.64195508,9.986],[139.760048301,35.641622985,9.839],[139.759904587,35.641287693,9.595],[139.759739645,35.640960196,9.53],[139.759385297,35.640274343,9.699],[139.759149899,35.639815809,9.646],[139.758774209,35.6390843,9.807],[139.758445278,35.638445174,10.117],[139.758129884,35.637821901,10.098],[139.757988886,35.637541152,10.028],[139.757590127,35.636765631,10.467],[139.757229121,35.636060154,10.879],[139.756933613,35.635482524,11.219],[139.756729272,35.635082205,11.453],[139.756399297,35.634431346,11.834],[139.756187076,35.634027334,12.023],[139.756038259,35.633754599,11.791],[139.755947877,35.633578218,11.605],[139.755890399,35.63344825,11.464],[139.755841377,35.633284881,11.289],[139.755771264,35.632930892,10.931],[139.755724655,35.632571879,10.561],[139.755673053,35.632005121,9.994],[139.755613704,35.63131273,9.776],[139.755529877,35.630399208,11.086],[139.755462929,35.62968618,11.468],[139.755399819,35.628969013,10.36],[139.755342457,35.628325602,9.664],[139.755261728,35.627424583,10.738],[139.755209604,35.626875486,10.532],[139.755134574,35.626061001,10.056],[139.755089224,35.625522632,10.031],[139.755029835,35.62486735,10.197],[139.754965889,35.624163742,12.047],[139.754913655,35.623573464,13.99],[139.754874186,35.623154205,13.949],[139.754847912,35.622810814,12.866],[139.754858677,35.622650129,12.344],[139.754899529,35.622464901,11.798],[139.754998225,35.622245591,11.148],[139.755123132,35.622060779,10.625],[139.755385461,35.621707786,9.699],[139.755679378,35.621297122,9.629],[139.756081361,35.620739051,9.708],[139.756399031,35.620307666,9.782],[139.756558172,35.620072704,9.847],[139.756687693,35.619867748,9.914],[139.756775783,35.619688619,9.939],[139.756853327,35.619515181,9.983],[139.756907316,35.619328711,9.999],[139.756948964,35.619146702,10.031],[139.75696822,35.618938564,10.044],[139.756960195,35.618590069,10.045],[139.756921236,35.618212983,10.125],[139.75687472,35.617803796,9.0],[139.756802749,35.617135453,6.846],[139.756722499,35.616436207,4.421],[139.756641901,35.615711954,3.138],[139.756558878,35.614963512,3.139],[139.756456614,35.61398195,3.135],[139.756394718,35.613436426,3.14],[139.756325754,35.61281091,3.135],[139.75622441,35.611923614,2.67],[139.756148901,35.611267356,1.191],[139.756085129,35.610681815,2.951],[139.756004721,35.609930057,3.133],[139.755938353,35.609334631,3.138],[139.755858779,35.608605314,3.14],[139.75579277,35.608015338,3.134],[139.755732242,35.6074482,3.138],[139.755679634,35.60693679,3.138],[139.755611469,35.606554568,3.136],[139.755550417,35.606317292,3.136],[139.755475726,35.606127205,3.135],[139.755369184,35.605936233,3.138],[139.755182448,35.60566012,3.135],[139.754902968,35.605275783,3.132],[139.754558412,35.604812439,3.136],[139.754186847,35.604298441,3.637],[139.75390188,35.603901018,4.359],[139.753728296,35.60368324,4.764],[139.753595083,35.603534361,5.047],[139.75340308,35.60335166,5.418],[139.753194673,35.60318569,5.779],[139.752938211,35.603000697,6.221],[139.752245979,35.602509171,7.39],[139.751707873,35.602128485,8.298],[139.751268921,35.601815139,9.048],[139.750592098,35.601333145,9.665],[139.750114249,35.600991018,9.854],[139.74957844,35.600621895,9.725],[139.749150668,35.600374199,9.679],[139.748691543,35.600129393,9.295],[139.748419113,35.599966853,8.998],[139.748174109,35.599752472,8.992],[139.747961948,35.599491055,8.992],[139.747879436,35.599348941,8.993],[139.747789823,35.599147717,9.117],[139.747692125,35.598838692,9.404],[139.747593315,35.598469559,9.736],[139.747479206,35.598099343,10.078],[139.747312514,35.59754632,10.578],[139.747186305,35.597118309,11.018],[139.747115954,35.596889028,11.313],[139.747005288,35.596669719,11.425],[139.746905133,35.59651367,11.338],[139.746664093,35.596144387,11.079],[139.746565266,35.595991186,10.994],[139.746379328,35.59570076,10.915],[139.746255678,35.59548803,10.868],[139.746152294,35.595299697,10.824],[139.746052147,35.595139962,10.792],[139.745903583,35.594929733,10.741],[139.745517223,35.594439864,10.59],[139.745080795,35.593896467,10.461],[139.744671123,35.593385466,10.337],[139.744338851,35.592989131,10.408],[139.744099944,35.592717669,10.765],[139.743956348,35.592538577,10.996],[139.743851365,35.59239231,11.177],[139.74374105,35.59221882,11.407],[139.743660451,35.592039734,11.609],[139.743596588,35.591802616,11.872],[139.743578846,35.591658191,12.051],[139.743588252,35.59146119,12.286],[139.743621387,35.591287552,12.508],[139.743676238,35.591142471,12.684],[139.743771072,35.590958415,12.944],[139.74388015,35.590811533,13.148],[139.744049481,35.590645575,13.424],[139.744290713,35.590449762,13.837],[139.744627147,35.590188377,13.201],[139.745055188,35.589857481,11.39],[139.745446959,35.589555925,9.735],[139.746051381,35.589086971,7.168],[139.746664444,35.58861185,5.84],[139.746865637,35.588461327,5.836],[139.747116328,35.588271237,5.839],[139.747312743,35.588113739,5.84],[139.747322875,35.588105614,5.84]]}},{"type":"Feature","id":246,"properties":{"lane_id":246,"name":"Lane #236","role":2,"role_name":"Secondary","speed_limit":60.0,"priority_offset":0.0,"oneway":"yes","length_m":5077.8},"geometry":{"type":"LineString","coordinates":[[139.762233141,35.651313578,14.956],[139.762250315,35.65131204,15.01],[139.762595822,35.651281087,16.098],[139.762643493,35.651276817,16.248],[139.762667977,35.651274277,16.327],[139.762989118,35.651240959,17.357],[139.763217168,35.65120765,18.278],[139.763422397,35.651164787,19.21],[139.763695609,35.651072109,20.181],[139.763909935,35.650955622,20.091],[139.764072703,35.650814292,19.702],[139.764196714,35.650645332,19.26],[139.76428844,35.650385296,18.531],[139.764301773,35.650224731,18.086],[139.764275981,35.649965107,17.388],[139.764252175,35.6498681,17.108],[139.764164422,35.649630324,16.014],[139.764104158,35.649496924,15.211],[139.763917699,35.649129419,13.123],[139.763510003,35.648331839,10.188],[139.763397655,35.648133728,10.203],[139.763282883,35.647933906,10.213],[139.763136237,35.647642644,10.213],[139.762893446,35.647170908,10.217],[139.76276957,35.646929855,10.214],[139.762632551,35.646660208,10.214],[139.762559133,35.646517601,10.214],[139.762448939,35.646283369,10.348],[139.76237186,35.646112137,10.59],[139.76224358,35.645854426,10.979],[139.762120088,35.645607815,11.472],[139.762021118,35.645424973,11.964],[139.761947711,35.645265067,12.428],[139.761895203,35.645126894,12.899],[139.761858257,35.644970817,13.463],[139.761842627,35.644791655,14.281],[139.761848209,35.644662527,14.882],[139.761891459,35.64446067,15.962],[139.761952268,35.644295575,16.954],[139.762076982,35.64403581,18.287],[139.762223318,35.64374882,19.826],[139.762300523,35.643576672,20.893],[139.762363309,35.643368174,22.005],[139.762386038,35.643210066,22.465],[139.762397106,35.643002309,23.078],[139.762401686,35.64244179,25.428],[139.76240734,35.64173505,28.549],[139.762411797,35.641096258,31.372],[139.762416471,35.640543112,33.814],[139.762422053,35.639939836,36.479],[139.762426261,35.63943376,38.727],[139.762429613,35.638875114,41.216],[139.762432246,35.638262981,43.945],[139.762442597,35.637992422,45.135],[139.762455846,35.637813492,45.829],[139.762481836,35.637622259,46.58],[139.762523989,35.637439759,47.32],[139.762573125,35.637297731,47.928],[139.762662701,35.637119126,48.82],[139.762783631,35.63694567,49.743],[139.762922752,35.636796993,50.59],[139.763097026,35.636650765,51.561],[139.763294379,35.636524727,52.58],[139.763570873,35.636378271,53.958],[139.763805233,35.636280358,55.029],[139.764340336,35.6360994,57.213],[139.764802398,35.635953113,59.009],[139.765359642,35.635776273,61.175],[139.766069229,35.635550388,63.935],[139.7669056,35.63528824,66.904],[139.767790535,35.635006279,68.338],[139.768759734,35.634700331,67.657],[139.769483458,35.634469095,65.619],[139.770205035,35.634241628,62.821],[139.770744596,35.63406907,60.723],[139.771537343,35.633816084,57.642],[139.772014104,35.633664159,55.79],[139.772429815,35.633534465,54.175],[139.772753548,35.633444496,52.878],[139.773004374,35.633382322,51.845],[139.773195066,35.633344174,51.073],[139.773233272,35.63333653,50.918],[139.773362001,35.633310778,50.397],[139.773611929,35.633277433,49.431],[139.773927796,35.63325616,48.259],[139.774219804,35.633257166,47.172],[139.774467321,35.633269321,46.275],[139.774729071,35.633300617,45.294],[139.775071493,35.63336229,44.081],[139.775295063,35.633415779,43.295],[139.775657747,35.63352473,41.977],[139.776107078,35.63368012,40.213],[139.776535794,35.633836478,38.591],[139.777216671,35.63407591,37.892],[139.777710617,35.634254136,37.547],[139.778225567,35.634425444,37.194],[139.778738073,35.634578574,36.928],[139.779085903,35.634667543,36.85],[139.779433663,35.634746716,36.777],[139.779775791,35.634811558,36.573],[139.780180518,35.63486953,36.306],[139.780677399,35.634919362,36.015],[139.781050586,35.634927117,35.749],[139.781370882,35.634921075,35.538],[139.781748223,35.63489822,35.307],[139.782180079,35.634843192,35.036],[139.782327586,35.634818767,34.952],[139.782714049,35.634731487,34.706],[139.782994079,35.634645454,34.495],[139.783315433,35.634535582,34.298],[139.783614462,35.634407516,34.083],[139.783910942,35.634257603,33.857],[139.784204522,35.634087018,33.638],[139.784385497,35.633964974,33.484],[139.784649265,35.633767081,33.261],[139.784814477,35.633624388,33.102],[139.785064427,35.633381408,32.767],[139.785150113,35.633291831,32.634],[139.785394838,35.633015438,32.216],[139.785633958,35.632737488,31.877],[139.785770067,35.632580233,31.662],[139.78610871,35.63221073,30.013],[139.786321489,35.631969993,28.717],[139.786486545,35.631802347,27.766],[139.78668037,35.631625495,26.704],[139.787087106,35.631262372,24.512],[139.787555026,35.630837003,22.008],[139.787978496,35.630460795,20.675],[139.788151654,35.630335258,20.62],[139.78831838,35.630240448,20.627],[139.788513213,35.630161714,20.793],[139.788654628,35.630121801,20.906],[139.788844207,35.630087134,21.056],[139.78904795,35.630068993,21.25],[139.789258442,35.630076917,21.415],[139.789497273,35.630114696,21.646],[139.789677463,35.630165458,21.954],[139.789881489,35.630247828,21.962],[139.790152682,35.630387292,20.923],[139.790365806,35.630507088,19.598],[139.790795167,35.630740735,16.949],[139.791122565,35.630918013,14.934],[139.791623527,35.631189489,12.048],[139.792142177,35.631468612,10.488],[139.792555591,35.631667511,9.52],[139.793024224,35.631885228,8.27],[139.793518974,35.632133562,6.925],[139.793774984,35.632275101,6.318],[139.794320035,35.632567366,5.385],[139.794447082,35.632609977,5.288],[139.79448375,35.632622276,5.259]]}},{"type":"Feature","id":248,"properties":{"lane_id":248,"name":"Lane #238","role":3,"role_name":"Main","speed_limit":80.0,"priority_offset":0.0,"oneway":"yes","length_m":3507.0},"geometry":{"type":"LineString","coordinates":[[139.762598746,35.646671915,10.264],[139.762595005,35.646664725,10.264],[139.762460215,35.646405698,10.293],[139.762372032,35.646200258,10.531],[139.762270733,35.645988409,10.845],[139.762112976,35.645691558,11.374],[139.761970643,35.645411569,12.1],[139.761891605,35.645240582,12.717],[139.76183891,35.645075741,13.402],[139.761807339,35.644908185,14.139],[139.761800888,35.644804726,14.6],[139.761811839,35.644654904,15.238],[139.761844422,35.644487339,16.035],[139.761903921,35.644313787,16.916],[139.762012126,35.644086437,18.042],[139.762192109,35.643715901,19.872],[139.762236625,35.643621631,20.369],[139.76230606,35.643442271,21.316],[139.762337026,35.643280619,21.969],[139.762353988,35.64311494,22.617],[139.762359826,35.642866826,23.602],[139.762363791,35.642426803,25.545],[139.762364761,35.641754328,28.522],[139.762370073,35.641078393,31.508],[139.762375811,35.640548968,33.844],[139.762377249,35.639949446,36.498],[139.762384217,35.639458617,38.672],[139.762388602,35.638899949,41.159],[139.762391962,35.638232689,44.134],[139.76240174,35.637988838,45.21],[139.762416938,35.637805851,45.978],[139.762453383,35.637549271,47.088],[139.762508203,35.637352735,47.963],[139.762613816,35.637123104,49.068],[139.762737035,35.636941534,50.005],[139.762848198,35.63681645,50.694],[139.763052025,35.636636974,51.806],[139.763274598,35.636492841,52.871],[139.763568953,35.636342944,54.192],[139.763804293,35.636245051,55.197],[139.764250921,35.636091241,56.983],[139.764617157,35.635975139,58.404],[139.765040683,35.63584325,60.045],[139.765341709,35.635746278,61.218],[139.766108226,35.635503824,64.197],[139.766968721,35.635231666,67.166],[139.767860087,35.634949213,68.426],[139.768580102,35.6347201,67.995],[139.769297993,35.634492895,66.272],[139.77008009,35.634244526,63.303],[139.770688095,35.634052354,60.941],[139.771581221,35.633769625,57.47],[139.772093948,35.633607111,55.477],[139.772511685,35.63347741,53.858],[139.772740002,35.633414967,52.965],[139.773063781,35.633333922,51.707],[139.773369788,35.633274878,50.54],[139.773654645,35.633239487,49.476],[139.773978777,35.633219821,48.298],[139.774288927,35.633225508,47.155],[139.774600018,35.633248104,46.034],[139.774976895,35.633309631,44.634],[139.775297116,35.633383669,43.457],[139.775559125,35.63346037,42.467],[139.775767194,35.633526938,41.672],[139.776093039,35.633631705,40.412],[139.776444708,35.633761155,39.014],[139.776923719,35.633936218,38.161],[139.77749594,35.634140222,37.765],[139.778020853,35.634324102,37.399],[139.778581896,35.634497893,37.024],[139.778899498,35.634585423,36.862],[139.779370809,35.634698524,36.633],[139.779705876,35.634765226,36.435],[139.780182074,35.634835643,36.122],[139.780782271,35.634887619,35.743],[139.781277698,35.634895027,35.435],[139.781775625,35.634864185,35.112],[139.782174916,35.634808635,34.841],[139.782479329,35.634750946,34.652],[139.782766247,35.634680406,34.468],[139.783049335,35.634591468,34.263],[139.783315527,35.634496798,34.09],[139.783582057,35.634382158,33.895],[139.783826674,35.634264424,33.727],[139.78417671,35.634060506,33.445],[139.784350738,35.633949149,33.324],[139.784614826,35.633749292,33.088],[139.784784384,35.633605016,32.931],[139.784961078,35.633437521,32.741],[139.785105533,35.633285888,32.556],[139.785358546,35.633004218,32.23],[139.785585397,35.632737545,31.95],[139.785794903,35.632499878,31.549],[139.786079181,35.632183851,30.034],[139.786345918,35.631891691,28.441],[139.786350503,35.631886669,28.414]]}},{"type":"Feature","id":249,"properties":{"lane_id":249,"name":"Lane #239","role":3,"role_name":"Main","speed_limit":80.0,"priority_offset":0.0,"oneway":"yes","length_m":333.4},"geometry":{"type":"LineString","coordinates":[[139.763763656,35.649362217,9.781],[139.763775021,35.649385007,9.74],[139.763869794,35.649575048,9.398],[139.763975987,35.649779953,9.282],[139.764064128,35.649951646,9.284],[139.764118827,35.650092011,9.325],[139.764143438,35.650190374,9.446],[139.76416324,35.65031762,9.636],[139.764157544,35.65043619,9.811],[139.764133384,35.65054239,9.935],[139.76408127,35.650656434,9.993],[139.764008672,35.650754283,10.016],[139.763932371,35.650832877,10.042],[139.7638234,35.650912246,10.068],[139.763709052,35.650975172,10.101],[139.763586807,35.651018658,10.123],[139.763442244,35.651051441,10.15],[139.763264868,35.651072034,10.179],[139.763052625,35.651089786,10.302],[139.762928992,35.651099716,10.531],[139.762748111,35.651114336,11.088],[139.762561772,35.651136802,11.712],[139.762417001,35.651160111,12.197],[139.762305282,35.651184433,12.578],[139.762295285,35.651191781,12.612],[139.762285912,35.651198671,12.645]]}},{"type":"Feature","id":252,"properties":{"lane_id":252,"name":"Lane #242","role":1,"role_name":"Parking","speed_limit":40.0,"priority_offset":0.0,"oneway":"yes","length_m":1057.9},"geometry":{"type":"LineString","coordinates":[[139.773206469,35.633342655,51.009],[139.773232713,35.633339598,50.895],[139.773448057,35.63331451,49.96],[139.773792488,35.633283322,48.628],[139.774161716,35.633281591,47.21],[139.774472424,35.633301327,46.031],[139.7746917,35.633330428,45.176],[139.77495984,35.633386241,44.156],[139.775116497,35.633425935,43.607],[139.775187114,35.633446774,43.35],[139.775688502,35.633604479,41.476],[139.776506693,35.633960119,37.405],[139.777488646,35.63433919,32.572],[139.778501267,35.634629924,27.93],[139.779176032,35.63473048,25.03],[139.779252734,35.634645158,23.611],[139.778575366,35.634425666,27.759],[139.778526322,35.634270545,28.685],[139.777987585,35.634098285,30.917],[139.776655555,35.633627274,37.624],[139.775698635,35.633343352,42.353],[139.775260209,35.633235421,44.304],[139.775177199,35.633219589,44.628],[139.7747469,35.633150558,46.247],[139.77454764,35.633124225,46.961],[139.77450562,35.633138256,46.979],[139.774477535,35.633147634,46.991]]}},{"type":"Feature","id":250,"properties":{"lane_id":250,"name":"Lane #243","role":1,"role_name":"Parking","speed_limit":40.0,"priority_offset":0.0,"oneway":"yes","length_m":226.0},"geometry":{"type":"LineString","coordinates":[[139.762275746,35.641435901,33.33],[139.762270484,35.64145778,33.306],[139.762250203,35.641542115,33.215],[139.762221465,35.641734805,33.025],[139.7622186,35.641986341,32.751],[139.762215093,35.642228411,32.479],[139.762214782,35.64224988,32.455],[139.762212048,35.64243865,32.243],[139.762211729,35.642460638,32.218],[139.762211732,35.64246666,32.211],[139.762212116,35.643157312,31.447],[139.762207281,35.643405628,31.109],[139.762226362,35.643440882,31.205],[139.762235532,35.643457825,31.251]]}},{"type":"Feature","id":251,"properties":{"lane_id":251,"name":"Lane #244","role":1,"role_name":"Parking","speed_limit":40.0,"priority_offset":0.0,"oneway":"yes","length_m":374.2},"geometry":{"type":"LineString","coordinates":[[139.762211575,35.642453572,32.226],[139.762203829,35.642463018,32.205],[139.762162474,35.642513445,32.091],[139.762087979,35.642606197,31.924],[139.762056179,35.642665991,31.684],[139.762048023,35.642722061,31.231],[139.762043508,35.643025087,26.978],[139.762051238,35.643087592,26.181],[139.762073494,35.6431321,25.676],[139.762131272,35.643165611,25.222],[139.762183822,35.643167032,24.984],[139.762246799,35.643139236,24.775],[139.762280007,35.643112436,24.722],[139.762297994,35.643060467,24.7],[139.762300171,35.642946775,24.698],[139.762300543,35.642904845,24.698],[139.762300824,35.64287326,24.698],[139.762301498,35.642797372,24.697],[139.762301745,35.642769633,24.697],[139.762301977,35.642743567,24.697],[139.762304118,35.642598675,24.704],[139.762307409,35.64208051,24.698],[139.762308964,35.641742203,24.701],[139.762309026,35.641728575,24.701],[139.762309298,35.641669446,24.702],[139.762309386,35.641650405,24.702],[139.762309413,35.641644513,24.702],[139.762297844,35.641589768,24.835],[139.76227569,35.641557612,25.134],[139.762215889,35.641530654,25.788],[139.762148353,35.641530263,26.499],[139.762100791,35.641551616,26.97],[139.762066746,35.641598382,27.438],[139.762053493,35.641676555,28.221],[139.762054146,35.641860511,30.291],[139.762053509,35.641973958,31.549],[139.762061939,35.642033449,32.052],[139.762096723,35.64210145,32.426],[139.76217988,35.642212537,32.459],[139.762205958,35.642231654,32.465],[139.762211729,35.642235885,32.466]]}},{"type":"Feature","id":253,"properties":{"lane_id":253,"name":"Lane #245","role":1,"role_name":"Parking","speed_limit":40.0,"priority_offset":0.0,"oneway":"yes","length_m":133.2},"geometry":{"type":"LineString","coordinates":[[139.762309046,35.641735296,24.703],[139.762306511,35.641730782,24.701],[139.762299831,35.641718887,24.695],[139.7622805,35.64170807,24.69],[139.762244344,35.64172262,24.721],[139.762226147,35.641739428,24.746],[139.762218568,35.641760614,24.757],[139.762210395,35.64185366,24.767],[139.762214503,35.642072549,24.76],[139.762214745,35.642387278,24.754],[139.762210423,35.64264656,24.759],[139.76220969,35.642685848,24.758],[139.762233415,35.64270906,24.726],[139.762233412,35.642759178,24.727],[139.762248266,35.64278321,24.706],[139.762275189,35.642796356,24.687],[139.762287128,35.64279043,24.693],[139.762300517,35.642783785,24.699]]}},{"type":"Feature","id":254,"properties":{"lane_id":254,"name":"Lane #246","role":1,"role_name":"Parking","speed_limit":40.0,"priority_offset":0.0,"oneway":"yes","length_m":146.9},"geometry":{"type":"LineString","coordinates":[[139.762299572,35.642886946,24.697],[139.762292838,35.642876609,24.697],[139.762259303,35.642825125,24.696],[139.762225067,35.64279743,24.734],[139.76220304,35.642770902,24.767],[139.762184782,35.642705827,24.8],[139.762179036,35.642688721,24.8],[139.762179756,35.642641818,24.8],[139.762179323,35.64238519,24.803],[139.762180798,35.642069026,24.805],[139.762183661,35.641852563,24.804],[139.76218369,35.641755947,24.803],[139.762185564,35.641726431,24.8],[139.762188983,35.641712851,24.797],[139.762200227,35.641700438,24.78],[139.76223083,35.641697293,24.739],[139.762253322,35.641694543,24.71],[139.76227688,35.641682415,24.689],[139.762300259,35.6416647,24.696],[139.76230891,35.641658146,24.699]]}},{"type":"Feature","id":255,"properties":{"lane_id":255,"name":"Lane #236","role":3,"role_name":"Main","speed_limit":80.0,"priority_offset":0.0,"oneway":"yes","length_m":6781.4},"geometry":{"type":"LineString","coordinates":[[139.776833658,35.670272089,-2.127],[139.776826274,35.670257353,-2.126],[139.776742485,35.67009012,-2.123],[139.776589192,35.669824241,-1.735],[139.776462067,35.669637845,-1.239],[139.776318554,35.669455034,-0.734],[139.776165107,35.669272885,-0.394],[139.776074992,35.669178005,-0.474],[139.775839187,35.668954032,-1.387],[139.775732141,35.668862377,-1.732],[139.775436254,35.668624,-1.88],[139.774866914,35.668168716,-1.953],[139.774364801,35.667767889,-2.008],[139.773830908,35.667343529,-1.768],[139.773528254,35.667096585,-1.614],[139.7731965,35.666818802,-1.724],[139.772884389,35.666548247,-2.03],[139.772624247,35.666320112,-2.501],[139.772520733,35.666215341,-2.691],[139.77244035,35.66610918,-2.869],[139.772384834,35.666006712,-2.973],[139.772349485,35.6658878,-2.928],[139.772315613,35.665738605,-2.608],[139.772290108,35.665551267,-2.305],[139.772264333,35.665396282,-2.299],[139.772210801,35.665240239,-2.322],[139.77216048,35.665156431,-2.341],[139.77208196,35.665058472,-2.476],[139.771939529,35.664934901,-2.76],[139.771617631,35.664677102,-2.949],[139.771021023,35.664204537,-2.681],[139.770593903,35.663864565,-2.488],[139.770484586,35.663773847,-2.47],[139.770360354,35.663655997,-2.698],[139.770206708,35.663488419,-3.497],[139.770002368,35.663241651,-4.859],[139.769807071,35.663013327,-6.058],[139.769645222,35.662840643,-6.978],[139.7695071,35.662710875,-7.709],[139.769332258,35.662567601,-8.481],[139.769121088,35.662436017,-8.905],[139.768909638,35.662327952,-8.872],[139.768691224,35.662231814,-8.809],[139.76851456,35.662163423,-8.763],[139.768058955,35.661990511,-8.574],[139.76776426,35.661868213,-8.187],[139.767564362,35.661766982,-7.373],[139.767372347,35.661645854,-6.363],[139.767175203,35.661486373,-5.086],[139.767021915,35.66133009,-3.971],[139.766796443,35.661069439,-2.224],[139.766468493,35.66066259,0.353],[139.766097627,35.660204017,3.408],[139.765630506,35.659623895,7.336],[139.765355653,35.659285748,9.388],[139.76507773,35.658940104,9.544],[139.764759912,35.658546663,9.363],[139.76444656,35.658156152,9.196],[139.764323934,35.657999343,9.258],[139.764242025,35.657865986,9.367],[139.764177702,35.657722656,9.477],[139.764148359,35.657621486,9.562],[139.764135866,35.657485213,9.653],[139.76415791,35.65734086,9.682],[139.764189483,35.657243621,9.707],[139.764237838,35.657136718,9.738],[139.764337634,35.656962697,9.809],[139.764434298,35.656829345,9.892],[139.764586387,35.656608421,10.098],[139.764663623,35.656478543,10.208],[139.764710331,35.656377935,10.281],[139.764748963,35.656268563,10.339],[139.764772917,35.656156686,10.349],[139.764788229,35.656038099,10.365],[139.764795079,35.65561705,10.32],[139.764796097,35.654982263,9.843],[139.764794115,35.654026522,10.272],[139.764795846,35.653613501,11.25],[139.764795703,35.652670603,14.801],[139.764794897,35.652214311,15.99],[139.764779558,35.652042719,16.188],[139.764756572,35.651906551,16.207],[139.764678246,35.651700221,16.278],[139.764597067,35.651573878,16.334],[139.764482007,35.651451974,16.224],[139.764369545,35.651365806,15.908],[139.764193588,35.651271825,15.163],[139.764019086,35.651210123,14.431],[139.763862173,35.651176108,13.791],[139.763667435,35.651151299,13.022],[139.763500989,35.651143316,12.336],[139.763266266,35.651150887,11.329],[139.763040955,35.651166392,10.567],[139.762525946,35.651210404,11.861],[139.761940079,35.651259416,13.642],[139.761023065,35.651337584,13.723],[139.759845042,35.65143893,13.057],[139.759354106,35.65148292,12.672],[139.758901708,35.651534086,12.318],[139.758341928,35.65161546,11.878],[139.757135736,35.651817584,11.749],[139.756173324,35.651978592,11.763],[139.755913083,35.652009984,11.879],[139.75567019,35.652019279,12.007],[139.755443653,35.652002572,12.115],[139.755302612,35.651975723,12.144],[139.755116991,35.651919807,12.116],[139.75491574,35.651843354,12.078],[139.754603596,35.651699449,12.014],[139.754309818,35.651578729,11.898],[139.754083691,35.651513821,11.86],[139.753865951,35.651480042,11.865],[139.753588989,35.651472748,11.926],[139.753260859,35.651503276,12.006],[139.752786598,35.651562899,12.053],[139.752318118,35.651623961,12.015],[139.752019355,35.651671964,11.946],[139.751814017,35.651724314,11.878],[139.751648889,35.651776305,11.863],[139.751484451,35.65185407,11.831],[139.751289174,35.65197903,11.871],[139.751085668,35.652158627,11.941],[139.750798126,35.652473874,12.055],[139.750673495,35.652611901,12.065],[139.750496986,35.652784984,12.13],[139.750379737,35.652877521,12.164],[139.750247017,35.652965107,12.225],[139.750081984,35.653043985,12.24],[139.749865271,35.653107766,12.157],[139.749657262,35.65314755,12.103],[139.749415512,35.653173047,12.05],[139.74882234,35.653227328,12.073],[139.748221947,35.653279121,13.223],[139.747464486,35.653346402,14.259],[139.746970237,35.653389177,14.129],[139.746727751,35.653413144,14.044],[139.746436494,35.65345527,13.936],[139.746078539,35.653531718,13.905],[139.745625117,35.653648608,13.898],[139.745162317,35.653773753,13.803],[139.744897879,35.653848399,13.791],[139.744657681,35.653903535,13.804],[139.74452313,35.653928133,13.768],[139.744211367,35.653967281,13.61],[139.743551427,35.654039725,13.565],[139.743288693,35.654066639,13.97],[139.743012348,35.654098839,14.437],[139.742788908,35.654132359,14.398],[139.742580071,35.654181674,14.088],[139.742404528,35.654247148,13.812],[139.742220432,35.654346339,13.552],[139.742070756,35.65446758,13.288],[139.741921768,35.654630641,13.054],[139.741825136,35.654765427,12.869],[139.741673299,35.655019476,12.9],[139.741429894,35.655432826,15.255],[139.7411901,35.655838988,17.2],[139.74105877,35.656078566,18.277],[139.740987768,35.656249013,19.015],[139.740946147,35.656406494,19.662],[139.740927129,35.656528871,20.231],[139.740927442,35.656690936,20.934],[139.740951898,35.656918619,21.483],[139.74098672,35.657116353,21.392],[139.741065342,35.657521733,20.636],[139.741135966,35.657839655,19.96],[139.741203596,35.658034358,19.541],[139.741306965,35.658241812,19.142],[139.74141691,35.658411373,18.849],[139.741582959,35.658628946,18.458],[139.741956903,35.659096361,17.487],[139.74217751,35.659396326,17.472],[139.742281811,35.65957773,17.478],[139.742393055,35.659822712,17.499],[139.742483176,35.660089447,18.062],[139.742577093,35.660453938,19.039],[139.742704786,35.660996987,20.516],[139.742826414,35.661510441,21.911],[139.742876789,35.661730264,22.276],[139.742972631,35.662135873,22.515],[139.743059928,35.6625099,22.915],[139.743142476,35.6628516,24.447],[139.743277579,35.663347303,26.939],[139.743342759,35.663590404,27.317],[139.74338618,35.663817596,27.008],[139.743400481,35.663924411,26.63],[139.743441573,35.664377159,25.113],[139.743478621,35.664740159,24.13],[139.743524316,35.664998489,23.489],[139.743598035,35.665240889,22.898],[139.743706787,35.665482976,22.283],[139.743816165,35.665668955,21.775],[139.74403097,35.665970749,21.361],[139.744261934,35.666287048,21.303],[139.744440927,35.66652468,21.305],[139.744551238,35.666663598,21.299],[139.744692573,35.666820298,21.272],[139.74498638,35.667140093,20.798],[139.745356658,35.667544258,20.106],[139.745627202,35.667837618,19.53],[139.745828532,35.668044615,19.161],[139.746045278,35.668253113,18.841],[139.746546013,35.668725919,18.003],[139.746911278,35.669071295,17.389],[139.747419259,35.669546514,16.548],[139.747664135,35.669778036,15.754],[139.747865878,35.669945407,14.404],[139.748038368,35.670072404,13.095],[139.748245271,35.670196338,11.664],[139.748440594,35.670280471,10.469],[139.748672952,35.670357166,9.181],[139.748901487,35.670406231,8.271],[139.749142467,35.670453572,7.725],[139.749414343,35.670514314,7.128],[139.749420345,35.670515655,7.115]]}},{"type":"Feature","id":256,"properties":{"lane_id":256,"name":"Lane #237","role":2,"role_name":"Secondary","speed_limit":60.0,"priority_offset":0.0,"oneway":"yes","length_m":1750.8},"geometry":{"type":"LineString","coordinates":[[139.761908974,35.651232515,13.642],[139.761898958,35.651233346,13.642],[139.761025381,35.651305828,13.673],[139.759827425,35.651407085,12.991],[139.75931657,35.651453869,12.594],[139.75884531,35.651507742,12.224],[139.758309694,35.651588129,11.804],[139.757665444,35.651696523,11.694],[139.756748309,35.651848973,11.694],[139.756183659,35.651942234,11.7],[139.755933612,35.651975925,11.703],[139.755687878,35.651988167,11.725],[139.75540681,35.651965446,11.784],[139.755268108,35.651936339,11.848],[139.754945643,35.651822813,11.986],[139.754553897,35.651643883,12.061],[139.754277834,35.651535122,12.17],[139.754265094,35.651530103,12.175],[139.75422988,35.651521106,12.177],[139.754077446,35.651482161,12.187],[139.753817617,35.651446456,12.192],[139.75357466,35.651442623,12.144],[139.753240561,35.651474252,12.039],[139.752537981,35.651564522,12.003],[139.752080878,35.651629163,12.081],[139.751829,35.651686141,12.128],[139.751605732,35.651758041,12.202],[139.751411751,35.651851679,12.224],[139.75125457,35.651958599,12.167],[139.751031912,35.652157166,12.089],[139.750750829,35.652465697,11.997],[139.750575837,35.652659848,11.966],[139.750416766,35.652807586,11.923],[139.750283631,35.652905282,11.901],[139.750130046,35.652986376,11.874],[139.749962577,35.653049078,11.901],[139.749748887,35.653101297,11.954],[139.749419827,35.653143365,12.003],[139.748978485,35.653181623,12.002],[139.748371644,35.653234113,12.804],[139.747880703,35.653278103,14.013],[139.747442649,35.653317483,14.203],[139.746952852,35.65335971,14.146],[139.74668418,35.653388313,14.144],[139.746471815,35.653420614,14.126],[139.746292027,35.653451559,14.102],[139.746074771,35.653499685,14.02],[139.746034011,35.653510441,14.005],[139.745980778,35.653524488,13.985],[139.745639147,35.653614637,13.856],[139.745170258,35.65374194,13.76],[139.744862098,35.653823919,13.662],[139.744629888,35.653879068,13.568],[139.74446532,35.653907513,13.559],[139.744206858,35.653937726,13.571],[139.743645255,35.653997995,13.515],[139.743628306,35.653999814,13.514]]}},{"type":"Feature","id":257,"properties":{"lane_id":257,"name":"Lane #238","role":1,"role_name":"Parking","speed_limit":40.0,"priority_offset":0.0,"oneway":"yes","length_m":451.3},"geometry":{"type":"LineString","coordinates":[[139.750578799,35.652827627,12.142],[139.750587084,35.652821725,12.144],[139.750694958,35.652744867,12.169],[139.75087267,35.652585601,12.033],[139.751099212,35.652356869,11.88],[139.751181217,35.652269473,11.872],[139.751363683,35.652102803,11.302],[139.751587977,35.651965288,10.142],[139.751866433,35.651895485,8.558],[139.75212613,35.651925053,7.474],[139.752305805,35.652090302,6.191],[139.752342512,35.652362076,4.326],[139.752311776,35.652579587,4.086],[139.751784063,35.652704882,2.922],[139.750854585,35.651735765,3.478],[139.750840078,35.651720639,3.486]]}},{"type":"Feature","id":258,"properties":{"lane_id":258,"name":"Lane #239","role":1,"role_name":"Parking","speed_limit":40.0,"priority_offset":0.0,"oneway":"yes","length_m":551.9},"geometry":{"type":"LineString","coordinates":[[139.751473329,35.651411642,4.725],[139.751484986,35.651406141,4.632],[139.751819842,35.651248113,1.962],[139.753982215,35.651566983,2.546],[139.754267322,35.651706353,4.151],[139.75469685,35.6519483,5.235],[139.754931974,35.652069515,6.365],[139.755385611,35.652153798,8.081],[139.755836406,35.652149113,9.709],[139.756272942,35.652099127,11.574],[139.756459755,35.652067664,11.588],[139.756583405,35.652046873,11.595],[139.756891853,35.651982965,11.613],[139.757199085,35.651911539,11.644],[139.757218816,35.651897394,11.662],[139.757239553,35.651882528,11.68]]}},{"type":"Feature","id":259,"properties":{"lane_id":259,"name":"Lane #240","role":1,"role_name":"Parking","speed_limit":40.0,"priority_offset":0.0,"oneway":"yes","length_m":507.9},"geometry":{"type":"LineString","coordinates":[[139.750838288,35.651722025,3.432],[139.750829796,35.651731388,3.199],[139.750670235,35.651907319,-1.185],[139.748383034,35.653322857,3.373],[139.748187567,35.653293543,6.3],[139.747843989,35.653222805,8.505],[139.747414269,35.653259378,11.883],[139.74707483,35.653288635,14.03],[139.746789346,35.653316273,14.295],[139.746737441,35.653321067,14.332],[139.746548661,35.653346863,14.453],[139.746340763,35.65339241,14.439],[139.746043555,35.653476578,14.111],[139.746013509,35.653503141,14.034],[139.745998544,35.653516371,13.996]]}},{"type":"Feature","id":260,"properties":{"lane_id":260,"name":"Lane #241","role":1,"role_name":"Parking","speed_limit":40.0,"priority_offset":0.0,"oneway":"yes","length_m":1716.9},"geometry":{"type":"LineString","coordinates":[[139.743627355,35.653999788,13.514],[139.74360505,35.65400001,13.533],[139.743478085,35.654001274,13.639],[139.743348343,35.653999871,13.844],[139.743263566,35.653997467,13.997],[139.743189929,35.65399219,14.128],[139.743066524,35.653975049,14.341],[139.742989276,35.653958833,14.44],[139.742788356,35.65389685,14.57],[139.742586123,35.653795566,14.661],[139.74234121,35.653597263,14.826],[139.742118846,35.653221696,15.101],[139.741875624,35.65207162,16.913],[139.741837656,35.652115966,22.932],[139.742041061,35.653275327,23.503],[139.742039662,35.653657153,22.945],[139.741957416,35.653968891,22.751],[139.741825974,35.654274632,22.129],[139.741671978,35.654579532,20.012],[139.74152461,35.65487565,17.918],[139.741378773,35.655166864,16.382],[139.74126066,35.655425295,16.019],[139.74121316,35.655538895,16.108],[139.741107719,35.655779891,17.096],[139.741083848,35.655832584,17.388],[139.740980791,35.656067675,18.647],[139.740929514,35.656199909,19.32],[139.740872704,35.656371075,20.234],[139.740845581,35.656559597,20.943],[139.740842759,35.656691453,21.37],[139.7408584,35.656840898,21.619],[139.74088184,35.657010222,21.569],[139.740908838,35.657189419,21.166],[139.74091729,35.657237208,21.074],[139.740926912,35.657285624,20.985],[139.740977275,35.65754159,20.591],[139.740980868,35.657565754,20.554],[139.741050133,35.657890383,21.807],[139.741193356,35.658239408,24.111],[139.742133758,35.659581655,26.041],[139.742855935,35.661889736,27.497],[139.742926154,35.661886117,28.876],[139.74291538,35.661828315,28.966],[139.742864413,35.661630818,29.065],[139.742806361,35.661380734,29.247],[139.742692289,35.660917863,32.283],[139.742614691,35.660569061,34.528],[139.74258085,35.660439437,35.039],[139.74254448,35.660292558,34.974],[139.742533099,35.660250823,34.956],[139.742471306,35.660016854,34.999],[139.74243293,35.659909228,34.99],[139.7423334,35.659672645,34.887],[139.742318806,35.659666052,34.802],[139.742301941,35.659658433,34.704]]}},{"type":"Feature","id":261,"properties":{"lane_id":261,"name":"Lane #242","role":1,"role_name":"Parking","speed_limit":40.0,"priority_offset":0.0,"oneway":"yes","length_m":800.4},"geometry":{"type":"LineString","coordinates":[[139.740934405,35.656277103,27.832],[139.740936452,35.656271196,27.812],[139.741003741,35.656077009,27.17],[139.741143985,35.655794989,26.085],[139.741324248,35.655445362,24.025],[139.74142835,35.655240413,22.537],[139.741464497,35.655171803,22.042],[139.741581356,35.654951375,20.457],[139.741735519,35.654655024,18.325],[139.741911479,35.654305279,15.904],[139.742046697,35.653979111,14.632],[139.742095695,35.653714148,14.766],[139.742046924,35.65316878,15.25],[139.741820118,35.652072112,16.772],[139.741874456,35.652070844,23.04],[139.742104485,35.653190106,23.317],[139.742221012,35.653405314,23.149],[139.742436826,35.653669066,22.944],[139.742725199,35.653852952,22.804],[139.742952074,35.65393509,22.69],[139.743165181,35.653973514,22.621],[139.743229256,35.653981457,22.59],[139.743277605,35.653984168,22.565],[139.743479284,35.65398948,22.455],[139.74360875,35.653986137,22.381],[139.743616154,35.653989626,22.377],[139.743632534,35.653997344,22.369]]}},{"type":"Feature","id":262,"properties":{"lane_id":262,"name":"Lane #243","role":2,"role_name":"Secondary","speed_limit":60.0,"priority_offset":0.0,"oneway":"yes","length_m":1242.5},"geometry":{"type":"LineString","coordinates":[[139.743624551,35.654000103,13.516],[139.74360419,35.654002311,13.538],[139.743387688,35.654025781,13.781],[139.743173443,35.654048699,14.176],[139.742992916,35.654070788,14.454],[139.742784016,35.65410065,14.492],[139.742577529,35.654148886,14.319],[139.742400231,35.654213106,14.14],[139.742247076,35.654292199,13.936],[139.742101371,35.654393176,13.73],[139.74196394,35.654525269,13.433],[139.741838138,35.654681815,13.113],[139.741733137,35.654846047,12.792],[139.741489032,35.655253984,14.167],[139.741299705,35.655581105,15.992],[139.74110155,35.655915081,17.67],[139.74102166,35.656072838,18.449],[139.740951999,35.656244285,19.264],[139.740914351,35.656374799,19.869],[139.740888246,35.65659513,20.768],[139.74089403,35.656763678,21.337],[139.740919203,35.656951999,21.559],[139.740985874,35.657302441,21.016],[139.741073939,35.657737486,20.289],[139.741128463,35.657935711,19.986],[139.74122152,35.658161025,19.589],[139.741322346,35.658337209,19.212],[139.741434352,35.658493462,18.825],[139.741798479,35.658956798,17.743],[139.742030067,35.659247609,17.306],[139.742197251,35.659493539,17.235],[139.742297286,35.659681566,17.261],[139.742396627,35.659936041,17.514],[139.742452523,35.660113181,18.019],[139.742516949,35.660369336,18.737],[139.742619705,35.660805363,19.924],[139.742724965,35.661250681,21.139],[139.742821257,35.661653144,22.134],[139.742914614,35.662046726,22.412],[139.743020167,35.662496245,22.817],[139.743095202,35.662809803,24.127],[139.743208932,35.663237655,26.475],[139.743277948,35.663489888,27.162],[139.743311114,35.663635096,27.143],[139.743312287,35.663640232,27.142]]}},{"type":"Feature","id":263,"properties":{"lane_id":263,"name":"Lane #244","role":2,"role_name":"Secondary","speed_limit":60.0,"priority_offset":0.0,"oneway":"yes","length_m":4904.2},"geometry":{"type":"LineString","coordinates":[[139.743312221,35.663650724,27.121],[139.743312353,35.663654189,27.112],[139.743321525,35.663895106,26.492],[139.743309941,35.663980485,26.213],[139.743278006,35.664078019,25.872],[139.743217074,35.664190865,25.454],[139.74311145,35.664326212,24.891],[139.743011595,35.664408762,24.433],[139.742855281,35.664482088,23.907],[139.74263674,35.664525402,23.46],[139.742467002,35.664519678,23.284],[139.742243387,35.664475925,23.072],[139.741976927,35.664373014,22.998],[139.741849132,35.664310136,23.174],[139.740758884,35.663737902,25.148],[139.740005677,35.663346821,27.586],[139.739358495,35.663014814,29.811],[139.738675202,35.662663793,33.298],[139.737740333,35.662179428,38.032],[139.737220908,35.661919686,38.795],[139.736692664,35.661664176,39.273],[139.736222533,35.661443888,39.688],[139.735531935,35.661126917,40.129],[139.735045471,35.660910007,40.369],[139.734461055,35.660642228,40.645],[139.734094084,35.660468172,40.817],[139.733699746,35.660274281,41.01],[139.73313384,35.659992374,41.237],[139.732667612,35.659758936,40.896],[139.732452685,35.659661398,40.732],[139.732167229,35.659547293,40.246],[139.731746361,35.659402397,39.482],[139.730948371,35.659127021,38.341],[139.730229574,35.658883148,37.618],[139.729391503,35.658600132,37.061],[139.728964228,35.65846571,36.866],[139.728646078,35.658379454,36.716],[139.728354021,35.658314721,36.374],[139.727835614,35.658215016,35.864],[139.727266773,35.658111842,36.235],[139.727093865,35.658091272,36.314],[139.727024241,35.658082989,36.346],[139.726770278,35.658052776,36.463],[139.726390974,35.658027744,36.362],[139.725877481,35.657992197,36.555],[139.725400325,35.657959971,36.781],[139.72468027,35.657915543,37.412],[139.724132533,35.657879575,37.959],[139.723578403,35.657841068,38.431],[139.723025246,35.657795288,38.747],[139.722483275,35.657745118,39.059],[139.721821144,35.657681745,39.44],[139.72116047,35.6576186,39.817],[139.720490695,35.65755335,40.195],[139.71993749,35.657500486,39.853],[139.7193848,35.657448171,38.543],[139.718748579,35.657389829,37.043],[139.718170516,35.657331504,35.667],[139.717400503,35.65726235,33.85],[139.716842737,35.657204943,32.124],[139.716060646,35.65713213,29.259],[139.715520916,35.657079587,28.008],[139.714740629,35.657007235,28.141],[139.713916458,35.656927291,26.536],[139.713199872,35.656863747,23.991],[139.713030964,35.65684839,23.386],[139.712360884,35.656797943,22.363],[139.712237474,35.656790403,22.576],[139.711648004,35.656762401,23.844],[139.711085586,35.656741571,25.063],[139.710758832,35.656726364,25.765],[139.710307019,35.656706696,26.739],[139.709750071,35.65668344,27.94],[139.709186503,35.656659293,29.076],[139.708868863,35.656643888,29.267],[139.708636516,35.656630423,29.296],[139.708424946,35.656616408,29.309],[139.708107047,35.656588819,29.415],[139.707652036,35.656544438,29.557],[139.707429951,35.656517879,29.629],[139.70723136,35.656484736,29.685],[139.707018072,35.656436663,29.714],[139.70680514,35.656374123,29.688],[139.706411718,35.65624128,29.62],[139.705882181,35.656060574,29.554],[139.705346333,35.65587656,29.602],[139.704869169,35.655712812,29.646],[139.704445756,35.655578798,29.696],[139.703835852,35.655380546,28.814],[139.703034573,35.655125756,30.315],[139.702580446,35.654980535,33.098],[139.70219401,35.654856938,35.468],[139.701803334,35.654736868,37.582],[139.70179695,35.654735229,37.606],[139.701715923,35.654714435,37.916],[139.70154505,35.654670582,38.568],[139.701326432,35.654620372,39.213],[139.701095978,35.654572584,39.875],[139.700996551,35.654552552,40.163],[139.700951615,35.654543077,40.292],[139.700675443,35.654489293,41.087],[139.700215922,35.654394895,42.417],[139.699917654,35.65432618,43.187],[139.699664025,35.654257434,43.719],[139.699458521,35.654185577,44.041],[139.699231541,35.654076811,44.313],[139.699053134,35.653973075,44.537],[139.698806934,35.653782587,44.785],[139.698541933,35.653514976,44.781],[139.698185097,35.653088782,44.445],[139.698015154,35.652892334,44.385],[139.697922789,35.652805499,44.342],[139.697798682,35.652690674,44.318],[139.69764728,35.652572622,44.374],[139.697502108,35.652471031,44.568],[139.69735487,35.652381472,44.803],[139.697215697,35.652308379,44.994],[139.697047577,35.6522285,45.215],[139.696818947,35.652142126,45.485],[139.696590106,35.652066028,45.753],[139.695689621,35.651809553,45.312],[139.694922424,35.651586046,43.985],[139.694093475,35.651331312,42.551],[139.693810746,35.651240874,42.059],[139.693779924,35.651231015,42.006]]}},{"type":"Feature","id":264,"properties":{"lane_id":264,"name":"Lane #245","role":2,"role_name":"Secondary","speed_limit":60.0,"priority_offset":0.0,"oneway":"yes","length_m":1802.8},"geometry":{"type":"LineString","coordinates":[[139.74331448,35.663650878,27.13],[139.743315197,35.66365464,27.123],[139.743351701,35.663846195,26.766],[139.74338834,35.664201058,25.645],[139.743420293,35.664553602,24.611],[139.743458658,35.664841166,24.035],[139.743538543,35.665173314,23.23],[139.743628141,35.66540655,22.551],[139.743740194,35.665613525,21.922],[139.743847003,35.665774993,21.501],[139.744058426,35.666064949,21.288],[139.744230966,35.666306716,21.25],[139.744299745,35.666398764,21.25],[139.744310023,35.666412519,21.25],[139.744410123,35.666546484,21.25],[139.744523724,35.666686025,21.249],[139.744719777,35.666903001,21.161],[139.744859941,35.667058565,20.918],[139.745055479,35.667271581,20.551],[139.745255382,35.667491601,20.173],[139.745521672,35.667783236,19.725],[139.745725885,35.667995866,19.405],[139.746013886,35.668273856,18.826],[139.746312544,35.668556582,18.292],[139.746599499,35.668821922,17.817],[139.746885914,35.669095894,17.33],[139.747248115,35.669432059,16.734],[139.747612063,35.669773623,15.919],[139.747756168,35.669902764,15.127],[139.747910294,35.670023764,14.038],[139.748092212,35.670146264,12.803],[139.748272602,35.670244758,11.668],[139.748421904,35.670309794,10.726],[139.748619594,35.670374412,9.525],[139.74892027,35.670441106,8.162],[139.749096539,35.670474477,7.757],[139.749256218,35.670507448,7.408],[139.749410741,35.670544596,7.061],[139.749654973,35.670615627,6.502],[139.749983469,35.670723403,5.813],[139.75030381,35.670835657,5.272],[139.750508609,35.670911934,4.92],[139.75061636,35.670962319,4.706],[139.750814798,35.671079753,4.246],[139.750930266,35.671158737,3.984],[139.751043589,35.671247217,3.9],[139.751247691,35.671434968,4.375],[139.751553749,35.671737538,5.259],[139.751961573,35.672139111,6.574],[139.752074664,35.672257892,6.846],[139.752174721,35.672376335,7.137],[139.752281344,35.672525004,7.674],[139.752383688,35.672684388,8.174],[139.752584023,35.67301125,9.083],[139.752788294,35.673342848,10.069],[139.75302297,35.673724872,11.205],[139.75315375,35.673934054,11.828],[139.753347474,35.674251963,12.076],[139.753494961,35.674495981,11.841],[139.75355914,35.67461356,11.226],[139.753620611,35.674746622,10.277],[139.753644827,35.674815934,9.773],[139.753677552,35.674950961,8.814],[139.753684716,35.675074198,8.042],[139.753681936,35.675143984,7.632],[139.753667003,35.675247527,7.015],[139.753628508,35.675368825,6.258],[139.753574675,35.675482132,5.595],[139.753492227,35.675613352,5.232],[139.753433208,35.675691708,5.271],[139.753337243,35.6758127,5.742],[139.75326803,35.675889968,6.246],[139.753091637,35.676083518,7.737],[139.752971893,35.67621148,8.755],[139.752964395,35.676219493,8.818]]}},{"type":"Feature","id":265,"properties":{"lane_id":265,"name":"Lane #246","role":2,"role_name":"Secondary","speed_limit":60.0,"priority_offset":0.0,"oneway":"yes","length_m":5042.2},"geometry":{"type":"LineString","coordinates":[[139.744565979,35.666610804,28.722],[139.744542165,35.666586112,28.734],[139.744475463,35.666516951,28.767],[139.744280014,35.666338342,28.882],[139.744125358,35.666187774,28.984],[139.743890722,35.665935207,29.182],[139.74361167,35.665644589,29.731],[139.743343172,35.665400413,29.699],[139.743097572,35.665207522,28.627],[139.742784904,35.664991414,26.611],[139.742477683,35.664789443,24.462],[139.742061305,35.664518573,22.985],[139.741936458,35.664434773,22.997],[139.74173965,35.664308794,23.299],[139.741526144,35.664177438,23.653],[139.741299396,35.664053859,24.016],[139.740752154,35.663769018,25.139],[139.739902577,35.663332793,27.911],[139.738942815,35.662837033,31.849],[139.738282697,35.66249836,35.28],[139.737819817,35.662261101,37.67],[139.737161025,35.661929717,38.891],[139.7365828,35.661648776,39.405],[139.736112693,35.661426847,39.821],[139.735010735,35.660926784,40.424],[139.734350598,35.660627811,40.742],[139.734058005,35.660490169,40.883],[139.733499255,35.660213294,41.156],[139.733121972,35.660021859,41.288],[139.732713082,35.659815045,40.892],[139.732432072,35.659688374,40.553],[139.732038685,35.659537117,39.956],[139.73143119,35.659327115,39.071],[139.730965224,35.659169503,38.441],[139.730396383,35.658974738,37.817],[139.729787265,35.658766363,37.335],[139.729165286,35.658562037,36.909],[139.728783555,35.658448217,36.655],[139.728529408,35.658381401,36.493],[139.728218328,35.658317559,36.17],[139.727525867,35.65818944,35.97],[139.727216089,35.658137234,36.145],[139.726826762,35.658088656,36.326],[139.726257095,35.658049311,36.457],[139.725636556,35.65800647,36.705],[139.724852428,35.657955703,37.289],[139.724307722,35.657918394,37.827],[139.723796028,35.65788744,38.326],[139.723373333,35.657858595,38.604],[139.722776683,35.657803802,38.939],[139.722217051,35.657750535,39.263],[139.721548762,35.657688052,39.644],[139.720741464,35.657608801,40.102],[139.720032876,35.657542818,40.115],[139.719380412,35.657480857,38.604],[139.718756943,35.65742202,37.125],[139.718098885,35.657359743,35.57],[139.717170505,35.657270254,33.311],[139.716445161,35.657201556,30.735],[139.715840835,35.657144105,28.56],[139.715345381,35.657097913,28.091],[139.714980548,35.657060932,28.151],[139.714269483,35.656992949,27.812],[139.713407693,35.656908513,24.784],[139.713015487,35.656877305,23.393],[139.712354538,35.656830775,22.419],[139.712181212,35.656819256,22.746],[139.711599885,35.656793798,23.994],[139.711049356,35.656768507,25.182],[139.710519008,35.656747163,26.325],[139.70997209,35.65672257,27.509],[139.709519013,35.65670459,28.481],[139.709296146,35.656694217,28.954],[139.709078014,35.656685076,29.243],[139.708758486,35.656669618,29.332],[139.708447187,35.656648301,29.372],[139.707986396,35.656608355,29.512],[139.70764683,35.656576256,29.612],[139.707443667,35.656550934,29.673],[139.707241313,35.656521472,29.739],[139.707065379,35.656480688,29.76],[139.706814877,35.656410648,29.742],[139.706384513,35.656266892,29.671],[139.705804627,35.656070943,29.613],[139.705254629,35.655875701,29.658],[139.704844403,35.655738235,29.7],[139.704442061,35.655609817,29.741],[139.703919802,35.655442581,29.13],[139.703299168,35.655242185,28.663],[139.702591721,35.655014585,32.999],[139.702118854,35.654863824,35.895],[139.701776981,35.654761405,37.694],[139.701598817,35.654713905,38.404],[139.701353895,35.654657445,39.159],[139.7010435,35.654592318,40.053],[139.700964433,35.65457697,40.28],[139.700659189,35.654517299,41.162],[139.700203218,35.654424766,42.48],[139.699913036,35.654360616,43.29],[139.69963182,35.654281567,43.961],[139.699473167,35.654223782,44.243],[139.699369868,35.654182893,44.416],[139.699178502,35.654089395,44.695],[139.698999642,35.653978053,44.877],[139.698791489,35.653813862,44.989],[139.698640243,35.653673773,44.973],[139.698463352,35.653479315,44.826],[139.698294293,35.653276814,44.635],[139.698136379,35.653084532,44.465],[139.698010325,35.652938995,44.36],[139.6979062,35.652832733,44.275],[139.697792419,35.652729304,44.204],[139.697632591,35.652603677,44.189],[139.697514181,35.65251996,44.287],[139.697322363,35.652402693,44.566],[139.697151831,35.652317507,44.833],[139.696941823,35.652224171,45.177],[139.696762569,35.652159649,45.442],[139.696561299,35.652088806,45.748],[139.695997491,35.651931044,45.883],[139.695131731,35.651683671,44.434],[139.694908117,35.651618649,44.047],[139.694168556,35.651391961,42.768],[139.693944144,35.651320011,42.374],[139.69388119,35.651299827,42.264]]}},{"type":"Feature","id":266,"properties":{"lane_id":266,"name":"Lane #247","role":1,"role_name":"Parking","speed_limit":40.0,"priority_offset":0.0,"oneway":"yes","length_m":489.9},"geometry":{"type":"LineString","coordinates":[[139.72705967,35.658082616,36.411],[139.727030544,35.658078005,36.415],[139.726612246,35.658011786,36.473],[139.726290158,35.657972402,36.313],[139.725934107,35.657937636,36.439],[139.725873758,35.657933202,36.466],[139.725721541,35.657923539,36.602],[139.725494691,35.657907665,35.492],[139.725036098,35.657879698,32.574],[139.724396136,35.657837945,29.523],[139.724498281,35.658053197,29.332],[139.724835096,35.658074414,30.961],[139.725191287,35.658095218,33.479],[139.725682234,35.658129203,36.532],[139.725903949,35.65814345,36.507],[139.726136587,35.658156095,36.434],[139.726310892,35.658166175,36.296],[139.726393129,35.658170386,36.267],[139.7265293,35.658189014,36.191],[139.726752582,35.6581864,35.933],[139.726839539,35.658185773,35.854],[139.726899868,35.658187554,35.832],[139.726921318,35.658179273,35.882],[139.726933093,35.658174728,35.91]]}},{"type":"Feature","id":267,"properties":{"lane_id":267,"name":"Lane #249","role":1,"role_name":"Parking","speed_limit":40.0,"priority_offset":0.0,"oneway":"yes","length_m":1432.1},"geometry":{"type":"LineString","coordinates":[[139.711769651,35.656935958,29.268],[139.711807543,35.656937333,29.31],[139.712197913,35.656951494,29.745],[139.712314481,35.656956205,29.713],[139.712981005,35.65699898,30.106],[139.713195475,35.657018245,30.288],[139.713637526,35.657057686,29.748],[139.714211416,35.657110506,28.39],[139.71441405,35.657130687,28.064],[139.715558397,35.657238278,28.021],[139.715780913,35.657261464,27.582],[139.716302031,35.657308832,25.062],[139.716793334,35.657351585,23.766],[139.716812682,35.657150465,23.799],[139.71630427,35.657103505,25.312],[139.71578839,35.657057647,27.732],[139.715578468,35.657038522,27.989],[139.714537329,35.656941186,28.132],[139.714249925,35.656914478,28.13],[139.713698371,35.656860501,30.044],[139.713187847,35.656813366,30.822],[139.712972819,35.656794886,30.733],[139.712309226,35.656743049,29.637],[139.712195882,35.656730373,29.561],[139.711859124,35.656708463,29.37],[139.711210118,35.656697076,28.768],[139.710622399,35.656669022,27.159],[139.710110438,35.656641958,24.954],[139.709200062,35.656600784,20.783],[139.709176081,35.656838069,20.058],[139.709420959,35.656864501,21.081],[139.709906668,35.656880546,24.153],[139.710413127,35.656904355,26.482],[139.710937336,35.656931927,28.169],[139.711408164,35.656950064,29.014],[139.711712848,35.656938789,29.269],[139.711754732,35.656937239,29.304]]}},{"type":"Feature","id":268,"properties":{"lane_id":268,"name":"Lane #250","role":1,"role_name":"Parking","speed_limit":40.0,"priority_offset":0.0,"oneway":"yes","length_m":220.4},"geometry":{"type":"LineString","coordinates":[[139.709336112,35.656761875,28.821],[139.709392387,35.656772859,28.686],[139.709519649,35.656797698,28.38],[139.709846271,35.656828139,27.644],[139.710185977,35.656842714,26.914],[139.710241303,35.65684614,26.793],[139.71041584,35.656855307,26.588],[139.71094501,35.656878287,28.178],[139.711414001,35.65689735,29.057],[139.711713633,35.656929111,29.207],[139.711758821,35.656933901,29.229]]}},{"type":"Feature","id":269,"properties":{"lane_id":269,"name":"Lane #250","role":2,"role_name":"Secondary","speed_limit":60.0,"priority_offset":0.0,"oneway":"yes","length_m":4878.0},"geometry":{"type":"LineString","coordinates":[[139.693878962,35.651337422,42.294],[139.693920395,35.651350796,42.366],[139.694329394,35.65148281,43.075],[139.694783072,35.651623035,43.857],[139.695347468,35.651786161,44.836],[139.695998581,35.651974021,45.905],[139.696402922,35.65209242,45.894],[139.696662436,35.652172834,45.486],[139.696906446,35.652253923,45.058],[139.697159497,35.65236723,44.553],[139.69741606,35.652505472,44.124],[139.697566136,35.652606217,44.012],[139.697774585,35.652770759,44.088],[139.697956504,35.65294311,44.295],[139.698138807,35.653154129,44.496],[139.698344338,35.65339863,44.757],[139.698457412,35.65353489,44.922],[139.698579566,35.653668184,45.079],[139.698696896,35.653789119,45.207],[139.698824946,35.653900706,45.244],[139.6989586,35.654000959,45.209],[139.699136307,35.654109967,45.028],[139.699302431,35.654197776,44.818],[139.699523913,35.654287576,44.387],[139.69978736,35.654367016,43.725],[139.699831654,35.654379052,43.601],[139.700102017,35.654442557,42.789],[139.700467727,35.654517953,41.683],[139.700916918,35.654608301,40.385],[139.701370073,35.654697567,39.086],[139.701573689,35.654747395,38.443],[139.701851134,35.654822856,37.288],[139.702184365,35.654922662,35.406],[139.70258344,35.655054176,32.949],[139.703151105,35.655238066,29.461],[139.703633078,35.655391275,28.402],[139.704182143,35.655566985,29.763],[139.704671986,35.655723308,29.722],[139.704974853,35.65582382,29.689],[139.705438852,35.65598313,29.639],[139.70596038,35.656162814,29.612],[139.706379218,35.656306789,29.674],[139.706689114,35.656411898,29.725],[139.706892385,35.65647646,29.757],[139.707115796,35.65653267,29.753],[139.707317921,35.656572532,29.71],[139.707652419,35.656615263,29.616],[139.70805889,35.656655126,29.546],[139.708346302,35.656680939,29.469],[139.708785577,35.656709358,29.356],[139.709166357,35.656727846,29.144],[139.709795029,35.656754537,27.888],[139.710289984,35.656775157,26.82],[139.710868998,35.656801492,25.568],[139.711775981,35.656839833,23.614],[139.712257916,35.656865576,22.569],[139.712968269,35.656913005,23.245],[139.713072836,35.656921597,23.618],[139.713408742,35.656949827,24.815],[139.713756162,35.656983444,26.055],[139.714263797,35.657030241,27.811],[139.714605947,35.657065279,28.214],[139.715336675,35.657135587,28.085],[139.715640888,35.657164054,28.15],[139.715949826,35.657191341,28.943],[139.716409927,35.657237331,30.629],[139.716881688,35.657278878,32.363],[139.71743677,35.657333632,34.011],[139.717939353,35.657381526,35.201],[139.718278579,35.657413633,36.006],[139.718844472,35.657468374,37.347],[139.719716172,35.657553161,39.408],[139.720376466,35.657615113,40.305],[139.720932449,35.657666818,39.996],[139.721377143,35.65770937,39.74],[139.721918451,35.657761637,39.429],[139.722466927,35.657813557,39.118],[139.722923934,35.657857315,38.852],[139.723359855,35.65789469,38.607],[139.723794903,35.657925451,38.323],[139.724458682,35.657970134,37.683],[139.725129849,35.658012287,37.032],[139.725796989,35.658056097,36.644],[139.72634019,35.658094512,36.415],[139.726813515,35.658127405,36.163],[139.727017954,35.658148055,36.079],[139.727231188,35.658181487,36.003],[139.727771674,35.658275907,35.904],[139.728208694,35.658357496,36.13],[139.728529514,35.658423746,36.315],[139.728863769,35.658510573,36.601],[139.729202871,35.658614418,36.891],[139.729668566,35.658768399,37.258],[139.730396044,35.659018465,37.824],[139.730923554,35.659195412,38.408],[139.731345798,35.659339563,38.976],[139.73178864,35.659488824,39.577],[139.732105999,35.659601973,39.986],[139.73232733,35.659687843,40.265],[139.732516772,35.659770266,40.548],[139.732777329,35.659892428,40.965],[139.733282775,35.660150386,41.248],[139.73361598,35.66031899,41.084],[139.733947554,35.66047962,40.926],[139.734324947,35.660660708,40.741],[139.7346515,35.660808534,40.587],[139.73502812,35.660979236,40.411],[139.735514244,35.661198971,40.181],[139.735891321,35.661371654,39.977],[139.73627051,35.661546167,39.663],[139.736630395,35.661714728,39.344],[139.737070289,35.661928454,38.948],[139.73752357,35.662155172,38.516],[139.737976664,35.662387408,36.741],[139.73840089,35.662605144,34.534],[139.738849837,35.662838007,32.19],[139.739318583,35.663079292,30.066],[139.739770134,35.663312687,30.803],[139.740261451,35.663568582,31.998],[139.740584731,35.663732963,32.772],[139.740959932,35.663926258,32.708],[139.741300717,35.664101792,31.879],[139.741573485,35.66424368,31.206],[139.741762743,35.664332445,30.757],[139.741903072,35.664389419,30.441],[139.742092706,35.664453919,29.986],[139.742210121,35.664480329,29.912],[139.742443344,35.664509598,30.191],[139.742622195,35.664502646,30.778],[139.742785264,35.664476021,31.579],[139.742913946,35.664426978,32.322],[139.743045884,35.664350688,33.005],[139.743151508,35.664256374,33.337],[139.743233906,35.664138172,33.607],[139.743269389,35.664060469,33.812],[139.743312994,35.663893817,34.299],[139.743315287,35.663766759,34.711],[139.74332625,35.663752627,34.738],[139.743334111,35.663742494,34.758]]}},{"type":"Feature","id":270,"properties":{"lane_id":270,"name":"Lane #251","role":2,"role_name":"Secondary","speed_limit":60.0,"priority_offset":0.0,"oneway":"yes","length_m":1573.5},"geometry":{"type":"LineString","coordinates":[[139.693728968,35.651325127,42.006],[139.693765449,35.651336577,42.069],[139.694316393,35.651509487,43.022],[139.694749831,35.651644085,43.773],[139.695333648,35.651815286,44.78],[139.695983902,35.652002431,45.852],[139.696383021,35.652116606,45.857],[139.696670506,35.652202946,45.394],[139.696912353,35.652291658,44.874],[139.697160069,35.652405452,44.296],[139.697295568,35.652477843,43.993],[139.697538014,35.652627078,43.824],[139.697752106,35.652792862,43.985],[139.697897256,35.652928968,44.208],[139.698082806,35.65313947,44.416],[139.69826109,35.653357548,44.675],[139.698404519,35.65353153,44.958],[139.698523614,35.653662978,45.174],[139.69866399,35.653805716,45.391],[139.698799532,35.653924326,45.494],[139.698932183,35.654026636,45.527],[139.699123807,35.654148123,45.38],[139.699320902,35.654246586,45.085],[139.699532491,35.654327719,44.575],[139.699734402,35.654386403,43.999],[139.699785574,35.654400738,43.844],[139.700008891,35.654453084,43.112],[139.700193486,35.65449371,42.491],[139.700615844,35.654576979,41.187],[139.70074599,35.654602913,40.811],[139.700811315,35.654615931,40.621],[139.701085987,35.654670665,39.826],[139.701409604,35.654739206,38.883],[139.701641816,35.654797087,38.107],[139.701890719,35.654867482,36.97],[139.702163828,35.654951818,35.388],[139.70266391,35.655113294,32.319],[139.703160977,35.655274376,29.264],[139.703674697,35.655436735,28.508],[139.704225202,35.655614756,29.734],[139.70466971,35.655756942,29.665],[139.704971158,35.655855778,29.639],[139.705411475,35.656006434,29.592],[139.705909766,35.656178815,29.558],[139.706358061,35.656331892,29.619],[139.706670137,35.656440049,29.67],[139.706877486,35.656504641,29.707],[139.707089266,35.656558505,29.705],[139.707311267,35.656602802,29.655],[139.707647936,35.656644647,29.579],[139.708025007,35.656684839,29.595],[139.708416854,35.65671342,29.511],[139.708775443,35.656740795,29.349],[139.709293135,35.656761461,28.874],[139.70932252,35.656762634,28.847]]}},{"type":"Feature","id":271,"properties":{"lane_id":271,"name":"Lane #253","role":2,"role_name":"Secondary","speed_limit":60.0,"priority_offset":0.0,"oneway":"yes","length_m":3441.5},"geometry":{"type":"LineString","coordinates":[[139.709356905,35.656762937,28.778],[139.70940107,35.656765088,28.683],[139.709867806,35.656787824,27.676],[139.710382651,35.656811146,26.564],[139.710847135,35.656832244,25.556],[139.711484977,35.656859093,24.183],[139.711981814,35.656878471,23.119],[139.712256584,35.656893385,22.522],[139.712962982,35.656940112,23.191],[139.713074047,35.656952692,23.579],[139.713340526,35.656976702,24.531],[139.713839678,35.657023157,26.317],[139.714285637,35.657064187,27.827],[139.714724173,35.657107589,28.144],[139.715317039,35.65716276,28.038],[139.715629033,35.657193196,28.085],[139.716167775,35.657245235,29.706],[139.716530136,35.657279308,31.039],[139.716882648,35.657312468,32.333],[139.717286137,35.657352023,33.602],[139.717938957,35.657411567,35.156],[139.718372328,35.65745311,36.185],[139.71903489,35.657517369,37.756],[139.719602337,35.657574057,39.098],[139.72004141,35.657612218,40.091],[139.720590518,35.657663748,40.138],[139.721144974,35.657718511,39.817],[139.72169388,35.657771677,39.503],[139.722243664,35.65782386,39.191],[139.722794088,35.657876079,38.878],[139.723131691,35.657906853,38.679],[139.723353446,35.657925969,38.555],[139.723647398,35.657948032,38.377],[139.724019364,35.657971314,38.059],[139.724467689,35.658001597,37.617],[139.725120813,35.658043118,36.983],[139.725692527,35.65808037,36.638],[139.726150136,35.658110355,36.441],[139.726656762,35.658145919,36.18],[139.726906107,35.658168921,35.936],[139.726916223,35.658170199,35.934],[139.726943708,35.658173672,35.927],[139.727115964,35.658195436,35.887],[139.727571659,35.658269788,35.855],[139.72820545,35.65838648,36.088],[139.728407639,35.658427255,36.132],[139.728628307,35.658479913,36.255],[139.728889773,35.658550699,36.531],[139.729254011,35.658663242,36.896],[139.72976383,35.658835097,37.293],[139.73017931,35.658974392,37.618],[139.730673331,35.659144303,38.05],[139.731293209,35.659355205,38.87],[139.73170912,35.659495096,39.435],[139.7321085,35.659638581,39.896],[139.732318816,35.659718244,40.107],[139.732514946,35.659802873,40.454],[139.732700192,35.659891994,40.83],[139.73307312,35.660078858,41.236],[139.733456317,35.660272258,41.108],[139.733785705,35.660438297,40.943],[139.734062585,35.660572386,40.81],[139.73436331,35.660712365,40.667],[139.734787608,35.660905195,40.465],[139.735488538,35.661223609,40.13],[139.735966072,35.661440265,39.859],[139.736437061,35.661660013,39.443],[139.736842406,35.661854334,39.083],[139.737209052,35.662033681,38.756],[139.737588534,35.662223761,38.29],[139.737967523,35.662420205,36.627],[139.738372811,35.662627593,34.52],[139.738824092,35.662859395,32.177],[139.739291917,35.663101311,30.027],[139.739759169,35.663342355,30.776],[139.740148009,35.663541791,31.719],[139.740536451,35.663743323,32.669],[139.740829915,35.663894711,32.874],[139.740979988,35.663971638,32.614],[139.741229513,35.664098016,32.008],[139.741400702,35.66419401,31.572],[139.741571325,35.664299772,31.123],[139.741752577,35.664418087,30.638],[139.742033503,35.664602452,29.661],[139.742504613,35.664912536,27.18],[139.742946177,35.665202245,24.849],[139.743271055,35.665422301,23.101],[139.743460858,35.665567605,22.161],[139.743603063,35.665691562,21.656],[139.743686789,35.665776599,21.43],[139.743887401,35.66598704,21.19],[139.74402958,35.666133287,21.185],[139.744161029,35.666275767,21.194],[139.744249929,35.666380836,21.208],[139.744293851,35.66640162,21.241],[139.744302049,35.6664055,21.247]]}},{"type":"Feature","id":272,"properties":{"lane_id":272,"name":"Lane #254","role":1,"role_name":"Parking","speed_limit":40.0,"priority_offset":0.0,"oneway":"yes","length_m":702.8},"geometry":{"type":"LineString","coordinates":[[139.701772364,35.654725849,37.716],[139.701724236,35.654709779,37.892],[139.701523083,35.654642611,38.627],[139.70119794,35.654547591,39.548],[139.700809944,35.654452167,40.512],[139.700300055,35.65433533,37.184],[139.700021067,35.654272285,35.091],[139.699731554,35.654205246,34.231],[139.699638408,35.654183905,34.226],[139.699619348,35.654179537,34.225],[139.6995992,35.654173824,34.224],[139.69947717,35.654139219,34.222],[139.699357153,35.654085614,34.228],[139.699188639,35.65403922,34.226],[139.699114416,35.654019197,34.229],[139.699023906,35.653984528,34.227],[139.699003584,35.653972642,34.227],[139.698950886,35.653941823,34.23],[139.698940799,35.653934089,34.23],[139.698887841,35.653893486,34.229],[139.698818381,35.653819296,34.227],[139.698728562,35.653703441,34.227],[139.698578497,35.653498808,34.226],[139.698298781,35.65313029,34.227],[139.698188285,35.653002223,34.226],[139.698185421,35.652998903,34.226],[139.698162389,35.652973964,34.226],[139.698074536,35.652878837,34.226],[139.697948202,35.652756565,34.231],[139.697767982,35.652603677,34.227],[139.697714156,35.65256231,34.228],[139.697629036,35.652502323,34.229],[139.697583344,35.652485396,34.227],[139.697527996,35.652484348,34.229],[139.697493018,35.652497064,34.227],[139.697456039,35.652534646,34.229],[139.697447516,35.652603532,34.227],[139.697456811,35.652653824,34.225],[139.697458952,35.652665409,34.225],[139.697466253,35.652676254,34.226],[139.697499074,35.652725003,34.229],[139.697515929,35.652750038,34.23],[139.697525643,35.652758752,34.23],[139.697617928,35.652841532,34.224],[139.69772515,35.652939039,34.229],[139.697846575,35.653058013,34.229],[139.697964979,35.653194229,34.229],[139.698089015,35.653352688,34.229],[139.698230637,35.653529701,34.229],[139.698356831,35.653686137,34.229],[139.698527401,35.653904206,34.229],[139.698636816,35.654021328,34.229],[139.698644537,35.654029592,34.229],[139.69865129,35.654034838,34.229],[139.698724304,35.65409156,34.229],[139.698737393,35.654101729,34.229]]}},{"type":"Feature","id":273,"properties":{"lane_id":273,"name":"Lane #255","role":1,"role_name":"Parking","speed_limit":40.0,"priority_offset":0.0,"oneway":"yes","length_m":35.3},"geometry":{"type":"LineString","coordinates":[[139.699617098,35.654179906,34.225],[139.699604354,35.654180787,34.225],[139.699488709,35.654188779,34.229],[139.699415241,35.654199504,34.229],[139.699344184,35.654222256,34.229],[139.699307,35.654258745,34.229],[139.699294556,35.654284466,34.229],[139.699288049,35.654297915,34.229]]}},{"type":"Feature","id":274,"properties":{"lane_id":274,"name":"Lane #256","role":1,"role_name":"Parking","speed_limit":40.0,"priority_offset":0.0,"oneway":"yes","length_m":485.0},"geometry":{"type":"LineString","coordinates":[[139.698176973,35.652991095,34.225],[139.698163568,35.652983668,34.224],[139.698111742,35.652954953,34.223],[139.69805175,35.652902743,34.224],[139.697936388,35.652790125,34.229],[139.697745676,35.652628104,34.225],[139.697692405,35.65258897,34.227],[139.697613203,35.652532935,34.229],[139.697564005,35.652514061,34.228],[139.697512552,35.652525605,34.224],[139.697490569,35.652554204,34.225],[139.69748914,35.652599506,34.228],[139.697507697,35.652645303,34.228],[139.697556787,35.652700995,34.228],[139.69762643,35.652753999,34.233],[139.697713864,35.652824969,33.642],[139.697827764,35.652931578,34.229],[139.698017905,35.653141549,34.247],[139.69829166,35.65348961,36.272],[139.69852096,35.653758261,38.348],[139.698687111,35.653928045,39.7],[139.698837877,35.654050958,40.748],[139.6989748,35.654141798,41.617],[139.699129887,35.654228445,42.554],[139.699280793,35.654301042,43.45],[139.699587186,35.654407458,44.598],[139.699622748,35.654417522,44.493],[139.699676403,35.654432708,44.336],[139.699808782,35.654470173,43.947],[139.700156949,35.654539551,42.585],[139.700500979,35.654596603,41.41],[139.700695883,35.654625789,40.875],[139.700750773,35.654620231,40.758],[139.700785502,35.654616714,40.684]]}},{"type":"Feature","id":275,"properties":{"lane_id":275,"name":"Lane #257","role":2,"role_name":"Secondary","speed_limit":60.0,"priority_offset":0.0,"oneway":"yes","length_m":288.7},"geometry":{"type":"LineString","coordinates":[[139.697461795,35.652665857,34.225],[139.697469951,35.652672287,34.225],[139.69760777,35.65278094,34.231],[139.697702622,35.65285748,34.228],[139.697806467,35.652952694,34.228],[139.69788137,35.653032204,34.226],[139.698036791,35.653217366,34.383],[139.698260874,35.653499729,36.241],[139.698428584,35.65371685,37.857],[139.698571533,35.653889161,39.135],[139.698703807,35.654020732,40.154],[139.698865879,35.654143377,41.202],[139.698938711,35.654187428,41.644],[139.699071982,35.654264338,42.438],[139.699210082,35.654326504,43.257],[139.699403011,35.654397093,44.443],[139.699588955,35.654435582,44.71],[139.699628465,35.654431127,44.556],[139.699654844,35.654428152,44.454]]}},{"type":"Feature","id":276,"properties":{"lane_id":276,"name":"Lane #258","role":1,"role_name":"Parking","speed_limit":40.0,"priority_offset":0.0,"oneway":"yes","length_m":19.7},"geometry":{"type":"LineString","coordinates":[[139.698739491,35.654097939,34.229],[139.698746487,35.654099231,34.229],[139.69877393,35.6541043,34.229],[139.698815354,35.65410219,34.229],[139.698873836,35.654085623,34.229],[139.698925825,35.654042473,34.229],[139.69892892,35.654039904,34.229]]}},{"type":"Feature","id":277,"properties":{"lane_id":277,"name":"Lane #259","role":1,"role_name":"Parking","speed_limit":40.0,"priority_offset":0.0,"oneway":"yes","length_m":429.8},"geometry":{"type":"LineString","coordinates":[[139.698645179,35.654030746,34.229],[139.698648365,35.65403799,34.229],[139.69869572,35.654145653,34.229],[139.698755195,35.65420768,34.229],[139.698961945,35.654341725,34.229],[139.699136619,35.654457703,34.229],[139.699245551,35.654508369,34.229],[139.699356743,35.654607599,34.229],[139.699463187,35.654747702,34.249],[139.699669128,35.655074019,34.162],[139.699799217,35.65528446,34.012],[139.699983947,35.655579008,33.549],[139.700101013,35.655755315,32.866],[139.700175182,35.655859827,32.212],[139.700259143,35.655974046,31.532],[139.700469561,35.656224954,30.064],[139.700751392,35.656563365,28.041],[139.700963418,35.656814585,26.552],[139.70107646,35.656945538,25.812],[139.701145187,35.657014815,25.409],[139.701229848,35.657093391,24.881],[139.701313326,35.657156972,24.341],[139.701322704,35.657164115,24.281]]}},{"type":"Feature","id":278,"properties":{"lane_id":278,"name":"Lane #260","role":1,"role_name":"Parking","speed_limit":40.0,"priority_offset":0.0,"oneway":"yes","length_m":239.7},"geometry":{"type":"LineString","coordinates":[[139.698732392,35.65410287,34.229],[139.698738988,35.654110953,34.229],[139.698827864,35.654219874,34.229],[139.698971542,35.654307556,34.229],[139.699158429,35.654431451,34.229],[139.699307906,35.654527387,34.229],[139.699430831,35.654630483,34.233],[139.69947259,35.654694812,34.243],[139.699704349,35.655070076,34.158],[139.699855962,35.655314818,33.968],[139.700025258,35.6555816,33.509],[139.700128099,35.655736173,32.899],[139.700203584,35.655846326,32.212],[139.700205904,35.655849712,32.191]]}},{"type":"Feature","id":279,"properties":{"lane_id":279,"name":"Lane #261","role":1,"role_name":"Parking","speed_limit":40.0,"priority_offset":0.0,"oneway":"yes","length_m":44.6},"geometry":{"type":"LineString","coordinates":[[139.69874139,35.654103106,34.229],[139.698743273,35.654104256,34.229],[139.698805709,35.654142386,34.229],[139.698898737,35.654185709,34.229],[139.698967528,35.654213772,34.229],[139.699078628,35.654252635,34.229],[139.699153395,35.654276515,34.229],[139.699177974,35.654284365,34.229]]}},{"type":"Feature","id":280,"properties":{"lane_id":280,"name":"Lane #266","role":1,"role_name":"Parking","speed_limit":40.0,"priority_offset":0.0,"oneway":"yes","length_m":178.1},"geometry":{"type":"LineString","coordinates":[[139.69958471,35.654390434,34.229],[139.699605122,35.654394819,34.229],[139.699720009,35.654419494,34.229],[139.69974778,35.654426319,34.229],[139.699842654,35.654449636,34.229],[139.699873597,35.654456595,34.229],[139.700122322,35.654512531,34.229],[139.700396849,35.654572728,34.206],[139.700617295,35.654623763,33.725],[139.701005296,35.654715156,32.445],[139.701226168,35.654766607,32.068],[139.70125754,35.654773915,32.014],[139.701472296,35.654823943,31.647],[139.701478309,35.654825343,31.637]]}},{"type":"Feature","id":281,"properties":{"lane_id":281,"name":"Lane #267","role":1,"role_name":"Parking","speed_limit":40.0,"priority_offset":0.0,"oneway":"yes","length_m":145.3},"geometry":{"type":"LineString","coordinates":[[139.701418279,35.654910815,31.681],[139.701410403,35.654921114,31.709],[139.701333185,35.655022099,31.985],[139.701161833,35.655183126,32.812],[139.70107796,35.655261945,33.217],[139.701069821,35.655269815,33.226],[139.700835736,35.655496147,33.487],[139.70078597,35.655543807,33.251],[139.700697353,35.655628674,32.832],[139.700529786,35.655789151,32.038],[139.700438575,35.655872937,31.67],[139.700401061,35.655896917,31.58],[139.700385752,35.655906703,31.543]]}},{"type":"Feature","id":282,"properties":{"lane_id":282,"name":"Lane #268","role":1,"role_name":"Parking","speed_limit":40.0,"priority_offset":0.0,"oneway":"yes","length_m":208.4},"geometry":{"type":"LineString","coordinates":[[139.700508483,35.656053876,30.657],[139.700533709,35.656056773,30.751],[139.700726998,35.65607897,31.469],[139.701022709,35.656126504,34.105],[139.701187323,35.656158765,35.687],[139.701336341,35.656227963,36.722],[139.701395924,35.656279287,36.72],[139.701426295,35.656365254,37.135],[139.701663217,35.656575085,27.516],[139.701614326,35.65662672,27.516],[139.701560694,35.656686049,27.516],[139.701562895,35.656704783,27.515],[139.701639152,35.656766209,27.525],[139.701730702,35.656829757,27.531],[139.701753575,35.65687523,27.533],[139.701700568,35.656953946,27.401],[139.701506869,35.657134778,23.839],[139.701503954,35.657137499,23.785]]}},{"type":"Feature","id":285,"properties":{"lane_id":285,"name":"Lane #272","role":1,"role_name":"Parking","speed_limit":40.0,"priority_offset":0.0,"oneway":"yes","length_m":183.5},"geometry":{"type":"LineString","coordinates":[[139.700307397,35.655882464,31.82],[139.700262516,35.655821239,32.203],[139.700222875,35.655767162,32.541],[139.700022615,35.655461052,33.722],[139.699900699,35.655269064,33.991],[139.699889367,35.655250505,34.003],[139.699846739,35.655180688,34.048],[139.699674242,35.654898169,34.231],[139.699487851,35.65460924,34.233],[139.699453526,35.654553293,34.229],[139.699443362,35.654500043,34.229],[139.699466408,35.654447382,34.229],[139.69949414,35.654428721,34.229],[139.699503263,35.654422582,34.229]]}},{"type":"Feature","id":286,"properties":{"lane_id":286,"name":"Lane #273","role":1,"role_name":"Parking","speed_limit":40.0,"priority_offset":0.0,"oneway":"yes","length_m":192.8},"geometry":{"type":"LineString","coordinates":[[139.700275407,35.655895417,31.833],[139.700231763,35.65583433,32.209],[139.700199701,35.655789453,32.486],[139.699997741,35.655484264,33.703],[139.699839573,35.655226544,34.042],[139.699616963,35.654865544,34.267],[139.699457194,35.654617561,34.233],[139.699317163,35.654415945,34.229],[139.699289494,35.654376903,34.229],[139.699280588,35.654364336,34.229]]}},{"type":"Feature","id":287,"properties":{"lane_id":287,"name":"Lane #274","role":1,"role_name":"Parking","speed_limit":40.0,"priority_offset":0.0,"oneway":"yes","length_m":32.3},"geometry":{"type":"LineString","coordinates":[[139.699206376,35.654276895,34.229],[139.69919006,35.654255302,34.229],[139.699029417,35.654042693,34.229],[139.699019558,35.654029645,34.229]]}},{"type":"Feature","id":288,"properties":{"lane_id":288,"name":"Lane #275","role":1,"role_name":"Parking","speed_limit":40.0,"priority_offset":0.0,"oneway":"yes","length_m":202.2},"geometry":{"type":"LineString","coordinates":[[139.70146281,35.654666441,31.702],[139.701449944,35.654662888,31.719],[139.701372948,35.654641624,31.818],[139.701115128,35.654578953,32.246],[139.700822821,35.654509715,33.196],[139.700599062,35.65445954,33.929],[139.700241664,35.65437735,34.229],[139.699955048,35.654312394,34.229],[139.699693085,35.654252003,34.229],[139.699590773,35.654237805,34.229],[139.699527911,35.654234835,34.229],[139.699441679,35.65424095,34.229],[139.699399386,35.654251727,34.229],[139.699371027,35.654272071,34.229],[139.699349063,35.654299678,34.229],[139.69934043,35.65431053,34.229]]}},{"type":"Feature","id":289,"properties":{"lane_id":289,"name":"Lane #276","role":1,"role_name":"Parking","speed_limit":40.0,"priority_offset":0.0,"oneway":"yes","length_m":352.8},"geometry":{"type":"LineString","coordinates":[[139.701472483,35.654641821,31.7],[139.701460838,35.654638287,31.718],[139.701148801,35.654543577,32.187],[139.701067748,35.654525664,32.43],[139.700935949,35.654495354,32.411],[139.700702081,35.65443871,31.932],[139.700398132,35.654367714,29.562],[139.700230611,35.654334158,27.186],[139.699707435,35.654217159,21.912],[139.699653533,35.654311815,24.561],[139.700137685,35.654430319,26.275],[139.700347246,35.654480634,29.279],[139.700604742,35.654537893,31.543],[139.700819886,35.654583352,32.265],[139.700977034,35.654618157,32.458],[139.701035133,35.654631268,32.432],[139.701486283,35.65475995,31.653],[139.701498101,35.654763321,31.633]]}},{"type":"Feature","id":290,"properties":{"lane_id":290,"name":"Lane #277","role":1,"role_name":"Parking","speed_limit":40.0,"priority_offset":0.0,"oneway":"yes","length_m":359.2},"geometry":{"type":"LineString","coordinates":[[139.70148154,35.654605038,31.705],[139.701476248,35.654603491,31.711],[139.701314375,35.654556166,31.912],[139.701126257,35.654511768,32.271],[139.7010744,35.654499719,32.434],[139.70094833,35.654473142,32.377],[139.700744331,35.654426806,31.968],[139.700500116,35.654373034,30.549],[139.700298442,35.654331307,28.056],[139.699740811,35.654193911,22.828],[139.699624305,35.654335812,24.429],[139.700208035,35.65447248,27.348],[139.70051939,35.654541117,31.049],[139.700759781,35.654598283,32.172],[139.700804005,35.654608442,32.248],[139.700936861,35.654635544,32.457],[139.701026378,35.654654353,32.437],[139.701171523,35.654696273,32.044],[139.70137072,35.654767137,31.771],[139.701478307,35.654796439,31.643],[139.70148257,35.6547976,31.638]]}},{"type":"Feature","id":291,"properties":{"lane_id":291,"name":"Lane #278","role":1,"role_name":"Parking","speed_limit":40.0,"priority_offset":0.0,"oneway":"yes","length_m":12.1},"geometry":{"type":"LineString","coordinates":[[139.701517252,35.654766988,31.617],[139.701521692,35.654756871,31.617],[139.701557939,35.654674287,31.612],[139.70156228,35.654664397,31.611]]}},{"type":"Feature","id":292,"properties":{"lane_id":292,"name":"Lane #279","role":1,"role_name":"Parking","speed_limit":40.0,"priority_offset":0.0,"oneway":"yes","length_m":10.8},"geometry":{"type":"LineString","coordinates":[[139.701590574,35.654676714,31.592],[139.701588066,35.654683532,31.592],[139.701558193,35.654764745,31.594],[139.70155654,35.654769238,31.594]]}},{"type":"Feature","id":293,"properties":{"lane_id":293,"name":"Lane #281","role":1,"role_name":"Parking","speed_limit":40.0,"priority_offset":0.0,"oneway":"yes","length_m":10.7},"geometry":{"type":"LineString","coordinates":[[139.701624214,35.654686583,31.575],[139.701621443,35.654693774,31.575],[139.701591338,35.654771895,31.58],[139.701589015,35.654777923,31.58]]}},{"type":"Feature","id":294,"properties":{"lane_id":294,"name":"Lane #282","role":1,"role_name":"Parking","speed_limit":40.0,"priority_offset":0.0,"oneway":"yes","length_m":17.8},"geometry":{"type":"LineString","coordinates":[[139.701244149,35.654774274,31.913],[139.701248305,35.654779759,31.906],[139.70126707,35.654804526,31.877],[139.701293741,35.654816615,31.842],[139.701408946,35.654844056,31.701],[139.70141071,35.654844476,31.699]]}},{"type":"Feature","id":295,"properties":{"lane_id":295,"name":"Lane #283","role":1,"role_name":"Parking","speed_limit":40.0,"priority_offset":0.0,"oneway":"yes","length_m":96.6},"geometry":{"type":"LineString","coordinates":[[139.701582709,35.654924645,31.575],[139.701610602,35.654932494,31.916],[139.701640705,35.654940966,32.283],[139.701729585,35.654965669,32.601],[139.701891383,35.655011791,32.591],[139.702254482,35.655129716,32.594],[139.702468855,35.655200989,32.521],[139.702569268,35.655232286,31.562],[139.702579383,35.655235439,31.466]]}},{"type":"Feature","id":296,"properties":{"lane_id":296,"name":"Lane #284","role":1,"role_name":"Parking","speed_limit":40.0,"priority_offset":0.0,"oneway":"yes","length_m":190.0},"geometry":{"type":"LineString","coordinates":[[139.702586812,35.655237681,31.464],[139.702597649,35.655236755,31.459],[139.702695031,35.655228443,31.406],[139.703063773,35.655349162,29.255],[139.7034736,35.655481374,26.18],[139.704200743,35.655716369,20.904],[139.704222154,35.655723208,20.75],[139.704528603,35.655821097,18.546],[139.704544994,35.655826333,18.428]]}},{"type":"Feature","id":297,"properties":{"lane_id":297,"name":"Lane #285","role":1,"role_name":"Parking","speed_limit":40.0,"priority_offset":0.0,"oneway":"yes","length_m":312.4},"geometry":{"type":"LineString","coordinates":[[139.701624392,35.654867904,31.542],[139.701639415,35.654872069,31.536],[139.70185142,35.654930855,31.457],[139.702112704,35.655015243,31.451],[139.70241053,35.655108785,31.459],[139.702739191,35.6552136,31.336],[139.70329085,35.655391815,27.632],[139.703852726,35.65557117,23.55],[139.704201013,35.65568552,20.986],[139.704556279,35.655800863,18.462],[139.704595659,35.655813648,18.182],[139.70460645,35.65581749,18.12],[139.704808047,35.655889262,16.959],[139.704834466,35.655898667,16.807]]}},{"type":"Feature","id":298,"properties":{"lane_id":298,"name":"Lane #286","role":1,"role_name":"Parking","speed_limit":40.0,"priority_offset":0.0,"oneway":"yes","length_m":312.7},"geometry":{"type":"LineString","coordinates":[[139.701633083,35.654838248,31.546],[139.701652668,35.654844275,31.539],[139.701848944,35.654904678,31.464],[139.702108534,35.654986561,31.454],[139.702583861,35.655139774,31.462],[139.703424682,35.655409184,26.701],[139.703830409,35.655539214,23.796],[139.703835,35.655540685,23.763],[139.70386779,35.655551489,23.521],[139.70419852,35.655660461,21.073],[139.70441463,35.655728993,19.523],[139.704625334,35.655803252,18.051],[139.704817676,35.655868364,16.978],[139.704842537,35.65587678,16.839]]}},{"type":"Feature","id":299,"properties":{"lane_id":299,"name":"Lane #287","role":1,"role_name":"Parking","speed_limit":40.0,"priority_offset":0.0,"oneway":"yes","length_m":147.2},"geometry":{"type":"LineString","coordinates":[[139.700438456,35.655948724,31.308],[139.700442918,35.655944217,31.333],[139.700567499,35.655818376,32.031],[139.700758046,35.655634136,32.933],[139.700788207,35.655604973,33.076],[139.700891337,35.655505257,33.564],[139.70112383,35.655279398,33.174],[139.70119205,35.655215523,32.848],[139.701218109,35.655191124,32.723],[139.701402295,35.655018669,31.841],[139.701477453,35.654949432,31.657],[139.701488391,35.654939356,31.63]]}},{"type":"Feature","id":300,"properties":{"lane_id":300,"name":"Lane #288","role":1,"role_name":"Parking","speed_limit":40.0,"priority_offset":0.0,"oneway":"yes","length_m":179.8},"geometry":{"type":"LineString","coordinates":[[139.702771946,35.654906599,31.453],[139.702778421,35.654892249,31.453],[139.702838487,35.654759137,31.453],[139.703096059,35.65422787,31.453],[139.703103342,35.654192815,31.453],[139.703005086,35.654171783,31.588],[139.703042368,35.654234555,31.454],[139.702956541,35.654430236,31.453],[139.702730981,35.654876574,31.454],[139.702726767,35.654884914,31.454]]}},{"type":"Feature","id":301,"properties":{"lane_id":301,"name":"Lane #289","role":1,"role_name":"Parking","speed_limit":40.0,"priority_offset":0.0,"oneway":"yes","length_m":493.1},"geometry":{"type":"LineString","coordinates":[[139.701499169,35.654564109,31.704],[139.701494311,35.654562701,31.71],[139.701257732,35.654494104,32.01],[139.701113424,35.654457303,32.36],[139.700704546,35.654365051,33.7],[139.700434847,35.654303696,34.221],[139.700005843,35.654205776,34.229],[139.699919819,35.654185526,34.229],[139.699866684,35.654173018,34.228],[139.699693822,35.654132326,34.227],[139.699642233,35.654120182,34.227],[139.699458661,35.654076969,34.226],[139.69919413,35.654011705,34.228],[139.699046283,35.653961364,34.225],[139.698950417,35.653906136,34.229],[139.698897327,35.65385823,34.224],[139.698873405,35.653836644,34.222],[139.698869909,35.653831997,34.223],[139.698819848,35.653765455,34.227],[139.698616788,35.65349565,34.228],[139.698344052,35.653138422,34.229],[139.698214114,35.652977809,34.226],[139.698132981,35.65289043,34.224],[139.697978228,35.652744134,34.229],[139.697781922,35.652575438,34.227],[139.697726822,35.652533045,34.228],[139.69766178,35.652489805,34.228],[139.697608024,35.65246282,34.224],[139.697561696,35.652453135,34.226],[139.697517536,35.652459443,34.23],[139.697449771,35.652494546,34.23],[139.697421735,35.652533426,34.231],[139.69740724,35.652590202,34.231],[139.697402854,35.652641079,34.225],[139.697413935,35.652681696,34.223],[139.697488055,35.652731324,34.229],[139.697499832,35.652739209,34.23]]}},{"type":"Feature","id":302,"properties":{"lane_id":302,"name":"Lane #290","role":1,"role_name":"Parking","speed_limit":40.0,"priority_offset":0.0,"oneway":"yes","length_m":277.2},"geometry":{"type":"LineString","coordinates":[[139.704507114,35.655573951,19.401],[139.704501812,35.655571902,19.439],[139.704298567,35.655493375,20.909],[139.704122301,35.65543126,22.3],[139.703755409,35.655310962,24.978],[139.703433254,35.655207766,27.281],[139.703050751,35.65508638,30.174],[139.702687425,35.654970148,31.454],[139.702123455,35.654788183,31.446],[139.701682464,35.654648656,31.556],[139.701666588,35.654643633,31.56]]}},{"type":"Feature","id":303,"properties":{"lane_id":303,"name":"Lane #291","role":1,"role_name":"Parking","speed_limit":40.0,"priority_offset":0.0,"oneway":"yes","length_m":97.7},"geometry":{"type":"LineString","coordinates":[[139.702685742,35.654938974,31.454],[139.702679345,35.654936864,31.454],[139.702492262,35.654875128,31.454],[139.702148507,35.654763418,31.446],[139.701687643,35.654621395,31.556],[139.701680878,35.654619311,31.558]]}},{"type":"Feature","id":304,"properties":{"lane_id":304,"name":"Lane #285","role":1,"role_name":"Parking","speed_limit":40.0,"priority_offset":0.0,"oneway":"yes","length_m":132.4},"geometry":{"type":"LineString","coordinates":[[139.700478424,35.656190206,30.186],[139.700523663,35.656244,29.863],[139.700717008,35.656473907,28.482],[139.700990925,35.656796886,26.56],[139.701099711,35.656922733,25.844],[139.701167844,35.656994265,25.429],[139.701266892,35.657086434,24.791],[139.701334823,35.657138837,24.34],[139.701344433,35.65714625,24.276]]}},{"type":"Feature","id":305,"properties":{"lane_id":305,"name":"Lane #286","role":1,"role_name":"Parking","speed_limit":40.0,"priority_offset":0.0,"oneway":"yes","length_m":81.5},"geometry":{"type":"LineString","coordinates":[[139.701503129,35.65730259,22.983],[139.701508793,35.65730678,22.939],[139.701654747,35.657414752,21.808],[139.701737634,35.657468756,21.235],[139.701827663,35.657519106,20.733],[139.701912318,35.657558877,20.403],[139.701943343,35.657573452,20.282],[139.701945915,35.65757439,20.277],[139.702094001,35.657628399,19.963],[139.702257009,35.657677142,19.852],[139.702264435,35.657679363,19.847]]}},{"type":"Feature","id":306,"properties":{"lane_id":306,"name":"Lane #287","role":1,"role_name":"Parking","speed_limit":40.0,"priority_offset":0.0,"oneway":"yes","length_m":80.6},"geometry":{"type":"LineString","coordinates":[[139.701525446,35.657282062,22.99],[139.70153148,35.657286519,22.943],[139.7016837,35.657398944,21.754],[139.701773599,35.657454535,21.142],[139.70188663,35.657515391,20.548],[139.702017037,35.657570754,20.126],[139.702269107,35.65764967,19.861],[139.702279621,35.657652962,19.85]]}},{"type":"Feature","id":307,"properties":{"lane_id":307,"name":"Lane #288","role":1,"role_name":"Parking","speed_limit":40.0,"priority_offset":0.0,"oneway":"yes","length_m":159.2},"geometry":{"type":"LineString","coordinates":[[139.701452642,35.657298866,23.203],[139.701451054,35.657300173,23.218],[139.701358254,35.657376525,24.102],[139.701176664,35.657564978,27.137],[139.701135374,35.657607081,27.398],[139.701401286,35.657766519,24.836],[139.70180903,35.657918609,20.083],[139.70191637,35.657875246,19.53],[139.70190283,35.657790354,20.09],[139.701893875,35.65767381,20.651],[139.701907464,35.6576132,20.405],[139.701912456,35.657601298,20.374],[139.70192033,35.657582527,20.324]]}},{"type":"Feature","id":308,"properties":{"lane_id":308,"name":"Lane #289","role":1,"role_name":"Parking","speed_limit":40.0,"priority_offset":0.0,"oneway":"yes","length_m":232.6},"geometry":{"type":"LineString","coordinates":[[139.702402535,35.657622126,19.685],[139.702405425,35.657617377,19.687],[139.70259055,35.657313126,19.831],[139.702738678,35.657064463,19.858],[139.702854725,35.656982505,19.617],[139.703436378,35.657274338,17.337],[139.703652705,35.657342934,16.984],[139.703678948,35.657351256,16.942],[139.703670525,35.657365986,16.938],[139.703646133,35.657408646,16.928],[139.703451272,35.657671639,16.717],[139.703333088,35.65783677,16.54],[139.703324166,35.657849235,16.527]]}},{"type":"Feature","id":309,"properties":{"lane_id":309,"name":"Lane #290","role":1,"role_name":"Parking","speed_limit":40.0,"priority_offset":0.0,"oneway":"yes","length_m":209.1},"geometry":{"type":"LineString","coordinates":[[139.703542752,35.658114211,16.027],[139.703491183,35.658134498,16.019],[139.703391398,35.658173754,16.004],[139.70253743,35.658496664,16.573],[139.702549541,35.658525017,16.572],[139.702673911,35.658475917,16.492],[139.703525091,35.658152302,16.042],[139.703602437,35.658122895,16.001]]}},{"type":"Feature","id":310,"properties":{"lane_id":310,"name":"Lane #291","role":1,"role_name":"Parking","speed_limit":40.0,"priority_offset":0.0,"oneway":"yes","length_m":88.1},"geometry":{"type":"LineString","coordinates":[[139.702448264,35.657699996,19.429],[139.702475621,35.657707295,19.312],[139.702847011,35.657806381,17.733],[139.702976769,35.657841762,17.399],[139.703007716,35.6578502,17.32],[139.703362119,35.657946835,16.41],[139.703371622,35.657949427,16.385]]}},{"type":"Feature","id":311,"properties":{"lane_id":311,"name":"Lane #292","role":1,"role_name":"Parking","speed_limit":40.0,"priority_offset":0.0,"oneway":"yes","length_m":53.0},"geometry":{"type":"LineString","coordinates":[[139.70244322,35.657729797,19.403],[139.702464362,35.657735413,19.317],[139.702953471,35.657865337,17.325],[139.702980866,35.657855416,17.26],[139.7029981,35.657849174,17.219]]}},{"type":"Feature","id":312,"properties":{"lane_id":312,"name":"Lane #293","role":1,"role_name":"Parking","speed_limit":40.0,"priority_offset":0.0,"oneway":"yes","length_m":88.8},"geometry":{"type":"LineString","coordinates":[[139.703410209,35.657931921,16.34],[139.70337122,35.657921332,16.466],[139.703318982,35.657907146,16.635],[139.703273823,35.657894881,16.78],[139.702486162,35.657680968,19.322],[139.702479752,35.657679227,19.343]]}},{"type":"Feature","id":313,"properties":{"lane_id":313,"name":"Lane #294","role":1,"role_name":"Parking","speed_limit":40.0,"priority_offset":0.0,"oneway":"yes","length_m":78.3},"geometry":{"type":"LineString","coordinates":[[139.702301954,35.657603432,19.846],[139.702290959,35.657600047,19.854],[139.702125262,35.657549033,19.974],[139.702011362,35.6575085,20.216],[139.701868645,35.657444184,20.799],[139.701784836,35.657394733,21.326],[139.701637053,35.657292923,22.469],[139.701575862,35.657246882,22.95],[139.701570134,35.657242572,22.995]]}},{"type":"Feature","id":314,"properties":{"lane_id":314,"name":"Lane #295","role":1,"role_name":"Parking","speed_limit":40.0,"priority_offset":0.0,"oneway":"yes","length_m":80.0},"geometry":{"type":"LineString","coordinates":[[139.702294267,35.657631671,19.845],[139.702279094,35.657626991,19.855],[139.702118832,35.657577562,19.964],[139.702000784,35.657534436,20.204],[139.701861141,35.657471181,20.747],[139.701745461,35.657404238,21.461],[139.701555642,35.657264941,22.946],[139.701548561,35.657259745,23.001]]}},{"type":"Feature","id":315,"properties":{"lane_id":315,"name":"Lane #296","role":1,"role_name":"Parking","speed_limit":40.0,"priority_offset":0.0,"oneway":"yes","length_m":124.8},"geometry":{"type":"LineString","coordinates":[[139.701366184,35.657121252,24.301],[139.701360789,35.657116931,24.338],[139.701268187,35.657042746,24.962],[139.701191191,35.65697336,25.449],[139.701049758,35.656814857,26.358],[139.700761162,35.656475481,28.376],[139.700553111,35.656226524,29.867],[139.700548882,35.656221463,29.898]]}},{"type":"Feature","id":316,"properties":{"lane_id":316,"name":"Lane #297","role":1,"role_name":"Parking","speed_limit":40.0,"priority_offset":0.0,"oneway":"yes","length_m":123.8},"geometry":{"type":"LineString","coordinates":[[139.701385081,35.657100457,24.32],[139.701382635,35.657098501,24.336],[139.701297166,35.65703018,24.921],[139.701217511,35.656961701,25.426],[139.701082842,35.656809225,26.307],[139.700896354,35.656587876,27.613],[139.700577567,35.65621201,29.871],[139.700574371,35.656208243,29.894]]}},{"type":"Feature","id":317,"properties":{"lane_id":317,"name":"Lane #298","role":1,"role_name":"Parking","speed_limit":40.0,"priority_offset":0.0,"oneway":"yes","length_m":56.6},"geometry":{"type":"LineString","coordinates":[[139.703753257,35.658056092,15.956],[139.703777988,35.658061566,15.957],[139.703836268,35.658074466,15.961],[139.70393981,35.65808577,15.983],[139.704042203,35.658090454,16.018],[139.704180055,35.658086156,16.075],[139.704353195,35.658065629,16.131],[139.704372067,35.658063391,16.137]]}},{"type":"Feature","id":318,"properties":{"lane_id":318,"name":"Lane #299","role":1,"role_name":"Parking","speed_limit":40.0,"priority_offset":0.0,"oneway":"yes","length_m":58.1},"geometry":{"type":"LineString","coordinates":[[139.703740429,35.658080116,15.957],[139.703760185,35.658084504,15.958],[139.703840459,35.658102333,15.962],[139.703933396,35.658111811,15.983],[139.704027951,35.658116623,16.013],[139.704169789,35.658112132,16.07],[139.704359625,35.658090635,16.131],[139.704375865,35.658088796,16.136]]}},{"type":"Feature","id":319,"properties":{"lane_id":319,"name":"Lane #300","role":1,"role_name":"Parking","speed_limit":40.0,"priority_offset":0.0,"oneway":"yes","length_m":54.3},"geometry":{"type":"LineString","coordinates":[[139.704377214,35.658035051,16.138],[139.704346389,35.658039164,16.13],[139.704261431,35.6580505,16.109],[139.704135987,35.658060509,16.058],[139.704011207,35.658061268,16.006],[139.70386419,35.658049162,15.964],[139.703791529,35.658035745,15.957],[139.703782333,35.658034047,15.956]]}},{"type":"Feature","id":320,"properties":{"lane_id":320,"name":"Lane #301","role":1,"role_name":"Parking","speed_limit":40.0,"priority_offset":0.0,"oneway":"yes","length_m":53.2},"geometry":{"type":"LineString","coordinates":[[139.704371522,35.658007826,16.138],[139.70433943,35.658012099,16.13],[139.704246407,35.658024485,16.105],[139.704114236,35.658033297,16.049],[139.704003018,35.65803381,16.003],[139.703879197,35.658023879,15.966],[139.703799203,35.658008952,15.957],[139.703788699,35.658006992,15.956]]}},{"type":"Feature","id":321,"properties":{"lane_id":321,"name":"Lane #302","role":1,"role_name":"Parking","speed_limit":40.0,"priority_offset":0.0,"oneway":"yes","length_m":52.0},"geometry":{"type":"LineString","coordinates":[[139.70436554,35.657981047,16.138],[139.704332594,35.657985518,16.129],[139.704243845,35.657997562,16.106],[139.704128073,35.658008212,16.056],[139.70399765,35.658007054,16.0],[139.703884036,35.657998943,15.966],[139.703805897,35.657985578,15.957],[139.70379582,35.657983855,15.956]]}},{"type":"Feature","id":322,"properties":{"lane_id":322,"name":"Lane #303","role":1,"role_name":"Parking","speed_limit":40.0,"priority_offset":0.0,"oneway":"yes","length_m":405.5},"geometry":{"type":"LineString","coordinates":[[139.704843241,35.658244317,16.154],[139.70484835,35.658262934,16.154],[139.704896762,35.658439324,16.154],[139.704903751,35.658464789,16.154],[139.704959549,35.658668093,16.154],[139.70499009,35.658806862,16.156],[139.705017621,35.659121732,16.714],[139.705011725,35.659988641,16.714],[139.70500663,35.660794814,16.714],[139.705010916,35.661107868,16.714],[139.705011436,35.661282911,16.714],[139.705028618,35.661396178,16.714],[139.705089338,35.661532315,16.714],[139.705173932,35.661650732,16.714],[139.705307354,35.661779294,16.714],[139.705328361,35.661799537,16.714]]}},{"type":"Feature","id":323,"properties":{"lane_id":323,"name":"Lane #305","role":1,"role_name":"Parking","speed_limit":40.0,"priority_offset":0.0,"oneway":"yes","length_m":405.2},"geometry":{"type":"LineString","coordinates":[[139.705353462,35.661786891,16.714],[139.705331581,35.661763654,16.714],[139.705262931,35.661690748,16.714],[139.705155176,35.661569669,16.714],[139.705112044,35.661491422,16.714],[139.705063544,35.661370514,16.714],[139.705043876,35.661212138,16.714],[139.705043196,35.660366568,16.714],[139.705049856,35.659825081,16.714],[139.705058172,35.659347151,16.714],[139.705051196,35.659152351,16.535],[139.705050081,35.659121235,16.507],[139.705042271,35.658903141,16.306],[139.705008353,35.658715526,16.154],[139.704901677,35.658328068,16.154],[139.704881073,35.658256745,16.153],[139.704873078,35.658229065,16.153]]}},{"type":"Feature","id":324,"properties":{"lane_id":324,"name":"Lane #306","role":1,"role_name":"Parking","speed_limit":40.0,"priority_offset":0.0,"oneway":"yes","length_m":103.4},"geometry":{"type":"LineString","coordinates":[[139.705051542,35.659132943,16.714],[139.705059157,35.659126059,16.714],[139.705092057,35.659096322,16.714],[139.705072081,35.658865489,16.229],[139.705040523,35.658700218,16.154],[139.704915563,35.658250222,16.154],[139.704910286,35.658231219,16.154]]}},{"type":"Feature","id":325,"properties":{"lane_id":325,"name":"Lane #307","role":1,"role_name":"Parking","speed_limit":40.0,"priority_offset":0.0,"oneway":"yes","length_m":207.3},"geometry":{"type":"LineString","coordinates":[[139.704894567,35.658459394,16.154],[139.704891104,35.658466785,16.154],[139.704871532,35.658508564,16.154],[139.704950651,35.658817363,16.158],[139.704931692,35.658914137,16.316],[139.704150067,35.658705701,16.344],[139.70411435,35.658532281,16.153],[139.704346897,35.658336731,16.153],[139.704482682,35.658224078,16.153],[139.70451982,35.65816936,16.143],[139.704524328,35.658162719,16.142],[139.704531162,35.658111627,16.139]]}},{"type":"Feature","id":326,"properties":{"lane_id":326,"name":"Lane #308","role":1,"role_name":"Parking","speed_limit":40.0,"priority_offset":0.0,"oneway":"yes","length_m":83.5},"geometry":{"type":"LineString","coordinates":[[139.705006519,35.657996606,16.139],[139.70506235,35.657990402,16.14],[139.705096834,35.65798657,16.141],[139.705299204,35.657976639,16.178],[139.705503821,35.657978468,16.25],[139.705784554,35.657987131,16.374],[139.705904964,35.657998032,16.432],[139.705926465,35.657999979,16.442]]}},{"type":"Feature","id":327,"properties":{"lane_id":327,"name":"Lane #309","role":1,"role_name":"Parking","speed_limit":40.0,"priority_offset":0.0,"oneway":"yes","length_m":92.8},"geometry":{"type":"LineString","coordinates":[[139.705007727,35.658021059,16.139],[139.705066041,35.65801546,16.14],[139.705104807,35.658011738,16.141],[139.705281086,35.658001979,16.173],[139.705486882,35.658003163,16.243],[139.705754185,35.658014238,16.361],[139.70597069,35.658032436,16.463],[139.706029934,35.658037416,16.491]]}},{"type":"Feature","id":328,"properties":{"lane_id":328,"name":"Lane #310","role":1,"role_name":"Parking","speed_limit":40.0,"priority_offset":0.0,"oneway":"yes","length_m":82.8},"geometry":{"type":"LineString","coordinates":[[139.705922422,35.657975845,16.438],[139.705897388,35.657974003,16.427],[139.705635611,35.657954738,16.305],[139.705465501,35.657949071,16.234],[139.705258988,35.657947646,16.168],[139.705058392,35.65796353,16.145],[139.705010665,35.65796731,16.139]]}},{"type":"Feature","id":329,"properties":{"lane_id":329,"name":"Lane #311","role":1,"role_name":"Parking","speed_limit":40.0,"priority_offset":0.0,"oneway":"yes","length_m":88.0},"geometry":{"type":"LineString","coordinates":[[139.705981246,35.657951532,16.464],[139.705913709,35.657945229,16.433],[139.705901401,35.657944519,16.427],[139.705620372,35.657928307,16.297],[139.705434177,35.657921311,16.222],[139.705195505,35.657925793,16.154],[139.705054321,35.657935883,16.143],[139.70501138,35.657938952,16.139]]}},{"type":"Feature","id":330,"properties":{"lane_id":330,"name":"Lane #312","role":1,"role_name":"Parking","speed_limit":40.0,"priority_offset":0.0,"oneway":"yes","length_m":93.0},"geometry":{"type":"LineString","coordinates":[[139.706031679,35.657932294,16.485],[139.706019376,35.657930962,16.48],[139.705882702,35.65791617,16.417],[139.705545361,35.657896423,16.265],[139.705242165,35.657894563,16.164],[139.705050106,35.657907268,16.144],[139.705006716,35.657910139,16.139]]}},{"type":"Feature","id":331,"properties":{"lane_id":331,"name":"Lane #313","role":3,"role_name":"Main","speed_limit":80.0,"priority_offset":0.0,"oneway":"yes","length_m":206.0},"geometry":{"type":"LineString","coordinates":[[139.704767075,35.657794929,16.153],[139.704756794,35.657766402,16.153],[139.70470192,35.657614152,16.153],[139.704628172,35.657424511,16.153],[139.704617583,35.657301028,16.137],[139.704659115,35.657151732,16.108],[139.704681572,35.657088188,16.098],[139.704716674,35.657036325,16.089],[139.704786919,35.656967728,16.076],[139.704881779,35.656891898,16.06],[139.704889493,35.656885731,16.059],[139.704897265,35.656877592,16.057],[139.704930942,35.656842328,16.048],[139.704980315,35.656761388,16.029],[139.705074625,35.656599061,16.018],[139.705157822,35.656445747,16.019],[139.705169169,35.656424836,16.019],[139.705213534,35.656343081,16.019],[139.705333365,35.656122371,16.017],[139.705337775,35.656114249,16.017]]}},{"type":"Feature","id":332,"properties":{"lane_id":332,"name":"Lane #314","role":1,"role_name":"Parking","speed_limit":40.0,"priority_offset":0.0,"oneway":"yes","length_m":236.8},"geometry":{"type":"LineString","coordinates":[[139.704733106,35.657799253,16.153],[139.704723189,35.65777315,16.153],[139.704602294,35.65745493,16.153],[139.704582702,35.657363002,16.15],[139.704591964,35.657248204,16.127],[139.704632088,35.657124573,16.105],[139.704658068,35.65706277,16.095],[139.704715703,35.656990028,16.082],[139.70479431,35.656924729,16.07],[139.704892665,35.656840276,16.052],[139.704940045,35.656773924,16.037],[139.705045848,35.656585582,16.019],[139.705176036,35.656349288,16.019],[139.705262807,35.656191798,16.019],[139.705286694,35.656097739,16.019],[139.705276814,35.656060337,16.019],[139.705230826,35.655974024,16.023],[139.705153932,35.655866928,16.118],[139.705151756,35.655863897,16.121]]}},{"type":"Feature","id":333,"properties":{"lane_id":333,"name":"Lane #315","role":1,"role_name":"Parking","speed_limit":40.0,"priority_offset":0.0,"oneway":"yes","length_m":237.8},"geometry":{"type":"LineString","coordinates":[[139.704700545,35.657802236,16.153],[139.704691709,35.657779472,16.153],[139.704568314,35.657461575,16.153],[139.7045498,35.657384754,16.153],[139.704562105,35.657236901,16.126],[139.704599862,35.657117647,16.105],[139.704622189,35.657061445,16.096],[139.704660609,35.657007625,16.087],[139.704738808,35.656929159,16.073],[139.704839567,35.656851263,16.056],[139.704881323,35.65680515,16.047],[139.70492805,35.656728092,16.029],[139.705017197,35.656570317,16.019],[139.705151982,35.65632783,16.019],[139.705234297,35.656176346,16.019],[139.705240536,35.656082396,16.019],[139.705218238,35.656033208,16.02],[139.705159713,35.655934525,16.052],[139.705103861,35.655861294,16.17],[139.705101651,35.655858397,16.175]]}},{"type":"Feature","id":334,"properties":{"lane_id":334,"name":"Lane #316","role":1,"role_name":"Parking","speed_limit":40.0,"priority_offset":0.0,"oneway":"yes","length_m":59.3},"geometry":{"type":"LineString","coordinates":[[139.703682842,35.657353418,16.934],[139.703703088,35.657361038,16.898],[139.703788947,35.657393355,16.745],[139.704078627,35.657464058,16.351],[139.704299044,35.657512244,16.159],[139.704306394,35.657513851,16.153]]}},{"type":"Feature","id":335,"properties":{"lane_id":335,"name":"Lane #317","role":1,"role_name":"Parking","speed_limit":40.0,"priority_offset":0.0,"oneway":"yes","length_m":106.0},"geometry":{"type":"LineString","coordinates":[[139.704510118,35.656879691,16.076],[139.704506013,35.656900296,16.079],[139.704467869,35.657091728,16.106],[139.704432669,35.657274891,16.138],[139.704427151,35.657399536,16.153],[139.704437147,35.657452193,16.153],[139.704458865,35.657513491,16.153],[139.704490321,35.657581373,16.153],[139.704573743,35.657803855,16.153],[139.704575451,35.657808412,16.153]]}},{"type":"Feature","id":336,"properties":{"lane_id":336,"name":"Lane #318","role":1,"role_name":"Parking","speed_limit":40.0,"priority_offset":0.0,"oneway":"yes","length_m":104.7},"geometry":{"type":"LineString","coordinates":[[139.704542647,35.656885542,16.075],[139.704539214,35.656904369,16.078],[139.70450426,35.657096075,16.106],[139.70446064,35.657299699,16.142],[139.704459043,35.657397439,16.153],[139.704468413,35.657444635,16.153],[139.704494647,35.657508197,16.153],[139.704606126,35.65779708,16.153],[139.704608299,35.65780271,16.153]]}},{"type":"Feature","id":337,"properties":{"lane_id":337,"name":"Lane #319","role":1,"role_name":"Parking","speed_limit":40.0,"priority_offset":0.0,"oneway":"yes","length_m":103.0},"geometry":{"type":"LineString","coordinates":[[139.704575753,35.656893679,16.075],[139.704573173,35.656908536,16.077],[139.704540112,35.657098882,16.105],[139.704497015,35.657297629,16.14],[139.704493287,35.657399667,16.153],[139.704506758,35.657446526,16.153],[139.7045487,35.657550064,16.153],[139.704638827,35.657790239,16.153],[139.704640806,35.657795512,16.153]]}},{"type":"Feature","id":338,"properties":{"lane_id":338,"name":"Lane #321","role":1,"role_name":"Parking","speed_limit":40.0,"priority_offset":0.0,"oneway":"yes","length_m":364.6},"geometry":{"type":"LineString","coordinates":[[139.70467881,35.656463836,16.019],[139.704672055,35.656475763,16.019],[139.704647349,35.656519384,16.019],[139.704585782,35.656555167,16.023],[139.704536368,35.656556514,16.094],[139.704360286,35.656493724,16.154],[139.703880907,35.656332813,16.153],[139.703803065,35.656306105,16.153],[139.70375248,35.656298012,16.152],[139.703661156,35.656347319,16.143],[139.703211572,35.656602907,16.106],[139.703211577,35.656626979,16.106],[139.703259783,35.656683023,16.104],[139.703543928,35.656780697,16.104],[139.704174811,35.656995331,16.104],[139.704245911,35.657017692,16.104],[139.7043557,35.65703679,16.103],[139.704412737,35.657054506,16.103],[139.704426164,35.6570851,16.107],[139.704411566,35.657183972,16.122],[139.704390301,35.657349326,16.149],[139.704390571,35.657401404,16.153],[139.704406266,35.657475971,16.153],[139.704409667,35.65749213,16.153],[139.704426086,35.657524965,16.153],[139.704449052,35.657570895,16.153],[139.704541071,35.657810691,16.153],[139.704543953,35.657818202,16.153]]}},{"type":"Feature","id":339,"properties":{"lane_id":339,"name":"Lane #322","role":1,"role_name":"Parking","speed_limit":40.0,"priority_offset":0.0,"oneway":"yes","length_m":97.3},"geometry":{"type":"LineString","coordinates":[[139.704890831,35.656887437,16.059],[139.704899822,35.656883509,16.057],[139.704954206,35.656859751,16.044],[139.705012876,35.656809409,16.027],[139.705037823,35.656760015,16.016],[139.70512084,35.656603719,16.011],[139.705183362,35.656482337,16.012],[139.705243117,35.656418218,16.009],[139.70539323,35.656144145,16.009],[139.705398603,35.656134334,16.009]]}},{"type":"Feature","id":340,"properties":{"lane_id":340,"name":"Lane #323","role":1,"role_name":"Parking","speed_limit":40.0,"priority_offset":0.0,"oneway":"yes","length_m":40.1},"geometry":{"type":"LineString","coordinates":[[139.705163543,35.656437979,16.019],[139.705174706,35.656428463,16.018],[139.705212406,35.656396326,16.015],[139.705306737,35.656245824,16.014],[139.705365801,35.656134169,16.013],[139.705371641,35.656123127,16.013]]}},{"type":"Feature","id":341,"properties":{"lane_id":341,"name":"Lane #324","role":1,"role_name":"Parking","speed_limit":40.0,"priority_offset":0.0,"oneway":"yes","length_m":48.9},"geometry":{"type":"LineString","coordinates":[[139.704923438,35.65595779,16.347],[139.704921177,35.655970099,16.316],[139.704900341,35.656083549,16.031],[139.704839284,35.65618653,16.019],[139.704737803,35.656357425,16.019],[139.704733743,35.656364263,16.019]]}},{"type":"Feature","id":342,"properties":{"lane_id":342,"name":"Lane #325","role":1,"role_name":"Parking","speed_limit":40.0,"priority_offset":0.0,"oneway":"yes","length_m":48.8},"geometry":{"type":"LineString","coordinates":[[139.704974538,35.655971988,16.164],[139.704968535,35.655986151,16.149],[139.704917804,35.656105836,16.019],[139.704763661,35.656366475,16.019],[139.704759704,35.656373167,16.019]]}},{"type":"Feature","id":343,"properties":{"lane_id":343,"name":"Lane #326","role":1,"role_name":"Parking","speed_limit":40.0,"priority_offset":0.0,"oneway":"yes","length_m":49.2},"geometry":{"type":"LineString","coordinates":[[139.705017969,35.655983358,16.062],[139.705008619,35.655999737,16.058],[139.704927384,35.656142045,16.019],[139.704788756,35.656375259,16.019],[139.704784613,35.656382229,16.019]]}},{"type":"Feature","id":344,"properties":{"lane_id":344,"name":"Lane #327","role":1,"role_name":"Parking","speed_limit":40.0,"priority_offset":0.0,"oneway":"yes","length_m":37.9},"geometry":{"type":"LineString","coordinates":[[139.704716798,35.656475332,16.019],[139.704709028,35.656488938,16.021],[139.704601636,35.656676974,16.042],[139.704540349,35.656770946,16.06],[139.7045338,35.656780986,16.061]]}},{"type":"Feature","id":345,"properties":{"lane_id":345,"name":"Lane #328","role":1,"role_name":"Parking","speed_limit":40.0,"priority_offset":0.0,"oneway":"yes","length_m":36.3},"geometry":{"type":"LineString","coordinates":[[139.704750619,35.656487416,16.019],[139.704742847,35.656500988,16.021],[139.704631786,35.656694932,16.043],[139.704590162,35.656772593,16.057],[139.704584169,35.656783776,16.059]]}},{"type":"Feature","id":346,"properties":{"lane_id":346,"name":"Lane #330","role":1,"role_name":"Parking","speed_limit":40.0,"priority_offset":0.0,"oneway":"yes","length_m":145.3},"geometry":{"type":"LineString","coordinates":[[139.705467939,35.656101638,16.005],[139.705477985,35.65610513,16.005],[139.705852703,35.656235376,16.005],[139.705952029,35.65627112,16.005],[139.705999013,35.656179955,16.005],[139.706062366,35.65605567,16.005],[139.706050385,35.656049692,16.005],[139.705954438,35.656012474,16.005],[139.705360709,35.655804834,16.019],[139.705338101,35.655796927,16.019]]}},{"type":"Feature","id":347,"properties":{"lane_id":347,"name":"Lane #331","role":1,"role_name":"Parking","speed_limit":40.0,"priority_offset":0.0,"oneway":"yes","length_m":133.7},"geometry":{"type":"LineString","coordinates":[[139.705483254,35.656075492,16.005],[139.70549202,35.656078541,16.005],[139.705874723,35.656211681,16.005],[139.705928471,35.65623017,16.005],[139.70597686,35.656167542,16.005],[139.706029732,35.656069145,16.005],[139.706010039,35.656061065,16.005],[139.705904903,35.656021593,16.005],[139.70534466,35.655831257,16.02],[139.705321273,35.655823311,16.02]]}},{"type":"Feature","id":348,"properties":{"lane_id":348,"name":"Lane #332","role":1,"role_name":"Parking","speed_limit":40.0,"priority_offset":0.0,"oneway":"yes","length_m":51.5},"geometry":{"type":"LineString","coordinates":[[139.705031887,35.655801445,16.408],[139.705013813,35.655788685,16.489],[139.704960517,35.655751056,16.728],[139.704870723,35.655712048,17.157],[139.704640088,35.655625104,18.432],[139.704548785,35.655590798,19.088],[139.70453277,35.65558478,19.203]]}},{"type":"Feature","id":349,"properties":{"lane_id":349,"name":"Lane #333","role":3,"role_name":"Main","speed_limit":80.0,"priority_offset":0.0,"oneway":"yes","length_m":226.1},"geometry":{"type":"LineString","coordinates":[[139.70505063,35.655748985,16.468],[139.705029331,35.655741363,16.554],[139.704903292,35.655696253,17.062],[139.704750342,35.655637468,17.869],[139.704654648,35.655600413,18.425],[139.704348175,35.655485563,20.61],[139.70414293,35.655409355,22.237],[139.703973332,35.655348759,23.562],[139.70378817,35.655289347,24.848],[139.703435045,35.655177707,27.365],[139.703096135,35.655068523,29.933],[139.702758352,35.654961601,31.419],[139.702750875,35.654959235,31.452]]}},{"type":"Feature","id":350,"properties":{"lane_id":350,"name":"Lane #334","role":1,"role_name":"Parking","speed_limit":40.0,"priority_offset":0.0,"oneway":"yes","length_m":100.9},"geometry":{"type":"LineString","coordinates":[[139.704200597,35.655738739,20.822],[139.70419467,35.655750458,20.749],[139.704145179,35.655848317,20.137],[139.704040941,35.656052876,18.3],[139.704030541,35.656114012,17.665],[139.704052151,35.656132434,17.694],[139.704155823,35.656084185,18.267],[139.704250782,35.656021189,18.689],[139.704454715,35.655891772,18.536],[139.704524878,35.655847247,18.483]]}},{"type":"Feature","id":351,"properties":{"lane_id":351,"name":"Lane #335","role":1,"role_name":"Parking","speed_limit":40.0,"priority_offset":0.0,"oneway":"yes","length_m":97.2},"geometry":{"type":"LineString","coordinates":[[139.703849846,35.65554301,23.664],[139.703867964,35.655546054,23.54],[139.703984444,35.655565625,22.741],[139.704210226,35.655638951,21.056],[139.704217226,35.655641244,21.008],[139.704246993,35.655650996,20.8],[139.704653305,35.655784111,17.967],[139.70483025,35.655841073,17.004],[139.70485387,35.655848677,16.875]]}},{"type":"Feature","id":352,"properties":{"lane_id":352,"name":"Lane #336","role":1,"role_name":"Parking","speed_limit":40.0,"priority_offset":0.0,"oneway":"yes","length_m":60.7},"geometry":{"type":"LineString","coordinates":[[139.70422866,35.655644618,20.92],[139.704245265,35.655646781,20.806],[139.704298713,35.655653742,20.439],[139.704431942,35.655692585,19.518],[139.704457452,35.655700022,19.342],[139.704545641,35.655725734,18.733],[139.704723045,35.655778816,17.643],[139.704841908,35.655815772,17.022],[139.704861951,35.655822004,16.917]]}},{"type":"Feature","id":353,"properties":{"lane_id":353,"name":"Lane #337","role":1,"role_name":"Parking","speed_limit":40.0,"priority_offset":0.0,"oneway":"yes","length_m":17.1},"geometry":{"type":"LineString","coordinates":[[139.704444947,35.655695995,19.431],[139.704454786,35.655693892,19.376],[139.704480298,35.655688441,19.234],[139.704507249,35.655669173,19.116],[139.704525153,35.655642495,19.078],[139.704528147,35.655611874,19.15],[139.704518878,35.655584717,19.293],[139.704517126,35.655579583,19.32]]}},{"type":"Feature","id":354,"properties":{"lane_id":354,"name":"Lane #338","role":1,"role_name":"Parking","speed_limit":40.0,"priority_offset":0.0,"oneway":"yes","length_m":362.1},"geometry":{"type":"LineString","coordinates":[[139.699895013,35.654169967,34.229],[139.6998843,35.65415946,34.229],[139.699845513,35.654121419,34.23],[139.699836159,35.654089772,34.24],[139.699869594,35.65404937,34.284],[139.700050051,35.65395124,34.546],[139.700272251,35.653833854,34.828],[139.700396255,35.653761494,34.944],[139.700642105,35.653569497,35.024],[139.700814924,35.653428347,34.947],[139.701158813,35.653069742,34.397],[139.701119174,35.653043529,34.402],[139.700826603,35.653371878,34.902],[139.700814902,35.65338501,34.922],[139.700806923,35.653391831,34.927],[139.700736056,35.65345241,34.974],[139.70051494,35.653626396,35.032],[139.700352797,35.653752256,34.941],[139.700231733,35.653823665,34.809],[139.699998016,35.653948757,34.502],[139.699790597,35.654060976,34.239],[139.699682509,35.654110721,34.231],[139.699661436,35.654120419,34.229]]}},{"type":"Feature","id":355,"properties":{"lane_id":355,"name":"Lane #339","role":1,"role_name":"Parking","speed_limit":40.0,"priority_offset":0.0,"oneway":"yes","length_m":225.9},"geometry":{"type":"LineString","coordinates":[[139.700814497,35.653381234,34.919],[139.70080214,35.65336918,34.873],[139.700368748,35.652946439,33.271],[139.700344392,35.652962164,33.314],[139.699900078,35.653248246,34.039],[139.699571326,35.653459498,34.39],[139.699014774,35.653772907,34.25],[139.698947621,35.653809924,34.23],[139.698927237,35.65382116,34.224]]}},{"type":"Feature","id":356,"properties":{"lane_id":356,"name":"Lane #340","role":1,"role_name":"Parking","speed_limit":40.0,"priority_offset":0.0,"oneway":"yes","length_m":72.2},"geometry":{"type":"LineString","coordinates":[[139.699769191,35.654491398,34.229],[139.699773869,35.654498481,34.221],[139.699823109,35.654573044,34.137],[139.700169098,35.655046786,34.005],[139.700172135,35.655050943,34.004]]}},{"type":"Feature","id":357,"properties":{"lane_id":357,"name":"Lane #341","role":1,"role_name":"Parking","speed_limit":40.0,"priority_offset":0.0,"oneway":"yes","length_m":63.7},"geometry":{"type":"LineString","coordinates":[[139.700194214,35.655040556,34.048],[139.700190134,35.655035316,34.056],[139.700119301,35.654944356,34.205],[139.699890546,35.654631619,34.132],[139.699851732,35.654568867,34.197],[139.699838236,35.654547047,34.22]]}},{"type":"Feature","id":358,"properties":{"lane_id":358,"name":"Lane #342","role":1,"role_name":"Parking","speed_limit":40.0,"priority_offset":0.0,"oneway":"yes","length_m":30.2},"geometry":{"type":"LineString","coordinates":[[139.700180415,35.655068326,33.964],[139.700166451,35.655078103,33.988],[139.700145043,35.655093091,34.025],[139.699910878,35.655184908,34.049],[139.699886198,35.655194585,34.051]]}},{"type":"Feature","id":359,"properties":{"lane_id":359,"name":"Lane #343","role":1,"role_name":"Parking","speed_limit":40.0,"priority_offset":0.0,"oneway":"yes","length_m":30.3},"geometry":{"type":"LineString","coordinates":[[139.699902058,35.655219482,34.029],[139.699924236,35.65520672,34.026],[139.699938762,35.655198362,34.024],[139.700191153,35.655104383,33.895],[139.700202171,35.65510028,33.889]]}},{"type":"Feature","id":360,"properties":{"lane_id":360,"name":"Lane #344","role":1,"role_name":"Parking","speed_limit":40.0,"priority_offset":0.0,"oneway":"yes","length_m":76.2},"geometry":{"type":"LineString","coordinates":[[139.700269328,35.655068269,34.021],[139.700281943,35.65506252,34.011],[139.700334634,35.655038508,33.97],[139.700377703,35.655039451,33.935],[139.700722936,35.655117483,33.485],[139.701010728,35.65518805,33.101],[139.701021247,35.655193089,33.102],[139.701066961,35.65521499,33.104]]}},{"type":"Feature","id":361,"properties":{"lane_id":361,"name":"Lane #345","role":1,"role_name":"Parking","speed_limit":40.0,"priority_offset":0.0,"oneway":"yes","length_m":82.1},"geometry":{"type":"LineString","coordinates":[[139.701105893,35.655182922,32.929],[139.701046345,35.655170225,33.039],[139.701011942,35.65516289,33.102],[139.700370448,35.65501666,33.94],[139.700334207,35.655010905,33.973],[139.70024698,35.655043027,34.052],[139.700237036,35.655046688,34.061]]}},{"type":"Feature","id":362,"properties":{"lane_id":362,"name":"Lane #346","role":1,"role_name":"Parking","speed_limit":40.0,"priority_offset":0.0,"oneway":"yes","length_m":67.9},"geometry":{"type":"LineString","coordinates":[[139.700232181,35.655104925,33.893],[139.700247855,35.655115204,33.872],[139.700266393,35.655127361,33.846],[139.700652194,35.655531909,32.976],[139.700653498,35.655533277,32.973],[139.700699087,35.655581328,32.979]]}},{"type":"Feature","id":363,"properties":{"lane_id":363,"name":"Lane #347","role":1,"role_name":"Parking","speed_limit":40.0,"priority_offset":0.0,"oneway":"yes","length_m":66.0},"geometry":{"type":"LineString","coordinates":[[139.70073222,35.65554851,33.14],[139.700693396,35.655532035,33.096],[139.700677416,35.655515479,33.121],[139.700429733,35.655258849,33.51],[139.70028085,35.655097396,33.941],[139.700274652,35.655090674,33.959]]}},{"type":"Feature","id":364,"properties":{"lane_id":364,"name":"Lane #349","role":3,"role_name":"Main","speed_limit":80.0,"priority_offset":0.0,"oneway":"yes","length_m":178.9},"geometry":{"type":"LineString","coordinates":[[139.700796776,35.655638973,33.024],[139.700839812,35.655662816,33.03],[139.701165783,35.655843418,33.074],[139.701360983,35.655935929,33.025],[139.701720057,35.655412837,33.813],[139.701725906,35.655404315,33.826],[139.701714837,35.655401043,33.834],[139.701713649,35.655400639,33.832],[139.701286917,35.655255217,33.06],[139.701236963,35.65522529,32.844],[139.701223337,35.655217126,32.785]]}},{"type":"Feature","id":365,"properties":{"lane_id":365,"name":"Lane #350","role":1,"role_name":"Parking","speed_limit":40.0,"priority_offset":0.0,"oneway":"yes","length_m":116.0},"geometry":{"type":"LineString","coordinates":[[139.702588452,35.655239966,31.464],[139.702594687,35.655243268,31.462],[139.702620624,35.655257002,31.456],[139.702617841,35.655308037,31.435],[139.702468418,35.655596404,31.441],[139.702460062,35.655614015,31.441],[139.702321709,35.655571586,31.94],[139.701748539,35.655411392,33.77],[139.701731554,35.655406645,33.824]]}},{"type":"Feature","id":367,"properties":{"lane_id":367,"name":"Lane #348","role":2,"role_name":"Secondary","speed_limit":60.0,"priority_offset":0.0,"oneway":"yes","length_m":4021.7},"geometry":{"type":"LineString","coordinates":[[139.753214821,35.687899389,19.05],[139.75320593,35.687900347,19.049],[139.753029988,35.687919303,19.045],[139.752746559,35.687938497,18.949],[139.752560475,35.687937576,18.951],[139.752286953,35.687901012,18.975],[139.751764509,35.687810233,19.048],[139.75122054,35.687716621,19.051],[139.750972738,35.687669232,19.03],[139.750830239,35.687640168,18.919],[139.750657514,35.687589454,18.631],[139.750498359,35.68752287,18.236],[139.750347423,35.687431521,17.597],[139.750214259,35.687311495,16.474],[139.750109758,35.687174029,15.455],[139.750041351,35.687014324,14.682],[139.750002146,35.686868585,14.281],[139.749948109,35.686584863,14.061],[139.749869137,35.686143927,14.126],[139.749753463,35.685605792,14.158],[139.749623211,35.685090614,14.511],[139.749407667,35.684335611,15.107],[139.749214598,35.683674159,15.633],[139.749053624,35.683116531,15.991],[139.748979806,35.682884251,15.964],[139.748910883,35.682702781,15.863],[139.748760964,35.68231356,15.776],[139.74864273,35.681949849,15.71],[139.748589465,35.681725333,15.66],[139.748539746,35.681388238,15.579],[139.748474958,35.680906852,14.202],[139.748455094,35.680673405,13.272],[139.748450218,35.680518341,12.64],[139.748469968,35.680292307,11.702],[139.748535575,35.68004021,10.725],[139.748671019,35.679730854,9.53],[139.748858214,35.679383934,8.088],[139.749106352,35.678945148,6.332],[139.749236039,35.678746335,5.406],[139.749359877,35.678595385,4.646],[139.7495445,35.678427627,3.736],[139.749697131,35.678330954,3.294],[139.749857604,35.67824972,2.965],[139.750091183,35.678157029,2.788],[139.750321587,35.678080997,2.737],[139.751002352,35.677868113,2.67],[139.751337129,35.677756649,2.924],[139.751571109,35.677662291,3.245],[139.751785753,35.677548581,3.535],[139.751955828,35.677431739,3.601],[139.752095249,35.677317134,3.654],[139.752246071,35.677171834,3.704],[139.752549251,35.676848012,3.816],[139.752951423,35.676406059,3.977],[139.753508405,35.675799278,4.845],[139.753637087,35.675654057,5.71],[139.753786304,35.675455165,7.145],[139.753881122,35.675273406,8.314],[139.753930599,35.675094059,9.288],[139.753942347,35.67490023,10.241],[139.753897906,35.674652869,11.365],[139.753799264,35.674429643,12.084],[139.753705812,35.674267499,12.169],[139.753553255,35.67401892,12.06],[139.753402655,35.673773121,11.632],[139.753183024,35.6734117,10.603],[139.753022454,35.673150913,9.861],[139.75267977,35.672595035,8.376],[139.752526422,35.6723639,8.128],[139.752402237,35.672196765,7.874],[139.752239469,35.672013067,7.052],[139.75197135,35.671747065,5.802],[139.751559696,35.671344724,4.59],[139.751397846,35.671188349,4.241],[139.751249235,35.67105605,3.942],[139.750991418,35.670865909,4.282],[139.75073078,35.670723109,4.78],[139.750509133,35.670632778,5.131],[139.750292629,35.670563606,5.468],[139.750067104,35.67051255,5.807],[139.749702458,35.670454879,6.515],[139.749276333,35.670399432,7.426],[139.749066993,35.670363127,7.886],[139.748830836,35.670315575,8.562],[139.748545487,35.670238302,10.072],[139.748341448,35.670156199,11.331],[139.748164051,35.670057332,12.577],[139.748001163,35.669951877,13.822],[139.747841891,35.669821521,15.071],[139.747707056,35.669704035,15.876],[139.747479824,35.669491716,16.508],[139.747259784,35.669284552,16.875],[139.746901027,35.668948839,17.474],[139.746517713,35.668587725,18.2],[139.746241694,35.668326509,19.372],[139.746031575,35.668129034,20.588],[139.745889486,35.667990199,21.409],[139.745756699,35.667854343,22.219],[139.745624327,35.667713196,23.082],[139.745503007,35.667588121,23.831],[139.745366816,35.667435308,24.709],[139.745099557,35.667143356,26.409],[139.744799143,35.666815293,28.265],[139.744495371,35.666483519,28.718],[139.744162554,35.666116286,28.893],[139.744026426,35.665957086,29.004],[139.743910169,35.665808066,29.107],[139.743804678,35.66565602,29.347],[139.743713575,35.665502535,29.778],[139.743636709,35.665327079,30.252],[139.743545481,35.665085991,30.905],[139.743489915,35.664819744,31.522],[139.743458652,35.664551597,32.04],[139.7434142,35.664106714,33.429],[139.743387913,35.663855621,34.302],[139.743361387,35.663695912,34.854],[139.743308357,35.663467571,35.518],[139.743189799,35.663030675,35.904],[139.743118944,35.662763554,36.058],[139.743069236,35.662542573,36.125],[139.743011367,35.662309214,36.082],[139.742955938,35.662049068,35.961],[139.742910241,35.661878551,35.887],[139.742861141,35.661713026,35.812],[139.742773305,35.66143233,35.688],[139.742713744,35.661238294,35.601],[139.742675338,35.661089165,35.533],[139.74260316,35.660791941,35.405],[139.742541857,35.660533001,35.237],[139.742457428,35.660163158,34.967],[139.742393037,35.65992411,34.837],[139.742311238,35.659689109,34.705],[139.742305619,35.659672965,34.696]]}},{"type":"Feature","id":366,"properties":{"lane_id":366,"name":"Lane #350","role":3,"role_name":"Main","speed_limit":80.0,"priority_offset":0.0,"oneway":"yes","length_m":1213.1},"geometry":{"type":"LineString","coordinates":[[139.744545602,35.666586588,28.728],[139.74453743,35.666577732,28.732],[139.744419726,35.66645017,28.788],[139.744213123,35.666223026,28.888],[139.744073115,35.666063786,28.987],[139.743942634,35.665903819,29.096],[139.743836507,35.665764379,29.221],[139.743727594,35.665595581,29.586],[139.743641586,35.665431091,30.063],[139.743562566,35.665247214,30.626],[139.743502537,35.665050015,31.196],[139.743457576,35.664847228,31.625],[139.743425217,35.664590762,32.019],[139.743381412,35.66412543,33.418],[139.743359035,35.663914546,34.156],[139.743338243,35.663759835,34.693],[139.743334759,35.663733915,34.783],[139.743333554,35.663728292,34.802],[139.743300746,35.663575307,35.315],[139.743247047,35.663371967,35.733],[139.743193612,35.663182352,35.871],[139.743119462,35.662914381,36.026],[139.743058364,35.662670087,36.153],[139.742980402,35.662323066,36.132],[139.742913951,35.662046169,36.01],[139.742864591,35.661860506,35.929],[139.742790625,35.661612694,35.815],[139.742696697,35.661325844,35.694],[139.742652824,35.661163951,35.619],[139.742613241,35.660996482,35.543],[139.742509029,35.660547801,35.293],[139.742427988,35.660202468,34.998],[139.742354549,35.659931106,34.696],[139.742295739,35.659744865,34.507],[139.742226372,35.659581436,34.358],[139.742136274,35.659414797,34.22],[139.742029971,35.659253193,34.125],[139.741770379,35.658919068,33.914],[139.74156087,35.658658829,33.475],[139.741423591,35.658480132,32.783],[139.741334239,35.658351425,32.244],[139.741255654,35.658222473,31.714],[139.741174058,35.658054105,31.005],[139.74112359,35.657920368,30.438],[139.741059289,35.657684333,29.427],[139.740954013,35.657148649,28.681],[139.740902828,35.656831371,28.765],[139.740892035,35.656703002,28.738],[139.740887984,35.65654757,28.575],[139.740910645,35.656368048,28.142],[139.740931902,35.656295523,27.875],[139.740935254,35.65628409,27.833]]}},{"type":"Feature","id":368,"properties":{"lane_id":368,"name":"Lane #351","role":2,"role_name":"Secondary","speed_limit":60.0,"priority_offset":0.0,"oneway":"yes","length_m":2102.6},"geometry":{"type":"LineString","coordinates":[[139.742298335,35.659654446,34.688],[139.74229658,35.659650574,34.685],[139.742240689,35.659527222,34.599],[139.742147977,35.659364846,34.452],[139.742062905,35.659238047,34.289],[139.741938725,35.659076755,34.078],[139.741661349,35.658732905,33.657],[139.741518653,35.658549106,33.079],[139.741372147,35.658348723,32.115],[139.741264698,35.658168763,31.282],[139.741173729,35.657953462,30.375],[139.741095662,35.657687772,29.388],[139.741058899,35.657496201,28.791],[139.740981632,35.657085087,28.642],[139.740927944,35.656728237,28.603],[139.740925158,35.656567339,28.345],[139.74094086,35.656418354,27.939],[139.740992268,35.656236157,27.371],[139.741061653,35.656073448,26.863],[139.741152539,35.655900931,26.317],[139.741345512,35.655568398,24.593],[139.74162823,35.65509167,21.28],[139.741875966,35.654692689,21.119],[139.7420007,35.654532059,21.348],[139.742138624,35.654406111,21.531],[139.742302192,35.654298042,21.759],[139.74248703,35.654212746,22.018],[139.742691504,35.654151904,22.312],[139.742811682,35.654127472,22.46],[139.743115603,35.654083548,22.628],[139.743355475,35.654058494,22.53],[139.743877212,35.654005038,22.235],[139.744450963,35.65394409,21.91],[139.744657955,35.653921427,21.823],[139.744877374,35.653890802,21.7],[139.745092537,35.653857334,21.437],[139.745390198,35.653788882,20.668],[139.745785838,35.653686094,19.539],[139.746069684,35.653610128,18.747],[139.746267617,35.653561738,18.179],[139.74639848,35.653534833,17.826],[139.746785065,35.653481741,16.856],[139.747133301,35.653449782,15.976],[139.747685853,35.653402626,14.554],[139.748117442,35.653364368,13.452],[139.748545736,35.653324936,12.429],[139.749131673,35.653273963,12.0],[139.749476776,35.653241987,12.044],[139.749793874,35.653200918,12.135],[139.750003963,35.65314823,12.177],[139.750241152,35.653058307,12.236],[139.750387884,35.652973936,12.206],[139.750535374,35.652857288,12.138],[139.750569705,35.652830136,12.122],[139.750583738,35.652815978,12.116],[139.750716529,35.652682003,12.06],[139.750916823,35.652460451,12.004],[139.75105585,35.652302567,11.997],[139.751179174,35.652177348,11.953],[139.75129082,35.652078849,11.91],[139.75142624,35.651979096,11.866],[139.751564991,35.651897011,11.873],[139.751757961,35.651816953,11.896],[139.751901966,35.651774261,11.928],[139.752084716,35.651735175,11.963],[139.752410818,35.651682917,12.005],[139.752739775,35.651642589,12.004],[139.753096587,35.651597402,12.001],[139.753383786,35.651565759,11.972],[139.753615562,35.651545407,11.933],[139.753821437,35.651551297,11.872],[139.75402587,35.651578479,11.869],[139.754138647,35.651605038,11.866],[139.754329528,35.651667367,11.924],[139.754526229,35.651749018,11.996],[139.754729561,35.651844569,12.025],[139.755009991,35.651964178,12.111],[139.755173495,35.652019121,12.128],[139.755339735,35.652060383,12.125],[139.755530688,35.652088113,12.081],[139.75572479,35.652094539,11.98],[139.756003945,35.65207341,11.826],[139.756317757,35.652030837,11.719],[139.756881542,35.651934575,11.696],[139.757190623,35.651886037,11.688],[139.757215117,35.65188219,11.688]]}},{"type":"Feature","id":369,"properties":{"lane_id":369,"name":"Lane #352","role":3,"role_name":"Main","speed_limit":80.0,"priority_offset":0.0,"oneway":"yes","length_m":2830.9},"geometry":{"type":"LineString","coordinates":[[139.740938054,35.656276743,27.803],[139.740940119,35.65627167,27.785],[139.74102413,35.65606532,27.049],[139.741137033,35.655856177,26.271],[139.741305405,35.655567924,24.728],[139.7415219,35.655205345,22.025],[139.741723682,35.65486443,20.955],[139.741836888,35.654686158,21.244],[139.741971373,35.654516413,21.583],[139.742111502,35.654385202,21.865],[139.742254597,35.654287361,22.07],[139.742431177,35.654201263,22.287],[139.742620331,35.654138552,22.466],[139.742795066,35.654097878,22.614],[139.743032805,35.654062507,22.655],[139.743330529,35.654031391,22.54],[139.743608995,35.654001845,22.383],[139.743647577,35.653997751,22.361],[139.743867989,35.653974365,22.237],[139.744466958,35.65391111,21.897],[139.744717441,35.653883696,21.72],[139.744874581,35.653862628,21.571],[139.745137246,35.653815866,21.143],[139.745542862,35.653717675,20.179],[139.745918276,35.653616821,19.203],[139.746237879,35.653538267,18.404],[139.746461823,35.653495422,17.824],[139.746703679,35.653462266,17.157],[139.74701394,35.653432373,16.319],[139.747356335,35.653399533,15.445],[139.747881431,35.653352745,14.095],[139.748383942,35.653309649,12.85],[139.748991237,35.653255781,12.052],[139.749349876,35.653224161,12.037],[139.749578093,35.653202159,11.988],[139.749774629,35.653173052,11.952],[139.749935284,35.65313747,11.922],[139.750126378,35.653071943,11.866],[139.750298088,35.652990117,11.893],[139.75048041,35.652865156,11.938],[139.750623033,35.652733743,11.961],[139.75069368,35.652665067,11.991],[139.750883415,35.652451144,12.048],[139.751017451,35.65229744,12.057],[139.75115081,35.652158109,12.106],[139.751278207,35.652045693,12.147],[139.751413258,35.651946572,12.194],[139.751567144,35.65186068,12.208],[139.751711042,35.651797824,12.213],[139.751864997,35.651751737,12.152],[139.752068843,35.651704488,12.104],[139.752329357,35.651664674,12.053],[139.752721634,35.651615925,12.051],[139.753061121,35.651570163,12.054],[139.7534354,35.651528971,12.088],[139.753610586,35.651517707,12.143],[139.753765636,35.651520536,12.165],[139.75392509,35.651529673,12.225],[139.754100032,35.651561895,12.218],[139.75429371,35.651620171,12.156],[139.754480158,35.651695111,12.075],[139.754741335,35.651814558,12.027],[139.754930815,35.651896801,11.966],[139.755055811,35.651947015,11.919],[139.755197079,35.651993417,11.848],[139.755351688,35.652032701,11.8],[139.75549661,35.65205372,11.753],[139.755635405,35.652064773,11.752],[139.755833938,35.652063146,11.739],[139.7560761,35.652035179,11.699],[139.756425683,35.651981908,11.745],[139.756792824,35.651920706,11.743],[139.757158933,35.651857793,11.744],[139.757469484,35.651804491,11.746],[139.758110225,35.651698207,11.749],[139.758447044,35.651641576,11.949],[139.758742319,35.651598481,12.183],[139.759093584,35.651554517,12.46],[139.759642107,35.651501579,12.887],[139.760186835,35.651454431,13.317],[139.760617413,35.651417095,13.614],[139.761018703,35.651382325,13.722],[139.76170035,35.651325136,13.873],[139.762289804,35.651277685,15.146],[139.762739781,35.651238209,16.563],[139.763018244,35.65121011,17.476],[139.763252485,35.651174252,18.417],[139.763444287,35.651129618,19.245],[139.763589557,35.651079412,19.79],[139.763738444,35.651015785,19.976],[139.7639059,35.650915369,19.712],[139.7640423,35.650793132,19.335],[139.764122685,35.650692901,19.067],[139.764198207,35.650553624,18.697],[139.76424621,35.650391147,18.272],[139.764263917,35.65028939,18.043],[139.764263324,35.650146335,17.68],[139.764241564,35.649984411,17.273],[139.764204796,35.64983351,16.86],[139.764125411,35.64962085,15.862],[139.764044374,35.649451521,14.874],[139.763959046,35.649282149,13.921],[139.763709596,35.648798408,11.398],[139.763516786,35.648424982,10.275],[139.763412934,35.648220677,10.238],[139.763336163,35.648096094,10.255],[139.763257558,35.647956798,10.262],[139.763125118,35.647693854,10.26],[139.762914375,35.647287745,10.262],[139.762613987,35.646699723,10.263],[139.762607341,35.646686714,10.263]]}},{"type":"Feature","id":370,"properties":{"lane_id":370,"name":"Lane #353","role":1,"role_name":"Parking","speed_limit":40.0,"priority_offset":0.0,"oneway":"yes","length_m":264.1},"geometry":{"type":"LineString","coordinates":[[139.754243803,35.651521365,12.201],[139.754233217,35.651517274,12.217],[139.754092414,35.651462852,12.428],[139.753822665,35.651412586,12.563],[139.753516633,35.651406028,12.363],[139.7532262,35.651431398,12.069],[139.75309161,35.651448641,11.937],[139.753002792,35.651460808,11.921],[139.752759815,35.651493429,11.069],[139.752381397,35.651538946,8.984],[139.751989806,35.651590699,6.853],[139.751773087,35.651615149,5.636],[139.751642052,35.651597081,5.004],[139.751544955,35.651525396,4.727],[139.751487667,35.651439395,4.683],[139.751478092,35.651425021,4.676]]}},{"type":"Feature","id":371,"properties":{"lane_id":371,"name":"Lane #354","role":2,"role_name":"Secondary","speed_limit":60.0,"priority_offset":0.0,"oneway":"yes","length_m":452.6},"geometry":{"type":"LineString","coordinates":[[139.757257297,35.651873746,11.69],[139.7572649,35.651872455,11.69],[139.757624078,35.651811452,11.689],[139.758109535,35.651729552,11.696],[139.758434626,35.651674907,11.882],[139.758753055,35.651627035,12.137],[139.75909421,35.651582414,12.411],[139.759650171,35.651528835,12.845],[139.760192274,35.651484819,13.266],[139.760605704,35.651449369,13.557],[139.761015486,35.651414029,13.669],[139.761769159,35.651348405,13.874],[139.762164561,35.651318253,14.777],[139.76220568,35.651315118,14.871]]}},{"type":"Feature","id":372,"properties":{"lane_id":372,"name":"Lane #355","role":2,"role_name":"Secondary","speed_limit":60.0,"priority_offset":0.0,"oneway":"yes","length_m":1011.3},"geometry":{"type":"LineString","coordinates":[[139.762219641,35.651317372,14.913],[139.762244758,35.651317454,14.991],[139.762624214,35.651318684,16.172],[139.76336312,35.651320982,16.615],[139.763718119,35.651323899,14.924],[139.76396554,35.651353774,13.695],[139.764120159,35.65139576,12.881],[139.764244191,35.651451325,12.156],[139.76438577,35.65155103,11.201],[139.764489275,35.651676609,10.259],[139.764559432,35.651810913,9.611],[139.764597652,35.651984263,9.04],[139.76461321,35.652240076,9.222],[139.764616062,35.652611629,9.811],[139.764632486,35.652892075,10.12],[139.764663047,35.65319833,10.163],[139.764668474,35.653414556,10.169],[139.764668779,35.653874642,10.173],[139.764669856,35.654639619,9.889],[139.764667735,35.655185435,9.876],[139.7646669,35.655724677,10.264],[139.764661255,35.655971778,10.197],[139.764654715,35.656068702,10.091],[139.764638679,35.65617138,9.965],[139.764610771,35.656285928,9.865],[139.764575509,35.656370211,9.87],[139.764510259,35.65649307,9.909],[139.764422381,35.656627431,9.889],[139.764249184,35.656877055,9.835],[139.764163879,35.657013121,9.86],[139.764102217,35.657128985,9.882],[139.764051999,35.657250893,9.91],[139.764017841,35.657379148,9.943],[139.764005883,35.657493775,9.975],[139.764024749,35.657661743,9.831],[139.76407031,35.657801802,9.666],[139.764123649,35.657902958,9.519],[139.76419507,35.658026941,9.374],[139.764309281,35.658183106,9.188],[139.764399874,35.658293184,9.127],[139.76459436,35.658533376,9.232],[139.764597891,35.658537737,9.234]]}},{"type":"Feature","id":373,"properties":{"lane_id":373,"name":"Lane #356","role":3,"role_name":"Main","speed_limit":80.0,"priority_offset":0.0,"oneway":"yes","length_m":333.5},"geometry":{"type":"LineString","coordinates":[[139.762648696,35.651280111,16.263],[139.762664514,35.651280505,16.312],[139.762988547,35.651288572,17.313],[139.763416051,35.651289059,16.445],[139.76378002,35.651299998,14.781],[139.763967189,35.651322711,13.925],[139.764137397,35.651372284,13.064],[139.764321504,35.651460444,12.085],[139.764475072,35.651595919,11.024],[139.764548818,35.651705146,10.336],[139.764606276,35.651844608,9.593],[139.764640515,35.652048895,9.066],[139.764647851,35.652301571,9.364],[139.764657033,35.652760561,10.088],[139.76467157,35.652923187,10.174],[139.764692544,35.652964681,10.203],[139.764701413,35.652982226,10.215]]}},{"type":"Feature","id":374,"properties":{"lane_id":374,"name":"Lane #357","role":2,"role_name":"Secondary","speed_limit":60.0,"priority_offset":0.0,"oneway":"yes","length_m":351.5},"geometry":{"type":"LineString","coordinates":[[139.764832061,35.652352198,15.652],[139.764831648,35.652343181,15.668],[139.764818754,35.65206162,16.179],[139.764790254,35.651894059,16.225],[139.764733859,35.651729547,16.36],[139.76463735,35.651572523,16.509],[139.764521886,35.651444439,16.517],[139.764357728,35.651321009,16.103],[139.764109893,35.651203728,15.071],[139.763866652,35.651144369,13.999],[139.763754923,35.651126306,13.535],[139.763401369,35.651116612,11.944],[139.763109425,35.651129837,10.729],[139.762486468,35.651184797,11.981],[139.762302949,35.651200008,12.524],[139.762265646,35.6512031,12.634],[139.761951019,35.651229177,13.565],[139.761944139,35.651229748,13.585]]}},{"type":"Feature","id":375,"properties":{"lane_id":375,"name":"Lane #358","role":3,"role_name":"Main","speed_limit":80.0,"priority_offset":0.0,"oneway":"yes","length_m":176.8},"geometry":{"type":"LineString","coordinates":[[139.764835062,35.653978014,10.221],[139.764835011,35.653961841,10.281],[139.7648321,35.653030212,13.703],[139.764830617,35.652428676,15.438],[139.764830521,35.652389604,15.551]]}},{"type":"Feature","id":376,"properties":{"lane_id":376,"name":"Lane #360","role":2,"role_name":"Secondary","speed_limit":60.0,"priority_offset":0.0,"oneway":"yes","length_m":2242.6},"geometry":{"type":"LineString","coordinates":[[139.764706123,35.653002241,10.221],[139.764706059,35.65301978,10.221],[139.764702784,35.653910864,10.217],[139.764703504,35.654615666,9.948],[139.764705959,35.655286873,10.008],[139.764705705,35.655778803,10.32],[139.764699371,35.656000363,10.239],[139.764677479,35.656172029,10.122],[139.764655528,35.656262997,10.063],[139.764618376,35.656360021,10.022],[139.764554548,35.656487101,9.998],[139.76444945,35.65665492,9.935],[139.764328598,35.656825709,9.838],[139.764218457,35.656990716,9.777],[139.764143558,35.65712102,9.742],[139.764092039,35.65725217,9.689],[139.764051897,35.657400145,9.668],[139.764041653,35.657497679,9.665],[139.764052819,35.657604191,9.578],[139.764081317,35.657726103,9.501],[139.764131096,35.657845314,9.407],[139.764180594,35.657931693,9.329],[139.764300939,35.65811543,9.202],[139.764408238,35.658249449,9.167],[139.764571936,35.658453898,9.249],[139.764870261,35.658818174,9.423],[139.765204405,35.659232419,9.552],[139.765546528,35.659662411,7.314],[139.76573375,35.659892551,5.751],[139.765992432,35.66021125,3.591],[139.766225346,35.660496384,1.654],[139.76640135,35.660716865,0.224],[139.766579646,35.660935381,-1.164],[139.766752938,35.661151638,-2.445],[139.766928482,35.661355017,-3.582],[139.767071812,35.661502199,-4.44],[139.767237797,35.661645828,-5.338],[139.767398746,35.66176224,-6.208],[139.767604334,35.66187338,-7.385],[139.767809555,35.661973045,-8.152],[139.768078602,35.662080833,-8.561],[139.768269354,35.662155492,-8.75],[139.76865627,35.662301586,-8.983],[139.768906132,35.662413888,-9.277],[139.769101927,35.662517971,-9.453],[139.769248016,35.662610284,-9.214],[139.769366389,35.66270276,-8.618],[139.769490646,35.662811847,-7.822],[139.769626399,35.662947265,-6.895],[139.769773504,35.663109509,-5.888],[139.76998499,35.663355001,-4.519],[139.7701711,35.663574728,-3.312],[139.770309162,35.663724936,-2.684],[139.770450722,35.663855809,-2.515],[139.770620436,35.66399153,-2.584],[139.770936036,35.664239609,-2.722],[139.771404691,35.664613562,-2.935],[139.77169692,35.664845926,-3.056],[139.77187101,35.664987975,-2.791],[139.77196299,35.665072056,-2.6],[139.772047802,35.66517137,-2.384],[139.772091602,35.665250981,-2.313],[139.772122116,35.665327268,-2.286],[139.772143183,35.665422441,-2.276],[139.772166668,35.665575869,-2.329],[139.772189985,35.665752711,-2.567],[139.772193818,35.665769586,-2.6],[139.772202056,35.665805853,-2.672],[139.772222355,35.665895217,-2.847],[139.772257475,35.66599779,-2.958],[139.772300894,35.666088262,-2.929],[139.772353093,35.666163903,-2.87],[139.772416581,35.666242383,-2.742],[139.772515404,35.666341561,-2.576],[139.772761739,35.666556941,-2.145],[139.773040736,35.666796555,-1.859],[139.77334911,35.667061061,-1.632],[139.773725826,35.667366504,-1.8],[139.774196805,35.667740378,-2.034],[139.774613113,35.668074902,-2.024],[139.774984895,35.668373731,-1.98],[139.775273032,35.668604345,-1.943],[139.775427421,35.668736372,-1.926],[139.775524481,35.668820764,-1.909],[139.775591438,35.668885163,-1.902],[139.775697648,35.668990947,-1.903],[139.775830793,35.669140507,-1.941],[139.775917043,35.669235644,-1.965],[139.775923271,35.669242514,-1.967]]}},{"type":"Feature","id":377,"properties":{"lane_id":377,"name":"Lane #355","role":1,"role_name":"Parking","speed_limit":40.0,"priority_offset":0.0,"oneway":"yes","length_m":555.8},"geometry":{"type":"LineString","coordinates":[[139.77219284,35.665784327,-2.62],[139.772194037,35.665804298,-2.63],[139.772202897,35.665952186,-2.698],[139.772219027,35.666016191,-2.631],[139.772260585,35.666133638,-2.23],[139.772351494,35.666269758,-1.166],[139.772523493,35.666439309,1.223],[139.772756663,35.666670769,3.284],[139.772763956,35.666775689,3.366],[139.772763525,35.667219419,3.369],[139.773876664,35.668106655,2.904],[139.774387649,35.668104299,2.859],[139.774485446,35.668125007,2.418],[139.774606424,35.668180428,2.173],[139.774799801,35.668307634,1.851],[139.775018478,35.668473997,0.843],[139.775242548,35.668667362,-0.936],[139.77550242,35.66889419,-2.057],[139.775623824,35.669005326,-1.994],[139.775731544,35.669105052,-1.999],[139.775901901,35.66925466,-2.002],[139.775914787,35.669258006,-1.993],[139.775937003,35.669263774,-1.977]]}},{"type":"Feature","id":378,"properties":{"lane_id":378,"name":"Lane #356","role":1,"role_name":"Parking","speed_limit":40.0,"priority_offset":0.0,"oneway":"yes","length_m":743.6},"geometry":{"type":"LineString","coordinates":[[139.77531645,35.668443438,-2.003],[139.775297681,35.668428802,-2.005],[139.774972134,35.668174936,-2.038],[139.774824867,35.668047067,-2.071],[139.774676941,35.667916321,-2.105],[139.774613768,35.667864931,-2.112],[139.774389338,35.667683356,-1.501],[139.774246877,35.667567164,0.103],[139.77416471,35.667500703,1.091],[139.774079916,35.667418679,2.013],[139.774032666,35.66732047,2.312],[139.774022707,35.667227512,2.29],[139.773802479,35.666358869,2.215],[139.772992986,35.665735684,3.795],[139.772601851,35.665454163,3.652],[139.772491179,35.665303117,3.089],[139.772369063,35.665183222,2.852],[139.772211383,35.665000406,2.125],[139.772001372,35.664840026,1.298],[139.771699182,35.664624282,1.169],[139.771416366,35.664414666,0.136],[139.77107465,35.664138747,-2.653],[139.770749527,35.663878574,-2.617],[139.770566877,35.663730603,-2.595],[139.770469202,35.663645706,-2.719],[139.770340253,35.663527492,-3.187],[139.770262304,35.663441687,-3.66],[139.770227128,35.663429336,-3.754],[139.770210102,35.663423357,-3.799]]}},{"type":"Feature","id":379,"properties":{"lane_id":379,"name":"Lane #357","role":1,"role_name":"Parking","speed_limit":40.0,"priority_offset":0.0,"oneway":"yes","length_m":143.2},"geometry":{"type":"LineString","coordinates":[[139.77555291,35.668801008,-1.858],[139.775596491,35.66883312,-1.844],[139.775690039,35.668902051,-1.813],[139.775847791,35.66903842,-1.808],[139.775915603,35.669102477,-1.81],[139.775984709,35.669168636,-1.955],[139.776158404,35.669349526,-2.926],[139.776268304,35.669483304,-4.216],[139.776351798,35.669565235,-5.092],[139.776484781,35.669637951,-5.669],[139.77666776,35.669661102,-5.678]]}},{"type":"Feature","id":380,"properties":{"lane_id":380,"name":"Lane #358","role":3,"role_name":"Main","speed_limit":80.0,"priority_offset":0.0,"oneway":"yes","length_m":1652.8},"geometry":{"type":"LineString","coordinates":[[139.775588563,35.668834072,-1.852],[139.775595355,35.668840715,-1.851],[139.775668199,35.668911959,-1.848],[139.775757392,35.669007541,-1.86],[139.775895759,35.669160767,-1.9],[139.77605128,35.66933127,-1.943],[139.776214478,35.66950802,-1.983],[139.776375272,35.669682888,-2.025],[139.77650785,35.669837619,-2.066],[139.776551586,35.669896834,-2.08],[139.7766104,35.669999631,-2.103],[139.776657249,35.670099318,-2.109],[139.776726215,35.670304135,-2.111],[139.776789533,35.670502488,-2.108],[139.77688511,35.670800202,-2.103],[139.776987884,35.671132652,-2.102],[139.777058377,35.671372841,-2.107],[139.77712317,35.671565907,-2.101],[139.777188708,35.671725972,-1.875],[139.777252596,35.671893756,-1.126],[139.777290694,35.672025384,-0.22],[139.777318174,35.672160122,0.703],[139.777333085,35.672376392,1.566],[139.777334207,35.67269749,1.72],[139.777340219,35.672817683,1.368],[139.777358002,35.672952973,0.776],[139.777391426,35.673067539,0.168],[139.777475775,35.673224243,-0.783],[139.777575565,35.673393659,-1.825],[139.777685106,35.673561487,-2.629],[139.777798413,35.673743119,-2.973],[139.777875473,35.673868145,-2.901],[139.778011154,35.674090241,-2.598],[139.778145164,35.674307309,-2.31],[139.778294649,35.674544063,-1.992],[139.778440034,35.674774062,-1.686],[139.778563045,35.674963892,-1.588],[139.778698283,35.67517603,-1.586],[139.778836865,35.675402714,-1.588],[139.77894191,35.675577086,-1.59],[139.779058564,35.675773188,-1.592],[139.779179525,35.675971159,-1.589],[139.779323138,35.67620472,-1.587],[139.779453609,35.676412357,-1.588],[139.779588027,35.676618267,-1.588],[139.779677881,35.676756804,-1.59],[139.77993073,35.677152175,-1.59],[139.78035249,35.677834145,-1.589],[139.780661544,35.678341402,0.143],[139.780927893,35.678789092,4.868],[139.781091074,35.679063709,7.765],[139.781333515,35.679475099,11.264],[139.781543439,35.679832651,11.423],[139.781768043,35.680218811,11.193],[139.781960846,35.680539439,11.266],[139.782075913,35.680708925,11.293],[139.782105909,35.680754548,11.295],[139.782119321,35.680774947,11.296],[139.782344237,35.681117034,11.309],[139.782492502,35.681332348,11.33],[139.78265964,35.681581261,11.364],[139.782834258,35.681845947,11.4],[139.78297294,35.682061489,11.477],[139.783051821,35.682226169,11.594],[139.783056623,35.682236195,11.601]]}},{"type":"Feature","id":381,"properties":{"lane_id":381,"name":"Lane #359","role":2,"role_name":"Secondary","speed_limit":60.0,"priority_offset":0.0,"oneway":"yes","length_m":1773.8},"geometry":{"type":"LineString","coordinates":[[139.775953289,35.669274626,-1.974],[139.775957467,35.669279128,-1.975],[139.776061238,35.669390933,-2.001],[139.776192382,35.669536825,-2.039],[139.776292218,35.669646329,-2.065],[139.776397212,35.669762591,-2.095],[139.776462677,35.669836329,-2.11],[139.776531629,35.669942486,-2.148],[139.776572806,35.670031159,-2.172],[139.776650088,35.670247359,-2.187],[139.776704977,35.67041295,-2.183],[139.776766561,35.670626988,-2.188],[139.776832339,35.670849351,-2.192],[139.776928423,35.671161018,-2.192],[139.777013656,35.67139375,-2.174],[139.777063707,35.671521907,-2.16],[139.777079026,35.671561133,-2.156],[139.777089363,35.671587602,-2.153],[139.77716918,35.671777721,-1.8],[139.777198696,35.671860545,-1.463],[139.777211207,35.671895653,-1.32],[139.777214184,35.671904007,-1.286],[139.777261399,35.67206161,-0.293],[139.777281316,35.672178351,0.515],[139.777292156,35.672339389,1.347],[139.777298592,35.672682822,1.776],[139.777295954,35.672795874,1.613],[139.7773079,35.672926318,1.254],[139.777341681,35.673082079,0.532],[139.777391866,35.673206277,-0.303],[139.777451686,35.673309473,-1.11],[139.777561901,35.673483547,-2.283],[139.777691866,35.673679412,-2.96],[139.777812644,35.673866215,-3.002],[139.77793111,35.674043957,-2.747],[139.778066264,35.674247445,-2.457],[139.778231199,35.674503367,-2.108],[139.778402466,35.67477558,-1.746],[139.77852117,35.674964173,-1.639],[139.77863039,35.675140624,-1.642],[139.778778618,35.675378273,-1.641],[139.778908011,35.675584753,-1.636],[139.779030704,35.675795409,-1.64],[139.77914914,35.675994713,-1.643],[139.779280561,35.676209123,-1.641],[139.779416641,35.676422928,-1.641],[139.779618512,35.676732162,-1.642],[139.779926714,35.677211679,-1.639],[139.780329029,35.677858121,-1.636],[139.780555647,35.67823121,-1.003],[139.780787581,35.678617536,2.881],[139.780947087,35.678891696,5.759],[139.78119917,35.679315973,10.143],[139.781473394,35.679781752,11.454],[139.781723031,35.68021231,11.14],[139.78190088,35.680507718,11.21],[139.782048852,35.680734524,11.241],[139.782156596,35.680896404,11.247],[139.782314006,35.681131202,11.262],[139.78260391,35.681566532,11.305],[139.782809497,35.681872791,11.353],[139.782874809,35.681970939,11.383],[139.782954534,35.682097071,11.434],[139.783008684,35.682213816,11.473],[139.783024706,35.682274961,11.491],[139.783028658,35.682355853,11.486],[139.783007991,35.682487476,11.483],[139.782967381,35.682586957,11.414],[139.78291845,35.682649567,11.243],[139.782836073,35.682726336,10.925],[139.78273734,35.682784261,10.493],[139.782579926,35.682836879,9.763],[139.782324803,35.682856889,9.722],[139.78219288,35.682843783,10.42],[139.781962434,35.682811728,11.607],[139.78169707,35.682769058,12.765],[139.781573503,35.682749943,13.011],[139.781550804,35.682763727,13.057],[139.781539858,35.682770374,13.079]]}},{"type":"Feature","id":382,"properties":{"lane_id":382,"name":"Lane #361","role":1,"role_name":"Parking","speed_limit":40.0,"priority_offset":0.0,"oneway":"yes","length_m":556.0},"geometry":{"type":"LineString","coordinates":[[139.776924237,35.670386865,-2.127],[139.776919092,35.670361989,-2.127],[139.776895678,35.670248785,-2.126],[139.776857733,35.670103941,-2.127],[139.776847106,35.670068074,-2.129],[139.776820975,35.669923169,-2.148],[139.776918618,35.669723861,-2.047],[139.777154809,35.669566007,-1.863],[139.777736721,35.671685184,4.72],[139.777344769,35.671772054,4.822],[139.777235803,35.671634645,4.42],[139.777182248,35.671456347,3.561],[139.77710519,35.671218136,1.274],[139.777022514,35.670940914,-1.494],[139.776973621,35.670781644,-2.018],[139.776938451,35.67066989,-2.035],[139.776906602,35.670583024,-2.033],[139.776866648,35.670441922,-2.126],[139.776827953,35.670326628,-2.126],[139.77683225,35.670300907,-2.126],[139.776835419,35.670281941,-2.126]]}},{"type":"Feature","id":383,"properties":{"lane_id":383,"name":"Lane #362","role":2,"role_name":"Secondary","speed_limit":60.0,"priority_offset":0.0,"oneway":"yes","length_m":2564.2},"geometry":{"type":"LineString","coordinates":[[139.776723208,35.672566814,12.429],[139.77673134,35.672568305,12.433],[139.776947646,35.672607983,12.539],[139.777091747,35.672698459,12.568],[139.777200819,35.672799532,12.568],[139.777335911,35.672975458,12.471],[139.7774916,35.673220401,12.074],[139.777664702,35.673511839,11.98],[139.778414493,35.674701276,11.604],[139.778499581,35.67483126,11.311],[139.778671334,35.67507762,9.756],[139.778809456,35.675281705,7.662],[139.778985597,35.675548277,4.807],[139.779143797,35.675793567,2.271],[139.779302423,35.676043857,-0.31],[139.779456574,35.67629813,-1.496],[139.77951703,35.676400865,-1.502],[139.779723934,35.676741504,-1.522],[139.779965522,35.677130112,-1.531],[139.78017782,35.677478058,-1.536],[139.780387546,35.677813407,-1.532],[139.780705973,35.678342604,0.355],[139.780951753,35.678762678,4.769],[139.781122727,35.679049348,7.798],[139.781383152,35.679489714,11.414],[139.781579898,35.679823642,11.469],[139.781771989,35.680158043,11.23],[139.781957134,35.680467653,11.306],[139.782070314,35.680635218,11.34],[139.782122169,35.680709118,11.348],[139.782192931,35.68080531,11.362],[139.782305822,35.680932249,11.401],[139.782384277,35.681013202,11.434],[139.782477767,35.681113095,11.475],[139.782586936,35.681245421,11.508],[139.782697709,35.681403187,11.534],[139.782844858,35.681624764,11.564],[139.783006853,35.681863247,11.613],[139.783171073,35.682101974,12.558],[139.783255551,35.682216325,13.407],[139.783326818,35.682283532,13.97],[139.783420499,35.682346913,14.599],[139.783540589,35.682401426,15.311],[139.783662877,35.682434157,15.973],[139.783799612,35.682449588,16.655],[139.783921841,35.682442762,17.117],[139.784018888,35.682426261,17.425],[139.78412331,35.682394206,17.699],[139.784225223,35.68234987,17.947],[139.784314114,35.682292023,18.117],[139.784408661,35.682211211,18.272],[139.784506011,35.682101229,18.376],[139.784563459,35.682007599,18.356],[139.784613736,35.681906539,18.28],[139.784694533,35.681696629,17.912],[139.784813948,35.681269966,16.299],[139.784912296,35.680903273,14.879],[139.78499785,35.680630955,14.847],[139.785033041,35.680532281,14.829],[139.785140023,35.680292799,15.035],[139.785209577,35.680169763,15.276],[139.7853014,35.680042219,15.481],[139.785425956,35.679902024,15.509],[139.785563816,35.679764216,15.48],[139.786055232,35.679327351,15.528],[139.786357147,35.679066227,15.896],[139.786474448,35.678969676,16.089],[139.786621659,35.678866037,16.304],[139.786770715,35.678778056,16.525],[139.786884129,35.678727605,16.687],[139.787011712,35.678683234,16.936],[139.78714794,35.678650337,17.192],[139.787293144,35.678633739,17.42],[139.787481005,35.678629046,17.762],[139.787553726,35.678635537,17.853],[139.787670533,35.678654109,17.886],[139.787815341,35.678702068,18.117],[139.787960246,35.678768073,18.537],[139.788132652,35.678847544,19.07],[139.788255172,35.678906697,19.326],[139.788463309,35.679007424,19.69],[139.788904675,35.679217501,19.941],[139.789291367,35.679399804,19.821],[139.789810325,35.679632987,19.665],[139.790111873,35.679757224,19.572],[139.790455495,35.679895647,19.467],[139.790775552,35.680025595,19.395],[139.791161495,35.680184291,19.508],[139.791479954,35.680325187,19.637],[139.792063442,35.680594514,20.103],[139.792478552,35.680783483,20.541],[139.79291417,35.680983367,21.056],[139.793203821,35.681127342,21.356],[139.793464613,35.681275116,21.332],[139.793717961,35.681445067,20.947],[139.794051499,35.68169018,20.374],[139.794056084,35.68169355,20.366]]}},{"type":"Feature","id":384,"properties":{"lane_id":384,"name":"Lane #363","role":2,"role_name":"Secondary","speed_limit":60.0,"priority_offset":0.0,"oneway":"yes","length_m":1407.7},"geometry":{"type":"LineString","coordinates":[[139.777203255,35.671883501,-1.406],[139.777203364,35.671896318,-1.363],[139.777204336,35.672010431,-0.982],[139.777222489,35.672137646,-0.221],[139.777227959,35.67217943,0.13],[139.777239096,35.672295785,1.122],[139.777238405,35.672683927,3.394],[139.777244283,35.67291998,4.847],[139.777280677,35.673067368,5.447],[139.77740016,35.673283585,5.62],[139.77733053,35.673447145,5.659],[139.777255956,35.674041948,0.454],[139.779103058,35.676882251,0.47],[139.779391815,35.676814966,4.315],[139.779551666,35.676771822,4.029],[139.779652165,35.676858987,4.014],[139.779772161,35.677057843,3.256],[139.779940494,35.677324898,0.629],[139.780093766,35.677569845,-1.47],[139.780194568,35.677729831,-1.705],[139.780249152,35.677818486,-1.705],[139.780335227,35.677953882,-1.7],[139.780498276,35.678229183,-1.199],[139.78072593,35.678614325,2.574],[139.780775735,35.678704419,3.478],[139.78079847,35.678745335,3.684],[139.781299783,35.679594081,3.824],[139.781330041,35.679641558,3.822],[139.781616889,35.679539077,3.863],[139.781598749,35.679511347,3.782],[139.781083139,35.678641064,3.769],[139.781055136,35.678597245,3.437],[139.781028093,35.678557997,3.104],[139.780805618,35.678185496,-0.742],[139.780597824,35.677844067,-1.698],[139.78045959,35.677612735,-1.701],[139.7802748,35.67731373,-0.802],[139.78005383,35.67696245,2.861],[139.779976298,35.676831581,3.667],[139.779896505,35.676755058,4.011],[139.779837837,35.676646129,4.006],[139.779898617,35.676510724,4.523]]}},{"type":"Feature","id":385,"properties":{"lane_id":385,"name":"Lane #364","role":2,"role_name":"Secondary","speed_limit":60.0,"priority_offset":0.0,"oneway":"yes","length_m":215.0},"geometry":{"type":"LineString","coordinates":[[139.77706727,35.671543353,-2.166],[139.777070328,35.671561054,-2.151],[139.777102741,35.671748631,-1.998],[139.777170087,35.671969928,-1.344],[139.777182998,35.672113294,-0.748],[139.777189367,35.672161113,-0.324],[139.777198888,35.672297053,0.936],[139.777201841,35.672690788,3.432],[139.777202607,35.672899891,4.638],[139.777252512,35.673078399,5.44],[139.777359607,35.67328155,5.586],[139.777297287,35.673434715,5.57]]}},{"type":"Feature","id":386,"properties":{"lane_id":386,"name":"Lane #365","role":2,"role_name":"Secondary","speed_limit":60.0,"priority_offset":0.0,"oneway":"yes","length_m":818.7},"geometry":{"type":"LineString","coordinates":[[139.778883606,35.675235193,-1.532],[139.778855534,35.675212155,-1.515],[139.778851676,35.675208989,-1.513],[139.778723084,35.675026055,-1.496],[139.778631269,35.674902098,-1.476],[139.778605006,35.67486642,-1.473],[139.778457348,35.674666379,-0.341],[139.778350091,35.674506315,1.513],[139.778258805,35.674364076,3.144],[139.778077228,35.674067555,6.495],[139.777777822,35.673585603,11.487],[139.777647865,35.673378579,11.4],[139.777583393,35.673269317,11.879],[139.777498842,35.673139461,12.097],[139.777379752,35.672953715,12.407],[139.777290581,35.672825148,12.561],[139.777185723,35.672692954,12.545],[139.777098998,35.672622866,12.513],[139.776985136,35.672560598,12.414],[139.776829558,35.672517924,12.396],[139.776721829,35.672506901,12.442],[139.776582176,35.672520025,12.498],[139.776434755,35.672561769,12.643],[139.776302193,35.672611115,12.66],[139.776018611,35.672727975,12.574],[139.775661545,35.672875042,12.456],[139.775295123,35.673021891,12.375],[139.774988919,35.673138373,12.34],[139.774690605,35.673247723,12.328],[139.774374087,35.673355595,12.339],[139.774085869,35.673449624,12.352],[139.773839871,35.673519041,12.387],[139.773566628,35.673582576,12.456],[139.773421602,35.673610495,12.5],[139.773208705,35.673646015,12.562],[139.772935858,35.673693326,12.604],[139.772707983,35.673741092,12.595],[139.772477544,35.673798921,12.548],[139.77223852,35.673872655,12.435],[139.77211948,35.67390874,12.319],[139.772106295,35.673912736,12.306]]}},{"type":"Feature","id":387,"properties":{"lane_id":387,"name":"Lane #366","role":2,"role_name":"Secondary","speed_limit":60.0,"priority_offset":0.0,"oneway":"yes","length_m":1351.5},"geometry":{"type":"LineString","coordinates":[[139.782117839,35.680767219,11.299],[139.782122146,35.680772652,11.301],[139.78214103,35.680796476,11.306],[139.782207661,35.680875332,11.325],[139.782344692,35.681022931,11.38],[139.782432218,35.681115025,11.417],[139.782553684,35.681259001,11.458],[139.782677976,35.681434435,11.488],[139.782849053,35.681690287,11.524],[139.783079331,35.682029715,11.953],[139.783197565,35.682197903,13.148],[139.783266127,35.682271592,13.753],[139.783344989,35.682338141,14.361],[139.783437508,35.682391575,14.964],[139.783543265,35.682436753,15.608],[139.783659028,35.68246458,16.238],[139.783775067,35.682481914,16.868],[139.783892236,35.68247987,17.354],[139.784008304,35.682459737,17.703],[139.784115701,35.682432016,17.997],[139.784218515,35.682385644,18.171],[139.784323466,35.682325561,18.36],[139.784419706,35.682247503,18.48],[139.784497414,35.68216662,18.541],[139.784571767,35.682065261,18.526],[139.784621119,35.681977053,18.451],[139.784667053,35.681883827,18.332],[139.784745605,35.681652459,17.768],[139.784856069,35.681256702,16.158],[139.784948539,35.680918572,14.837],[139.785020682,35.680674046,14.688],[139.785071944,35.680529018,14.581],[139.785162885,35.680330082,14.723],[139.785234456,35.680190607,15.111],[139.785339247,35.680053553,15.427],[139.785466844,35.679907077,15.458],[139.785570394,35.679803982,15.434],[139.785807249,35.679589809,15.393],[139.786130105,35.679306841,15.501],[139.786390334,35.679080473,15.857],[139.786503605,35.678988967,15.976],[139.786622174,35.67890489,16.077],[139.786723065,35.678841131,16.169],[139.786819691,35.678789189,16.258],[139.78694321,35.678739554,16.424],[139.78702109,35.67871306,16.588],[139.787151832,35.678681786,16.834],[139.787306158,35.678662452,17.107],[139.78748172,35.67866218,17.4],[139.787660821,35.678686164,17.572],[139.787819964,35.678739176,17.96],[139.788012319,35.678836034,18.699],[139.788202155,35.678939463,19.196],[139.788377158,35.679023609,19.549],[139.788694936,35.679170945,21.011],[139.789080441,35.679356713,23.247],[139.789373369,35.679491249,24.933],[139.78957603,35.679568991,26.074],[139.789760515,35.679636163,27.104],[139.789974917,35.679703598,28.058],[139.790128661,35.679741969,28.605],[139.790323643,35.679779849,29.224],[139.790525797,35.679810527,29.813],[139.790697172,35.679824282,30.172],[139.790829611,35.679826177,30.371],[139.790980959,35.67981415,30.491],[139.79112448,35.679789806,30.617],[139.791256818,35.679746899,30.678],[139.791345922,35.6797103,30.738],[139.791440038,35.67966234,30.807],[139.791538094,35.679600722,30.875],[139.791638165,35.679523909,30.885],[139.791752116,35.67941541,30.746],[139.791856548,35.679296138,30.433],[139.792030983,35.679079657,29.835],[139.792263543,35.678793122,29.101],[139.792271449,35.678783381,29.076]]}},{"type":"Feature","id":388,"properties":{"lane_id":388,"name":"Lane #366","role":1,"role_name":"Parking","speed_limit":40.0,"priority_offset":0.0,"oneway":"yes","length_m":880.0},"geometry":{"type":"LineString","coordinates":[[139.78305802,35.682242379,11.605],[139.78306046,35.682250615,11.615],[139.783082465,35.682324894,11.71],[139.783093524,35.682368704,11.784],[139.783074295,35.6826251,12.705],[139.782883421,35.682838598,14.39],[139.782617369,35.682970529,16.182],[139.78216742,35.6830798,18.512],[139.781801287,35.683234829,17.127],[139.781618445,35.683407921,15.685],[139.781501913,35.683702583,13.321],[139.78145747,35.684174906,10.724],[139.781362988,35.68530234,10.321],[139.781528545,35.685281847,10.374],[139.781636071,35.684115674,11.007],[139.78172039,35.683558186,14.009],[139.781872092,35.683315379,15.972],[139.782135569,35.683175255,17.523],[139.78271272,35.683023708,19.474],[139.782848297,35.682955265,19.952],[139.783072132,35.682785779,20.823],[139.783180942,35.682590914,20.992],[139.783173206,35.682302112,19.235],[139.783056863,35.682079324,18.682],[139.782984837,35.681978043,18.656],[139.782976784,35.681966719,18.653]]}},{"type":"Feature","id":389,"properties":{"lane_id":389,"name":"Lane #367","role":1,"role_name":"Parking","speed_limit":40.0,"priority_offset":0.0,"oneway":"yes","length_m":635.7},"geometry":{"type":"LineString","coordinates":[[139.779382609,35.682693825,13.78],[139.779403439,35.68269538,13.742],[139.779637708,35.682712879,13.311],[139.779963483,35.682754592,13.055],[139.78000734,35.682760321,13.048],[139.780215423,35.682798517,12.665],[139.780338564,35.682818851,11.864],[139.780865058,35.682904384,7.923],[139.781171846,35.68297295,5.649],[139.781316414,35.68310146,4.515],[139.781341971,35.683277157,4.402],[139.78161134,35.68334882,-4.797],[139.78176219,35.682143662,-11.824],[139.781424113,35.682253793,3.885],[139.781410484,35.682410593,4.726],[139.781305129,35.682553736,4.096],[139.781141874,35.682602572,5.263],[139.780864901,35.682578307,7.52],[139.780342588,35.682511338,11.457],[139.78021224,35.682494591,11.895],[139.780077617,35.682482178,12.211],[139.779959906,35.682470712,12.567],[139.779852199,35.682461755,12.958],[139.779704373,35.682463431,13.439],[139.779443996,35.682454553,14.112],[139.779210163,35.68245822,14.043],[139.779145275,35.682468606,13.973],[139.779125248,35.682489251,13.918],[139.779116425,35.682498345,13.894]]}},{"type":"Feature","id":390,"properties":{"lane_id":390,"name":"Lane #368","role":1,"role_name":"Parking","speed_limit":40.0,"priority_offset":0.0,"oneway":"yes","length_m":653.7},"geometry":{"type":"LineString","coordinates":[[139.779626884,35.68251668,13.394],[139.779611144,35.682517663,13.406],[139.779073164,35.682551262,13.823],[139.778682687,35.68260802,13.75],[139.778135667,35.68270651,13.075],[139.777834095,35.682764725,12.702],[139.777587285,35.682826229,12.429],[139.777520892,35.682839976,12.394],[139.777395208,35.682863293,12.185],[139.777273831,35.682888558,11.55],[139.776557259,35.68301326,6.229],[139.776408856,35.683000382,5.164],[139.776262516,35.682914007,4.441],[139.776189382,35.682802359,3.526],[139.776085473,35.682621469,-7.353],[139.775905051,35.683418307,-4.515],[139.776279282,35.683192133,4.662],[139.776416659,35.683115566,5.81],[139.777201814,35.68298882,10.348],[139.77743602,35.68294751,11.102],[139.777536005,35.682929201,11.282],[139.777693425,35.682895717,11.613],[139.778093481,35.682836539,12.409],[139.778107198,35.68283451,12.437]]}},{"type":"Feature","id":392,"properties":{"lane_id":392,"name":"Lane #370","role":1,"role_name":"Parking","speed_limit":40.0,"priority_offset":0.0,"oneway":"yes","length_m":504.4},"geometry":{"type":"LineString","coordinates":[[139.77144548,35.687277747,12.585],[139.771416261,35.687282862,12.584],[139.770915093,35.687370587,12.582],[139.770541788,35.687441031,12.589],[139.770467446,35.687453505,12.587],[139.770270476,35.687488797,12.556],[139.770105762,35.687517194,11.924],[139.769292832,35.68765752,6.103],[139.769022935,35.6876473,5.382],[139.768712667,35.687747887,5.013],[139.768408196,35.68797843,6.502],[139.768248771,35.688129353,8.308],[139.768107591,35.688251572,9.69],[139.767796233,35.688518504,10.935],[139.767544004,35.688664041,11.653],[139.767415755,35.688735002,12.004],[139.766938779,35.688902181,12.329],[139.76670342,35.688993144,12.779],[139.766580139,35.689040621,12.919],[139.76656401,35.689081766,12.645],[139.766560273,35.6890913,12.581]]}},{"type":"Feature","id":393,"properties":{"lane_id":393,"name":"Lane #371","role":1,"role_name":"Parking","speed_limit":40.0,"priority_offset":0.0,"oneway":"yes","length_m":547.8},"geometry":{"type":"LineString","coordinates":[[139.766607423,35.689193597,11.837],[139.766629025,35.689184524,11.835],[139.766788568,35.689117513,11.817],[139.767048382,35.689038367,12.066],[139.767433479,35.688923744,12.185],[139.767814527,35.688780497,12.998],[139.767924488,35.68872723,13.178],[139.768077905,35.688626828,12.831],[139.768252299,35.688485142,11.634],[139.76840085,35.688373195,10.242],[139.768575928,35.688323674,8.888],[139.768733947,35.688389679,7.37],[139.768765827,35.688511451,5.791],[139.768663116,35.688641354,5.01],[139.768649138,35.688659032,4.904],[139.768674929,35.688676306,4.87],[139.768808277,35.688765619,4.698],[139.769248926,35.688059207,5.462],[139.769372965,35.687924224,6.138],[139.769455497,35.687888098,6.702],[139.770106677,35.687773055,11.575],[139.770247614,35.687748422,12.295],[139.770385616,35.687724981,12.568],[139.770559514,35.687693742,12.581],[139.770650307,35.687676925,12.582],[139.771132244,35.687591059,12.582],[139.771151322,35.687573913,12.606],[139.771157096,35.687568724,12.613]]}},{"type":"Feature","id":394,"properties":{"lane_id":394,"name":"Lane #372","role":2,"role_name":"Secondary","speed_limit":60.0,"priority_offset":0.0,"oneway":"yes","length_m":1053.7},"geometry":{"type":"LineString","coordinates":[[139.765659778,35.689597416,12.264],[139.76563427,35.689605832,12.28],[139.765366584,35.689694143,12.445],[139.76500144,35.689752866,12.261],[139.764609486,35.689770499,12.286],[139.764088998,35.689768911,12.466],[139.763901225,35.689770262,12.627],[139.763534742,35.689789711,12.865],[139.763130242,35.689861339,12.97],[139.762722359,35.690015719,12.995],[139.762257354,35.69031532,13.047],[139.761622274,35.690901897,13.085],[139.760780262,35.69173423,13.045],[139.7608329,35.691768075,13.018],[139.761806056,35.690803048,13.263],[139.762351729,35.69032289,17.325],[139.762825361,35.690052362,19.638],[139.763407096,35.689910536,20.396],[139.763821324,35.689891017,20.022],[139.764376556,35.689887692,17.96],[139.76454207,35.689884402,17.352],[139.764771647,35.689878639,16.539],[139.765107114,35.689852786,15.343],[139.765390194,35.689811704,14.424],[139.765480758,35.689782316,13.984],[139.76550581,35.68974715,13.554],[139.7655117,35.689738883,13.453]]}},{"type":"Feature","id":395,"properties":{"lane_id":395,"name":"Lane #373","role":3,"role_name":"Main","speed_limit":80.0,"priority_offset":0.0,"oneway":"yes","length_m":909.7},"geometry":{"type":"LineString","coordinates":[[139.764992021,35.689690651,12.154],[139.76497717,35.689692249,12.157],[139.764730029,35.689718837,12.2],[139.764428654,35.689732154,12.221],[139.764049167,35.689735032,12.443],[139.763905389,35.689737576,12.571],[139.763538329,35.689761305,12.927],[139.763115621,35.689827696,13.272],[139.762673509,35.690005051,13.217],[139.76222403,35.690299476,13.164],[139.761581052,35.690895011,13.005],[139.761020239,35.691452774,13.072],[139.760968893,35.691503841,13.078],[139.76031751,35.692151682,13.155],[139.760444185,35.692161638,13.013],[139.760970873,35.691712536,13.073],[139.761480208,35.691438252,12.632],[139.761815959,35.69121664,10.374],[139.762582624,35.690408239,3.891],[139.762862394,35.690218909,3.646],[139.76342938,35.690190705,2.851]]}},{"type":"Feature","id":396,"properties":{"lane_id":396,"name":"Lane #374","role":3,"role_name":"Main","speed_limit":80.0,"priority_offset":0.0,"oneway":"yes","length_m":807.3},"geometry":{"type":"LineString","coordinates":[[139.7686454,35.688658742,4.785],[139.768521775,35.688804709,-11.731],[139.763662893,35.689483741,-19.487],[139.763427718,35.68948732,1.254],[139.763280481,35.689534903,4.267],[139.762745352,35.689739453,5.798],[139.762284164,35.690129394,7.139],[139.761610038,35.690790556,12.633],[139.760986464,35.691430892,13.018],[139.760988133,35.691456606,13.097],[139.760989635,35.691479747,13.169]]}},{"type":"Feature","id":397,"properties":{"lane_id":397,"name":"Lane #375","role":2,"role_name":"Secondary","speed_limit":60.0,"priority_offset":0.0,"oneway":"yes","length_m":1048.7},"geometry":{"type":"LineString","coordinates":[[139.757182693,35.688777699,11.678],[139.757199948,35.688785503,11.736],[139.757660302,35.688993732,13.267],[139.758075344,35.689196782,15.351],[139.758388874,35.6893313,16.909],[139.758477155,35.689371312,17.355],[139.758652277,35.689438922,18.222],[139.758851937,35.689518147,18.683],[139.759327593,35.689701003,17.942],[139.759941374,35.689944994,16.429],[139.760258201,35.690178248,15.355],[139.760451751,35.690563487,14.152],[139.760541014,35.6914169,12.244],[139.760436862,35.691786041,12.792],[139.760110995,35.692249575,12.622],[139.759952568,35.692427263,22.618],[139.760227058,35.692256514,22.523],[139.760450101,35.692023585,22.26],[139.760608214,35.691727738,21.103],[139.760660224,35.691431419,19.248],[139.760624372,35.691110114,17.418],[139.760529459,35.690467901,14.558],[139.760446936,35.690222111,14.985],[139.760347555,35.690061897,15.337],[139.760175681,35.689900087,15.716],[139.759969266,35.689784863,16.129],[139.759967264,35.689783746,16.133],[139.759945738,35.689775318,16.153],[139.75976781,35.689705661,16.324],[139.759448448,35.689580485,16.317],[139.758783997,35.689325975,16.257],[139.758762521,35.689292984,16.216],[139.758754341,35.689280419,16.201]]}},{"type":"Feature","id":398,"properties":{"lane_id":398,"name":"Lane #376","role":3,"role_name":"Main","speed_limit":80.0,"priority_offset":0.0,"oneway":"yes","length_m":871.5},"geometry":{"type":"LineString","coordinates":[[139.757889604,35.68906136,14.381],[139.757900417,35.689066815,14.435],[139.758220797,35.689228442,16.046],[139.758453706,35.689326116,17.204],[139.758498245,35.689343749,17.429],[139.758662816,35.689409078,18.248],[139.758855609,35.689487215,18.763],[139.759351097,35.689677676,17.975],[139.75997582,35.689930186,16.559],[139.760280671,35.690160685,15.691],[139.760480713,35.690548758,14.325],[139.760584117,35.691339508,12.612],[139.76051792,35.691699131,12.801],[139.760150447,35.692279972,14.645],[139.759957176,35.692463836,22.075],[139.760253576,35.69228034,22.533],[139.760515621,35.691991494,22.494],[139.760644969,35.691743731,21.27],[139.760695948,35.691437059,19.547],[139.760663972,35.691116431,17.432],[139.76056059,35.690470743,14.607],[139.760495929,35.690239674,15.017],[139.760393478,35.69006495,15.348],[139.760231778,35.689898193,15.701],[139.760048635,35.689783974,16.068],[139.759973224,35.689779011,16.122],[139.759969453,35.689778763,16.124]]}},{"type":"Feature","id":399,"properties":{"lane_id":399,"name":"Lane #377","role":1,"role_name":"Parking","speed_limit":40.0,"priority_offset":0.0,"oneway":"yes","length_m":531.7},"geometry":{"type":"LineString","coordinates":[[139.759501434,35.689508708,16.179],[139.759455937,35.689488674,16.17],[139.759284347,35.689413113,16.139],[139.758968845,35.689280858,16.093],[139.758853391,35.689232583,16.076],[139.758550523,35.689125487,16.064],[139.758351103,35.689058789,15.936],[139.758311964,35.689045972,15.863],[139.758149816,35.688962387,15.37],[139.758051845,35.688826237,14.643],[139.758049438,35.688632293,13.914],[139.758175988,35.688402031,13.679],[139.758316991,35.68828211,13.614],[139.758164448,35.688215894,13.601],[139.757916946,35.688503301,16.128],[139.757732665,35.688778085,20.011],[139.757496072,35.689071352,20.122],[139.757209359,35.689417877,20.889],[139.757115978,35.689371698,20.749],[139.757367323,35.689040183,20.077],[139.757623804,35.688735836,20.059],[139.757860752,35.688435402,16.034]]}},{"type":"Feature","id":400,"properties":{"lane_id":400,"name":"Lane #378","role":1,"role_name":"Parking","speed_limit":40.0,"priority_offset":0.0,"oneway":"yes","length_m":587.4},"geometry":{"type":"LineString","coordinates":[[139.753682633,35.687950752,19.049],[139.753704135,35.687950343,19.042],[139.753975521,35.687945173,18.949],[139.754309556,35.68792311,18.059],[139.754427176,35.687923013,17.475],[139.754681298,35.687930374,16.66],[139.755140378,35.68800351,18.32],[139.755697492,35.688140012,19.608],[139.756248515,35.688235791,19.977],[139.756317412,35.687698646,19.959],[139.755669275,35.687868088,16.767],[139.755395048,35.687748492,14.333],[139.755050153,35.687670495,13.206],[139.754808958,35.687669697,14.059],[139.754520145,35.687700839,16.35],[139.754254132,35.68773221,18.105],[139.754087529,35.687747676,18.67],[139.753991042,35.687756361,18.848],[139.753755695,35.68778245,18.957],[139.753450163,35.687825866,18.975],[139.753274311,35.68785943,18.995],[139.753231652,35.687888755,19.035],[139.753222118,35.68789531,19.044]]}},{"type":"Feature","id":401,"properties":{"lane_id":401,"name":"Lane #379","role":1,"role_name":"Parking","speed_limit":40.0,"priority_offset":0.0,"oneway":"yes","length_m":769.6},"geometry":{"type":"LineString","coordinates":[[139.740840409,35.676778086,10.299],[139.740831903,35.676782644,10.297],[139.740717903,35.676843731,10.271],[139.739937222,35.676916245,10.309],[139.739975832,35.677037175,10.305],[139.74068946,35.677046914,10.335],[139.740714506,35.677047256,10.336],[139.740937471,35.677050299,10.345],[139.741420504,35.677129033,13.513],[139.741728923,35.677161237,16.212],[139.741806918,35.677169123,16.568],[139.743600993,35.677292378,27.531],[139.744256594,35.677257805,28.925],[139.743594885,35.677101109,27.343],[139.741888636,35.67692729,16.883],[139.741447501,35.676839073,12.396],[139.741269866,35.67671716,10.468],[139.741254873,35.67670687,10.306]]}},{"type":"Feature","id":402,"properties":{"lane_id":402,"name":"Lane #380","role":3,"role_name":"Main","speed_limit":80.0,"priority_offset":0.0,"oneway":"yes","length_m":886.9},"geometry":{"type":"LineString","coordinates":[[139.737262579,35.677456513,14.353],[139.736806588,35.67836243,21.333],[139.736338469,35.678846649,24.799],[139.735284559,35.67959709,29.185],[139.734686838,35.680402386,29.314],[139.734613979,35.680645895,29.355],[139.735442231,35.679664893,29.086],[139.736486661,35.678920655,24.507],[139.736940213,35.678411152,21.261],[139.73738896,35.677497349,14.278],[139.737332771,35.67747855,14.325],[139.737263466,35.677455363,14.383]]}},{"type":"Feature","id":403,"properties":{"lane_id":403,"name":"Lane #381","role":3,"role_name":"Main","speed_limit":80.0,"priority_offset":0.0,"oneway":"yes","length_m":852.8},"geometry":{"type":"LineString","coordinates":[[139.737298456,35.677490585,14.545],[139.736832766,35.678417153,21.556],[139.73637843,35.678885117,24.861],[139.735319683,35.679632399,29.143],[139.734763749,35.680358005,29.415],[139.734655922,35.68057417,29.257],[139.735374643,35.679653375,29.118],[139.736438241,35.678905057,24.726],[139.736882065,35.678423066,21.484],[139.737311238,35.677534641,14.519],[139.737305047,35.677505418,14.543],[139.73730197,35.677490892,14.554]]}},{"type":"Feature","id":404,"properties":{"lane_id":404,"name":"Lane #383","role":1,"role_name":"Parking","speed_limit":40.0,"priority_offset":0.0,"oneway":"yes","length_m":681.3},"geometry":{"type":"LineString","coordinates":[[139.718297732,35.67931178,31.878],[139.718323984,35.679309772,31.778],[139.718632837,35.679286155,30.606],[139.718823075,35.679279382,29.876],[139.719113629,35.679249301,28.83],[139.719441165,35.679197526,27.724],[139.719995786,35.679109624,29.523],[139.720540211,35.679025759,34.074],[139.721150914,35.678932866,39.036],[139.721665626,35.67885765,39.931],[139.721975182,35.678799058,38.614],[139.722369955,35.678607307,35.833],[139.722640232,35.678346323,33.445],[139.723209989,35.677801345,33.394],[139.721207413,35.678086339,26.063]]}},{"type":"Feature","id":405,"properties":{"lane_id":405,"name":"Lane #385","role":2,"role_name":"Secondary","speed_limit":60.0,"priority_offset":0.0,"oneway":"yes","length_m":220.5},"geometry":{"type":"LineString","coordinates":[[139.726044878,35.678175425,27.246],[139.726030428,35.678174568,27.238],[139.725826939,35.678162503,27.126],[139.725617306,35.678172705,26.839],[139.72528916,35.678213252,27.068],[139.724996478,35.678244088,28.831],[139.724833604,35.678254273,30.212],[139.724754795,35.678247719,30.915],[139.724678487,35.678225727,31.607],[139.724595328,35.678181767,32.35],[139.724493706,35.678092103,33.148],[139.724457593,35.677994306,33.492],[139.724447249,35.677881938,33.559],[139.724565637,35.677573109,32.843],[139.724610061,35.677460285,32.781]]}},{"type":"Feature","id":406,"properties":{"lane_id":406,"name":"Lane #386","role":1,"role_name":"Parking","speed_limit":40.0,"priority_offset":0.0,"oneway":"yes","length_m":568.1},"geometry":{"type":"LineString","coordinates":[[139.721173592,35.678076453,26.033],[139.718346979,35.678859676,19.829],[139.717791953,35.679011766,25.427],[139.717419964,35.6791128,27.137],[139.716974083,35.679239897,31.512],[139.716533464,35.679363248,35.932],[139.716212151,35.679444789,38.718],[139.715822254,35.679503644,39.102],[139.715575889,35.679542261,39.131],[139.7152372,35.679611152,39.251],[139.715220732,35.679627955,39.275],[139.715212026,35.679636838,39.288]]}},{"type":"Feature","id":407,"properties":{"lane_id":407,"name":"Lane #387","role":1,"role_name":"Parking","speed_limit":40.0,"priority_offset":0.0,"oneway":"yes","length_m":250.8},"geometry":{"type":"LineString","coordinates":[[139.726438254,35.678169214,27.443],[139.726419752,35.678166167,27.464],[139.726286382,35.678144203,27.61],[139.725910784,35.678133062,27.349],[139.725681851,35.678139326,26.998],[139.725466081,35.678156353,26.66],[139.725098971,35.67820119,28.009],[139.724871282,35.678220437,29.815],[139.724777838,35.678220077,30.712],[139.724699569,35.678204795,31.483],[139.724614487,35.678165863,32.291],[139.72454063,35.678103639,32.945],[139.724489426,35.678016606,33.384],[139.724479128,35.677894808,33.523],[139.724536612,35.67774106,33.166],[139.72459542,35.677589338,32.804],[139.724646074,35.677470742,32.726]]}},{"type":"Feature","id":408,"properties":{"lane_id":408,"name":"Lane #388","role":1,"role_name":"Parking","speed_limit":40.0,"priority_offset":0.0,"oneway":"yes","length_m":733.4},"geometry":{"type":"LineString","coordinates":[[139.701039141,35.679040242,36.455],[139.70102239,35.679026402,36.477],[139.700912618,35.678935708,36.62],[139.70075622,35.678803444,37.253],[139.700572899,35.678656223,38.475],[139.700470651,35.678583595,39.158],[139.700344489,35.678517458,39.684],[139.700150993,35.678433724,39.773],[139.699916273,35.678366632,37.899],[139.69955751,35.678294109,34.263],[139.699272993,35.678241544,31.404],[139.699004103,35.678168047,29.231],[139.698796743,35.678059241,28.328],[139.698644721,35.677934302,28.282],[139.698604008,35.677870552,28.217],[139.69847872,35.677671274,28.432],[139.698435748,35.677582969,28.51],[139.698326951,35.677232294,28.378],[139.698244539,35.676985908,28.256],[139.698160649,35.676999707,28.205],[139.69812682,35.677009278,28.217],[139.69823519,35.677337109,28.644],[139.698314317,35.677562003,28.939],[139.698391065,35.677753631,29.164],[139.698454321,35.677875806,29.264],[139.698638118,35.678111894,29.3],[139.698746191,35.678240491,29.729],[139.698872865,35.678342674,30.432],[139.698993875,35.678414302,31.266],[139.699161359,35.67847349,32.278],[139.699418467,35.678532065,33.706],[139.699603768,35.67856676,34.759],[139.699846888,35.67861665,36.139],[139.700064514,35.678681611,37.421],[139.700193696,35.678731237,37.652],[139.700309625,35.678791829,37.404],[139.700490643,35.678875862,37.187],[139.700727576,35.678999064,36.691],[139.700753042,35.678997522,36.692],[139.700771611,35.678996397,36.693]]}},{"type":"Feature","id":409,"properties":{"lane_id":409,"name":"Lane #389","role":2,"role_name":"Secondary","speed_limit":60.0,"priority_offset":0.0,"oneway":"yes","length_m":325.4},"geometry":{"type":"LineString","coordinates":[[139.700709855,35.678825183,37.256],[139.700698922,35.678815086,37.329],[139.700567903,35.678694085,38.203],[139.700411764,35.678586753,39.131],[139.700263561,35.678512221,39.711],[139.700097426,35.678448813,39.425],[139.699904561,35.678396511,37.77],[139.699556205,35.678327462,34.483],[139.69921354,35.678262106,31.324],[139.699018906,35.678206953,29.769],[139.698877569,35.678143291,28.965],[139.698751634,35.678071286,28.665],[139.698641214,35.677969866,28.555],[139.698547204,35.677864806,28.587],[139.698477517,35.677741507,28.526],[139.6983992,35.677561433,28.509],[139.6982317,35.677047439,28.256]]}},{"type":"Feature","id":410,"properties":{"lane_id":410,"name":"Lane #390","role":1,"role_name":"Parking","speed_limit":40.0,"priority_offset":0.0,"oneway":"yes","length_m":338.6},"geometry":{"type":"LineString","coordinates":[[139.694276204,35.692073395,32.668],[139.694280532,35.692055486,32.737],[139.694590602,35.690772414,37.654],[139.694845028,35.689704275,35.548],[139.694995669,35.689104571,34.587],[139.694999511,35.689089274,34.562]]}},{"type":"Feature","id":411,"properties":{"lane_id":411,"name":"Lane #391","role":1,"role_name":"Parking","speed_limit":40.0,"priority_offset":0.0,"oneway":"yes","length_m":322.0},"geometry":{"type":"LineString","coordinates":[[139.694271856,35.691923849,33.209],[139.694276384,35.691905455,33.251],[139.694687201,35.69023677,37.095],[139.694957229,35.689098859,34.594],[139.694960336,35.689085765,34.565]]}},{"type":"Feature","id":412,"properties":{"lane_id":412,"name":"Lane #392","role":2,"role_name":"Secondary","speed_limit":60.0,"priority_offset":0.0,"oneway":"yes","length_m":314.1},"geometry":{"type":"LineString","coordinates":[[139.694258148,35.691855686,33.451],[139.694264106,35.691830897,33.517],[139.694619656,35.690351436,37.472],[139.694699301,35.690025844,36.723],[139.69470959,35.689983784,36.626],[139.694927149,35.68909439,34.58],[139.694928935,35.68908709,34.563]]}},{"type":"Feature","id":413,"properties":{"lane_id":413,"name":"Lane #393","role":2,"role_name":"Secondary","speed_limit":60.0,"priority_offset":0.0,"oneway":"yes","length_m":104.2},"geometry":{"type":"LineString","coordinates":[[139.694699975,35.690002937,36.318],[139.694700824,35.68998803,36.278],[139.694709205,35.689840864,35.882],[139.694889653,35.689088818,34.577],[139.694891394,35.689081563,34.564]]}},{"type":"Feature","id":414,"properties":{"lane_id":414,"name":"Lane #394","role":2,"role_name":"Secondary","speed_limit":60.0,"priority_offset":0.0,"oneway":"yes","length_m":315.3},"geometry":{"type":"LineString","coordinates":[[139.694842774,35.689060807,34.57],[139.694837785,35.689081111,34.616],[139.694527,35.690346067,37.496],[139.694356679,35.691085525,36.354],[139.694178752,35.691818891,33.547],[139.694173562,35.691840282,33.465]]}},{"type":"Feature","id":415,"properties":{"lane_id":415,"name":"Lane #395","role":2,"role_name":"Secondary","speed_limit":60.0,"priority_offset":0.0,"oneway":"yes","length_m":322.6},"geometry":{"type":"LineString","coordinates":[[139.694809845,35.689052973,34.569],[139.694804232,35.689076125,34.621],[139.694503744,35.690315442,37.417],[139.694317439,35.691067743,36.398],[139.694126071,35.691879172,33.299],[139.694122055,35.691896198,33.234]]}},{"type":"Feature","id":416,"properties":{"lane_id":416,"name":"Lane #396","role":1,"role_name":"Parking","speed_limit":40.0,"priority_offset":0.0,"oneway":"yes","length_m":323.2},"geometry":{"type":"LineString","coordinates":[[139.694780472,35.68904113,34.567],[139.694773035,35.68907149,34.637],[139.694447399,35.690400729,37.685],[139.69409598,35.691873911,33.29],[139.69409204,35.691890426,33.24]]}},{"type":"Feature","id":417,"properties":{"lane_id":417,"name":"Lane #397","role":1,"role_name":"Parking","speed_limit":40.0,"priority_offset":0.0,"oneway":"yes","length_m":340.8},"geometry":{"type":"LineString","coordinates":[[139.694752788,35.68903434,34.564],[139.694744447,35.689067242,34.622],[139.694536138,35.689888981,36.073],[139.694312401,35.690815909,37.299],[139.694027919,35.692017711,32.777],[139.694023206,35.692037621,32.703]]}},{"type":"Feature","id":420,"properties":{"lane_id":420,"name":"Lane #401","role":1,"role_name":"Parking","speed_limit":40.0,"priority_offset":0.0,"oneway":"yes","length_m":128.4},"geometry":{"type":"LineString","coordinates":[[139.702811337,35.69004544,32.522],[139.702819243,35.690043736,32.522],[139.702898809,35.690026588,32.518],[139.702933296,35.690001209,32.522],[139.702946194,35.689964969,32.523],[139.702940665,35.689918413,32.34],[139.702880279,35.689876954,31.571],[139.702845382,35.689870954,31.095],[139.702772604,35.689867971,29.952],[139.702598361,35.689862804,27.497],[139.702519305,35.689857707,26.724],[139.702518139,35.68985754,26.714],[139.702519817,35.689812993,26.7],[139.702522347,35.68981309,26.721],[139.702628069,35.689814862,27.802],[139.702785438,35.689824889,30.098],[139.702871146,35.689834381,31.419],[139.702929029,35.689823477,32.028],[139.702944743,35.68981459,32.187],[139.702965582,35.689758744,32.514],[139.702950909,35.689713705,32.523],[139.70291257,35.68967987,32.521],[139.702883701,35.6896689,32.521],[139.702854854,35.689657938,32.522]]}},{"type":"Feature","id":421,"properties":{"lane_id":421,"name":"Lane #402","role":1,"role_name":"Parking","speed_limit":40.0,"priority_offset":0.0,"oneway":"yes","length_m":345.6},"geometry":{"type":"LineString","coordinates":[[139.702729804,35.689655877,32.518],[139.702721662,35.689657719,32.518],[139.70262761,35.689679001,32.523],[139.702591106,35.689702617,32.521],[139.702585911,35.689728399,32.519],[139.702581627,35.689745743,32.547],[139.702600368,35.689784763,32.827],[139.702638577,35.689806081,33.244],[139.702723546,35.689817169,34.34],[139.702842107,35.689824275,36.005],[139.702928597,35.689828196,37.202],[139.702986675,35.68982588,37.879],[139.703064863,35.689810476,38.602],[139.703127871,35.689775578,39.222],[139.703170148,35.689722434,39.477],[139.703178002,35.68970095,39.478],[139.703137926,35.689638121,39.477],[139.703008814,35.689585135,39.478],[139.702738478,35.689547535,39.478],[139.702627675,35.689565738,39.478],[139.702556268,35.689630805,39.478],[139.702542706,35.68966093,39.463],[139.702515604,35.690036773,39.454],[139.702521802,35.690060582,39.478],[139.702637542,35.690142377,39.478],[139.702976835,35.690158659,39.477],[139.703071595,35.690126464,39.477],[139.70311446,35.690088706,39.477],[139.703145149,35.690036808,39.478],[139.703129743,35.689983971,39.407],[139.70305936,35.689918966,38.632],[139.702959335,35.68988177,37.621],[139.702836588,35.689875138,35.985],[139.702663155,35.689870489,33.597],[139.70259103,35.689891736,32.836],[139.702564031,35.689923186,32.562],[139.702560314,35.689947187,32.52],[139.702571998,35.689967803,32.52],[139.702614485,35.690004332,32.521],[139.702670144,35.690024459,32.522],[139.702696892,35.690034132,32.522]]}},{"type":"Feature","id":422,"properties":{"lane_id":422,"name":"Lane #400","role":2,"role_name":"Secondary","speed_limit":60.0,"priority_offset":0.0,"oneway":"yes","length_m":517.3},"geometry":{"type":"LineString","coordinates":[[139.753551586,35.675700498,5.259],[139.753555516,35.675695001,5.286],[139.753593583,35.675641757,5.549],[139.753702749,35.675470938,6.457],[139.753768798,35.675343622,7.11],[139.753803118,35.675249992,7.579],[139.753829125,35.675138475,8.149],[139.753838617,35.675047775,8.595],[139.753836153,35.674927135,9.15],[139.753799661,35.674740288,10.036],[139.753747675,35.674601769,10.903],[139.753685906,35.674477971,11.6],[139.753630388,35.67437799,11.986],[139.753517202,35.674191011,12.239],[139.753447002,35.674075134,12.278],[139.753317343,35.673864593,13.311],[139.753053856,35.673454137,17.744],[139.752898467,35.673207979,19.161],[139.752862047,35.67322895,19.158],[139.753013175,35.673470647,17.732],[139.753278678,35.673895946,13.209],[139.753402829,35.67410104,12.28],[139.753482316,35.674231839,12.281],[139.753580441,35.674395289,12.166],[139.753630828,35.674499849,11.913],[139.753643044,35.674531667,11.765],[139.753654946,35.674562664,11.621],[139.753699172,35.674677854,11.085],[139.753743764,35.674879307,9.867],[139.753721157,35.674957654,9.123],[139.753718041,35.674968454,9.02]]}},{"type":"Feature","id":423,"properties":{"lane_id":423,"name":"Lane #401","role":3,"role_name":"Main","speed_limit":80.0,"priority_offset":0.0,"oneway":"yes","length_m":435.4},"geometry":{"type":"LineString","coordinates":[[139.753813445,35.675334577,7.558],[139.753815319,35.675328268,7.588],[139.753853753,35.675198848,8.205],[139.753869441,35.675071839,8.788],[139.753869981,35.674924117,9.471],[139.753838747,35.674746718,10.295],[139.753770177,35.674568284,11.256],[139.753693834,35.674424739,11.877],[139.753658573,35.674364655,12.041],[139.753552192,35.674182072,12.214],[139.753482753,35.674067099,12.204],[139.753345911,35.673849925,13.312],[139.75309643,35.673441009,17.668],[139.752918473,35.673180973,19.17],[139.752831758,35.673208382,19.175],[139.752978525,35.673481994,17.739],[139.75324108,35.673905113,13.197],[139.753369221,35.674112014,12.22],[139.753446173,35.67424262,12.203],[139.753547069,35.674408395,12.119],[139.753606103,35.674525386,11.786],[139.753629503,35.674540066,11.751],[139.753648001,35.674551669,11.723]]}},{"type":"Feature","id":424,"properties":{"lane_id":424,"name":"Lane #402","role":3,"role_name":"Main","speed_limit":80.0,"priority_offset":0.0,"oneway":"yes","length_m":245.5},"geometry":{"type":"LineString","coordinates":[[139.754360173,35.675286556,10.928],[139.753385616,35.676066674,11.155],[139.752982719,35.676488495,10.666],[139.752623642,35.676965424,11.069]]}},{"type":"Feature","id":425,"properties":{"lane_id":425,"name":"Lane #403","role":2,"role_name":"Secondary","speed_limit":60.0,"priority_offset":0.0,"oneway":"yes","length_m":453.9},"geometry":{"type":"LineString","coordinates":[[139.749425716,35.67051673,7.103],[139.749441716,35.67051968,7.07],[139.74958358,35.670545833,6.784],[139.749909405,35.670615676,6.146],[139.750038343,35.670643621,5.946],[139.750249154,35.670705266,5.617],[139.750386136,35.670749462,5.397],[139.750546076,35.670809422,5.151],[139.75074536,35.670902302,5.212],[139.750913699,35.671002765,6.056],[139.751132891,35.671169966,8.17],[139.751587699,35.671607875,13.211],[139.751632118,35.671580176,13.183],[139.751154405,35.671127274,8.011],[139.750941072,35.670969824,6.023],[139.750790231,35.670878677,5.301],[139.750649883,35.670810308,5.101],[139.750410758,35.67071217,5.385],[139.750269926,35.670662372,5.608],[139.750149869,35.670623746,5.789],[139.749977372,35.670573861,6.048],[139.749816234,35.67053149,6.345],[139.749776058,35.670503499,6.403],[139.749772232,35.670500834,6.409]]}},{"type":"Feature","id":426,"properties":{"lane_id":426,"name":"Lane #404","role":3,"role_name":"Main","speed_limit":80.0,"priority_offset":0.0,"oneway":"yes","length_m":405.4},"geometry":{"type":"LineString","coordinates":[[139.749709091,35.670599837,6.462],[139.749723722,35.670603121,6.434],[139.749879853,35.670638173,6.128],[139.750058397,35.670679886,5.846],[139.750210673,35.670723701,5.61],[139.750378414,35.67077835,5.337],[139.750528112,35.670838332,5.084],[139.750719498,35.670923659,5.174],[139.750884122,35.671021955,5.946],[139.751103357,35.671189928,8.088],[139.751589663,35.671627934,13.423],[139.751658209,35.671581321,13.413],[139.751187111,35.67111205,8.015],[139.750975566,35.670954591,6.044],[139.750819569,35.670858373,5.244],[139.750676815,35.670790048,5.038],[139.750424738,35.670686045,5.333],[139.750264416,35.670629734,5.585],[139.750105584,35.670578072,5.817],[139.750081811,35.670554248,5.831],[139.750076683,35.670549109,5.834]]}},{"type":"Feature","id":427,"properties":{"lane_id":427,"name":"Lane #405","role":1,"role_name":"Parking","speed_limit":40.0,"priority_offset":0.0,"oneway":"yes","length_m":381.6},"geometry":{"type":"LineString","coordinates":[[139.747516822,35.66975395,7.546],[139.747524504,35.669760342,7.594],[139.74788724,35.670062126,9.864],[139.748170054,35.670244363,12.482],[139.748374967,35.670338835,13.737],[139.748636832,35.670421683,14.324],[139.748950622,35.670483425,14.439],[139.749178622,35.670515787,14.429],[139.749271619,35.67045616,14.349],[139.749269772,35.670376154,14.307],[139.748830249,35.670274769,14.023],[139.74853342,35.670189079,12.777],[139.748325948,35.670096072,11.349],[139.748071601,35.669941175,9.354],[139.747666884,35.669665562,7.547],[139.747525352,35.669743575,7.57],[139.74751576,35.669748862,7.572]]}},{"type":"Feature","id":428,"properties":{"lane_id":428,"name":"Lane #407","role":1,"role_name":"Parking","speed_limit":40.0,"priority_offset":0.0,"oneway":"yes","length_m":420.2},"geometry":{"type":"LineString","coordinates":[[139.747459352,35.669749126,7.579],[139.747479908,35.669767293,7.699],[139.74784976,35.67009416,9.859],[139.748131118,35.670277739,12.403],[139.748353582,35.670380255,13.767],[139.748615238,35.670464208,14.289],[139.748927001,35.670526915,14.415],[139.749235303,35.670571462,14.407],[139.74934761,35.670465454,14.342],[139.74932077,35.670332646,14.311],[139.748852559,35.670233481,14.0],[139.748576003,35.670154581,12.858],[139.748353333,35.670056262,11.342],[139.74811539,35.669906992,9.381],[139.747671476,35.669597171,7.581],[139.747486626,35.669725073,7.595],[139.747458116,35.669744801,7.597]]}},{"type":"Feature","id":429,"properties":{"lane_id":429,"name":"Lane #408","role":1,"role_name":"Parking","speed_limit":40.0,"priority_offset":0.0,"oneway":"yes","length_m":779.0},"geometry":{"type":"LineString","coordinates":[[139.794512811,35.677132366,17.653],[139.794483124,35.677138311,17.651],[139.794345254,35.677165921,17.642],[139.793906432,35.677332565,17.751],[139.793392149,35.677544835,18.247],[139.793316304,35.677579627,18.335],[139.793043169,35.67773834,18.626],[139.792774846,35.677946855,17.927],[139.792338756,35.678438172,10.911],[139.792074392,35.678822454,11.123],[139.791790279,35.679262144,11.275],[139.791845829,35.679282584,11.429],[139.792228363,35.678901074,11.058],[139.792537727,35.67854568,10.993],[139.793005882,35.678030493,14.796],[139.793240182,35.677863911,16.513],[139.793561736,35.677692319,18.096],[139.793925175,35.677536273,18.127],[139.794309243,35.67738327,17.945],[139.794589917,35.677263384,17.823],[139.794807424,35.677167421,17.733],[139.795204531,35.677013796,17.542],[139.795284928,35.676983776,17.502],[139.795308667,35.67694265,17.531],[139.795312353,35.676936264,17.536]]}},{"type":"Feature","id":430,"properties":{"lane_id":430,"name":"Lane #409","role":2,"role_name":"Secondary","speed_limit":60.0,"priority_offset":0.0,"oneway":"yes","length_m":1043.7},"geometry":{"type":"LineString","coordinates":[[139.801380348,35.67219905,20.856],[139.801374705,35.672200862,20.839],[139.801250696,35.67224068,20.469],[139.80098315,35.67234335,19.576],[139.800824583,35.672421702,18.997],[139.800683058,35.67250888,18.437],[139.800470298,35.672677532,17.515],[139.800304196,35.67286148,16.63],[139.800173907,35.673045081,15.93],[139.800045734,35.673352924,14.865],[139.799983362,35.673635348,13.92],[139.799922998,35.673856794,13.113],[139.799767441,35.674387175,11.422],[139.799491231,35.674900221,9.491],[139.799076787,35.675270239,7.078],[139.79910342,35.675290258,7.304],[139.799551456,35.674917029,10.015],[139.799835089,35.674381306,11.534],[139.800094786,35.673455142,12.028],[139.800417022,35.672847589,12.221],[139.800654553,35.672620309,12.336],[139.801299015,35.67228685,12.552],[139.801653569,35.672184518,12.624],[139.802019339,35.672099521,12.692],[139.802266926,35.672043688,12.672],[139.802654996,35.671967748,12.539],[139.803235624,35.671830747,12.348],[139.803529194,35.671764417,12.247],[139.8035722,35.671779862,12.194],[139.803582432,35.671783537,12.182]]}},{"type":"Feature","id":431,"properties":{"lane_id":431,"name":"Lane #410","role":2,"role_name":"Secondary","speed_limit":60.0,"priority_offset":0.0,"oneway":"yes","length_m":808.3},"geometry":{"type":"LineString","coordinates":[[139.804962743,35.671535988,11.927],[139.804976585,35.671534293,11.934],[139.805277594,35.67149742,12.088],[139.805494475,35.671485884,12.194],[139.805859387,35.671428884,12.44],[139.806331672,35.671345488,12.774],[139.806568124,35.671317161,12.918],[139.806825766,35.67127879,13.088],[139.806915127,35.671264596,13.153],[139.807305128,35.671194538,13.288],[139.807477737,35.671166861,13.085],[139.807723608,35.671126919,12.28],[139.808879173,35.670910636,4.966],[139.80881958,35.670788824,5.19],[139.807716682,35.670977785,12.624],[139.806934725,35.671112773,17.893],[139.806136024,35.671243537,21.915],[139.805935758,35.671277987,22.276],[139.805665595,35.671322118,22.321],[139.805544698,35.671339987,22.232],[139.805219803,35.6714158,22.038],[139.804773099,35.671492661,21.811],[139.804204409,35.671572706,21.841],[139.804172103,35.671600984,21.893],[139.804164992,35.671607209,21.904]]}},{"type":"Feature","id":432,"properties":{"lane_id":432,"name":"Lane #411","role":1,"role_name":"Parking","speed_limit":40.0,"priority_offset":0.0,"oneway":"yes","length_m":687.8},"geometry":{"type":"LineString","coordinates":[[139.810253393,35.66618608,0.507],[139.810214423,35.665070495,0.491],[139.810178102,35.664019111,2.274],[139.810165522,35.66335615,5.672],[139.81018143,35.662969126,7.862],[139.810226183,35.662619596,9.69],[139.810290389,35.662389448,10.767],[139.810333723,35.662106155,12.061],[139.810389556,35.661732865,13.226],[139.81044669,35.661529341,13.37],[139.810522607,35.661330722,13.327],[139.810594294,35.661166793,13.273],[139.810772232,35.660864482,13.135],[139.81099303,35.660506517,13.164],[139.811170094,35.660212596,13.234],[139.811219316,35.660189134,13.201],[139.811231786,35.660183191,13.193]]}},{"type":"Feature","id":433,"properties":{"lane_id":433,"name":"Lane #412","role":1,"role_name":"Parking","speed_limit":40.0,"priority_offset":0.0,"oneway":"yes","length_m":322.1},"geometry":{"type":"LineString","coordinates":[[139.81375862,35.656495588,12.132],[139.813736966,35.656516154,12.092],[139.813575568,35.656669443,11.789],[139.813434005,35.656776016,11.649],[139.813196776,35.657005612,11.727],[139.812969861,35.657235318,12.183],[139.812850793,35.657351287,12.573],[139.812684119,35.657520724,13.417],[139.812416346,35.657774467,13.555],[139.812191157,35.657907367,12.961],[139.811860846,35.657968911,11.774],[139.810993424,35.657893787,5.861]]}},{"type":"Feature","id":434,"properties":{"lane_id":434,"name":"Lane #413","role":3,"role_name":"Main","speed_limit":80.0,"priority_offset":0.0,"oneway":"yes","length_m":36.8},"geometry":{"type":"LineString","coordinates":[[139.776872948,35.622445693,-1.42],[139.776864707,35.622438095,-1.419],[139.776725662,35.622309898,-1.411],[139.776610976,35.622226051,-1.397],[139.776588647,35.622209726,-1.395]]}},{"type":"Feature","id":435,"properties":{"lane_id":435,"name":"Lane #413","role":2,"role_name":"Secondary","speed_limit":60.0,"priority_offset":0.0,"oneway":"yes","length_m":1068.6},"geometry":{"type":"LineString","coordinates":[[139.781307942,35.682852968,16.781],[139.781328977,35.682856482,16.853],[139.781546744,35.682892866,17.601],[139.781815391,35.682939878,18.365],[139.78200046,35.682963476,18.736],[139.78219004,35.68297102,19.002],[139.782340566,35.682952177,19.138],[139.78247815,35.682913762,19.171],[139.782617067,35.682859153,19.231],[139.782760607,35.682781814,19.397],[139.782876581,35.68267778,19.537],[139.782939624,35.682593002,19.613],[139.782991845,35.682484397,19.657],[139.783019902,35.682374214,19.611],[139.783020372,35.682254942,19.445],[139.782992919,35.68213996,19.232],[139.78296839,35.682078648,19.1],[139.78288532,35.681925435,18.778],[139.78274267,35.681714753,18.657],[139.782592918,35.681492842,18.597],[139.782521584,35.681371746,18.554],[139.782457764,35.681258211,18.513],[139.782385081,35.681118648,18.459],[139.782265636,35.680888079,18.319],[139.782125405,35.680640745,17.207],[139.781945514,35.680340942,15.306],[139.781724048,35.679964099,12.92],[139.781530296,35.679639988,11.66],[139.781337752,35.679311859,10.565],[139.780960643,35.678671786,4.022],[139.780618037,35.678093594,-1.369],[139.780471633,35.677851445,-1.54],[139.780259596,35.677512052,-1.537],[139.779833103,35.676826826,-1.538],[139.77961022,35.676462493,-1.536],[139.779400382,35.676099817,-1.537],[139.779196135,35.675748555,-1.534],[139.779047427,35.675496756,-1.536],[139.778907559,35.675271757,-1.534],[139.778892469,35.675247483,-1.534]]}},{"type":"Feature","id":436,"properties":{"lane_id":436,"name":"Lane #414","role":2,"role_name":"Secondary","speed_limit":60.0,"priority_offset":0.0,"oneway":"yes","length_m":1819.1},"geometry":{"type":"LineString","coordinates":[[139.78536308,35.67969593,15.827],[139.78535444,35.679703792,15.843],[139.785256045,35.679793324,16.022],[139.785126356,35.679935983,16.068],[139.78502455,35.680067036,16.036],[139.784916584,35.680233259,15.992],[139.784840147,35.680386849,15.891],[139.784754531,35.680598838,15.659],[139.78465289,35.680929556,16.8],[139.784563222,35.681258281,18.652],[139.784493857,35.681518379,20.104],[139.784444999,35.681674075,20.963],[139.784380003,35.681821077,21.78],[139.78432784,35.681908434,22.231],[139.784265537,35.681991844,22.514],[139.784150196,35.682094255,22.547],[139.784050252,35.682153233,22.307],[139.783969623,35.682185638,21.985],[139.783804723,35.682224317,21.142],[139.783649299,35.682233572,20.392],[139.783503583,35.68221786,19.744],[139.783371247,35.68217569,19.146],[139.783249881,35.682102273,18.633],[139.783122123,35.682003827,18.531],[139.782957709,35.681840341,18.547],[139.782883898,35.68175351,18.54],[139.782765114,35.681586551,18.502],[139.782656298,35.681424618,18.458],[139.782547834,35.681242921,18.4],[139.782458298,35.681086532,18.361],[139.782369912,35.680920327,18.304],[139.782276902,35.680760798,17.945],[139.782121141,35.680500349,16.38],[139.78183384,35.680015708,13.31],[139.781597792,35.679617083,11.564],[139.781265714,35.679052962,8.21],[139.780998121,35.678607325,3.503],[139.780784871,35.678237973,-0.356],[139.780581449,35.677898089,-1.638],[139.780331017,35.677490848,-1.639],[139.780104725,35.677127296,-1.639],[139.779905295,35.676806255,-1.64],[139.779678623,35.676439447,-1.635],[139.779457248,35.676057674,-1.636],[139.779281263,35.67575016,-1.638],[139.779118049,35.675470938,-1.64],[139.778910204,35.675138361,-1.637],[139.778686873,35.674775545,-1.657],[139.778392317,35.674328995,-2.223],[139.778217758,35.67407409,-2.593],[139.778041155,35.673818396,-2.895],[139.77786835,35.673566619,-2.83],[139.77768481,35.673282239,-1.56],[139.777552288,35.673060565,-0.022],[139.777493342,35.672932108,0.85],[139.777460716,35.672829719,1.352],[139.777438054,35.672687134,1.734],[139.777434337,35.672502813,1.76],[139.777430483,35.672288508,1.191],[139.777416918,35.672088634,0.102],[139.777390218,35.6719117,-1.029],[139.777361152,35.671778721,-1.662],[139.777286713,35.67151468,-2.15],[139.777183058,35.671172072,-2.151],[139.777059666,35.670772156,-2.15],[139.776971455,35.670506751,-2.139],[139.776926882,35.67039427,-2.127],[139.776925027,35.670389589,-2.127]]}},{"type":"Feature","id":437,"properties":{"lane_id":437,"name":"Lane #415","role":3,"role_name":"Main","speed_limit":80.0,"priority_offset":0.0,"oneway":"yes","length_m":1424.0},"geometry":{"type":"LineString","coordinates":[[139.782968522,35.681954227,18.651],[139.782959555,35.681940753,18.647],[139.782746292,35.681620334,18.556],[139.782613083,35.681423916,18.506],[139.782533592,35.681291328,18.464],[139.782464515,35.681167529,18.425],[139.782382559,35.681025571,18.392],[139.782298712,35.68086806,18.28],[139.782185233,35.680674607,17.448],[139.782020468,35.680399763,15.71],[139.781767366,35.679969415,12.986],[139.781371236,35.679302296,10.538],[139.780993309,35.678662329,4.002],[139.780749132,35.678249316,-0.325],[139.780549783,35.67791673,-1.585],[139.780300316,35.677508218,-1.588],[139.780046103,35.677097714,-1.591],[139.779855501,35.676796122,-1.588],[139.779644036,35.676444597,-1.589],[139.7794247,35.676071017,-1.587],[139.77920271,35.675683234,-1.589],[139.779023532,35.675382782,-1.591],[139.778806197,35.675037178,-1.586],[139.778636022,35.674763799,-1.623],[139.778463198,35.67449706,-1.958],[139.778309689,35.674276816,-2.269],[139.778035502,35.673918737,-2.796],[139.777836522,35.673642962,-2.926],[139.777625516,35.67332325,-1.54],[139.777555797,35.673210571,-0.785],[139.777459486,35.673021408,0.464],[139.777427381,35.672915751,1.069],[139.777407505,35.672792778,1.553],[139.777400511,35.672588254,1.855],[139.777394782,35.672340214,1.434],[139.777388262,35.672182597,0.717],[139.777365535,35.671963901,-0.69],[139.77732981,35.671797284,-1.563],[139.777288866,35.671649501,-1.992],[139.777157819,35.671208456,-2.105],[139.777026894,35.670787368,-2.102],[139.776952396,35.670569348,-2.098],[139.776891781,35.670404494,-2.127],[139.776847244,35.670300963,-2.127],[139.776841461,35.67028752,-2.127]]}},{"type":"Feature","id":438,"properties":{"lane_id":438,"name":"Lane #416","role":2,"role_name":"Secondary","speed_limit":60.0,"priority_offset":0.0,"oneway":"yes","length_m":2283.5},"geometry":{"type":"LineString","coordinates":[[139.776919732,35.670374452,-2.126],[139.776914083,35.670361926,-2.126],[139.776862699,35.670247987,-2.126],[139.776787855,35.670093695,-2.124],[139.776713797,35.669959751,-2.041],[139.776634659,35.669831167,-1.788],[139.776537081,35.669682686,-1.399],[139.77641144,35.669516578,-0.949],[139.776251198,35.669321441,-0.453],[139.776110067,35.669158824,-0.471],[139.775897968,35.66892278,-1.429],[139.775717529,35.668741223,-1.97],[139.775604741,35.668642944,-2.006],[139.775450274,35.668529765,-2.013],[139.775329413,35.66845231,-2.004],[139.775294853,35.668430163,-2.001],[139.775224557,35.668385114,-1.996],[139.775064542,35.668278645,-1.988],[139.774918389,35.668169243,-1.999],[139.774743372,35.668029697,-2.02],[139.774618548,35.667927199,-2.039],[139.774361027,35.667723763,-2.054],[139.77393188,35.667380633,-1.858],[139.77360415,35.667115832,-1.69],[139.77336462,35.666917094,-1.655],[139.773121405,35.666710268,-1.874],[139.772913463,35.666530202,-2.078],[139.772682626,35.666328034,-2.507],[139.772547438,35.666193862,-2.899],[139.772474128,35.666097828,-3.157],[139.772415119,35.665983728,-3.247],[139.772369607,35.665827796,-2.937],[139.772336517,35.665604064,-2.4],[139.772308588,35.665416621,-2.167],[139.772259796,35.665263548,-2.062],[139.772184116,35.665129464,-2.072],[139.772067719,35.665001652,-2.438],[139.771894218,35.664855128,-2.934],[139.771551851,35.664579911,-2.961],[139.771244702,35.664336805,-2.824],[139.770987321,35.664135102,-2.703],[139.77067196,35.663884869,-2.563],[139.770496929,35.663742823,-2.525],[139.77039792,35.663648128,-2.716],[139.770271427,35.663505205,-3.354],[139.770226938,35.663453772,-3.639],[139.770187723,35.663408438,-3.891],[139.770088393,35.663293606,-4.529],[139.769849215,35.663014831,-5.938],[139.769646409,35.662796732,-6.984],[139.769503016,35.662662964,-7.651],[139.769237123,35.662469217,-8.531],[139.768967172,35.662319925,-8.711],[139.768772983,35.662233125,-8.729],[139.768626082,35.662172818,-8.743],[139.768447161,35.662105721,-8.76],[139.768253283,35.662032084,-8.712],[139.768070537,35.661962272,-8.622],[139.767823489,35.661859436,-8.425],[139.767645962,35.66177478,-7.871],[139.767553091,35.661724698,-7.443],[139.767383242,35.661614418,-6.566],[139.767256366,35.661515191,-5.684],[139.767117224,35.661382357,-4.625],[139.76698693,35.661244865,-3.562],[139.766861473,35.661095494,-2.544],[139.766617999,35.660796121,-0.64],[139.76643487,35.660570372,0.796],[139.766258706,35.660350641,2.259],[139.766068813,35.660114545,3.856],[139.765827522,35.6598133,5.89],[139.765644339,35.65959195,7.407],[139.765439802,35.659336383,9.058],[139.765284111,35.659142294,9.575],[139.765098413,35.658912699,9.491],[139.764909633,35.658679296,9.381],[139.76473577,35.65846042,9.279],[139.764607891,35.658304975,9.21],[139.764483519,35.658157968,9.159],[139.764355574,35.657981653,9.172],[139.76423843,35.657781392,9.237],[139.764187466,35.657632597,9.28],[139.764172629,35.657517996,9.319],[139.764185946,35.657374279,9.431],[139.764217798,35.657265793,9.514],[139.764283845,35.65711973,9.636],[139.764387382,35.656953933,9.769],[139.764553417,35.656718837,10.012],[139.764657961,35.656556325,10.232],[139.764743493,35.656387659,10.438],[139.764780689,35.656281239,10.51],[139.764810084,35.656159528,10.48],[139.764826184,35.656025163,10.437],[139.764830392,35.655830149,10.362],[139.764829836,35.655575345,10.242],[139.764830166,35.655305865,10.025],[139.764829938,35.654858955,9.807],[139.764830389,35.654378798,10.1],[139.764834656,35.65400016,10.215],[139.764834758,35.653991085,10.218]]}},{"type":"Feature","id":439,"properties":{"lane_id":439,"name":"Lane #417","role":3,"role_name":"Main","speed_limit":80.0,"priority_offset":0.0,"oneway":"yes","length_m":26.0},"geometry":{"type":"LineString","coordinates":[[139.749435828,35.670519344,7.08],[139.749443462,35.670521366,7.063],[139.749524182,35.670542749,6.884],[139.749694102,35.670595024,6.497],[139.749706225,35.670598753,6.47]]}},{"type":"Feature","id":440,"properties":{"lane_id":440,"name":"Lane #418","role":3,"role_name":"Main","speed_limit":80.0,"priority_offset":0.0,"oneway":"yes","length_m":626.2},"geometry":{"type":"LineString","coordinates":[[139.749716284,35.67060199,6.446],[139.749723844,35.670604291,6.429],[139.749781835,35.670621939,6.3],[139.750076474,35.670723697,5.729],[139.750373561,35.670829156,5.223],[139.750498903,35.670875962,5.012],[139.750649286,35.670944818,4.726],[139.750776965,35.671015591,4.439],[139.750928672,35.671116278,4.096],[139.751075705,35.671234874,3.954],[139.751226609,35.671369011,4.298],[139.751490538,35.671631452,5.031],[139.751715326,35.67185109,5.722],[139.751978109,35.672109618,6.615],[139.752069194,35.672204875,6.912],[139.752192583,35.672345315,7.341],[139.752295781,35.672485505,7.746],[139.752411089,35.672661807,8.205],[139.752587124,35.672950412,8.99],[139.752756716,35.673221962,9.803],[139.752956215,35.67354853,10.77],[139.753123791,35.673819423,11.577],[139.753235334,35.674002699,12.051],[139.753395561,35.674262095,12.129],[139.753503716,35.6744431,12.009],[139.753597237,35.674610165,11.305],[139.753655097,35.674736384,10.492],[139.753696569,35.674860358,9.694],[139.753715255,35.674956292,9.102],[139.753716428,35.674962313,9.065]]}},{"type":"Feature","id":441,"properties":{"lane_id":441,"name":"Lane #419","role":3,"role_name":"Main","speed_limit":80.0,"priority_offset":0.0,"oneway":"yes","length_m":3592.0},"geometry":{"type":"LineString","coordinates":[[139.753718145,35.674971524,8.999],[139.753718357,35.674975484,8.975],[139.753722815,35.675058732,8.476],[139.753720749,35.675134887,8.042],[139.753704263,35.675242991,7.4],[139.753671332,35.675355973,6.686],[139.753639793,35.675432181,6.188],[139.753581636,35.675544312,5.619],[139.753500129,35.675662715,5.369],[139.753426112,35.675759985,5.506],[139.753216059,35.675993397,6.949],[139.753037622,35.676189113,8.486],[139.752959632,35.676276584,9.164],[139.752882473,35.676379671,9.911],[139.752793829,35.676515154,10.87],[139.752700902,35.676651042,11.834],[139.752619853,35.676767041,12.632],[139.75252595,35.676880567,13.403],[139.752388917,35.677023016,14.469],[139.752251731,35.677161675,14.892],[139.752110531,35.677286211,14.729],[139.751959651,35.677397,14.091],[139.751810126,35.677487848,13.213],[139.75160721,35.67758582,12.1],[139.751417501,35.67765958,11.11],[139.751160588,35.677747113,9.913],[139.750965137,35.677808924,9.422],[139.750722008,35.677884123,9.34],[139.750427779,35.677979788,9.461],[139.750161715,35.678080892,9.579],[139.749958732,35.678180487,9.696],[139.749721432,35.678333419,10.339],[139.749557943,35.678482298,11.1],[139.749440731,35.678614237,11.744],[139.74930424,35.678807304,12.609],[139.749163219,35.679046181,13.41],[139.74897113,35.679393163,12.998],[139.748811392,35.679680526,12.369],[139.748691997,35.67992393,11.823],[139.748616991,35.680122742,11.395],[139.748577023,35.680282956,11.076],[139.748558339,35.680456767,10.787],[139.748559611,35.680648851,10.472],[139.748570948,35.680811643,10.212],[139.748621543,35.681206549,9.526],[139.748673733,35.681608535,8.928],[139.748729413,35.682013468,8.879],[139.748784065,35.68234715,8.955],[139.748823843,35.682562482,9.002],[139.748864822,35.682753829,9.046],[139.74894155,35.683051991,9.121],[139.749072357,35.68351306,9.242],[139.749144512,35.683759516,9.427],[139.749273694,35.684213725,10.671],[139.749373433,35.684554531,11.651],[139.749500368,35.684989273,12.904],[139.749580918,35.685292988,13.772],[139.749681688,35.685702483,14.492],[139.749756277,35.686044192,14.25],[139.749822427,35.686391559,14.14],[139.749863375,35.686625585,14.104],[139.749917126,35.686906281,14.329],[139.74994895,35.687019281,14.632],[139.750017047,35.687176266,15.271],[139.750131469,35.687340137,16.338],[139.750255846,35.68745983,17.38],[139.750436253,35.687576663,18.188],[139.750625816,35.687658354,18.637],[139.750808966,35.68771027,18.919],[139.751155352,35.687777836,19.098],[139.751710341,35.687875571,19.094],[139.752061766,35.687939251,19.024],[139.752399284,35.687993027,18.96],[139.752604541,35.688012248,18.938],[139.752820146,35.688012099,18.993],[139.753042743,35.687991334,19.049],[139.753435263,35.687948857,19.097],[139.753831822,35.687904065,19.099],[139.754200256,35.687866307,18.549],[139.754400649,35.687850833,17.707],[139.754627402,35.68784363,16.375],[139.754883396,35.68785485,14.853],[139.755061368,35.687878343,13.879],[139.755323444,35.687941585,12.42],[139.755611216,35.688041425,11.466],[139.755837691,35.68813638,11.287],[139.756120676,35.688262407,11.323],[139.756524511,35.688448727,11.37],[139.757206178,35.688755758,11.739],[139.757421167,35.688843923,12.18],[139.757737857,35.688968204,13.602],[139.758104942,35.689111056,15.414],[139.75832284,35.689194518,16.488],[139.758686564,35.689336476,18.282],[139.759099967,35.689498699,20.284],[139.759397972,35.689616242,21.735],[139.759691642,35.689728978,22.892],[139.759941486,35.689821345,23.262],[139.760137163,35.68988613,23.167],[139.760409064,35.689953626,22.72],[139.76059183,35.689982488,22.428],[139.760825213,35.690000902,22.139],[139.761163769,35.689989559,21.682],[139.761489386,35.689955521,21.244],[139.761870789,35.689910474,20.719],[139.762194136,35.689867831,20.612],[139.762509405,35.689837943,20.655],[139.762763142,35.689824898,20.644],[139.763068352,35.689817441,20.611],[139.763391654,35.68981816,20.603],[139.763727376,35.689813423,20.241],[139.764391741,35.689812599,17.804],[139.764641766,35.689809862,16.743],[139.764834277,35.689808265,15.945],[139.76507024,35.689792422,14.951],[139.765243575,35.689769718,14.219],[139.765440968,35.689728163,13.399],[139.765607647,35.689673983,12.721],[139.765785701,35.68959846,12.223],[139.765995367,35.689494295,12.101],[139.766252842,35.689348293,12.152],[139.766555922,35.689184983,12.057],[139.766798608,35.689076685,12.059],[139.766988988,35.689004005,12.15],[139.767296191,35.688899357,12.156],[139.767494821,35.688831352,12.227],[139.767690621,35.688755197,12.324],[139.767843551,35.68868013,12.39],[139.768013384,35.688576412,12.355],[139.768213821,35.688411663,12.422],[139.768456565,35.688208183,12.672],[139.76862951,35.68807641,12.678],[139.768768554,35.687992799,12.618],[139.768950839,35.687909442,12.625],[139.76913825,35.687850236,12.685],[139.769380422,35.687795741,12.755],[139.769723514,35.687735754,12.756],[139.770026327,35.687681171,12.756],[139.770637009,35.687572456,12.757],[139.770644861,35.687571058,12.757]]}},{"type":"Feature","id":442,"properties":{"lane_id":442,"name":"Lane #420","role":3,"role_name":"Main","speed_limit":80.0,"priority_offset":0.0,"oneway":"yes","length_m":1401.6},"geometry":{"type":"LineString","coordinates":[[139.753552055,35.675700262,5.261],[139.753557031,35.675694263,5.296],[139.753645349,35.67558778,5.911],[139.753718104,35.675494369,6.542],[139.753809807,35.675343848,7.515],[139.753813286,35.675338139,7.552],[139.753817264,35.675328419,7.606],[139.75385249,35.675242351,8.088],[139.753895938,35.675091507,8.966],[139.753903566,35.67501458,9.349],[139.753905372,35.674884369,9.997],[139.753890968,35.674767755,10.577],[139.753819045,35.67455788,11.53],[139.753745019,35.67440743,12.031],[139.753653305,35.674246778,12.152],[139.753493155,35.673983987,12.076],[139.75331598,35.673697914,11.431],[139.75310741,35.67336013,10.47],[139.752931967,35.673072122,9.649],[139.752749056,35.67277682,8.81],[139.75259599,35.67253121,8.237],[139.752419457,35.672273678,7.785],[139.752352592,35.672191506,7.545],[139.752154869,35.671976683,6.685],[139.751912789,35.671736064,5.755],[139.751697953,35.671525018,5.094],[139.751484405,35.67131663,4.534],[139.751243814,35.671092886,4.027],[139.751092509,35.670975092,4.013],[139.750909095,35.670854281,4.464],[139.750667638,35.670729039,4.904],[139.750487656,35.670654788,5.189],[139.750209784,35.67057455,5.627],[139.750089551,35.670547351,5.812],[139.750064337,35.670541647,5.851],[139.750045245,35.670537328,5.88],[139.749886547,35.670511221,6.162],[139.749777108,35.670495995,6.394],[139.749752056,35.67049251,6.447],[139.74928427,35.670427429,7.44],[139.749012263,35.67038258,8.036],[139.7488297,35.670345266,8.579],[139.748641628,35.670301078,9.564],[139.748480995,35.670250636,10.59],[139.748290873,35.670166529,11.84],[139.748116402,35.67006657,13.0],[139.74797113,35.669970598,14.035],[139.747808361,35.669836764,15.216],[139.747671059,35.669716478,15.965],[139.747507131,35.669562998,16.464],[139.747168196,35.669245668,17.032],[139.746871781,35.668967139,17.526],[139.74657737,35.668689263,18.03],[139.746232578,35.668364968,19.318],[139.745936116,35.668081464,21.045],[139.745766889,35.667916259,22.084],[139.745635356,35.667779197,22.867],[139.745465444,35.667593402,23.944],[139.745149767,35.667247469,25.954],[139.744836072,35.666902865,27.952],[139.744580492,35.666625556,28.69],[139.74457003,35.666614204,28.72]]}},{"type":"Feature","id":443,"properties":{"lane_id":443,"name":"Lane #421","role":2,"role_name":"Secondary","speed_limit":60.0,"priority_offset":0.0,"oneway":"yes","length_m":765.9},"geometry":{"type":"LineString","coordinates":[[139.752956568,35.676227721,8.883],[139.752931878,35.676255052,9.089],[139.752676235,35.676538042,11.223],[139.752355198,35.676886173,13.71],[139.752140426,35.677101732,15.1],[139.752000239,35.677225031,15.917],[139.751832181,35.677345522,16.808],[139.751703664,35.677421229,17.64],[139.751496014,35.677515763,18.894],[139.751228173,35.677612182,20.418],[139.750868564,35.677722988,22.162],[139.750410994,35.677865981,23.753],[139.750030197,35.677984148,24.938],[139.749724135,35.678070321,25.692],[139.749532555,35.678109525,26.138],[139.749321897,35.678131597,26.495],[139.749137177,35.678128272,26.853],[139.748903362,35.678105613,27.327],[139.7486603,35.678068654,27.747],[139.748284544,35.677997245,28.199],[139.747735834,35.67789501,29.358],[139.747181404,35.677791397,30.994],[139.746704161,35.677702653,32.402],[139.746079957,35.677585338,34.425],[139.745557318,35.677487164,36.497],[139.745481738,35.677472645,36.675],[139.745446804,35.6774891,36.728],[139.745441714,35.677491498,36.735]]}},{"type":"Feature","id":444,"properties":{"lane_id":444,"name":"Lane #422","role":3,"role_name":"Main","speed_limit":80.0,"priority_offset":0.0,"oneway":"yes","length_m":706.1},"geometry":{"type":"LineString","coordinates":[[139.75274472,35.676518997,10.986],[139.752728281,35.676536337,11.112],[139.752451999,35.676827765,13.236],[139.752238775,35.677054448,14.787],[139.752069672,35.677210556,15.881],[139.751961545,35.677298799,16.558],[139.751868981,35.677358295,17.031],[139.751749192,35.677429633,17.733],[139.751591921,35.677510087,18.655],[139.751419685,35.677576328,19.548],[139.751160057,35.677664572,20.878],[139.750717131,35.677803977,22.88],[139.750310138,35.67793074,24.162],[139.749975883,35.678034195,25.197],[139.749765656,35.678091085,25.778],[139.749570424,35.678134439,26.322],[139.74937398,35.678160731,26.747],[139.749153345,35.678161985,27.085],[139.748942589,35.678141475,27.375],[139.748681006,35.678102384,27.764],[139.748246741,35.67802194,28.285],[139.747716745,35.677922678,29.439],[139.747047354,35.677797362,31.415],[139.746736956,35.677738402,32.329],[139.746150918,35.677629367,34.074],[139.745832632,35.677570609,35.456],[139.745751229,35.67755516,35.807],[139.745725456,35.677564095,35.886],[139.745713905,35.6775681,35.921]]}},{"type":"Feature","id":445,"properties":{"lane_id":445,"name":"Lane #423","role":3,"role_name":"Main","speed_limit":80.0,"priority_offset":0.0,"oneway":"yes","length_m":33.8},"geometry":{"type":"LineString","coordinates":[[139.752940074,35.676248354,9.036],[139.752933197,35.676257212,9.1],[139.752852957,35.676360555,9.854],[139.752761113,35.676496311,10.822],[139.752751593,35.676510382,10.922]]}},{"type":"Feature","id":446,"properties":{"lane_id":446,"name":"Lane #424","role":2,"role_name":"Secondary","speed_limit":60.0,"priority_offset":0.0,"oneway":"yes","length_m":846.9},"geometry":{"type":"LineString","coordinates":[[139.752733367,35.676539902,11.128],[139.752728807,35.676546618,11.175],[139.752634686,35.676685237,12.145],[139.752567332,35.676778165,12.779],[139.75249554,35.676862267,13.353],[139.752351161,35.677013121,14.473],[139.752184164,35.677175352,14.76],[139.752009197,35.677321029,14.247],[139.751869013,35.677418247,13.426],[139.751671519,35.677523719,12.361],[139.751432918,35.677621498,11.169],[139.751132274,35.677722707,9.812],[139.750946294,35.677780343,9.362],[139.750752307,35.677842453,9.279],[139.750507904,35.677919003,9.461],[139.75030386,35.677988911,9.624],[139.750117213,35.678066671,9.765],[139.74988652,35.678181846,10.052],[139.74969729,35.678311128,10.658],[139.749522974,35.678468815,11.377],[139.749392952,35.678621229,12.016],[139.749255439,35.678822139,12.81],[139.749128904,35.679035154,13.402],[139.748929911,35.679392487,12.923],[139.74877481,35.679672981,12.393],[139.748674687,35.679877523,12.03],[139.748593387,35.680073221,11.712],[139.748534344,35.68030487,11.325],[139.748520665,35.680475917,10.961],[139.748523484,35.680694661,10.517],[139.748553814,35.680965313,9.954],[139.748607897,35.681380948,9.237],[139.748646205,35.681662846,8.881],[139.748710862,35.68213274,8.905],[139.748746417,35.682354756,8.956],[139.748783846,35.682543963,8.998],[139.748785174,35.682550674,8.999]]}},{"type":"Feature","id":447,"properties":{"lane_id":447,"name":"Lane #425","role":2,"role_name":"Secondary","speed_limit":60.0,"priority_offset":0.0,"oneway":"yes","length_m":607.4},"geometry":{"type":"LineString","coordinates":[[139.759458485,35.689492803,16.175],[139.759451124,35.689490251,16.175],[139.759194635,35.689401341,16.166],[139.758839214,35.68927491,16.151],[139.758477889,35.689151322,16.138],[139.75820074,35.689052762,15.6],[139.75793357,35.68895987,14.32],[139.757779504,35.688903243,13.563],[139.757634962,35.688846037,12.844],[139.757380679,35.688743977,11.908],[139.757160188,35.68865204,11.576],[139.756937747,35.6885527,11.394],[139.756670796,35.68843098,11.335],[139.756391789,35.688302295,11.299],[139.756185732,35.688207087,11.275],[139.755805853,35.688037802,11.298],[139.755560331,35.687938795,11.689],[139.755319016,35.687863228,12.574],[139.755079737,35.687808601,13.86],[139.754842908,35.687778555,15.124],[139.754591692,35.687771081,16.588],[139.754303862,35.687783477,18.083],[139.754022508,35.687810128,18.91],[139.753703366,35.687844367,19.05],[139.753445066,35.68787379,19.051],[139.753247567,35.687894975,19.05],[139.753234139,35.687896415,19.049]]}},{"type":"Feature","id":448,"properties":{"lane_id":448,"name":"Lane #426","role":3,"role_name":"Main","speed_limit":80.0,"priority_offset":0.0,"oneway":"yes","length_m":1439.9},"geometry":{"type":"LineString","coordinates":[[139.758743001,35.689275726,16.199],[139.758737932,35.689273944,16.199],[139.758428689,35.689165209,16.176],[139.758092091,35.689047745,15.201],[139.757866338,35.688969511,14.12],[139.757701413,35.688907436,13.312],[139.757458443,35.688810254,12.223],[139.757235136,35.688718563,11.742],[139.756966578,35.688600045,11.471],[139.756642079,35.688451341,11.382],[139.756376731,35.688330254,11.351],[139.75616095,35.688231676,11.326],[139.755886049,35.68810429,11.252],[139.755690123,35.688022907,11.279],[139.755456454,35.687936462,11.769],[139.755214208,35.687867211,12.787],[139.755017432,35.687828752,13.84],[139.754827821,35.687807496,14.967],[139.754566978,35.68780039,16.659],[139.754322838,35.687810996,18.056],[139.754055483,35.687834147,18.904],[139.753716397,35.687872755,19.1],[139.753304678,35.687918346,19.098],[139.753027017,35.687950112,19.108],[139.75274642,35.687968517,19.203],[139.752577805,35.687964806,19.222],[139.752386431,35.687946068,19.185],[139.752150506,35.687910363,19.145],[139.751765496,35.68784235,19.101],[139.751367665,35.687771783,19.099],[139.751065918,35.68771734,19.098],[139.750805157,35.687663398,19.041],[139.750655791,35.687621412,18.892],[139.750483597,35.687549969,18.572],[139.750344387,35.687466436,18.022],[139.750219512,35.687362955,17.101],[139.750110655,35.687232586,16.049],[139.750038495,35.687108559,15.314],[139.749995939,35.686991121,14.767],[139.749963357,35.686866296,14.367],[139.749925871,35.686676089,14.111],[139.749881226,35.686405499,14.139],[139.749815291,35.686063404,14.185],[139.749735851,35.685693579,14.191],[139.749654799,35.685360668,14.356],[139.749596683,35.685137942,14.532],[139.749503198,35.684800417,14.794],[139.749366276,35.684335602,15.167],[139.749253106,35.683936047,15.48],[139.749155506,35.683595469,15.748],[139.749100579,35.683410175,15.898],[139.749021874,35.683131278,15.984],[139.74896405,35.682953572,15.909],[139.748923404,35.682838326,15.915],[139.74881598,35.682557595,15.878],[139.748727375,35.682320017,15.823],[139.748656201,35.682122572,15.767],[139.748623055,35.682013526,15.732],[139.748621362,35.682007959,15.73]]}},{"type":"Feature","id":449,"properties":{"lane_id":449,"name":"Lane #427","role":3,"role_name":"Main","speed_limit":80.0,"priority_offset":0.0,"oneway":"yes","length_m":5428.5},"geometry":{"type":"LineString","coordinates":[[139.748620265,35.682004283,15.729],[139.748616387,35.681995818,15.726],[139.748527852,35.681802593,15.674],[139.748423079,35.681572067,15.622],[139.748369365,35.68147542,15.596],[139.748288266,35.681374167,15.613],[139.748175546,35.681268387,15.754],[139.748049959,35.681177346,15.94],[139.747879033,35.681078321,16.054],[139.747688003,35.680984182,16.232],[139.747460824,35.680871981,16.566],[139.747283732,35.680775597,16.848],[139.747166261,35.680705337,17.053],[139.747049084,35.68061584,17.259],[139.746978691,35.680558827,17.387],[139.746870471,35.680448643,17.609],[139.746786145,35.680341793,17.813],[139.746702131,35.680211258,18.197],[139.746647459,35.680096495,18.69],[139.746607596,35.679990952,19.269],[139.746577334,35.679872584,20.016],[139.746555645,35.679709309,21.039],[139.746549514,35.679432674,22.754],[139.746558989,35.679254468,23.858],[139.746569738,35.678989686,25.504],[139.746576215,35.678717842,27.247],[139.746573488,35.678540092,28.417],[139.746552324,35.678383545,29.442],[139.746517448,35.678253992,30.324],[139.746458334,35.678131983,31.11],[139.746376026,35.678011255,31.958],[139.746275013,35.6779043,32.752],[139.746179352,35.677828066,33.346],[139.74607322,35.677759131,33.961],[139.745919266,35.677680204,34.794],[139.745707253,35.677597453,35.89],[139.745550406,35.677549283,36.447],[139.745359556,35.677505814,36.84],[139.745119257,35.677458425,36.949],[139.744720491,35.677381419,36.951],[139.744402038,35.677323634,36.982],[139.744071785,35.677268297,36.693],[139.743731819,35.677222294,35.604],[139.743356756,35.677187704,33.933],[139.74294368,35.677151938,32.09],[139.742426989,35.677113295,29.862],[139.741825668,35.677066528,27.26],[139.741462082,35.677037333,25.687],[139.741032645,35.677003708,23.896],[139.740717125,35.676987628,22.788],[139.740334436,35.67698139,21.839],[139.739975219,35.676981706,21.545],[139.739639224,35.676984233,21.813],[139.73940649,35.676991944,22.227],[139.739115355,35.677022218,22.756],[139.738725703,35.677072002,23.411],[139.738457361,35.677104075,23.829],[139.738181288,35.677151175,24.272],[139.73799738,35.677198134,24.572],[139.737891082,35.677236628,24.754],[139.737768968,35.67729429,24.933],[139.737690424,35.677342882,25.056],[139.737588701,35.677423642,25.23],[139.737493968,35.677526737,25.434],[139.737396261,35.677681266,25.647],[139.737338854,35.677811161,25.728],[139.737279961,35.67798056,25.683],[139.737224022,35.678170477,25.417],[139.737160356,35.678368886,25.03],[139.737088912,35.678519257,24.715],[139.736995709,35.678660223,24.412],[139.73687871,35.678797119,24.162],[139.736767877,35.678907504,23.944],[139.736572243,35.679088825,23.481],[139.736438805,35.679199403,23.195],[139.73627763,35.679304797,22.856],[139.735938114,35.679478888,22.649],[139.735621225,35.679629013,22.917],[139.735259245,35.679803087,23.265],[139.735031235,35.67990134,23.44],[139.734866182,35.679966819,23.569],[139.734704434,35.680022016,23.695],[139.734508879,35.680077555,23.738],[139.734298302,35.680126014,23.508],[139.734034519,35.680170193,23.095],[139.733764593,35.680204783,22.684],[139.733424617,35.680236847,22.13],[139.733139883,35.6802587,21.662],[139.73284904,35.680278824,21.179],[139.732605832,35.680288088,20.73],[139.732442615,35.680285781,20.422],[139.732267413,35.680274973,20.105],[139.73207112,35.680245085,19.734],[139.731888963,35.680202038,19.572],[139.731667188,35.68012883,19.674],[139.731476547,35.680051772,20.045],[139.731124514,35.679897954,20.986],[139.730835255,35.679769146,21.755],[139.73048328,35.679615925,22.757],[139.730149035,35.679478634,23.775],[139.729839987,35.679352458,24.718],[139.729533782,35.67923016,25.646],[139.729270012,35.679121073,26.255],[139.728994707,35.679000774,26.373],[139.728722169,35.678880739,26.447],[139.728501933,35.678781013,26.506],[139.728216326,35.67865131,26.61],[139.727974574,35.678545311,26.733],[139.727769337,35.678462077,26.848],[139.727534753,35.678382431,26.919],[139.727312724,35.678320997,26.987],[139.727160078,35.678288117,27.014],[139.726965654,35.678252772,27.061],[139.726775729,35.678226657,27.109],[139.726622363,35.678213401,27.135],[139.726424662,35.678202716,27.18],[139.726246584,35.678202497,27.142],[139.726018822,35.678208813,27.024],[139.725780304,35.678227893,26.868],[139.725369336,35.678270353,26.601],[139.725074121,35.678304408,26.477],[139.724751629,35.678338445,26.321],[139.724414353,35.67837672,26.2],[139.723766048,35.678437716,26.159],[139.723255026,35.678492053,26.203],[139.723021063,35.678527257,26.167],[139.722742066,35.67856848,26.154],[139.722495664,35.678604781,26.134],[139.721998767,35.678682506,26.071],[139.721537717,35.678751642,26.052],[139.720797597,35.678863536,26.138],[139.720319891,35.678939866,26.154],[139.719788593,35.679021794,26.657],[139.71926624,35.679097913,28.348],[139.718608791,35.679193903,30.714],[139.718165392,35.67925417,32.36],[139.717733747,35.679317219,33.98],[139.717195048,35.679391347,35.981],[139.716745382,35.679453114,37.661],[139.716307108,35.679515347,39.011],[139.71597316,35.679561947,39.219],[139.715601025,35.679614144,39.254],[139.715250101,35.679662428,39.296],[139.714984844,35.679701168,39.277],[139.714750873,35.67974182,39.028],[139.714453757,35.679795675,38.653],[139.714013429,35.679881707,38.19],[139.713690846,35.679938624,38.07],[139.713451979,35.67996331,38.181],[139.71323516,35.679966494,38.259],[139.712922623,35.679951388,38.276],[139.71258422,35.679934123,38.318],[139.71218286,35.67991728,38.357],[139.711934566,35.679905139,38.368],[139.711471784,35.679885146,38.376],[139.711001366,35.67986332,38.365],[139.71073002,35.679845283,38.363],[139.71054981,35.679820168,38.355],[139.710367999,35.679778182,38.366],[139.710192658,35.679714379,38.527],[139.709997091,35.679619013,38.781],[139.7097625,35.679479327,39.07],[139.709545926,35.679349844,39.334],[139.709365377,35.67925589,39.605],[139.709176035,35.679177191,39.88],[139.708989023,35.679121213,40.227],[139.708684414,35.679061981,40.789],[139.708235609,35.678993853,41.545],[139.707636076,35.678906039,42.485],[139.706819044,35.678784074,42.527],[139.706184687,35.67868869,41.016],[139.705676059,35.678614369,39.805],[139.705347849,35.678566787,38.965],[139.705141174,35.678555189,38.422],[139.704984833,35.678569594,38.039],[139.704802552,35.67862215,37.641],[139.704527327,35.678748563,37.016],[139.704091169,35.678970755,36.216],[139.703621372,35.679208053,36.15],[139.703344849,35.679336966,36.145],[139.703154158,35.679415717,36.163],[139.702930291,35.67948838,36.2],[139.702745146,35.679521269,36.189],[139.702536319,35.67954327,36.164],[139.702358375,35.679547735,36.158],[139.70215251,35.679535778,36.145],[139.701981935,35.679508759,36.106],[139.701814387,35.679472195,36.101],[139.701643365,35.679411883,36.035],[139.701467644,35.679331957,36.046],[139.701191628,35.679174699,36.3],[139.700852264,35.678956175,36.718],[139.700543051,35.678755055,37.813],[139.700384506,35.678663917,38.439],[139.700229031,35.678585762,39.052],[139.700026267,35.67851023,39.708],[139.699840329,35.67846313,40.225],[139.699513561,35.678398792,41.153],[139.699259825,35.678351666,42.098],[139.698974023,35.67830375,43.32],[139.698800066,35.678279555,44.047],[139.698614441,35.678268274,44.817],[139.698465428,35.678273993,45.335],[139.698315013,35.678294951,45.71],[139.698142507,35.678346788,46.09],[139.698009042,35.678413732,46.342],[139.697891608,35.678492062,46.38],[139.697765026,35.678608632,46.267],[139.697673222,35.678712411,46.168],[139.697556722,35.678868081,46.089],[139.69738242,35.679123204,46.138],[139.697239077,35.679330044,46.18],[139.697089573,35.679550525,46.223],[139.696964212,35.67972776,46.25],[139.696954273,35.679741811,46.253]]}},{"type":"Feature","id":450,"properties":{"lane_id":450,"name":"Lane #428","role":2,"role_name":"Secondary","speed_limit":60.0,"priority_offset":0.0,"oneway":"yes","length_m":581.3},"geometry":{"type":"LineString","coordinates":[[139.748572114,35.681815015,15.679],[139.748567488,35.681804936,15.676],[139.748449506,35.681547881,15.616],[139.748395415,35.681452024,15.595],[139.748320759,35.68136157,15.639],[139.748204798,35.681255097,15.85],[139.748097105,35.681172073,16.124],[139.747937231,35.681076057,16.167],[139.747766005,35.680989279,16.162],[139.74751708,35.680865998,16.46],[139.747317979,35.680760613,16.803],[139.747186113,35.680678107,17.051],[139.747066301,35.680591127,17.271],[139.746928151,35.680461785,17.551],[139.746808011,35.6803138,17.843],[139.746710662,35.680148788,18.398],[139.746670928,35.680054948,18.855],[139.746629709,35.679931904,19.597],[139.746599042,35.679785805,20.531],[139.746591632,35.679620627,21.545],[139.746592424,35.679399225,22.906],[139.746601296,35.679084,24.871],[139.746612093,35.67877474,26.869],[139.746613584,35.678591332,28.184],[139.746601745,35.678446374,29.215],[139.746568483,35.678293389,30.297],[139.746523002,35.678177574,31.081],[139.746444359,35.678041108,31.98],[139.746349519,35.677930161,32.738],[139.746249876,35.677839804,33.318],[139.746134636,35.677758894,33.873],[139.746010814,35.677688354,34.43],[139.745876591,35.677629631,35.122],[139.745729075,35.677573415,35.853],[139.745725002,35.677571863,35.873]]}},{"type":"Feature","id":451,"properties":{"lane_id":451,"name":"Lane #429","role":3,"role_name":"Main","speed_limit":80.0,"priority_offset":0.0,"oneway":"yes","length_m":20.3},"geometry":{"type":"LineString","coordinates":[[139.748618866,35.681998414,15.727],[139.748617458,35.681992903,15.726],[139.7485751,35.681827111,15.682],[139.748573291,35.681820033,15.68]]}},{"type":"Feature","id":452,"properties":{"lane_id":452,"name":"Lane #430","role":3,"role_name":"Main","speed_limit":80.0,"priority_offset":0.0,"oneway":"yes","length_m":603.7},"geometry":{"type":"LineString","coordinates":[[139.74857062,35.681807786,15.677],[139.748569359,35.681801195,15.676],[139.748550043,35.6817002,15.652],[139.748525079,35.681551233,15.619],[139.748502164,35.681400616,15.584],[139.748490708,35.68126894,15.46],[139.748460862,35.681091234,14.946],[139.7484337,35.680880701,14.143],[139.7484132,35.68054565,12.916],[139.748437096,35.680270718,11.91],[139.748527155,35.679964371,10.633],[139.748637316,35.679718906,9.584],[139.748807883,35.679404392,8.271],[139.748984675,35.679088737,6.979],[139.749117036,35.678860992,6.1],[139.749272575,35.678643047,5.183],[139.749444678,35.678467402,4.352],[139.749600488,35.678351806,3.782],[139.749807905,35.67823742,3.181],[139.750021266,35.67815023,2.843],[139.75021886,35.678077663,2.754],[139.750530512,35.677980165,2.695],[139.750958033,35.677844769,2.649],[139.751222881,35.677762921,2.709],[139.751506998,35.677654601,2.964],[139.751514232,35.677651843,2.97]]}},{"type":"Feature","id":453,"properties":{"lane_id":453,"name":"Lane #431","role":3,"role_name":"Main","speed_limit":80.0,"priority_offset":0.0,"oneway":"yes","length_m":25.1},"geometry":{"type":"LineString","coordinates":[[139.745708808,35.677566319,35.942],[139.745702196,35.677564342,35.966],[139.745594659,35.677532185,36.345],[139.745451903,35.677496782,36.701],[139.745446052,35.677495331,36.716]]}},{"type":"Feature","id":454,"properties":{"lane_id":454,"name":"Lane #432","role":2,"role_name":"Secondary","speed_limit":60.0,"priority_offset":0.0,"oneway":"yes","length_m":1938.6},"geometry":{"type":"LineString","coordinates":[[139.745437456,35.677493629,36.741],[139.745432039,35.677492456,36.748],[139.745298189,35.677463469,36.913],[139.745017058,35.677407641,36.952],[139.744734263,35.677353768,36.958],[139.744430656,35.677298194,37.029],[139.744147007,35.677249726,36.91],[139.743898413,35.677215355,36.343],[139.743643028,35.677184598,35.258],[139.743319036,35.677154359,33.768],[139.742891065,35.677118918,31.804],[139.742382604,35.677078924,29.606],[139.741956849,35.677045886,27.767],[139.741470482,35.677007032,25.661],[139.741119838,35.676980057,24.251],[139.740757113,35.676956432,23.072],[139.74042937,35.676949125,22.066],[139.739995324,35.676949125,21.5],[139.739588849,35.676950397,21.835],[139.739367688,35.676965521,22.246],[139.738972009,35.677009699,22.943],[139.738529228,35.677065563,23.658],[139.738313282,35.677094205,23.999],[139.738137697,35.677129155,24.274],[139.737988194,35.67716922,24.517],[139.73784707,35.677222355,24.762],[139.737721656,35.677282754,25.024],[139.737623845,35.677350259,25.246],[139.73751247,35.677453477,25.556],[139.737433731,35.67755173,25.794],[139.737359021,35.677676792,25.903],[139.737309207,35.677783124,25.91],[139.737249175,35.677951575,25.755],[139.737168429,35.67822613,25.241],[139.737107696,35.678396985,24.896],[139.737049868,35.67851795,24.642],[139.736971547,35.678637151,24.373],[139.736855704,35.678771854,24.002],[139.7367612,35.678864694,23.712],[139.736632813,35.67898408,23.341],[139.736487737,35.679117643,23.009],[139.736337659,35.679230475,22.726],[139.736223152,35.679299884,22.575],[139.735880229,35.679469089,22.621],[139.735561446,35.67962575,22.917],[139.735285179,35.679758295,23.176],[139.735068446,35.679852152,23.286],[139.734905276,35.679919359,23.375],[139.734762556,35.679971459,23.45],[139.734553266,35.680035429,23.528],[139.734331987,35.680087582,23.393],[139.73410238,35.68013141,23.091],[139.733851102,35.680166333,22.745],[139.733515392,35.680196704,22.233],[139.733182189,35.680225074,21.687],[139.732824633,35.680250111,21.071],[139.732616509,35.680259875,20.614],[139.732451026,35.680258243,20.242],[139.732290508,35.680246962,19.868],[139.732110697,35.680223671,19.475],[139.731961885,35.680192195,19.338],[139.731761371,35.68012976,19.406],[139.73149585,35.680026095,19.982],[139.731151439,35.679875066,20.908],[139.730848179,35.679742434,21.717],[139.730533176,35.679605424,22.609],[139.730227107,35.679475379,23.542],[139.72990034,35.679343519,24.536],[139.729628625,35.679234388,25.36],[139.729326178,35.679108923,26.15],[139.729052751,35.678992405,26.314],[139.728656476,35.678814568,26.415],[139.728302661,35.678654846,26.543],[139.727981638,35.678511335,26.885],[139.727830121,35.678451436,27.041],[139.727624714,35.678378808,27.131],[139.727450204,35.678325269,27.188],[139.727241621,35.678274581,27.226],[139.727046774,35.678235666,27.275],[139.726833127,35.678201339,27.341],[139.726662043,35.678183838,27.379],[139.726457053,35.678172024,27.424],[139.726449391,35.678171582,27.426]]}},{"type":"Feature","id":455,"properties":{"lane_id":455,"name":"Lane #433","role":3,"role_name":"Main","speed_limit":80.0,"priority_offset":0.0,"oneway":"yes","length_m":33.2},"geometry":{"type":"LineString","coordinates":[[139.726419109,35.678170003,27.435],[139.7264155,35.678169988,27.434],[139.726259366,35.678169337,27.405],[139.726056642,35.67817595,27.25],[139.72605257,35.678176083,27.247]]}},{"type":"Feature","id":456,"properties":{"lane_id":456,"name":"Lane #434","role":2,"role_name":"Secondary","speed_limit":60.0,"priority_offset":0.0,"oneway":"yes","length_m":992.0},"geometry":{"type":"LineString","coordinates":[[139.726030976,35.678177153,27.225],[139.726027731,35.678177393,27.222],[139.725812514,35.678193286,27.001],[139.72549929,35.678225876,26.672],[139.724993481,35.678281187,26.389],[139.724709759,35.678312522,26.257],[139.7245194,35.67833505,26.185],[139.724189296,35.678367719,26.111],[139.723742002,35.678407687,26.129],[139.723443774,35.6784389,26.259],[139.723045454,35.678492027,26.146],[139.722530788,35.678570831,26.09],[139.721991859,35.678652003,26.019],[139.721537749,35.678720973,26.005],[139.720818029,35.678830674,26.093],[139.720251704,35.678917725,26.106],[139.719586838,35.679017591,27.189],[139.719040107,35.67910237,29.052],[139.718596001,35.67916519,30.688],[139.718170454,35.679223282,32.273],[139.717724576,35.679287155,33.935],[139.717247933,35.679354388,35.711],[139.716807174,35.679415664,37.355],[139.716389954,35.679472826,38.779],[139.716073123,35.679517023,39.16],[139.715696197,35.679570799,39.196],[139.715381854,35.679613889,39.219],[139.715234666,35.679634217,39.278],[139.715222672,35.679635873,39.283]]}},{"type":"Feature","id":457,"properties":{"lane_id":457,"name":"Lane #435","role":1,"role_name":"Parking","speed_limit":40.0,"priority_offset":0.0,"oneway":"yes","length_m":296.9},"geometry":{"type":"LineString","coordinates":[[139.721182097,35.678100033,26.224],[139.721178072,35.678107317,26.436],[139.721104531,35.678240412,30.308],[139.72125212,35.678675838,32.954],[139.72140875,35.678815805,32.366],[139.72162271,35.678866028,31.426],[139.721870822,35.678834885,30.106],[139.722163273,35.678794172,28.504],[139.722332895,35.678768064,27.581],[139.722633826,35.678718078,26.211],[139.72279924,35.678690269,26.007],[139.723097597,35.678633362,26.03],[139.723612,35.678548092,26.065],[139.72363363,35.678534118,26.084],[139.723653033,35.678521582,26.1]]}},{"type":"Feature","id":458,"properties":{"lane_id":458,"name":"Lane #436","role":2,"role_name":"Secondary","speed_limit":60.0,"priority_offset":0.0,"oneway":"yes","length_m":1354.3},"geometry":{"type":"LineString","coordinates":[[139.7152037,35.679639128,39.291],[139.715196431,35.679640212,39.293],[139.71503429,35.679664393,39.335],[139.71478207,35.679706019,39.121],[139.714546227,35.679748303,38.739],[139.714266653,35.679802429,38.41],[139.713977351,35.679858662,38.09],[139.713709335,35.679905033,37.755],[139.713513922,35.679928114,37.929],[139.713278143,35.679936115,38.199],[139.712914402,35.679920394,38.23],[139.712609539,35.67990813,38.273],[139.712244632,35.679889778,38.299],[139.711948999,35.679877812,38.321],[139.711498177,35.679855223,38.243],[139.710992239,35.679834739,38.161],[139.710746333,35.679815009,38.08],[139.710569945,35.679792499,38.053],[139.710387721,35.679754558,38.061],[139.710225023,35.679694544,38.267],[139.710007829,35.679588089,38.692],[139.70976271,35.679441043,39.082],[139.709538236,35.679311376,39.496],[139.709395459,35.679235528,39.803],[139.709239083,35.679169374,40.093],[139.70908111,35.679114362,40.351],[139.708873082,35.679064867,40.61],[139.708629392,35.679021706,40.92],[139.708144997,35.678949604,41.646],[139.70748244,35.678851579,42.69],[139.706833571,35.67875709,42.504],[139.706411915,35.678694647,41.495],[139.705666967,35.678582805,39.72],[139.70536502,35.678538495,39.063],[139.705201485,35.678526143,38.756],[139.705030673,35.678533433,38.455],[139.704845781,35.678572857,37.996],[139.704665033,35.678646591,37.456],[139.704222591,35.678868238,36.281],[139.703721678,35.679119783,36.114],[139.703467919,35.679247766,36.076],[139.70324799,35.679346756,36.012],[139.702960808,35.679446079,35.911],[139.702735366,35.679491916,35.85],[139.702503995,35.679515751,35.836],[139.702312738,35.679513443,35.785],[139.702104844,35.679497241,35.779],[139.701888195,35.679458325,35.763],[139.701676735,35.679392163,35.769],[139.701442656,35.679282076,35.903],[139.701207741,35.679150005,36.241],[139.701053288,35.679049325,36.438],[139.70104296,35.679042593,36.451]]}},{"type":"Feature","id":459,"properties":{"lane_id":459,"name":"Lane #437","role":3,"role_name":"Main","speed_limit":80.0,"priority_offset":0.0,"oneway":"yes","length_m":35.9},"geometry":{"type":"LineString","coordinates":[[139.701026745,35.67903304,36.469],[139.70101851,35.67902764,36.489],[139.700723597,35.678834237,37.204],[139.700717736,35.678830394,37.218]]}},{"type":"Feature","id":460,"properties":{"lane_id":460,"name":"Lane #438","role":2,"role_name":"Secondary","speed_limit":60.0,"priority_offset":0.0,"oneway":"yes","length_m":1562.9},"geometry":{"type":"LineString","coordinates":[[139.700703111,35.678821051,37.288],[139.700696292,35.678816561,37.321],[139.700593678,35.678749002,37.82],[139.700470732,35.678676637,38.367],[139.700322232,35.678594797,39.037],[139.70020776,35.678541627,39.526],[139.700071084,35.678493834,39.862],[139.699868801,35.678438154,40.316],[139.699630633,35.678389046,40.843],[139.699329964,35.678334322,41.77],[139.699058345,35.678284091,43.007],[139.69885262,35.678254562,43.941],[139.698696017,35.678241149,44.631],[139.698503298,35.678242105,45.414],[139.698344246,35.67825851,45.898],[139.698184892,35.678298767,46.274],[139.698058374,35.678351587,46.527],[139.697925205,35.67842968,46.619],[139.697802011,35.67852688,46.492],[139.697678325,35.678655039,46.31],[139.697575204,35.678784864,46.141],[139.697416686,35.679009749,46.074],[139.697188066,35.67934272,46.137],[139.697042824,35.679557219,46.176],[139.696949586,35.679681,46.189],[139.696842585,35.679813965,46.202],[139.696678802,35.679996303,46.19],[139.696522971,35.680171693,46.182],[139.696425249,35.680303334,46.199],[139.696345999,35.680413851,46.214],[139.696208746,35.680622042,46.297],[139.695871497,35.681107402,46.574],[139.695517822,35.681621132,46.896],[139.695404186,35.681777144,47.119],[139.695290254,35.681905083,47.529],[139.695130204,35.682042637,48.119],[139.695006497,35.682113519,48.517],[139.694874801,35.682163681,48.98],[139.694705364,35.682195771,49.517],[139.694518342,35.682201175,50.128],[139.69429872,35.682159856,50.9],[139.694155679,35.682106185,51.163],[139.693921137,35.681982308,51.237],[139.69342817,35.6816561,50.943],[139.692955346,35.681330102,50.647],[139.692416137,35.680978989,50.324],[139.69049467,35.679781445,41.496],[139.690481674,35.679773638,41.496],[139.690400066,35.679861267,41.491],[139.690414432,35.679869899,41.491],[139.692340317,35.681064241,50.128],[139.692870278,35.681409955,50.509],[139.692910749,35.681436356,50.538]]}},{"type":"Feature","id":461,"properties":{"lane_id":461,"name":"Lane #439","role":2,"role_name":"Secondary","speed_limit":60.0,"priority_offset":0.0,"oneway":"yes","length_m":883.8},"geometry":{"type":"LineString","coordinates":[[139.696947654,35.67975197,46.254],[139.696935867,35.679769331,46.257],[139.696765357,35.680020472,46.311],[139.696523894,35.680362883,46.37],[139.696340976,35.680613497,46.416],[139.696105689,35.680952645,48.487],[139.695872587,35.681292801,51.07],[139.695648525,35.681616439,53.535],[139.69548977,35.681851272,55.641],[139.695336264,35.682073718,57.787],[139.695228471,35.682248204,59.503],[139.695173004,35.682384285,60.509],[139.695153098,35.682491047,60.936],[139.695152602,35.682590071,61.087],[139.69517486,35.682700009,60.982],[139.695207081,35.682776611,60.723],[139.695267559,35.682868197,60.145],[139.695348801,35.682957002,59.316],[139.695456826,35.683044666,58.081],[139.695611098,35.683155999,56.418],[139.695762954,35.683266805,55.047],[139.695855119,35.683343504,54.138],[139.69592281,35.683418316,53.344],[139.695982867,35.683505015,52.472],[139.696028925,35.683594654,51.635],[139.696062463,35.683686134,50.867],[139.696079984,35.683791861,49.972],[139.696077638,35.683906273,48.92],[139.696059102,35.684037221,47.681],[139.696002864,35.684275835,45.358],[139.695930502,35.684573374,42.525],[139.695830094,35.684987132,38.599],[139.695734228,35.685388644,35.874],[139.69555902,35.686124926,34.924],[139.695381723,35.686836566,34.602],[139.695345978,35.686984183,34.578],[139.695342673,35.686997832,34.576]]}},{"type":"Feature","id":462,"properties":{"lane_id":462,"name":"Lane #440","role":3,"role_name":"Main","speed_limit":80.0,"priority_offset":0.0,"oneway":"yes","length_m":1315.4},"geometry":{"type":"LineString","coordinates":[[139.696935538,35.679761777,46.249],[139.696929555,35.679768838,46.249],[139.696845817,35.679867653,46.251],[139.696688475,35.680039894,46.241],[139.696501226,35.680257235,46.244],[139.69636584,35.680451319,46.272],[139.696217221,35.68067023,46.354],[139.695895039,35.681141018,46.639],[139.69562726,35.681531038,46.865],[139.695490563,35.681724219,47.063],[139.695371614,35.681872923,47.495],[139.695255195,35.681985396,47.986],[139.695117079,35.682093079,48.566],[139.694961545,35.682169778,49.107],[139.694821039,35.682212588,49.573],[139.694687978,35.68223001,49.944],[139.694481276,35.68223015,50.581],[139.694310874,35.682198078,51.11],[139.694165228,35.682148846,51.357],[139.693935152,35.682028995,51.306],[139.69340903,35.681682005,50.996],[139.69293229,35.681359675,50.706],[139.692432779,35.681032317,50.403],[139.690562484,35.679861618,41.551],[139.690543048,35.679848529,41.55],[139.690504649,35.67988076,41.553],[139.690524027,35.679891997,41.554],[139.692326027,35.681015536,50.184],[139.692863731,35.681369789,50.522],[139.693578234,35.681845105,51.111],[139.693884794,35.682051936,51.294],[139.694121036,35.68219006,51.539],[139.694302793,35.68226303,51.429],[139.694484664,35.682307586,51.109],[139.694624506,35.682318525,50.817],[139.694769004,35.682313042,50.518],[139.694939855,35.68228348,50.173],[139.694954969,35.682280865,50.143]]}},{"type":"Feature","id":463,"properties":{"lane_id":463,"name":"Lane #441","role":2,"role_name":"Secondary","speed_limit":60.0,"priority_offset":0.0,"oneway":"yes","length_m":340.4},"geometry":{"type":"LineString","coordinates":[[139.692927267,35.681447155,50.552],[139.692938052,35.68145438,50.56],[139.69353524,35.681854491,51.051],[139.693823269,35.682045962,51.217],[139.694059733,35.682190463,51.607],[139.694187065,35.68226024,51.742],[139.694318022,35.682305252,51.654],[139.694475936,35.682342124,51.481],[139.694681505,35.68235423,51.102],[139.694877196,35.682331737,50.68],[139.695005138,35.682300199,50.412],[139.695142083,35.682246529,50.104],[139.695305618,35.682147592,49.582],[139.695440065,35.682034329,49.041],[139.695545355,35.6819224,48.568],[139.695666041,35.681768389,47.929],[139.695766887,35.681619887,47.385],[139.695836812,35.681516926,47.172],[139.695840371,35.681511686,47.161]]}},{"type":"Feature","id":464,"properties":{"lane_id":464,"name":"Lane #442","role":2,"role_name":"Secondary","speed_limit":60.0,"priority_offset":0.0,"oneway":"yes","length_m":754.9},"geometry":{"type":"LineString","coordinates":[[139.69291178,35.681443821,50.534],[139.692926246,35.68145713,50.544],[139.693045251,35.681566611,50.624],[139.693686804,35.682017477,51.125],[139.694074821,35.682273961,53.364],[139.694522426,35.682547103,58.221],[139.694906801,35.682783454,61.447],[139.695314249,35.683027156,59.31],[139.695431639,35.683094775,57.971],[139.695615371,35.683204722,56.072],[139.695762441,35.683309817,54.691],[139.695871594,35.683410482,53.407],[139.695966424,35.68354651,51.878],[139.696017667,35.6836738,50.686],[139.696038198,35.683766499,49.958],[139.696041683,35.683899202,48.819],[139.696017483,35.684062872,47.335],[139.695966829,35.684269834,45.309],[139.695879621,35.684621536,41.956],[139.695791486,35.684982623,38.534],[139.695700426,35.685372204,35.896],[139.695573002,35.685903138,35.118],[139.695410298,35.686578099,34.665],[139.695313603,35.68697813,34.578],[139.695310268,35.686991928,34.575]]}},{"type":"Feature","id":465,"properties":{"lane_id":465,"name":"Lane #443","role":3,"role_name":"Main","speed_limit":80.0,"priority_offset":0.0,"oneway":"yes","length_m":5709.6},"geometry":{"type":"LineString","coordinates":[[139.694968385,35.68227754,50.114],[139.694975856,35.682274924,50.096],[139.695045521,35.682250529,49.925],[139.695163353,35.682199201,49.653],[139.695306324,35.682104843,49.207],[139.695448,35.681976369,48.693],[139.695518922,35.681901021,48.428],[139.695629472,35.681757405,47.925],[139.695758833,35.681566707,47.35],[139.696012208,35.68119833,46.892],[139.696231219,35.680878104,46.644],[139.696604391,35.680333714,46.374],[139.696894621,35.679917868,46.289],[139.697183405,35.679499092,46.206],[139.697487732,35.679056963,46.121],[139.697681621,35.678775425,46.203],[139.697824171,35.678616685,46.425],[139.697967703,35.678496229,46.597],[139.69812956,35.678402424,46.464],[139.698287264,35.678347507,46.068],[139.698455136,35.678318847,45.598],[139.698627679,35.678312286,44.911],[139.698854697,35.678327927,43.865],[139.699069674,35.678360886,42.895],[139.699426488,35.678426092,41.391],[139.699786713,35.678494694,40.206],[139.700099627,35.678581086,39.068],[139.700280699,35.67865903,38.439],[139.700478737,35.678766371,37.774],[139.70073331,35.678932971,36.854],[139.700997576,35.679105931,36.465],[139.701175898,35.679218325,36.213],[139.70132696,35.679303858,35.989],[139.701505675,35.679398154,35.79],[139.701707969,35.679483424,35.771],[139.701925665,35.679552043,35.825],[139.702106964,35.679592625,35.92],[139.702231011,35.679609959,35.975],[139.702426794,35.679613109,35.958],[139.702610715,35.679599818,35.946],[139.702823717,35.679559605,35.886],[139.703006214,35.679512066,35.922],[139.703207704,35.67944378,35.987],[139.703358708,35.679383066,36.035],[139.703517959,35.67930835,36.076],[139.703792114,35.679176866,36.166],[139.704199518,35.678967781,36.248],[139.704639463,35.678747037,37.239],[139.704802771,35.678673119,37.733],[139.704946939,35.678627405,38.159],[139.705127375,35.678600807,38.605],[139.705334659,35.678611632,39.024],[139.705628194,35.678653968,39.709],[139.706098488,35.678723061,40.833],[139.706638641,35.678803725,42.118],[139.707192568,35.678884345,43.032],[139.707916388,35.67899044,42.032],[139.708314833,35.679048638,41.4],[139.708670774,35.67910165,40.851],[139.708957069,35.67915904,40.466],[139.709190112,35.679231388,40.12],[139.709418249,35.679333685,39.647],[139.709614037,35.679444079,39.237],[139.709821818,35.679569158,38.984],[139.710024962,35.679685263,38.867],[139.710217136,35.679771831,38.76],[139.710423401,35.679838081,38.708],[139.710634467,35.679877049,38.671],[139.71093636,35.679903077,38.624],[139.711562277,35.679931913,38.497],[139.712274154,35.679964704,38.365],[139.71302602,35.680000321,38.272],[139.713262602,35.680011866,38.296],[139.71347243,35.680005076,38.375],[139.713688715,35.679982522,38.44],[139.714043404,35.679921903,38.265],[139.714500773,35.679832204,38.695],[139.714786291,35.679780366,39.007],[139.715102027,35.679727222,39.272],[139.715501984,35.679671648,39.258],[139.715869806,35.679620855,39.228],[139.716203517,35.679575115,39.154],[139.716675421,35.679507601,37.947],[139.717278676,35.679423314,35.697],[139.718152752,35.679300735,32.441],[139.719046445,35.679176147,29.131],[139.719504146,35.679105642,27.576],[139.720036671,35.679023802,26.239],[139.720483733,35.678956403,26.153],[139.720925447,35.678889714,26.127],[139.721370929,35.678821375,26.076],[139.721901752,35.678740115,26.056],[139.722474941,35.678649652,26.137],[139.722843173,35.678594271,26.153],[139.723156214,35.678548759,26.154],[139.723440802,35.678512791,26.151],[139.72368557,35.678489079,26.148],[139.724075979,35.678453147,26.152],[139.72441835,35.678419372,26.195],[139.724769768,35.678383168,26.332],[139.725187487,35.678335866,26.515],[139.725530319,35.678297337,26.677],[139.725778111,35.678271835,26.762],[139.725989007,35.678254992,26.812],[139.726181715,35.678244465,26.867],[139.726417339,35.678245605,26.914],[139.726722858,35.678265396,26.85],[139.727053728,35.678313005,26.762],[139.727376374,35.678383773,26.687],[139.727683904,35.678478868,26.602],[139.72792637,35.678569787,26.603],[139.728272665,35.678725579,26.561],[139.728611888,35.678879046,26.466],[139.728969896,35.679039383,26.369],[139.729348014,35.679201482,26.086],[139.72975551,35.679366415,24.904],[139.730180471,35.679537296,23.614],[139.730539611,35.679691623,22.513],[139.730903543,35.679851486,21.499],[139.731317618,35.680035894,20.41],[139.731700727,35.680188484,19.81],[139.731946177,35.680265691,19.973],[139.732145935,35.680304177,20.264],[139.732416086,35.680330898,20.649],[139.732724003,35.680331793,21.08],[139.733236787,35.680293193,21.818],[139.73365376,35.680259472,22.542],[139.734034935,35.680216293,23.218],[139.734292323,35.680172483,23.673],[139.734488189,35.680130252,23.975],[139.734734046,35.680060247,23.936],[139.734961523,35.679980697,23.7],[139.735186218,35.679884795,23.446],[139.735437396,35.679770041,23.172],[139.735884445,35.679553718,22.701],[139.736237472,35.679378434,22.537],[139.736417651,35.679272777,22.769],[139.736609209,35.679121424,23.151],[139.7368222,35.6789179,23.686],[139.73697865,35.6787563,24.159],[139.737094366,35.678613597,24.545],[139.737157101,35.678500203,24.793],[139.737213531,35.678372492,25.045],[139.737289789,35.678133325,25.51],[139.737362436,35.67789258,25.848],[139.73743419,35.677724173,25.898],[139.737508003,35.677594453,25.804],[139.737607857,35.677471391,25.483],[139.737759944,35.677350645,25.058],[139.737924984,35.677269113,24.743],[139.738118277,35.677209135,24.405],[139.738370575,35.677160895,23.992],[139.738764321,35.677109277,23.358],[139.739107283,35.677068212,22.791],[139.739389164,35.677039658,22.244],[139.739692445,35.677030069,21.603],[139.739983112,35.67704436,21.143],[139.740234264,35.677072792,20.742],[139.740695906,35.67714256,19.883],[139.741137785,35.677209135,18.757],[139.74157272,35.677274605,17.33],[139.741841998,35.677307177,16.538],[139.742108359,35.677313774,15.747],[139.742315111,35.677298212,15.018],[139.742460621,35.677270929,14.485],[139.742757206,35.677206828,14.012],[139.743113151,35.677140042,13.816],[139.74337881,35.677120628,13.662],[139.743623485,35.677137393,13.656],[139.743941047,35.677187958,13.659],[139.74430049,35.67725484,13.594],[139.74488967,35.677365725,13.454],[139.745399457,35.677460522,13.307],[139.745985817,35.67756874,13.147],[139.746496729,35.677664107,12.424],[139.74695585,35.677751017,11.03],[139.747780839,35.677904422,8.527],[139.74822407,35.677984656,7.19],[139.748695467,35.678071847,5.759],[139.749113496,35.678127483,4.606],[139.749458838,35.678139457,3.644],[139.749810074,35.678111131,2.915],[139.750074152,35.678061671,2.757],[139.750450571,35.677955637,2.707],[139.750926205,35.6778161,2.637],[139.751189324,35.67773698,2.611],[139.751468349,35.677638552,2.75],[139.751507954,35.677648407,2.932],[139.751517107,35.677650685,2.974]]}},{"type":"Feature","id":467,"properties":{"lane_id":467,"name":"Lane #446","role":2,"role_name":"Secondary","speed_limit":60.0,"priority_offset":0.0,"oneway":"yes","length_m":94.7},"geometry":{"type":"LineString","coordinates":[[139.695112893,35.687838867,34.564],[139.695112746,35.687851453,34.565],[139.69511135,35.687970596,34.567],[139.695030611,35.688292005,34.57],[139.69493858,35.688668878,34.563],[139.694936908,35.688675726,34.563]]}},{"type":"Feature","id":468,"properties":{"lane_id":468,"name":"Lane #447","role":1,"role_name":"Parking","speed_limit":40.0,"priority_offset":0.0,"oneway":"yes","length_m":143.9},"geometry":{"type":"LineString","coordinates":[[139.695053435,35.688703904,34.569],[139.69505724,35.68868826,34.568],[139.695159394,35.688268267,34.565],[139.695355634,35.68745885,34.568],[139.695361251,35.68743568,34.568]]}},{"type":"Feature","id":469,"properties":{"lane_id":469,"name":"Lane #448","role":3,"role_name":"Main","speed_limit":80.0,"priority_offset":0.0,"oneway":"yes","length_m":144.2},"geometry":{"type":"LineString","coordinates":[[139.695088332,35.68871008,34.57],[139.695092225,35.688693975,34.57],[139.695264199,35.687982474,34.564],[139.695388856,35.687463692,34.567],[139.695394746,35.68743918,34.568]]}},{"type":"Feature","id":466,"properties":{"lane_id":466,"name":"Lane #449","role":2,"role_name":"Secondary","speed_limit":60.0,"priority_offset":0.0,"oneway":"yes","length_m":52.4},"geometry":{"type":"LineString","coordinates":[[139.695220503,35.687360507,34.564],[139.69520276,35.687436569,34.564],[139.695116185,35.687807704,34.563],[139.695112634,35.687822927,34.563]]}},{"type":"Feature","id":470,"properties":{"lane_id":470,"name":"Lane #450","role":2,"role_name":"Secondary","speed_limit":60.0,"priority_offset":0.0,"oneway":"yes","length_m":93.0},"geometry":{"type":"LineString","coordinates":[[139.695105999,35.687852798,34.564],[139.695104166,35.687860164,34.564],[139.694904317,35.688663281,34.568],[139.694902156,35.688671963,34.568]]}},{"type":"Feature","id":471,"properties":{"lane_id":471,"name":"Lane #451","role":1,"role_name":"Parking","speed_limit":40.0,"priority_offset":0.0,"oneway":"yes","length_m":148.1},"geometry":{"type":"LineString","coordinates":[[139.695188389,35.687360367,34.565],[139.695170985,35.687431937,34.565],[139.694872806,35.688658134,34.57],[139.694871122,35.688665059,34.57]]}},{"type":"Feature","id":472,"properties":{"lane_id":472,"name":"Lane #452","role":1,"role_name":"Parking","speed_limit":40.0,"priority_offset":0.0,"oneway":"yes","length_m":147.9},"geometry":{"type":"LineString","coordinates":[[139.69515449,35.687356665,34.566],[139.695137425,35.687427046,34.566],[139.69484022,35.688652811,34.569],[139.694838442,35.688660146,34.569]]}},{"type":"Feature","id":473,"properties":{"lane_id":473,"name":"Lane #453","role":2,"role_name":"Secondary","speed_limit":60.0,"priority_offset":0.0,"oneway":"yes","length_m":143.9},"geometry":{"type":"LineString","coordinates":[[139.695020329,35.688696254,34.565],[139.695023611,35.688682767,34.565],[139.695322664,35.687454045,34.567],[139.695328917,35.687428354,34.567]]}},{"type":"Feature","id":474,"properties":{"lane_id":474,"name":"Lane #454","role":2,"role_name":"Secondary","speed_limit":60.0,"priority_offset":0.0,"oneway":"yes","length_m":83.2},"geometry":{"type":"LineString","coordinates":[[139.694986403,35.688689455,34.563],[139.694989423,35.688677183,34.563],[139.695163875,35.687968316,34.564],[139.695166811,35.687956384,34.564]]}},{"type":"Feature","id":475,"properties":{"lane_id":475,"name":"Lane #455","role":2,"role_name":"Secondary","speed_limit":60.0,"priority_offset":0.0,"oneway":"yes","length_m":59.6},"geometry":{"type":"LineString","coordinates":[[139.695166952,35.687948708,34.564],[139.695167576,35.687939027,34.564],[139.695179057,35.687760914,34.567],[139.695259368,35.687444819,34.561],[139.695265477,35.687420775,34.561]]}},{"type":"Feature","id":476,"properties":{"lane_id":476,"name":"Lane #456","role":2,"role_name":"Secondary","speed_limit":60.0,"priority_offset":0.0,"oneway":"yes","length_m":58.2},"geometry":{"type":"LineString","coordinates":[[139.695173004,35.687938453,34.564],[139.69517443,35.687932491,34.564],[139.695289976,35.68744928,34.564],[139.6952958,35.687424924,34.564]]}},{"type":"Feature","id":477,"properties":{"lane_id":477,"name":"Lane #457","role":2,"role_name":"Secondary","speed_limit":60.0,"priority_offset":0.0,"oneway":"yes","length_m":545.8},"geometry":{"type":"LineString","coordinates":[[139.695380752,35.687064573,34.57],[139.695397974,35.686993905,34.593],[139.695573018,35.68627563,34.829],[139.695697718,35.685760022,35.284],[139.695782385,35.685412137,35.839],[139.695853522,35.6851218,37.405],[139.695922691,35.684845368,40.019],[139.695961542,35.684680461,41.579],[139.696030171,35.684393036,44.306],[139.69609388,35.684125078,46.901],[139.696130542,35.683954338,48.606],[139.696142652,35.683838382,49.73],[139.696134679,35.683705127,50.841],[139.69610269,35.683587644,51.582],[139.696046894,35.683477452,51.742],[139.695949966,35.683361145,51.493],[139.695855259,35.683275227,51.278],[139.695661494,35.6831299,50.966],[139.695567689,35.683053851,50.92],[139.695480966,35.682974705,50.888],[139.695418244,35.682900664,50.858],[139.695352437,35.682795613,50.812],[139.695316175,35.682693658,50.655],[139.695303104,35.682581983,50.396],[139.695311136,35.682498793,50.211],[139.695323999,35.682461452,50.119],[139.695327832,35.682450324,50.091]]}},{"type":"Feature","id":478,"properties":{"lane_id":478,"name":"Lane #458","role":3,"role_name":"Main","speed_limit":80.0,"priority_offset":0.0,"oneway":"yes","length_m":169.4},"geometry":{"type":"LineString","coordinates":[[139.695414943,35.687068653,34.57],[139.695431408,35.687000157,34.594],[139.695616692,35.686229381,34.862],[139.69573836,35.685737047,35.316],[139.695776954,35.685579435,35.543],[139.695777746,35.685576202,35.548]]}},{"type":"Feature","id":479,"properties":{"lane_id":479,"name":"Lane #459","role":1,"role_name":"Parking","speed_limit":40.0,"priority_offset":0.0,"oneway":"yes","length_m":148.5},"geometry":{"type":"LineString","coordinates":[[139.695451021,35.687069548,34.569],[139.695466087,35.687006641,34.588],[139.695625782,35.686339854,34.792],[139.695763924,35.685764382,35.29],[139.695764988,35.685759952,35.294]]}},{"type":"Feature","id":480,"properties":{"lane_id":480,"name":"Lane #460","role":3,"role_name":"Main","speed_limit":80.0,"priority_offset":0.0,"oneway":"yes","length_m":150.4},"geometry":{"type":"LineString","coordinates":[[139.695485962,35.687076881,34.572],[139.695501039,35.687013176,34.593],[139.695673756,35.686283385,34.836],[139.695792413,35.68579742,35.257],[139.695770937,35.685762264,35.293],[139.69576632,35.685754706,35.3]]}},{"type":"Feature","id":481,"properties":{"lane_id":481,"name":"Lane #461","role":3,"role_name":"Main","speed_limit":80.0,"priority_offset":0.0,"oneway":"yes","length_m":20.8},"geometry":{"type":"LineString","coordinates":[[139.695767949,35.68574917,35.307],[139.695769416,35.685743363,35.315],[139.695803235,35.68560945,35.501],[139.695783589,35.68557632,35.55],[139.695779472,35.685569377,35.56]]}},{"type":"Feature","id":482,"properties":{"lane_id":482,"name":"Lane #462","role":2,"role_name":"Secondary","speed_limit":60.0,"priority_offset":0.0,"oneway":"yes","length_m":374.1},"geometry":{"type":"LineString","coordinates":[[139.69578109,35.685562964,35.57],[139.695782151,35.68555883,35.578],[139.695824937,35.685392162,35.899],[139.695876039,35.685180462,36.908],[139.69595379,35.684849763,39.982],[139.696000566,35.684670495,41.681],[139.69605169,35.68446427,43.637],[139.696111121,35.684205137,46.118],[139.696152319,35.684038458,47.837],[139.696176918,35.683885271,49.421],[139.696179362,35.683768543,50.521],[139.696167419,35.683669361,51.329],[139.696137522,35.683571757,51.933],[139.696089619,35.683481435,52.079],[139.696014926,35.683377857,51.829],[139.695901739,35.683268709,51.432],[139.695726498,35.683128962,50.945],[139.695606923,35.683027875,50.858],[139.695525245,35.68292771,50.788],[139.69546119,35.682831098,50.736],[139.695410077,35.682738635,50.664],[139.695375779,35.682670779,50.536],[139.695354967,35.682479476,50.092],[139.695337931,35.682455011,50.081],[139.695332396,35.682447061,50.078]]}},{"type":"Feature","id":483,"properties":{"lane_id":483,"name":"Lane #463","role":1,"role_name":"Parking","speed_limit":40.0,"priority_offset":0.0,"oneway":"yes","length_m":248.2},"geometry":{"type":"LineString","coordinates":[[139.695769994,35.685752662,35.304],[139.695772237,35.685749398,35.308],[139.695813527,35.685689315,35.389],[139.695874167,35.685487274,35.724],[139.695910882,35.685345237,36.027],[139.69594128,35.685150715,36.472],[139.696001775,35.684889283,37.115],[139.696059145,35.684652125,37.738],[139.696061249,35.68464352,37.76],[139.696087973,35.684110805,37.764],[139.695833012,35.684608631,37.761],[139.69583008,35.684619544,37.732],[139.695828136,35.684626782,37.713]]}},{"type":"Feature","id":484,"properties":{"lane_id":484,"name":"Lane #464","role":1,"role_name":"Parking","speed_limit":40.0,"priority_offset":0.0,"oneway":"yes","length_m":266.2},"geometry":{"type":"LineString","coordinates":[[139.695824705,35.684638475,37.681],[139.695823785,35.684642295,37.672],[139.695752969,35.684936418,36.913],[139.695659956,35.685327201,35.975],[139.695639236,35.685451412,35.718],[139.695587508,35.685708325,35.323],[139.695447332,35.686294289,34.805],[139.695281151,35.686972062,34.578],[139.695277269,35.686987892,34.573]]}},{"type":"Feature","id":485,"properties":{"lane_id":485,"name":"Lane #465","role":1,"role_name":"Parking","speed_limit":40.0,"priority_offset":0.0,"oneway":"yes","length_m":267.6},"geometry":{"type":"LineString","coordinates":[[139.695826847,35.684630492,37.703],[139.695819888,35.684639161,37.678],[139.695783469,35.684684531,37.546],[139.695730047,35.684915829,36.955],[139.695631074,35.685314376,35.992],[139.695617334,35.685372468,35.865],[139.695604533,35.685460992,35.691],[139.695575041,35.685619819,35.436],[139.695553043,35.685709518,35.314],[139.695415396,35.686274911,34.813],[139.695248825,35.686966018,34.581],[139.695244978,35.68698198,34.575]]}},{"type":"Feature","id":486,"properties":{"lane_id":486,"name":"Lane #464","role":1,"role_name":"Parking","speed_limit":40.0,"priority_offset":0.0,"oneway":"yes","length_m":695.3},"geometry":{"type":"LineString","coordinates":[[139.695152413,35.688963458,34.544],[139.695228062,35.688975145,34.48],[139.696091162,35.689108486,33.751],[139.696813336,35.689220362,33.477],[139.697253453,35.689292104,33.328],[139.697909248,35.689390463,33.023],[139.698358531,35.689463398,32.72],[139.69884524,35.689536938,32.522],[139.699439807,35.689622672,32.522],[139.699879633,35.689671465,32.521],[139.700232942,35.689712425,32.525],[139.700521429,35.689741164,32.526],[139.700751155,35.689759332,32.518],[139.701040679,35.689778175,32.521],[139.701420215,35.689799817,32.518],[139.701782538,35.68981909,32.523],[139.702008083,35.689831293,32.517],[139.70220837,35.689841232,32.523],[139.702301355,35.689851022,32.522],[139.702367848,35.68987341,32.522],[139.702448788,35.689918817,32.525],[139.702555443,35.690006972,32.525],[139.702647281,35.690054384,32.524],[139.702655786,35.690058774,32.523]]}},{"type":"Feature","id":487,"properties":{"lane_id":487,"name":"Lane #465","role":1,"role_name":"Parking","speed_limit":40.0,"priority_offset":0.0,"oneway":"yes","length_m":694.5},"geometry":{"type":"LineString","coordinates":[[139.695147833,35.688994907,34.544],[139.695221252,35.689006115,34.482],[139.69606728,35.68913526,33.764],[139.696721986,35.689239162,33.504],[139.69724445,35.689321958,33.329],[139.697969705,35.689432422,32.974],[139.698381986,35.689494365,32.702],[139.698879684,35.689572792,32.521],[139.699317891,35.689634235,32.52],[139.699592639,35.689668237,32.523],[139.699890007,35.689702863,32.519],[139.700232596,35.689739681,32.524],[139.700570563,35.689775982,32.525],[139.701095816,35.689812783,32.519],[139.701426198,35.689828573,32.522],[139.70178537,35.689847636,32.525],[139.702056622,35.689863532,32.524],[139.702203402,35.68987098,32.524],[139.702285479,35.689880647,32.523],[139.702344112,35.689898105,32.521],[139.702410281,35.689934493,32.523],[139.7024826,35.689989568,32.524],[139.702621657,35.690087925,32.525],[139.702635896,35.690097997,32.525]]}},{"type":"Feature","id":488,"properties":{"lane_id":488,"name":"Lane #466","role":1,"role_name":"Parking","speed_limit":40.0,"priority_offset":0.0,"oneway":"yes","length_m":68.9},"geometry":{"type":"LineString","coordinates":[[139.702821387,35.690078162,32.521],[139.702831435,35.690077052,32.521],[139.702911362,35.690068223,32.522],[139.702988811,35.690035597,32.525],[139.703012746,35.689993191,32.527],[139.703016674,35.689918247,32.521],[139.703031519,35.689736488,32.524],[139.70298873,35.689675282,32.525],[139.702894445,35.68964203,32.523],[139.702875747,35.689635437,32.522]]}},{"type":"Feature","id":489,"properties":{"lane_id":489,"name":"Lane #467","role":1,"role_name":"Parking","speed_limit":40.0,"priority_offset":0.0,"oneway":"yes","length_m":82.0},"geometry":{"type":"LineString","coordinates":[[139.702823129,35.690109962,32.52],[139.702843278,35.690109413,32.522],[139.702927286,35.69010712,32.526],[139.703006402,35.6900776,32.526],[139.703053712,35.690034588,32.522],[139.703063325,35.689927861,32.522],[139.703078106,35.689741707,32.523],[139.703061286,35.689678913,32.525],[139.702986507,35.689636331,32.524],[139.702905517,35.689614339,32.521],[139.702879896,35.689607382,32.52]]}},{"type":"Feature","id":490,"properties":{"lane_id":490,"name":"Lane #468","role":1,"role_name":"Parking","speed_limit":40.0,"priority_offset":0.0,"oneway":"yes","length_m":694.2},"geometry":{"type":"LineString","coordinates":[[139.702750255,35.689624339,32.517],[139.70272937,35.689627929,32.518],[139.70263355,35.689644402,32.521],[139.702557703,35.689678054,32.526],[139.70245033,35.689749261,32.521],[139.702361688,35.689785693,32.526],[139.70231147,35.689795168,32.524],[139.702242102,35.689797036,32.523],[139.702049065,35.689787377,32.521],[139.701691457,35.689769876,32.519],[139.701329668,35.689750261,32.526],[139.700997868,35.689730715,32.524],[139.700691999,35.689710231,32.523],[139.700410858,35.689685598,32.525],[139.700116215,35.68965235,32.526],[139.699848081,35.689624085,32.524],[139.699502103,35.68958424,32.526],[139.69916144,35.689537421,32.518],[139.698897108,35.689498716,32.523],[139.698617349,35.689456862,32.578],[139.698090305,35.689375751,32.903],[139.697389578,35.689267761,33.29],[139.696968353,35.689202265,33.43],[139.696582802,35.689141497,33.557],[139.696044019,35.689058175,33.797],[139.695607969,35.688989793,34.174],[139.695237684,35.688931393,34.499],[139.695226119,35.688929569,34.509]]}},{"type":"Feature","id":491,"properties":{"lane_id":491,"name":"Lane #469","role":3,"role_name":"Main","speed_limit":80.0,"priority_offset":0.0,"oneway":"yes","length_m":693.4},"geometry":{"type":"LineString","coordinates":[[139.70275115,35.689600645,32.519],[139.702735868,35.689602819,32.519],[139.702615791,35.689619909,32.519],[139.702552211,35.689647087,32.525],[139.702431142,35.689722978,32.519],[139.702359891,35.689753445,32.528],[139.702312808,35.689764832,32.525],[139.702251845,35.689766376,32.523],[139.702040007,35.689758867,32.523],[139.701685631,35.689741348,32.521],[139.70134487,35.689722882,32.528],[139.701002297,35.689703529,32.526],[139.7007061,35.689682756,32.526],[139.700466492,35.689663465,32.518],[139.700188588,35.689633401,32.52],[139.699744754,35.689583266,32.524],[139.699454739,35.689549562,32.523],[139.699234994,35.689518928,32.524],[139.698951998,35.689478215,32.526],[139.698615121,35.689425176,32.578],[139.698097172,35.689346187,32.902],[139.697413239,35.689240522,33.285],[139.697005154,35.689173657,33.419],[139.696596013,35.689112153,33.555],[139.696032183,35.689024892,33.813],[139.695601162,35.688958343,34.187],[139.695243758,35.688903772,34.496],[139.69523311,35.688902146,34.506]]}},{"type":"Feature","id":492,"properties":{"lane_id":492,"name":"Lane #470","role":2,"role_name":"Secondary","speed_limit":60.0,"priority_offset":0.0,"oneway":"yes","length_m":115.6},"geometry":{"type":"LineString","coordinates":[[139.695332105,35.682442613,50.07],[139.6953369,35.68243267,50.045],[139.69542236,35.682255477,49.583],[139.695581563,35.68197114,48.71],[139.695632072,35.681880862,48.36],[139.695717813,35.68175473,47.808],[139.695790374,35.681654494,47.385],[139.695855524,35.681538539,47.147],[139.695850632,35.681515203,47.145],[139.695847594,35.681500711,47.143]]}},{"type":"Feature","id":493,"properties":{"lane_id":493,"name":"Lane #471","role":2,"role_name":"Secondary","speed_limit":60.0,"priority_offset":0.0,"oneway":"yes","length_m":656.9},"geometry":{"type":"LineString","coordinates":[[139.695851516,35.681493807,47.134],[139.695856689,35.681486301,47.125],[139.696003787,35.681272879,46.883],[139.696253704,35.680914695,46.604],[139.696658541,35.680321713,46.308],[139.697025821,35.679784954,46.212],[139.697361187,35.679303928,46.119],[139.697534864,35.679045392,46.074],[139.697665853,35.678861598,46.074],[139.697824436,35.678665759,46.246],[139.697991515,35.678516415,46.382],[139.698161124,35.678419048,46.146],[139.698367383,35.678359622,45.627],[139.698604386,35.678341682,44.842],[139.698857993,35.67835671,43.757],[139.699009654,35.678380484,43.083],[139.69930276,35.678434145,41.775],[139.699679658,35.678501677,40.508],[139.699895498,35.678548777,39.611],[139.700097766,35.67861186,38.72],[139.700266366,35.678685672,38.174],[139.700454133,35.678788645,37.621],[139.700628079,35.678900364,37.079],[139.700749953,35.678981111,36.739],[139.700760088,35.678987826,36.711]]}},{"type":"Feature","id":494,"properties":{"lane_id":494,"name":"Lane #472","role":2,"role_name":"Secondary","speed_limit":60.0,"priority_offset":0.0,"oneway":"yes","length_m":51.7},"geometry":{"type":"LineString","coordinates":[[139.700780469,35.679001064,36.684],[139.70078912,35.679006645,36.674],[139.70097766,35.679128293,36.462],[139.701210221,35.679278727,36.242],[139.701228025,35.679290243,36.225]]}},{"type":"Feature","id":495,"properties":{"lane_id":495,"name":"Lane #473","role":1,"role_name":"Parking","speed_limit":40.0,"priority_offset":0.0,"oneway":"yes","length_m":200.2},"geometry":{"type":"LineString","coordinates":[[139.701234261,35.679293217,36.218],[139.70126594,35.679312568,36.198],[139.701396501,35.679392321,36.115],[139.701562404,35.679496863,36.205],[139.701688031,35.679563789,36.244],[139.701826384,35.679625934,36.256],[139.701963286,35.679671271,36.274],[139.702168618,35.679716125,36.296],[139.702299106,35.679727003,36.303],[139.702487466,35.679722546,36.319],[139.702680789,35.679694702,36.343],[139.70284331,35.679654471,36.357],[139.702992452,35.67960195,36.368],[139.70319582,35.679512145,36.313],[139.703207258,35.679491075,36.234],[139.70321605,35.679474879,36.173]]}},{"type":"Feature","id":496,"properties":{"lane_id":496,"name":"Lane #474","role":2,"role_name":"Secondary","speed_limit":60.0,"priority_offset":0.0,"oneway":"yes","length_m":187.2},"geometry":{"type":"LineString","coordinates":[[139.701260322,35.679307402,36.192],[139.701267607,35.679311242,36.185],[139.701399608,35.67938082,36.056],[139.701627758,35.679484968,36.042],[139.701842088,35.679560842,36.136],[139.702041917,35.679610187,36.213],[139.702276314,35.679643514,36.317],[139.702471439,35.679643006,36.306],[139.70274254,35.679607345,36.227],[139.703051263,35.679530804,36.181],[139.703188084,35.679485808,36.179],[139.703206803,35.679479651,36.178]]}},{"type":"Feature","id":497,"properties":{"lane_id":497,"name":"Lane #475","role":2,"role_name":"Secondary","speed_limit":60.0,"priority_offset":0.0,"oneway":"yes","length_m":1424.2},"geometry":{"type":"LineString","coordinates":[[139.703223516,35.679472519,36.176],[139.703233209,35.679468496,36.175],[139.703400369,35.679399111,36.159],[139.703585676,35.679312104,36.14],[139.703999927,35.679103949,36.146],[139.704265882,35.678970141,36.244],[139.704596334,35.678803374,37.02],[139.704758226,35.678722377,37.447],[139.704929698,35.678662943,37.818],[139.705055658,35.678636055,38.147],[139.705197123,35.678630554,38.562],[139.70534926,35.678642757,39.0],[139.705712424,35.678695007,39.881],[139.706157088,35.678759432,40.937],[139.706624933,35.678830534,42.053],[139.707045687,35.678892337,42.925],[139.707359914,35.678937226,42.844],[139.707918468,35.679021408,41.966],[139.708421345,35.679094509,41.176],[139.708742097,35.679144031,40.648],[139.708965268,35.679191516,40.219],[139.709171363,35.679254784,39.84],[139.709380142,35.679349677,39.505],[139.709655982,35.679505373,39.092],[139.70993107,35.679669569,38.993],[139.710170053,35.679787288,39.021],[139.710363017,35.679855293,39.066],[139.710571488,35.679901068,38.998],[139.710914623,35.679931693,38.853],[139.711560915,35.679962696,38.613],[139.71202168,35.679984873,38.45],[139.71247268,35.68000383,38.289],[139.712928306,35.680025051,38.227],[139.713262281,35.680040175,38.303],[139.71341791,35.680038526,38.483],[139.713595136,35.680025025,38.697],[139.713838475,35.679990434,38.585],[139.71415999,35.67993129,38.27],[139.714606446,35.67984495,38.749],[139.714882502,35.679794411,39.031],[139.715134259,35.679756944,39.221],[139.715567042,35.679693334,39.205],[139.716095494,35.679619609,39.157],[139.716658083,35.679541182,37.982],[139.717322474,35.679447535,35.512],[139.71827525,35.679313957,31.962],[139.718293161,35.679311446,31.895]]}},{"type":"Feature","id":498,"properties":{"lane_id":498,"name":"Lane #476","role":2,"role_name":"Secondary","speed_limit":60.0,"priority_offset":0.0,"oneway":"yes","length_m":490.4},"geometry":{"type":"LineString","coordinates":[[139.718308832,35.679310122,31.837],[139.718324579,35.679307913,31.779],[139.719031535,35.679208781,29.155],[139.719493063,35.679139574,27.584],[139.72004022,35.679055129,26.189],[139.720589919,35.678970114,26.1],[139.721046718,35.678901311,26.07],[139.721419512,35.67884414,26.025],[139.721894386,35.678771696,26.005],[139.72234629,35.678701296,26.067],[139.72266493,35.678652714,26.099],[139.723004547,35.678601254,26.105],[139.723329465,35.678554084,26.094],[139.723618708,35.678526051,26.099],[139.723639482,35.678524038,26.099]]}},{"type":"Feature","id":499,"properties":{"lane_id":499,"name":"Lane #477","role":2,"role_name":"Secondary","speed_limit":60.0,"priority_offset":0.0,"oneway":"yes","length_m":2892.9},"geometry":{"type":"LineString","coordinates":[[139.723659158,35.678521906,26.099],[139.723670516,35.678520874,26.099],[139.723973926,35.678493299,26.099],[139.724314104,35.678460095,26.121],[139.724758172,35.6784141,26.281],[139.725664947,35.678311672,26.684],[139.725970334,35.678286442,26.647],[139.726290862,35.678274292,26.66],[139.726626846,35.678286214,26.641],[139.726951941,35.678326287,26.55],[139.727260715,35.678386747,26.475],[139.727491803,35.678446918,26.433],[139.72777918,35.67854346,26.412],[139.728081995,35.678674593,26.544],[139.728502397,35.678865194,26.442],[139.728951064,35.679064998,26.319],[139.72934093,35.6792328,26.015],[139.729653305,35.679358994,25.11],[139.730036795,35.679514286,23.945],[139.730339295,35.679638839,23.018],[139.730646835,35.679769524,22.107],[139.730845004,35.679858618,21.562],[139.731112748,35.679975012,20.856],[139.731454012,35.680126304,20.132],[139.731732605,35.68023275,20.013],[139.73192528,35.680290307,20.233],[139.732084719,35.680325283,20.522],[139.732323168,35.680355987,20.785],[139.73266747,35.680361795,21.125],[139.733013689,35.680342592,21.479],[139.733556164,35.680299711,22.382],[139.733942181,35.680258015,23.135],[139.734338148,35.680194458,23.918],[139.734548093,35.680145516,24.223],[139.734729242,35.680095302,24.174],[139.734913519,35.680031534,23.932],[139.735190052,35.679918157,23.554],[139.735445988,35.679802429,23.206],[139.735961967,35.67955056,22.641],[139.736293652,35.679385522,22.799],[139.736479884,35.67927218,23.19],[139.736651324,35.679131512,23.544],[139.736867004,35.678923927,23.997],[139.73699838,35.678787452,24.254],[139.737106883,35.678652047,24.486],[139.737194339,35.678502571,24.758],[139.73726307,35.678338814,25.078],[139.737321946,35.678154765,25.437],[139.73739419,35.677911353,25.733],[139.73746432,35.677745893,25.664],[139.737537761,35.677613103,25.495],[139.73765658,35.677470715,25.242],[139.737816391,35.677357137,24.925],[139.738002587,35.677275324,24.575],[139.738194711,35.677224031,24.241],[139.738421353,35.677183616,23.868],[139.738758811,35.677140516,23.325],[139.739234041,35.677083898,22.502],[139.739585431,35.677059177,21.622],[139.739754234,35.677060335,21.256],[139.739933022,35.677071353,21.036],[139.740178897,35.677095925,20.756],[139.740499066,35.677143639,20.185],[139.740965134,35.677212328,19.229],[139.741499634,35.677294738,17.49],[139.741835931,35.677340144,16.742],[139.741999981,35.67734675,16.365],[139.742179171,35.677342925,15.826],[139.742324629,35.677325652,15.189],[139.742544987,35.677283158,14.335],[139.742832123,35.677219302,13.948],[139.743080592,35.677172667,13.696],[139.743254929,35.677153727,13.461],[139.743424606,35.677150306,13.368],[139.743598519,35.677163026,13.437],[139.743852227,35.677202319,13.538],[139.74420127,35.677266929,13.583],[139.744559043,35.677333267,13.511],[139.744935207,35.677403386,13.443],[139.745330573,35.677477295,13.333],[139.745534424,35.677523017,13.273],[139.745755762,35.677591145,13.173],[139.745933512,35.677658931,13.114],[139.746118665,35.677750052,13.062],[139.74625055,35.677839523,13.008],[139.746315356,35.677896466,12.959],[139.746420847,35.67801172,12.871],[139.746505648,35.678142878,12.776],[139.74657415,35.678316356,12.707],[139.746609534,35.678537302,12.685],[139.746604944,35.678764941,12.589],[139.74657871,35.679280619,12.247],[139.746568246,35.679566772,12.272],[139.746591416,35.679855881,12.349],[139.746637935,35.680046474,12.322],[139.746750767,35.68026034,12.113],[139.746886666,35.680433607,11.939],[139.747033715,35.68057374,11.786],[139.747190302,35.680686748,11.491],[139.747414612,35.680812073,10.951],[139.747716705,35.680950829,10.324],[139.747991719,35.681091567,9.896],[139.748206386,35.681238069,9.571],[139.748363892,35.681395712,9.282],[139.748495925,35.681593709,8.967],[139.7485737,35.681786811,8.834],[139.748644478,35.682082377,8.893],[139.748707614,35.682365353,8.957],[139.748746119,35.682529681,8.995],[139.748775197,35.682548587,9.0],[139.748781929,35.682552964,9.001]]}},{"type":"Feature","id":500,"properties":{"lane_id":500,"name":"Lane #478","role":3,"role_name":"Main","speed_limit":80.0,"priority_offset":0.0,"oneway":"yes","length_m":286.4},"geometry":{"type":"LineString","coordinates":[[139.751518786,35.677650185,2.977],[139.751524037,35.677647668,2.982],[139.751662377,35.677581373,3.112],[139.751747076,35.677531887,3.176],[139.751868635,35.677454477,3.267],[139.752029515,35.677330968,3.381],[139.752151092,35.677216267,3.447],[139.752286281,35.677080169,3.551],[139.752429128,35.676926298,3.657],[139.752621481,35.676718038,3.8],[139.752890055,35.67642435,3.996],[139.753198341,35.676088237,4.289],[139.753395122,35.675870371,4.585],[139.753546391,35.675706517,5.236],[139.753551299,35.6757012,5.257]]}},{"type":"Feature","id":501,"properties":{"lane_id":501,"name":"Lane #479","role":2,"role_name":"Secondary","speed_limit":60.0,"priority_offset":0.0,"oneway":"yes","length_m":890.1},"geometry":{"type":"LineString","coordinates":[[139.748786957,35.682559929,9.001],[139.748787853,35.682564141,9.002],[139.748822096,35.682725116,9.039],[139.748867087,35.682901559,9.077],[139.748936939,35.683169851,9.126],[139.749041728,35.683535167,9.197],[139.749112887,35.683775605,9.396],[139.7492014,35.684089488,10.245],[139.749292275,35.684398063,11.137],[139.749399639,35.684771827,12.21],[139.749492094,35.685097746,13.146],[139.749568876,35.685386188,13.975],[139.749642335,35.685688517,14.445],[139.749713328,35.686022357,14.215],[139.74977235,35.686321282,14.102],[139.749816522,35.686576915,14.059],[139.749858238,35.686807651,14.219],[139.749917543,35.687039124,14.88],[139.749984439,35.687188854,15.578],[139.750087505,35.687339866,16.531],[139.75022472,35.687476726,17.677],[139.750349342,35.687564443,18.315],[139.750506278,35.687645721,18.718],[139.750633287,35.687692146,18.902],[139.750817793,35.687744711,19.072],[139.751179682,35.687813461,19.049],[139.751579815,35.687885528,19.047],[139.751916173,35.687943322,19.099],[139.75224547,35.688000466,19.166],[139.752466261,35.688030837,19.217],[139.752676634,35.688046022,19.265],[139.752930507,35.688033749,19.149],[139.75332268,35.687990343,19.051],[139.753656627,35.687952911,19.051],[139.753669081,35.687951515,19.051]]}},{"type":"Feature","id":502,"properties":{"lane_id":502,"name":"Lane #481","role":2,"role_name":"Secondary","speed_limit":60.0,"priority_offset":0.0,"oneway":"yes","length_m":340.1},"geometry":{"type":"LineString","coordinates":[[139.753691363,35.687948699,19.051],[139.753704298,35.68794733,19.05],[139.753917919,35.687924715,19.033],[139.754117105,35.687902573,18.748],[139.754332629,35.68788337,18.002],[139.75454132,35.687875598,16.836],[139.754716132,35.687876756,15.648],[139.754897593,35.68788687,14.476],[139.75516621,35.687930838,12.922],[139.755507115,35.688035364,11.516],[139.755800349,35.688154723,11.23],[139.755981754,35.688231878,11.26],[139.756390398,35.688419822,11.308],[139.756691327,35.688557805,11.345],[139.757174497,35.688774238,11.672],[139.757181205,35.688777242,11.676]]}},{"type":"Feature","id":503,"properties":{"lane_id":503,"name":"Lane #481","role":3,"role_name":"Main","speed_limit":80.0,"priority_offset":0.0,"oneway":"yes","length_m":69.5},"geometry":{"type":"LineString","coordinates":[[139.757198994,35.688784401,11.702],[139.757203506,35.688786281,11.713],[139.757477051,35.68890026,12.389],[139.757879303,35.689057138,14.331],[139.757887878,35.689060482,14.373]]}},{"type":"Feature","id":504,"properties":{"lane_id":504,"name":"Lane #482","role":2,"role_name":"Secondary","speed_limit":60.0,"priority_offset":0.0,"oneway":"yes","length_m":713.7},"geometry":{"type":"LineString","coordinates":[[139.757898776,35.689064526,14.425],[139.757902714,35.689066072,14.444],[139.758080885,35.689135997,15.324],[139.758297849,35.689219187,16.395],[139.758571717,35.689327274,17.747],[139.758978236,35.68948389,19.784],[139.759278957,35.689603066,21.309],[139.759575306,35.689717513,22.717],[139.759890231,35.689835872,23.448],[139.760093884,35.689904921,23.447],[139.76030037,35.68996275,23.179],[139.760516637,35.690003165,22.856],[139.760748741,35.690028755,22.516],[139.761011127,35.690028325,22.067],[139.761281358,35.690009543,21.612],[139.761649219,35.689967268,20.986],[139.76219956,35.689896342,20.564],[139.762420226,35.689874936,20.549],[139.762636783,35.689858339,20.502],[139.762888592,35.689852391,20.539],[139.763187645,35.689847382,20.56],[139.763956394,35.689844285,19.541],[139.764371394,35.689842066,17.914],[139.764727811,35.689840074,16.517],[139.76506195,35.689822871,15.226],[139.765294308,35.689793659,14.357],[139.765497093,35.689742094,13.506],[139.765504995,35.689740085,13.473]]}},{"type":"Feature","id":505,"properties":{"lane_id":505,"name":"Lane #483","role":2,"role_name":"Secondary","speed_limit":60.0,"priority_offset":0.0,"oneway":"yes","length_m":115.6},"geometry":{"type":"LineString","coordinates":[[139.765516996,35.689736567,13.422],[139.765523165,35.689734425,13.396],[139.765636857,35.68969495,12.906],[139.765795106,35.689629164,12.413],[139.766007653,35.689521691,12.163],[139.766284781,35.689366899,12.102],[139.766599554,35.689197997,11.842],[139.766604288,35.689195457,11.838]]}},{"type":"Feature","id":506,"properties":{"lane_id":506,"name":"Lane #484","role":2,"role_name":"Secondary","speed_limit":60.0,"priority_offset":0.0,"oneway":"yes","length_m":458.8},"geometry":{"type":"LineString","coordinates":[[139.766626363,35.68918429,11.817],[139.766630528,35.689182531,11.819],[139.76688436,35.689075361,11.963],[139.767083541,35.689005557,12.104],[139.767294414,35.688931543,12.107],[139.767546847,35.688845572,12.339],[139.767692209,35.688788998,12.515],[139.767854746,35.68871229,12.715],[139.768043371,35.688595001,12.557],[139.768212589,35.688462079,12.459],[139.768387182,35.688311524,12.513],[139.768567855,35.688163145,12.559],[139.768703016,35.688066629,12.432],[139.768900954,35.687963665,12.287],[139.769075761,35.687901503,12.435],[139.769294024,35.687845113,12.634],[139.769680036,35.687774143,12.706],[139.770004307,35.687715735,12.708],[139.770455619,35.687636282,12.704],[139.770628651,35.687607201,12.704],[139.77080994,35.687591989,12.675],[139.771139348,35.687569859,12.616],[139.771149711,35.687569163,12.614]]}},{"type":"Feature","id":507,"properties":{"lane_id":507,"name":"Lane #485","role":3,"role_name":"Main","speed_limit":80.0,"priority_offset":0.0,"oneway":"yes","length_m":2102.9},"geometry":{"type":"LineString","coordinates":[[139.770660199,35.687569207,12.756],[139.770666664,35.687568726,12.754],[139.770789774,35.687559575,12.734],[139.771014578,35.6875461,12.691],[139.771197523,35.687534152,12.658],[139.77136227,35.687518238,12.636],[139.771536785,35.687489412,12.631],[139.77187991,35.687428626,12.944],[139.772078432,35.687388281,13.494],[139.772299806,35.687320259,14.025],[139.772497475,35.687236051,14.629],[139.772687573,35.68713335,15.261],[139.773051665,35.686909466,16.467],[139.773399786,35.686677291,17.551],[139.773603993,35.686521832,18.199],[139.773792734,35.686352908,18.494],[139.774027263,35.686109881,18.553],[139.774313361,35.68579013,18.596],[139.77460435,35.685464132,18.456],[139.774824567,35.685210131,17.474],[139.774981548,35.685003704,16.556],[139.775090773,35.684827866,15.887],[139.775263959,35.684464998,14.61],[139.775458315,35.684010096,13.777],[139.775593062,35.683740252,13.829],[139.775721236,35.683562432,13.894],[139.775872233,35.683421483,13.917],[139.776058263,35.683300413,13.908],[139.776290387,35.683210915,13.817],[139.776555379,35.683147516,13.641],[139.777005586,35.683066019,11.865],[139.777673861,35.682945387,11.474],[139.778150092,35.682863381,12.447],[139.778628696,35.682782998,13.428],[139.779076473,35.682706975,13.888],[139.779341684,35.682666182,13.932],[139.779533143,35.682648839,13.889],[139.779766896,35.682647453,13.642],[139.779968813,35.682664235,13.356],[139.780240869,35.682708247,13.252],[139.780553295,35.6827634,14.169],[139.781072409,35.682854836,14.498],[139.781536257,35.68293786,12.841],[139.782060987,35.683029384,10.924],[139.782191669,35.683049482,10.345],[139.782379935,35.683068931,9.368],[139.782526277,35.683070308,8.609],[139.782725418,35.683054518,7.787],[139.782913574,35.683008672,7.219],[139.783114579,35.682931789,6.82],[139.783282785,35.682851836,6.683],[139.783443261,35.682765707,6.728],[139.783743566,35.682599756,7.262],[139.784032475,35.682439727,8.234],[139.784150668,35.682360134,8.664],[139.784299446,35.682236835,9.27],[139.78442263,35.682094623,9.981],[139.784503141,35.681954867,10.634],[139.784564579,35.681800935,11.316],[139.784604825,35.681676075,11.869],[139.784686206,35.681388765,13.07],[139.784811691,35.680928055,14.705],[139.784897569,35.680637473,15.287],[139.784965351,35.680468504,15.478],[139.785071766,35.680260823,15.576],[139.785148198,35.680139384,15.585],[139.785302354,35.679939308,15.608],[139.785467437,35.67976848,15.583],[139.785795079,35.679471177,15.55],[139.786092975,35.679206939,15.687],[139.786349327,35.678985624,16.113],[139.786533345,35.678845351,16.615],[139.786734957,35.678727553,17.093],[139.786996286,35.678623729,17.624],[139.787146534,35.678589315,17.882],[139.787488547,35.678568629,18.444],[139.787719427,35.678597438,18.508],[139.787930061,35.678655819,18.777],[139.788060884,35.678702592,18.997],[139.788070731,35.678706113,19.013]]}},{"type":"Feature","id":508,"properties":{"lane_id":508,"name":"Lane #486","role":2,"role_name":"Secondary","speed_limit":60.0,"priority_offset":0.0,"oneway":"yes","length_m":990.1},"geometry":{"type":"LineString","coordinates":[[139.771165302,35.687568119,12.61],[139.771169503,35.687567722,12.61],[139.77128801,35.687556513,12.594],[139.771417551,35.687540547,12.583],[139.771537774,35.687519291,12.582],[139.771818771,35.687471121,12.811],[139.772090215,35.687413459,13.667],[139.772329296,35.687342831,14.385],[139.772538901,35.687251219,14.91],[139.772780518,35.687116209,15.545],[139.773122082,35.686899956,16.632],[139.773411169,35.686709609,17.643],[139.773630629,35.686540807,18.414],[139.773844127,35.686348214,18.642],[139.774115693,35.686060193,18.572],[139.774444963,35.685694324,18.544],[139.774731396,35.68537381,18.143],[139.77495588,35.685100763,17.105],[139.775071283,35.684930672,16.454],[139.77520993,35.684671776,15.393],[139.77532688,35.684407353,14.331],[139.775482706,35.684049494,13.723],[139.775626915,35.683752332,13.669],[139.77576204,35.683566669,13.61],[139.775929307,35.683420115,13.58],[139.776144419,35.683294886,13.651],[139.776369136,35.683218626,13.701],[139.776655817,35.68315928,13.357],[139.77733306,35.683038385,10.845],[139.777927048,35.682933421,11.921],[139.778496034,35.68283637,13.09],[139.778986973,35.682755531,13.822],[139.779365697,35.682695876,13.785],[139.779375936,35.682694263,13.784]]}},{"type":"Feature","id":509,"properties":{"lane_id":509,"name":"Lane #487","role":2,"role_name":"Secondary","speed_limit":60.0,"priority_offset":0.0,"oneway":"yes","length_m":290.4},"geometry":{"type":"LineString","coordinates":[[139.778119244,35.682833975,12.458],[139.778128648,35.682832506,12.477],[139.77831976,35.68280264,12.864],[139.778700459,35.682737881,13.641],[139.779259922,35.682647172,14.028],[139.779578835,35.682612178,14.095],[139.779804587,35.682613836,13.801],[139.780161756,35.682652708,13.25],[139.780423141,35.682699264,13.759],[139.780608378,35.682727748,14.39],[139.781079587,35.682810184,16.001],[139.781253431,35.68284187,16.595],[139.781273363,35.682845502,16.663]]}},{"type":"Feature","id":510,"properties":{"lane_id":510,"name":"Lane #488","role":3,"role_name":"Main","speed_limit":80.0,"priority_offset":0.0,"oneway":"yes","length_m":295.8},"geometry":{"type":"LineString","coordinates":[[139.778111319,35.682834098,12.444],[139.778123444,35.68283106,12.481],[139.778288286,35.682789753,12.986],[139.778576272,35.682737372,13.438],[139.778751176,35.682704703,13.78],[139.779017495,35.682658954,13.98],[139.779266045,35.682617889,14.14],[139.779482308,35.682590826,14.276],[139.779626463,35.682580825,14.291],[139.7798157,35.682581097,13.977],[139.780085272,35.682608836,13.361],[139.780437167,35.682668086,13.833],[139.780956233,35.682759198,15.601],[139.781222172,35.682808631,16.51],[139.781271007,35.682833366,16.665],[139.781302572,35.682849354,16.765]]}},{"type":"Feature","id":511,"properties":{"lane_id":511,"name":"Lane #489","role":2,"role_name":"Secondary","speed_limit":60.0,"priority_offset":0.0,"oneway":"yes","length_m":1931.2},"geometry":{"type":"LineString","coordinates":[[139.779393353,35.682692149,13.778],[139.77940588,35.682690875,13.772],[139.779510875,35.682680192,13.72],[139.779669711,35.682673928,13.56],[139.77981214,35.682679297,13.411],[139.779986321,35.682699115,13.225],[139.78021432,35.682736073,13.176],[139.780655915,35.682813395,14.491],[139.781078955,35.682888611,14.392],[139.781512855,35.68296309,12.85],[139.782041297,35.683058079,10.991],[139.782157578,35.683073344,10.545],[139.78238442,35.683096521,9.494],[139.782637245,35.683092871,8.409],[139.782838657,35.683060606,7.723],[139.783069909,35.682988381,7.106],[139.783273048,35.682891734,6.751],[139.783656887,35.682689219,6.929],[139.784008143,35.682491696,8.148],[139.784127922,35.682417261,8.672],[139.784285682,35.682297296,9.402],[139.784421125,35.682155022,10.097],[139.784526604,35.68198965,10.762],[139.784577928,35.681877291,11.185],[139.784636,35.681698506,11.834],[139.784771485,35.681205655,13.789],[139.784871802,35.680852418,14.84],[139.784955587,35.680579828,15.168],[139.785069775,35.680338135,15.284],[139.785170618,35.680166403,15.422],[139.785281766,35.680013883,15.544],[139.785481493,35.679799166,15.538],[139.785690244,35.679604283,15.496],[139.785877194,35.67944593,15.514],[139.78622107,35.67914389,15.746],[139.786440759,35.678959061,16.166],[139.786580677,35.678853816,16.475],[139.786755305,35.678751335,16.816],[139.787005395,35.678654337,17.268],[139.787163435,35.678621449,17.515],[139.787382029,35.678596271,17.942],[139.787520863,35.678601623,18.153],[139.787697023,35.678625344,18.212],[139.787846292,35.678679286,18.372],[139.78802751,35.678765792,18.803],[139.788431098,35.678955876,19.664],[139.789111055,35.679279277,19.935],[139.789645841,35.679528541,19.765],[139.790046265,35.67969922,19.644],[139.790287316,35.679795473,19.572],[139.790627065,35.679930491,19.47],[139.790991155,35.680077116,19.487],[139.791384984,35.680249392,19.64],[139.79192381,35.680492524,19.992],[139.792459547,35.680739384,20.554],[139.792827777,35.680908124,20.971],[139.793072259,35.681020957,21.324],[139.793386077,35.681189987,21.601],[139.79365487,35.681363087,21.179],[139.793852055,35.681500773,20.783],[139.794089004,35.681673645,20.414],[139.794395094,35.681900969,20.054],[139.79521625,35.682511583,17.857],[139.795867951,35.683014243,14.405],[139.79587122,35.683016366,14.398],[139.795911873,35.68298274,14.396],[139.795907428,35.682979328,14.405],[139.795885492,35.682961812,14.461],[139.795877942,35.682955782,14.48]]}},{"type":"Feature","id":512,"properties":{"lane_id":512,"name":"Lane #490","role":2,"role_name":"Secondary","speed_limit":60.0,"priority_offset":0.0,"oneway":"yes","length_m":202.4},"geometry":{"type":"LineString","coordinates":[[139.788075465,35.678708086,19.022],[139.788084034,35.678711714,19.038],[139.788256882,35.678784873,19.376],[139.788591086,35.678941796,20.027],[139.788894484,35.679085903,21.302],[139.789275674,35.679265206,23.656],[139.789753963,35.679492845,26.588],[139.790009314,35.679607326,27.736],[139.790016147,35.679610389,27.767]]}},{"type":"Feature","id":513,"properties":{"lane_id":513,"name":"Lane #491","role":3,"role_name":"Main","speed_limit":80.0,"priority_offset":0.0,"oneway":"yes","length_m":1616.0},"geometry":{"type":"LineString","coordinates":[[139.790021113,35.679612609,27.786],[139.790024394,35.679613872,27.797],[139.79017408,35.679671481,28.313],[139.790361946,35.679731363,28.944],[139.790556675,35.679775094,29.545],[139.790746325,35.679792332,29.904],[139.790981361,35.679780665,30.128],[139.791155383,35.679744846,30.258],[139.791307093,35.679693027,30.388],[139.791462301,35.679611565,30.504],[139.791637631,35.679476581,30.632],[139.791777834,35.679334948,30.515],[139.791931694,35.679147127,30.102],[139.792120939,35.678914321,29.504],[139.792298246,35.678700472,28.948],[139.79251414,35.67843197,28.229],[139.792723552,35.678191812,26.577],[139.792874626,35.67804181,25.338],[139.79301279,35.677922933,24.292],[139.793262799,35.67775564,22.534],[139.793512106,35.677630131,20.895],[139.793761034,35.677520307,19.353],[139.794179877,35.6773524,18.11],[139.794643916,35.677167737,17.892],[139.795123424,35.676976583,17.669],[139.795737544,35.676726512,17.387],[139.796001098,35.676614592,17.266],[139.796216539,35.676529191,17.098],[139.796516177,35.676418788,16.734],[139.796977225,35.676246819,15.918],[139.797345649,35.676105107,15.222],[139.797726879,35.675960535,14.499],[139.79802169,35.675840412,13.934],[139.798444021,35.675668505,13.118],[139.798818978,35.67551366,12.426],[139.799070281,35.675402679,12.054],[139.799245705,35.675308987,11.784],[139.799396099,35.67521048,11.584],[139.799524025,35.675103753,11.45],[139.799641749,35.674976779,11.382],[139.799749575,35.674821505,11.36],[139.799842037,35.674650746,11.439],[139.799933339,35.6744198,11.51],[139.800044385,35.674073125,11.602],[139.800124267,35.673816036,11.707],[139.800228095,35.673492912,11.833],[139.800297614,35.673308197,11.864],[139.800379735,35.673134583,11.885],[139.800493279,35.672947512,11.918],[139.800650928,35.672760253,11.981],[139.80090036,35.672559313,12.076],[139.801062773,35.672460758,12.191],[139.801339921,35.672342714,12.339],[139.80163402,35.672249896,12.506],[139.801987813,35.672160845,12.605],[139.802415911,35.672056671,12.567],[139.80283814,35.671958967,12.426],[139.803344567,35.671840984,12.259],[139.80356386,35.671788851,12.186],[139.803572577,35.671786779,12.183]]}},{"type":"Feature","id":514,"properties":{"lane_id":514,"name":"Lane #492","role":1,"role_name":"Parking","speed_limit":40.0,"priority_offset":0.0,"oneway":"yes","length_m":619.2},"geometry":{"type":"LineString","coordinates":[[139.796086947,35.683079537,14.208],[139.796081524,35.683075191,14.208],[139.796045301,35.683046157,14.208],[139.795912822,35.682993303,12.071],[139.793011412,35.680884973,12.069],[139.792866974,35.680620217,12.069],[139.792859564,35.680617085,12.071],[139.79273197,35.680556756,12.186],[139.792382333,35.680375401,13.956],[139.792116985,35.680247506,16.199],[139.791960649,35.680186703,17.437],[139.791660684,35.680123295,19.166],[139.791459045,35.680088933,19.423],[139.791199337,35.680012682,19.395],[139.790845063,35.679871452,19.34],[139.79076677,35.679838371,19.352],[139.790716583,35.679845155,19.402],[139.790707581,35.679846371,19.411]]}},{"type":"Feature","id":515,"properties":{"lane_id":515,"name":"Lane #493","role":1,"role_name":"Parking","speed_limit":40.0,"priority_offset":0.0,"oneway":"yes","length_m":534.5},"geometry":{"type":"LineString","coordinates":[[139.792629086,35.678215296,18.725],[139.792625071,35.678220795,18.735],[139.792545439,35.678329866,18.934],[139.792463574,35.678468429,19.224],[139.792361413,35.678622738,19.585],[139.79213282,35.678907522,20.104],[139.792014974,35.679060252,20.386],[139.791843769,35.679278295,21.044],[139.791654308,35.679535164,22.586],[139.791580336,35.679663174,23.535],[139.791524705,35.67981079,24.588],[139.791505295,35.679913657,25.298],[139.791506242,35.680022928,26.052],[139.791527227,35.680128208,26.795],[139.791571483,35.680235215,27.535],[139.791656741,35.680363567,28.238],[139.791816286,35.680494682,28.322],[139.791998567,35.680604304,27.533],[139.792256687,35.68073491,26.097],[139.79270985,35.680935863,23.794],[139.793098158,35.681125061,21.797],[139.793422566,35.681306601,21.092],[139.793706236,35.68148135,20.86],[139.793872457,35.681607877,20.523],[139.794000253,35.681694146,20.351],[139.79405279,35.681698382,20.357],[139.794064556,35.681699331,20.358]]}},{"type":"Feature","id":516,"properties":{"lane_id":516,"name":"Lane #494","role":2,"role_name":"Secondary","speed_limit":60.0,"priority_offset":0.0,"oneway":"yes","length_m":256.4},"geometry":{"type":"LineString","coordinates":[[139.7940696,35.681702559,20.352],[139.794074509,35.681706175,20.347],[139.794471664,35.681998695,19.885],[139.794796158,35.682234607,19.48],[139.795434264,35.68271573,16.381],[139.796008888,35.68316571,14.214],[139.796026916,35.683179062,14.224],[139.796118618,35.683104951,14.222],[139.796116163,35.683103039,14.221],[139.796100214,35.683089655,14.213],[139.796095276,35.683085511,14.21]]}},{"type":"Feature","id":517,"properties":{"lane_id":517,"name":"Lane #495","role":2,"role_name":"Secondary","speed_limit":60.0,"priority_offset":0.0,"oneway":"yes","length_m":296.7},"geometry":{"type":"LineString","coordinates":[[139.796092411,35.683083292,14.209],[139.796081514,35.683082349,14.217],[139.796039653,35.68307873,14.248],[139.795979337,35.683034586,14.287],[139.795965673,35.682980214,14.29],[139.795760967,35.682820167,14.995],[139.795419219,35.682560982,16.985],[139.794868018,35.68214339,19.508],[139.794419664,35.681814708,20.051],[139.794004208,35.681509782,20.56],[139.79371277,35.68129858,21.207],[139.793700353,35.681289582,21.235]]}},{"type":"Feature","id":518,"properties":{"lane_id":518,"name":"Lane #496","role":3,"role_name":"Main","speed_limit":80.0,"priority_offset":0.0,"oneway":"yes","length_m":1900.2},"geometry":{"type":"LineString","coordinates":[[139.795874467,35.682952826,14.49],[139.795866579,35.682946774,14.529],[139.795576048,35.682723888,15.952],[139.795060071,35.682332097,18.89],[139.794485032,35.681902539,19.997],[139.794046328,35.681582638,20.511],[139.793692642,35.681328076,21.083],[139.793516541,35.681211436,21.329],[139.793332194,35.681104805,21.38],[139.793050881,35.68096147,21.149],[139.792662184,35.680778676,20.738],[139.792272128,35.680601347,20.33],[139.791884934,35.680422852,19.924],[139.791365833,35.680182817,19.619],[139.790902617,35.679970442,19.45],[139.790494606,35.679786148,19.525],[139.790000508,35.679553876,19.678],[139.789722486,35.679423147,19.767],[139.789328764,35.679237379,19.891],[139.788936467,35.679052287,20.012],[139.788415101,35.678803699,19.652],[139.78802758,35.678632686,18.954],[139.787838961,35.67856769,18.629],[139.787660551,35.678525687,18.32],[139.787466168,35.678504045,18.012],[139.787250748,35.678511598,17.648],[139.7870552,35.678542794,17.34],[139.786863236,35.678602175,17.005],[139.78669179,35.678679225,16.729],[139.78654179,35.678771486,16.444],[139.786353015,35.678915961,16.053],[139.785949338,35.679266101,15.605],[139.78551355,35.679649041,15.505],[139.78533518,35.6798253,15.464],[139.785197712,35.679982978,15.404],[139.785054506,35.680182483,15.326],[139.78497289,35.68032824,15.249],[139.78486508,35.680557721,15.122],[139.784794876,35.680777659,14.846],[139.784698303,35.681126956,13.888],[139.784565987,35.681607193,11.942],[139.784502202,35.681808251,11.16],[139.784428497,35.68196557,10.527],[139.784378902,35.682048313,10.193],[139.784281175,35.68216862,9.621],[139.784193185,35.682246634,9.143],[139.784076033,35.682334869,8.584],[139.783927727,35.682424445,7.927],[139.783771299,35.682511487,7.349],[139.783584215,35.68261424,6.893],[139.783287724,35.682770313,6.691],[139.783104092,35.682864942,6.902],[139.782969399,35.682918034,7.237],[139.782815167,35.682957002,7.725],[139.782620382,35.682971099,8.395],[139.782412728,35.682951554,9.296],[139.782145886,35.682908981,10.686],[139.781634941,35.682819193,12.981],[139.781067797,35.682718598,12.835],[139.78058687,35.682632399,12.42],[139.780216753,35.682576062,12.172],[139.779950245,35.682541971,12.592],[139.779648305,35.682517915,13.343],[139.77963743,35.682517049,13.37]]}},{"type":"Feature","id":519,"properties":{"lane_id":519,"name":"Lane #497","role":2,"role_name":"Secondary","speed_limit":60.0,"priority_offset":0.0,"oneway":"yes","length_m":459.6},"geometry":{"type":"LineString","coordinates":[[139.793695887,35.681286134,21.246],[139.793678554,35.681273856,21.28],[139.793444173,35.681107823,21.737],[139.793123396,35.680881842,21.493],[139.792720769,35.680682283,20.674],[139.792426239,35.680547554,21.812],[139.792150555,35.680418869,23.469],[139.791974346,35.680315774,24.654],[139.791841317,35.680184352,25.821],[139.791754376,35.68002184,27.039],[139.791728,35.679860197,28.151],[139.791743932,35.679688342,29.326],[139.791814528,35.679516479,30.002],[139.791907928,35.679371609,30.112],[139.792089332,35.679138741,29.77],[139.792355447,35.67880648,28.917],[139.792549647,35.678536267,28.277],[139.792711841,35.678328085,27.13],[139.792782776,35.678215577,26.273],[139.7927831,35.6781969,26.219],[139.792783361,35.678181811,26.175]]}},{"type":"Feature","id":520,"properties":{"lane_id":520,"name":"Lane #498","role":3,"role_name":"Main","speed_limit":80.0,"priority_offset":0.0,"oneway":"yes","length_m":336.5},"geometry":{"type":"LineString","coordinates":[[139.793259349,35.681028186,21.519],[139.793238735,35.681012715,21.5],[139.793092462,35.68090294,21.367],[139.792884813,35.680790791,20.922],[139.792485924,35.680613269,21.433],[139.792205476,35.680481461,23.06],[139.792021019,35.680383138,24.218],[139.791869082,35.680266384,25.331],[139.791757548,35.680113838,26.498],[139.791695026,35.679935097,27.72],[139.791689877,35.679751198,28.927],[139.791751558,35.679558991,29.926],[139.791874496,35.679354949,30.164],[139.792066484,35.67911237,29.793],[139.79228299,35.678841517,29.101],[139.792280059,35.678788729,29.062],[139.792279179,35.678772881,29.051]]}},{"type":"Feature","id":521,"properties":{"lane_id":521,"name":"Lane #499","role":3,"role_name":"Main","speed_limit":80.0,"priority_offset":0.0,"oneway":"yes","length_m":46.5},"geometry":{"type":"LineString","coordinates":[[139.793680113,35.681276853,21.274],[139.7936753,35.681273813,21.282],[139.793502472,35.681164678,21.558],[139.793355088,35.681078198,21.599],[139.793272663,35.681034929,21.532],[139.793265081,35.681030949,21.526]]}},{"type":"Feature","id":522,"properties":{"lane_id":522,"name":"Lane #500","role":2,"role_name":"Secondary","speed_limit":60.0,"priority_offset":0.0,"oneway":"yes","length_m":263.4},"geometry":{"type":"LineString","coordinates":[[139.793244789,35.68102008,21.504],[139.793234446,35.681015059,21.489],[139.792971371,35.680887368,21.103],[139.792269453,35.680562608,20.253],[139.791879035,35.680383902,19.849],[139.79139973,35.680162166,19.573],[139.790924492,35.679945378,19.4],[139.790723714,35.679853615,19.409],[139.790715312,35.679849775,19.409]]}},{"type":"Feature","id":523,"properties":{"lane_id":523,"name":"Lane #501","role":3,"role_name":"Main","speed_limit":80.0,"priority_offset":0.0,"oneway":"yes","length_m":77.7},"geometry":{"type":"LineString","coordinates":[[139.792284606,35.678766959,29.035],[139.792286182,35.67876499,29.03],[139.792446458,35.678564716,28.52],[139.792632409,35.678343981,27.577],[139.792763263,35.678201744,26.357],[139.792771512,35.678192777,26.28]]}},{"type":"Feature","id":524,"properties":{"lane_id":524,"name":"Lane #502","role":2,"role_name":"Secondary","speed_limit":60.0,"priority_offset":0.0,"oneway":"yes","length_m":268.9},"geometry":{"type":"LineString","coordinates":[[139.792787372,35.678176214,26.135],[139.792792417,35.678171105,26.09],[139.792892843,35.678069399,25.197],[139.793034916,35.677946355,24.051],[139.79320097,35.677829873,22.857],[139.79338967,35.677722243,21.636],[139.793563527,35.677641087,20.57],[139.793770018,35.677550634,19.348],[139.794166119,35.677392131,18.076],[139.794587452,35.677222136,17.878],[139.795062968,35.677035508,17.654],[139.795298695,35.676940228,17.544],[139.795304877,35.676937729,17.541]]}},{"type":"Feature","id":525,"properties":{"lane_id":525,"name":"Lane #503","role":3,"role_name":"Main","speed_limit":80.0,"priority_offset":0.0,"oneway":"yes","length_m":343.9},"geometry":{"type":"LineString","coordinates":[[139.794498548,35.677136919,17.654],[139.794476659,35.677145709,17.66],[139.794181083,35.677264402,17.737],[139.793872878,35.677388771,17.829],[139.793510634,35.677539054,17.998],[139.79326322,35.677661966,18.111],[139.793093495,35.677761816,18.224],[139.792813638,35.677979165,18.487],[139.792575769,35.678218419,18.886],[139.792278942,35.678582402,19.459],[139.792040366,35.678890731,20.026],[139.791798781,35.679184355,20.513],[139.791793257,35.679191069,20.524]]}},{"type":"Feature","id":526,"properties":{"lane_id":526,"name":"Lane #504","role":3,"role_name":"Main","speed_limit":80.0,"priority_offset":0.0,"oneway":"yes","length_m":134.1},"geometry":{"type":"LineString","coordinates":[[139.792624622,35.678219665,18.736],[139.792622939,35.678221719,18.74],[139.792417583,35.678472306,19.261],[139.792252441,35.678680198,19.661],[139.791991096,35.679010407,20.266],[139.791841843,35.679187183,20.604],[139.791799504,35.679196424,20.55],[139.791786657,35.679199228,20.533]]}},{"type":"Feature","id":527,"properties":{"lane_id":527,"name":"Lane #505","role":2,"role_name":"Secondary","speed_limit":60.0,"priority_offset":0.0,"oneway":"yes","length_m":682.6},"geometry":{"type":"LineString","coordinates":[[139.791782269,35.679203421,20.536],[139.791777415,35.679208129,20.537],[139.791616455,35.679364248,20.58],[139.79142828,35.679492793,20.43],[139.791296047,35.679551165,20.278],[139.791146803,35.679603406,20.185],[139.790889066,35.679650927,20.056],[139.79071516,35.679657629,19.957],[139.790510153,35.679637496,19.803],[139.79025274,35.679568509,19.612],[139.790007001,35.679470756,19.568],[139.789671659,35.679317096,19.678],[139.78930395,35.679147075,19.799],[139.788963364,35.678993598,19.912],[139.788464692,35.678759625,19.575],[139.788089655,35.678590113,19.256],[139.787882783,35.678518309,19.111],[139.787681196,35.678468595,18.97],[139.787484889,35.678443199,18.72],[139.787287499,35.678446638,18.402],[139.787123381,35.67846735,18.142],[139.786935034,35.678512405,17.843],[139.786740295,35.678586823,17.478],[139.786533289,35.678703262,16.9],[139.7863511,35.678833464,16.343],[139.786170356,35.678985756,15.793],[139.785797997,35.679311587,15.473],[139.785384004,35.679678065,15.798],[139.785377041,35.679684228,15.804]]}},{"type":"Feature","id":528,"properties":{"lane_id":528,"name":"Lane #506","role":2,"role_name":"Secondary","speed_limit":60.0,"priority_offset":0.0,"oneway":"yes","length_m":1140.8},"geometry":{"type":"LineString","coordinates":[[139.790703427,35.679844345,19.413],[139.790701232,35.679843384,19.413],[139.790644196,35.679818431,19.43],[139.790369124,35.679694316,19.52],[139.790013577,35.679528839,19.634],[139.789658,35.679358546,19.744],[139.789329819,35.679202333,19.845],[139.788950105,35.679024425,19.964],[139.78851511,35.678819875,19.724],[139.788236286,35.67868948,19.336],[139.788012762,35.678594289,19.056],[139.787893527,35.678554979,18.902],[139.787732816,35.67851059,18.714],[139.787586376,35.678486351,18.501],[139.787414833,35.678473947,18.25],[139.787242694,35.678481386,17.984],[139.787049727,35.678512651,17.683],[139.786880364,35.678563365,17.39],[139.786704662,35.678635318,17.086],[139.786542397,35.678734044,16.674],[139.786330482,35.678891863,16.126],[139.785842095,35.679315666,15.528],[139.785490615,35.679626522,15.593],[139.785315501,35.679794631,15.701],[139.785165576,35.679966669,15.678],[139.785046681,35.680130997,15.605],[139.78495621,35.680278973,15.552],[139.784869857,35.680451486,15.448],[139.784800532,35.680637789,15.19],[139.784713759,35.680922555,14.507],[139.784619611,35.681267721,13.242],[139.784548109,35.681528476,12.182],[139.784473269,35.681777582,11.116],[139.784419995,35.681905021,10.516],[139.784306109,35.682089886,9.608],[139.784175049,35.682221764,8.934],[139.784018991,35.682334237,8.283],[139.783834283,35.682442666,7.585],[139.783636358,35.682549858,6.989],[139.783329717,35.682714844,6.635],[139.783077082,35.682841783,6.83],[139.782910615,35.682904673,7.145],[139.782744836,35.682936921,7.652],[139.782582769,35.682938764,8.356],[139.782415209,35.682921824,9.238],[139.78218259,35.682884918,10.487],[139.781561022,35.6827752,13.021],[139.781548095,35.682772918,13.074]]}},{"type":"Feature","id":529,"properties":{"lane_id":529,"name":"Lane #507","role":2,"role_name":"Secondary","speed_limit":60.0,"priority_offset":0.0,"oneway":"yes","length_m":220.5},"geometry":{"type":"LineString","coordinates":[[139.781531771,35.682770786,13.087],[139.781526508,35.682769853,13.083],[139.781006566,35.682677674,12.726],[139.780602412,35.682607064,12.381],[139.780223126,35.682545261,12.12],[139.779981676,35.682515136,12.502],[139.779756255,35.68249395,13.174],[139.779541807,35.682484748,13.751],[139.779321765,35.682487143,13.941],[139.779141883,35.682495971,13.902],[139.779130332,35.682496538,13.899]]}},{"type":"Feature","id":530,"properties":{"lane_id":530,"name":"Lane #508","role":2,"role_name":"Secondary","speed_limit":60.0,"priority_offset":0.0,"oneway":"yes","length_m":939.7},"geometry":{"type":"LineString","coordinates":[[139.779107082,35.682498942,13.891],[139.779102661,35.682499423,13.89],[139.778970115,35.682513838,13.85],[139.778759947,35.682541085,13.744],[139.778523136,35.682577457,13.479],[139.778079996,35.68265641,12.926],[139.777539077,35.682752996,12.276],[139.77703688,35.682842353,12.839],[139.776591935,35.682923087,13.598],[139.776353254,35.682974924,13.806],[139.776169887,35.683035192,13.866],[139.776021284,35.683107846,13.905],[139.775885771,35.683192712,13.949],[139.775760319,35.683295307,13.928],[139.775663495,35.683408351,13.855],[139.775573844,35.683543211,13.804],[139.775500959,35.683693248,13.753],[139.775340976,35.684062012,13.733],[139.775196961,35.684400449,14.429],[139.775088828,35.684643976,15.331],[139.774997184,35.68481876,15.966],[139.774912379,35.684954481,16.498],[139.774774404,35.685137564,17.326],[139.774612617,35.685330982,18.169],[139.774375978,35.685594931,18.547],[139.774122965,35.685879794,18.548],[139.773879367,35.686145963,18.522],[139.773713178,35.686304992,18.469],[139.773531291,35.686445283,18.153],[139.773325639,35.68657166,17.515],[139.773066133,35.686701363,16.736],[139.772785866,35.686820766,15.91],[139.772231263,35.687056731,14.226],[139.771995746,35.687148483,13.396],[139.771835881,35.687194776,12.898],[139.771632342,35.687240753,12.584],[139.771485639,35.687270973,12.586],[139.771457526,35.687276764,12.586]]}},{"type":"Feature","id":531,"properties":{"lane_id":531,"name":"Lane #509","role":3,"role_name":"Main","speed_limit":80.0,"priority_offset":0.0,"oneway":"yes","length_m":1035.5},"geometry":{"type":"LineString","coordinates":[[139.779615596,35.682516329,13.419],[139.779608076,35.682516281,13.431],[139.779450098,35.682515268,13.673],[139.779273589,35.682520593,13.789],[139.779051634,35.682536611,13.848],[139.778845607,35.682559446,13.847],[139.778610803,35.682594686,13.63],[139.778171036,35.682669762,13.079],[139.777624102,35.682768479,12.396],[139.777038563,35.682872329,12.9],[139.776604415,35.682949642,13.61],[139.776393959,35.682995048,13.709],[139.776248371,35.68303828,13.684],[139.776092799,35.683104714,13.645],[139.775955862,35.68318465,13.608],[139.775822617,35.68328785,13.624],[139.775715631,35.683394472,13.675],[139.775626939,35.683524227,13.695],[139.775520271,35.683736585,13.762],[139.775388143,35.684046994,13.779],[139.775230995,35.684408888,14.473],[139.775110431,35.684673127,15.503],[139.775031129,35.68482727,16.148],[139.774949175,35.684961438,16.711],[139.774813541,35.685142626,17.41],[139.774660099,35.685328184,18.149],[139.774273515,35.685761935,18.597],[139.773977491,35.686092187,18.603],[139.773766902,35.686300544,18.664],[139.773601787,35.686436177,18.558],[139.773413766,35.686560142,17.978],[139.773162954,35.686688853,17.121],[139.772830374,35.68683761,16.048],[139.772400045,35.687018553,14.739],[139.772112964,35.687135807,13.908],[139.771947973,35.687196732,13.498],[139.771768861,35.68724235,12.834],[139.771504307,35.687296836,12.633],[139.771316547,35.687341409,12.652],[139.770946818,35.687446712,12.715],[139.770936733,35.687449584,12.716]]}},{"type":"Feature","id":532,"properties":{"lane_id":532,"name":"Lane #510","role":2,"role_name":"Secondary","speed_limit":60.0,"priority_offset":0.0,"oneway":"yes","length_m":492.2},"geometry":{"type":"LineString","coordinates":[[139.771428815,35.687282642,12.588],[139.771415606,35.687286169,12.59],[139.771226979,35.687336532,12.617],[139.770800752,35.687455444,12.687],[139.770608971,35.687502184,12.708],[139.770316357,35.687554671,12.708],[139.769858385,35.687634694,12.706],[139.769416302,35.687714902,12.815],[139.769135861,35.687774915,13.051],[139.768919452,35.687842192,13.232],[139.768726244,35.687927215,13.27],[139.768575341,35.688017985,13.119],[139.768309146,35.688225079,12.641],[139.768086938,35.688414304,12.193],[139.767939074,35.688525645,11.833],[139.767786921,35.688623854,11.695],[139.767613387,35.688703562,11.885],[139.767344433,35.688803034,12.102],[139.76693579,35.688942079,12.295],[139.766694248,35.689034059,12.576],[139.766585338,35.689082528,12.575],[139.766576565,35.689086432,12.575]]}},{"type":"Feature","id":533,"properties":{"lane_id":533,"name":"Lane #511","role":3,"role_name":"Main","speed_limit":80.0,"priority_offset":0.0,"oneway":"yes","length_m":540.6},"geometry":{"type":"LineString","coordinates":[[139.770909364,35.687455927,12.719],[139.770904332,35.687457284,12.72],[139.77069125,35.687514755,12.752],[139.770470745,35.687557662,12.757],[139.77030078,35.687587436,12.758],[139.76975636,35.687682075,12.753],[139.769378472,35.687752018,12.815],[139.769109784,35.6878119,12.91],[139.768884396,35.68788687,12.995],[139.768711144,35.687970201,12.981],[139.768523317,35.688096008,12.877],[139.768311783,35.688264301,12.586],[139.768091178,35.688452289,12.236],[139.767951247,35.688559884,12.057],[139.767801541,35.688652198,12.01],[139.767600318,35.688744152,12.09],[139.767314079,35.688847326,12.155],[139.766983031,35.688959308,12.213],[139.766730082,35.689053482,12.33],[139.766543922,35.689137365,12.318],[139.766320562,35.68925526,12.219],[139.766037945,35.689413938,12.15],[139.765817467,35.689531078,12.206],[139.765678642,35.689590657,12.263],[139.765668167,35.689595153,12.268]]}},{"type":"Feature","id":534,"properties":{"lane_id":534,"name":"Lane #512","role":2,"role_name":"Secondary","speed_limit":60.0,"priority_offset":0.0,"oneway":"yes","length_m":667.1},"geometry":{"type":"LineString","coordinates":[[139.76655761,35.689095537,12.558],[139.766547887,35.689100663,12.547],[139.766344241,35.689208019,12.312],[139.76599512,35.689400946,12.099],[139.76583515,35.689487224,12.059],[139.765674281,35.689560142,12.019],[139.765530374,35.689605662,11.98],[139.765387332,35.689635314,12.02],[139.765194871,35.689653569,12.064],[139.764940247,35.689660412,12.104],[139.764557776,35.689661693,12.104],[139.763953556,35.68966264,12.403],[139.763670594,35.689664395,12.709],[139.763428933,35.689673132,13.013],[139.763214173,35.689697388,13.141],[139.762881712,35.689758524,13.025],[139.762662429,35.689804291,13.005],[139.762513613,35.689827889,13.007],[139.76219795,35.689866541,13.008],[139.761644833,35.689936362,13.366],[139.761308156,35.689968145,13.827],[139.761087786,35.68996954,14.11],[139.760877674,35.689945871,14.431],[139.760668924,35.689901184,14.834],[139.760404575,35.689819222,15.328],[139.759851812,35.68962834,16.142],[139.759525011,35.689516768,16.177],[139.75951037,35.68951177,16.179]]}},{"type":"Feature","id":535,"properties":{"lane_id":535,"name":"Lane #513","role":3,"role_name":"Main","speed_limit":80.0,"priority_offset":0.0,"oneway":"yes","length_m":58.6},"geometry":{"type":"LineString","coordinates":[[139.765637212,35.689602557,12.249],[139.765628607,35.689605075,12.251],[139.765490052,35.689645622,12.281],[139.765331665,35.689670053,12.224],[139.765129748,35.689685721,12.172],[139.765017694,35.689688524,12.155],[139.765002436,35.689688905,12.152]]}},{"type":"Feature","id":536,"properties":{"lane_id":536,"name":"Lane #514","role":3,"role_name":"Main","speed_limit":80.0,"priority_offset":0.0,"oneway":"yes","length_m":580.0},"geometry":{"type":"LineString","coordinates":[[139.764979969,35.689688642,12.152],[139.764972753,35.689688776,12.152],[139.76480914,35.6896918,12.156],[139.764435808,35.689692099,12.154],[139.763976517,35.689693362,12.436],[139.763634926,35.68969588,12.664],[139.7634189,35.689704328,12.785],[139.763189036,35.68973183,12.938],[139.762828994,35.6898028,13.059],[139.762654701,35.689836662,13.063],[139.762526399,35.689856839,13.064],[139.76215465,35.689902447,13.058],[139.761758038,35.689952495,13.258],[139.76148639,35.689983883,13.679],[139.761291901,35.689999911,14.032],[139.761124053,35.690001305,14.328],[139.760896089,35.689981699,14.696],[139.760665773,35.689932072,14.993],[139.760402003,35.689851961,15.362],[139.759874187,35.689667904,16.163],[139.759465392,35.689527604,16.226],[139.758785314,35.689290472,16.201],[139.758774649,35.689286753,16.2]]}},{"type":"Feature","id":537,"properties":{"lane_id":537,"name":"Lane #515","role":2,"role_name":"Secondary","speed_limit":60.0,"priority_offset":0.0,"oneway":"yes","length_m":1133.5},"geometry":{"type":"LineString","coordinates":[[139.795316367,35.676934185,17.535],[139.79531971,35.676932804,17.533],[139.795752999,35.676753803,17.337],[139.795973462,35.676660867,17.24],[139.796121968,35.676600757,17.142],[139.796361247,35.676510128,16.908],[139.796915032,35.676302192,16.017],[139.797416727,35.676111643,15.067],[139.797743246,35.675987809,14.448],[139.798050567,35.675863098,13.86],[139.798258067,35.67577639,13.46],[139.798574649,35.675647863,12.848],[139.798928993,35.675500221,12.345],[139.799195666,35.675372975,12.125],[139.799433569,35.67522263,11.898],[139.799600648,35.675071453,11.724],[139.799708301,35.67494468,11.661],[139.799808197,35.674787414,11.597],[139.799896991,35.674611384,11.599],[139.800010227,35.674295528,11.542],[139.800116046,35.673961784,11.601],[139.800206782,35.673672105,11.717],[139.800281517,35.673443268,11.768],[139.800373046,35.673229687,11.697],[139.800499515,35.673003481,11.623],[139.800646451,35.672813761,11.628],[139.800808022,35.672663514,11.718],[139.801015894,35.672523727,11.81],[139.801272533,35.672402065,12.057],[139.801541881,35.672307935,12.318],[139.801872921,35.672219113,12.543],[139.802305297,35.672117404,12.539],[139.80267166,35.67202959,12.435],[139.803117662,35.671924517,12.29],[139.803530154,35.671828093,12.151],[139.804019944,35.671716953,11.989],[139.804293689,35.671659265,11.899],[139.804495605,35.671618038,11.854],[139.80495426,35.671537361,11.925],[139.804959793,35.671536388,11.926]]}},{"type":"Feature","id":538,"properties":{"lane_id":538,"name":"Lane #516","role":3,"role_name":"Main","speed_limit":80.0,"priority_offset":0.0,"oneway":"yes","length_m":1737.2},"geometry":{"type":"LineString","coordinates":[[139.80358972,35.671783169,12.178],[139.803594453,35.671782068,12.177],[139.803907188,35.671709361,12.075],[139.804170721,35.671652659,11.987],[139.804362371,35.671612468,11.929],[139.804902546,35.67151643,11.956],[139.805472725,35.671420541,12.305],[139.805948931,35.671339781,12.636],[139.80647501,35.671253512,12.996],[139.80694273,35.671174085,13.323],[139.807593751,35.671065533,13.771],[139.808147978,35.670973754,14.154],[139.80850092,35.67091225,14.449],[139.808752483,35.670861382,14.721],[139.808947214,35.670808549,14.968],[139.809109465,35.670740378,15.088],[139.809253218,35.670659196,15.178],[139.809445813,35.670513747,15.348],[139.809608355,35.670336664,15.547],[139.809722573,35.670139351,15.723],[139.809784863,35.669943894,15.87],[139.809806069,35.669740958,15.967],[139.809786309,35.669549321,16.049],[139.809731021,35.669298009,16.197],[139.809637011,35.668875654,16.552],[139.80960029,35.668651931,16.663],[139.809587359,35.66843349,16.691],[139.809598521,35.668246336,16.709],[139.809636304,35.668066994,16.7],[139.809681305,35.6679283,16.657],[139.809769327,35.667720644,16.505],[139.809876527,35.66749511,16.257],[139.810036215,35.667159033,15.951],[139.810134665,35.666931657,15.787],[139.810189959,35.666768636,15.648],[139.810229544,35.666597773,15.461],[139.810243521,35.666502612,15.336],[139.8102636,35.666257235,15.019],[139.810261544,35.665948975,14.605],[139.810252719,35.665584892,14.236],[139.810247039,35.665049033,13.895],[139.81023797,35.664603697,13.78],[139.810229992,35.664140251,13.684],[139.810226982,35.663788335,13.608],[139.810225466,35.663524851,13.516],[139.81024132,35.663246857,13.494],[139.810269,35.662974964,13.438],[139.81031549,35.66261668,13.365],[139.810371339,35.662221826,13.282],[139.81041914,35.661917414,13.172],[139.810474563,35.661661728,13.044],[139.810551586,35.661402692,12.997],[139.810648682,35.661168289,13.01],[139.810786614,35.660912731,13.072],[139.810987263,35.660584115,13.104],[139.811138736,35.660340206,13.148],[139.811222644,35.660200378,13.188],[139.811229067,35.660189673,13.191]]}},{"type":"Feature","id":539,"properties":{"lane_id":539,"name":"Lane #517","role":2,"role_name":"Secondary","speed_limit":60.0,"priority_offset":0.0,"oneway":"yes","length_m":930.2},"geometry":{"type":"LineString","coordinates":[[139.824840483,35.644130387,11.375],[139.824831399,35.644129534,11.397],[139.823668993,35.644020318,14.141],[139.822993384,35.643949681,16.09],[139.822485027,35.643879132,17.487],[139.821929025,35.643769712,19.165],[139.821339134,35.643610902,21.09],[139.820545979,35.643362998,23.589],[139.819878575,35.643146412,25.763],[139.81952723,35.643047111,27.115],[139.819228136,35.642997445,28.169],[139.818947621,35.64299044,28.909],[139.818743277,35.643013538,29.366],[139.818483396,35.643083043,29.875],[139.818231548,35.643192529,30.387],[139.818039509,35.643319714,30.798],[139.817889503,35.643454101,31.191],[139.817732199,35.64366198,31.695],[139.817644803,35.643835366,31.921],[139.817581147,35.644032205,32.017],[139.817507129,35.644381814,32.038],[139.817451835,35.644654553,32.132],[139.817393041,35.644941249,32.229],[139.817272905,35.64552566,32.079],[139.817225826,35.645757409,31.821],[139.817223815,35.64576731,31.81]]}},{"type":"Feature","id":540,"properties":{"lane_id":540,"name":"Lane #518","role":3,"role_name":"Main","speed_limit":80.0,"priority_offset":0.0,"oneway":"yes","length_m":4609.4},"geometry":{"type":"LineString","coordinates":[[139.82476955,35.644153113,11.468],[139.8247572,35.644151951,11.498],[139.823682383,35.644050811,14.138],[139.822958973,35.643977824,16.243],[139.822464938,35.643907257,17.661],[139.821890745,35.643791933,19.384],[139.821312685,35.643637229,21.201],[139.820553267,35.643394264,23.573],[139.819880878,35.643180853,25.701],[139.819536994,35.643079249,26.884],[139.819209002,35.643027447,27.888],[139.818902739,35.643025802,28.663],[139.818695573,35.643055182,29.136],[139.818480839,35.643118208,29.559],[139.818266715,35.643211255,30.008],[139.818060914,35.643342856,30.486],[139.817876853,35.643516448,30.993],[139.817739137,35.643719827,31.467],[139.817658526,35.643903888,31.757],[139.81758317,35.644181172,32.002],[139.81751049,35.644548133,32.145],[139.817467172,35.644761337,32.217],[139.817383627,35.645168349,32.305],[139.817289061,35.645628681,32.035],[139.817168715,35.646225251,31.028],[139.817116933,35.646485309,30.355],[139.817063835,35.646835949,29.235],[139.816996517,35.647288179,27.412],[139.816930633,35.647734295,25.666],[139.816853589,35.648269948,24.228],[139.816800367,35.64862511,23.665],[139.8167345,35.64907788,23.187],[139.816676838,35.649482629,22.763],[139.816619569,35.649870403,22.353],[139.816557171,35.650280963,21.918],[139.816490112,35.650738962,21.435],[139.816420415,35.65121801,20.932],[139.816347983,35.651718823,20.404],[139.816305425,35.652011134,20.097],[139.816229751,35.652537593,19.545],[139.816152863,35.65304863,19.003],[139.81609095,35.653431667,18.586],[139.816035635,35.653687414,18.275],[139.815963985,35.65392705,17.973],[139.815879717,35.654136798,17.677],[139.815752784,35.654382596,17.271],[139.815593727,35.654622447,16.772],[139.815415147,35.654842029,16.312],[139.815153664,35.655118874,15.672],[139.814745649,35.655530645,14.634],[139.814349757,35.655930034,13.628],[139.814047351,35.656236942,12.855],[139.813796538,35.656498527,12.206],[139.813406164,35.656908408,11.748],[139.813144989,35.657182844,12.068],[139.812897844,35.65743013,12.785],[139.812681006,35.657653142,13.563],[139.812497555,35.657864157,14.094],[139.812322239,35.658102354,14.377],[139.81217013,35.658351544,14.373],[139.812002695,35.658673199,14.079],[139.811830512,35.659004679,13.836],[139.811688442,35.659263229,13.647],[139.811541722,35.65951655,13.461],[139.811394625,35.659759655,13.281],[139.811216622,35.660038505,13.069],[139.810953655,35.660429094,12.772],[139.810776888,35.660685955,12.602],[139.810636933,35.660898019,12.658],[139.810507874,35.661131497,12.81],[139.810399525,35.661371909,13.021],[139.810314287,35.661627112,13.288],[139.810259462,35.661862861,13.572],[139.81021711,35.662156036,13.999],[139.810164821,35.662509132,14.563],[139.810134428,35.662802176,15.15],[139.810113923,35.663073182,15.849],[139.810104985,35.663512622,17.296],[139.810116146,35.663917024,19.044],[139.810134013,35.66436625,21.02],[139.810149349,35.66478143,22.743],[139.810163407,35.665231577,24.101],[139.810178027,35.665687978,24.983],[139.810197031,35.666137265,25.464],[139.810202194,35.666433998,25.665],[139.810191529,35.666685481,25.792],[139.810152861,35.66690369,25.931],[139.810095339,35.667093765,26.134],[139.809996539,35.667334269,26.412],[139.809807564,35.667732628,26.822],[139.809712733,35.667959021,27.075],[139.809650804,35.668182459,27.214],[139.809625434,35.668398084,27.193],[139.809636309,35.668619679,27.004],[139.80969026,35.668919293,26.656],[139.809785975,35.669346039,26.246],[139.809834272,35.669582578,26.033],[139.809849026,35.669769794,25.817],[139.809830199,35.669946052,25.607],[139.809783957,35.670106454,25.423],[139.809687266,35.670295578,25.258],[139.809563499,35.670449857,25.087],[139.809405953,35.670591779,24.93],[139.809208913,35.670718161,24.777],[139.808976576,35.670815699,24.64],[139.808791706,35.670869032,24.545],[139.808545198,35.670921654,24.433],[139.808119183,35.670995475,24.143],[139.807605867,35.671080179,23.787],[139.807161624,35.671156513,23.481],[139.806733035,35.671228067,23.183],[139.806185977,35.671318508,22.803],[139.80565397,35.671410155,22.437],[139.804987148,35.67152086,21.99],[139.804694145,35.671567364,21.894],[139.804426275,35.671603077,21.887],[139.804068009,35.671651365,21.987],[139.803781296,35.671692101,22.081],[139.803457323,35.671745328,22.191],[139.80310608,35.67180685,22.304],[139.802717255,35.671882737,22.428],[139.802252949,35.671987456,22.457],[139.801674214,35.67212347,21.612],[139.801415815,35.67218762,20.956],[139.801402282,35.672190979,20.921]]}},{"type":"Feature","id":541,"properties":{"lane_id":541,"name":"Lane #519","role":2,"role_name":"Secondary","speed_limit":60.0,"priority_offset":0.0,"oneway":"yes","length_m":1263.5},"geometry":{"type":"LineString","coordinates":[[139.817220729,35.645781666,31.791],[139.817219207,35.645788986,31.777],[139.817121578,35.646258521,30.883],[139.817079916,35.646482182,30.301],[139.817039155,35.646749293,29.474],[139.816974696,35.647191624,27.773],[139.816907745,35.647637714,25.94],[139.816855547,35.648005661,24.79],[139.816791795,35.648443492,23.861],[139.81673362,35.648841065,23.385],[139.816665256,35.649299703,22.899],[139.816614596,35.64965394,22.528],[139.816560203,35.650014927,22.146],[139.816496877,35.650451537,21.687],[139.81643108,35.650896973,21.216],[139.816357596,35.6513949,20.692],[139.816276031,35.651948239,20.107],[139.81623316,35.652258748,19.784],[139.816171485,35.652669756,19.348],[139.816106524,35.653108692,18.886],[139.816054429,35.653416552,18.528],[139.816005264,35.653643222,18.181],[139.81594286,35.653875783,17.84],[139.81585658,35.654105036,17.488],[139.815763886,35.654292796,17.183],[139.815612419,35.654538024,16.694],[139.815413215,35.654790902,16.232],[139.815083675,35.655142402,15.517],[139.814611774,35.655618836,14.316],[139.814069177,35.656166494,12.936],[139.813771223,35.656481809,12.165],[139.813759251,35.656494478,12.134]]}},{"type":"Feature","id":542,"properties":{"lane_id":542,"name":"Lane #520","role":2,"role_name":"Secondary","speed_limit":60.0,"priority_offset":0.0,"oneway":"yes","length_m":2160.9},"geometry":{"type":"LineString","coordinates":[[139.813750836,35.656505409,12.112],[139.813738291,35.656518355,12.099],[139.813358698,35.65691007,11.705],[139.813076732,35.657202758,12.103],[139.812858513,35.657424467,12.811],[139.812637295,35.657651887,13.714],[139.812483227,35.65782794,14.247],[139.812339722,35.658015331,14.517],[139.812217391,35.658199388,14.583],[139.812090501,35.658425466,14.374],[139.811955557,35.658690323,14.006],[139.811749762,35.659079549,13.722],[139.811570842,35.659396616,13.489],[139.811376332,35.659722174,13.248],[139.811175645,35.660038285,13.01],[139.810937558,35.660389758,12.74],[139.810743399,35.660675275,12.569],[139.810599333,35.660892935,12.762],[139.81045524,35.661154367,13.041],[139.810363172,35.661367948,13.222],[139.810278602,35.661618466,13.422],[139.810223842,35.661853176,13.587],[139.810182466,35.662132618,13.916],[139.810131596,35.662500833,14.507],[139.810095652,35.662826011,15.236],[139.810075876,35.663079121,15.963],[139.810068442,35.66344199,17.023],[139.810074473,35.663777001,18.374],[139.810090134,35.664243697,20.424],[139.810105244,35.664687546,22.331],[139.810123984,35.665135017,23.802],[139.810149096,35.665843169,25.137],[139.810164033,35.666315278,25.548],[139.810164373,35.666493498,25.568],[139.810148049,35.666725629,25.559],[139.810099709,35.666962343,25.74],[139.810017232,35.667194834,26.131],[139.809889679,35.667478311,26.502],[139.809772774,35.667719916,26.874],[139.809695029,35.66790714,27.185],[139.809623794,35.668130964,27.478],[139.80959619,35.668306196,27.509],[139.809592042,35.668499982,27.336],[139.809610815,35.668698593,27.055],[139.809664852,35.668980837,26.585],[139.809753613,35.66936783,26.182],[139.809793899,35.669562796,26.0],[139.809811528,35.66970875,25.764],[139.809805093,35.669878003,25.473],[139.809767795,35.670045235,25.187],[139.809693,35.670213265,24.966],[139.809583492,35.670373763,24.803],[139.809427822,35.67053145,24.635],[139.809247996,35.670657051,24.465],[139.809068898,35.670747922,24.394],[139.808880694,35.670812572,24.38],[139.808579043,35.670884279,24.376],[139.808033938,35.670979347,24.04],[139.807380781,35.671089179,23.588],[139.806764959,35.671192498,23.161],[139.806259067,35.671277452,22.811],[139.805667024,35.671376709,22.401],[139.805250654,35.671447184,22.114],[139.804807225,35.671520825,21.873],[139.804489358,35.671565964,21.834],[139.804182502,35.671605824,21.901],[139.804169949,35.671607454,21.904]]}},{"type":"Feature","id":543,"properties":{"lane_id":543,"name":"Lane #521","role":2,"role_name":"Secondary","speed_limit":60.0,"priority_offset":0.0,"oneway":"yes","length_m":1141.2},"geometry":{"type":"LineString","coordinates":[[139.804159818,35.671609261,21.908],[139.804153015,35.671610189,21.91],[139.803785147,35.671660335,22.026],[139.803423807,35.671717866,22.144],[139.803074803,35.67178184,22.262],[139.80276108,35.67184341,22.362],[139.802505816,35.671898857,22.445],[139.802058821,35.672001479,22.251],[139.801594823,35.672114513,21.397],[139.801355145,35.672171956,20.88],[139.80117992,35.672221727,20.492],[139.800972441,35.672292798,20.04],[139.80077524,35.672385099,19.475],[139.800588881,35.672497576,18.828],[139.800431755,35.672618238,18.227],[139.80031588,35.672729369,17.721],[139.800201301,35.672865739,17.144],[139.80009887,35.673015289,16.469],[139.800050961,35.673109581,16.011],[139.799981134,35.673283568,15.202],[139.799915008,35.673517317,14.155],[139.79980407,35.673914544,12.701],[139.799710443,35.674254963,11.672],[139.79963061,35.674479532,11.034],[139.799533659,35.674681178,10.652],[139.799415341,35.674847156,10.606],[139.799276524,35.674991271,10.738],[139.799151258,35.675094577,11.033],[139.798974199,35.675212524,11.54],[139.798714712,35.675350192,12.247],[139.798352098,35.675508897,13.058],[139.797969136,35.675667715,13.798],[139.797552982,35.675841421,14.602],[139.797214821,35.675985897,15.255],[139.796792339,35.676173024,16.085],[139.796420139,35.676340966,16.737],[139.79607517,35.67649403,17.129],[139.79577961,35.676621294,17.3],[139.795476163,35.676749689,17.41],[139.795146216,35.676881348,17.494],[139.794529772,35.677125252,17.647],[139.794521725,35.677128436,17.649]]}},{"type":"Feature","id":544,"properties":{"lane_id":544,"name":"Lane #522","role":3,"role_name":"Main","speed_limit":80.0,"priority_offset":0.0,"oneway":"yes","length_m":1091.8},"geometry":{"type":"LineString","coordinates":[[139.801377343,35.672196927,20.855],[139.801373701,35.672197943,20.845],[139.801193466,35.67224822,20.357],[139.800998146,35.672314177,19.831],[139.800773783,35.672421658,19.103],[139.800592657,35.672534741,18.45],[139.800435299,35.672659167,17.83],[139.800303252,35.672795655,17.201],[139.800195367,35.672931301,16.643],[139.800115647,35.673064749,16.059],[139.800043749,35.673217212,15.43],[139.799955591,35.673505299,14.273],[139.799839712,35.673929352,12.726],[139.79974267,35.674265025,11.721],[139.799666402,35.674487357,11.232],[139.799596106,35.674639535,11.012],[139.799493238,35.674803951,10.929],[139.799363457,35.674954725,11.004],[139.799186139,35.675109552,11.298],[139.798999629,35.675235017,11.745],[139.798740881,35.675372141,12.338],[139.79843922,35.67550644,12.973],[139.798018469,35.675680795,13.785],[139.79771438,35.675805261,14.367],[139.797389323,35.675947087,15.007],[139.797025409,35.676105177,15.715],[139.796680349,35.676256083,16.382],[139.796228952,35.676461361,17.052],[139.795985109,35.676567834,17.26],[139.795568857,35.676744083,17.437],[139.79481198,35.677049185,17.636],[139.793968747,35.677383551,17.844],[139.793623951,35.677523816,17.877],[139.793407099,35.677622937,17.896],[139.793238594,35.677713707,17.904],[139.79306003,35.67782639,17.979],[139.79292705,35.677927117,18.114],[139.792809098,35.678029625,18.319],[139.792706673,35.67813308,18.539],[139.792633568,35.678209929,18.714],[139.792630775,35.678212866,18.721]]}},{"type":"Feature","id":545,"properties":{"lane_id":545,"name":"Lane #523","role":2,"role_name":"Secondary","speed_limit":60.0,"priority_offset":0.0,"oneway":"yes","length_m":4229.0},"geometry":{"type":"LineString","coordinates":[[139.804972184,35.671534256,11.933],[139.804976738,35.671533526,11.936],[139.805212666,35.671495727,12.067],[139.805634118,35.671425064,12.358],[139.80642169,35.671291685,12.907],[139.807156391,35.671168409,13.416],[139.807594307,35.671093838,13.721],[139.808034294,35.671020495,14.027],[139.808346092,35.670968188,14.246],[139.808685763,35.670906535,14.768],[139.808898113,35.670853311,15.133],[139.809098945,35.670776543,15.371],[139.809303311,35.670664956,15.531],[139.809493328,35.670515546,15.703],[139.809637248,35.670355227,15.875],[139.809748251,35.670168985,16.038],[139.809811793,35.669991012,16.178],[139.809842525,35.669760999,16.151],[139.809827129,35.669573942,16.11],[139.809772089,35.66931466,16.129],[139.809667711,35.668844191,16.506],[139.809633434,35.668633785,16.509],[139.809622634,35.668432249,16.438],[139.809626302,35.668297756,16.433],[139.809650481,35.66815429,16.432],[139.809692229,35.668003748,16.485],[139.809893239,35.667541688,16.249],[139.810079393,35.667152734,16.012],[139.810180168,35.666914353,15.996],[139.810231141,35.666752683,15.884],[139.810276681,35.666527421,15.573],[139.810296032,35.666347075,15.269],[139.810299614,35.666029433,14.7],[139.810295427,35.665672012,14.261],[139.810285857,35.665233353,13.933],[139.810280458,35.664865949,13.786],[139.810271896,35.6644106,13.689],[139.81026511,35.663969669,13.598],[139.810262203,35.663702592,13.518],[139.810263778,35.663510096,13.385],[139.81027714,35.663259564,13.439],[139.810303562,35.662984281,13.392],[139.810352043,35.66261986,13.314],[139.810389098,35.662351928,13.26],[139.810440691,35.661996336,13.12],[139.810491977,35.661732755,12.884],[139.810555297,35.661492269,12.803],[139.810625243,35.661313799,12.747],[139.810774207,35.661008825,12.943],[139.811022872,35.660592979,13.054],[139.811264897,35.660198078,13.142],[139.811495357,35.659809861,13.292],[139.811730924,35.659390098,13.533],[139.811923266,35.65903076,13.791],[139.812130965,35.658626915,14.083],[139.812294597,35.658321752,14.093],[139.812411043,35.658129374,13.921],[139.812539913,35.657954598,13.712],[139.812707833,35.657754961,13.438],[139.812910678,35.657542094,12.926],[139.81317645,35.65727114,12.111],[139.813493237,35.656946994,11.696],[139.813707491,35.656720863,11.825],[139.813978819,35.656433978,12.433],[139.814319515,35.656080303,13.32],[139.81466861,35.655731874,14.199],[139.815113933,35.655282614,15.343],[139.815319782,35.655073142,16.02],[139.815489909,35.654890199,16.601],[139.815629859,35.654722875,17.112],[139.815791414,35.654494933,17.66],[139.815926957,35.654254718,18.082],[139.816026561,35.654032123,18.381],[139.81609532,35.653830516,18.515],[139.816155652,35.653595271,18.658],[139.816225414,35.653200913,18.896],[139.816295343,35.652711308,19.323],[139.816367408,35.652230983,19.827],[139.816441157,35.651742842,20.338],[139.816519253,35.65119242,20.922],[139.816575248,35.650815252,21.318],[139.816638542,35.650408161,21.742],[139.816694526,35.650014913,22.159],[139.816761256,35.649566473,22.631],[139.81685094,35.648939752,23.293],[139.816924322,35.648437232,23.822],[139.816995163,35.647958816,24.129],[139.817059967,35.647508077,23.822],[139.817122117,35.647096582,23.359],[139.817194744,35.646612705,22.813],[139.817227742,35.646393614,22.571],[139.817262984,35.646223935,22.376],[139.817331899,35.645880441,21.99],[139.817425828,35.64542224,21.471],[139.817517778,35.644985345,20.976],[139.817582739,35.644665672,20.839],[139.817637655,35.644446353,20.889],[139.817731487,35.644202643,21.141],[139.81784564,35.644006488,21.496],[139.817989415,35.643832914,21.889],[139.818147615,35.643696821,22.348],[139.818345539,35.64357886,22.82],[139.818572676,35.643491209,23.281],[139.81883186,35.643434968,23.792],[139.819121719,35.643420121,24.427],[139.819387803,35.643445294,25.059],[139.81965932,35.643502697,25.478],[139.819943131,35.643584462,25.541],[139.820491489,35.643757312,24.486],[139.820925958,35.64389634,23.121],[139.821422728,35.644046408,21.609],[139.821815945,35.644145117,20.339],[139.822199759,35.644222837,19.078],[139.822608367,35.644290982,17.751],[139.823068956,35.644350702,16.14],[139.823740406,35.644412342,13.828],[139.824771989,35.644508958,11.421],[139.824794106,35.644511029,11.369]]}},{"type":"Feature","id":546,"properties":{"lane_id":546,"name":"Lane #524","role":3,"role_name":"Main","speed_limit":80.0,"priority_offset":0.0,"oneway":"yes","length_m":1683.4},"geometry":{"type":"LineString","coordinates":[[139.811236614,35.660177519,13.194],[139.811240817,35.660170403,13.197],[139.811439831,35.659833455,13.326],[139.811673359,35.659421723,13.553],[139.811872395,35.65905209,13.817],[139.812099407,35.658607795,14.14],[139.812276348,35.658281758,14.217],[139.812391677,35.658097696,14.102],[139.812553976,35.657881031,13.825],[139.812742213,35.657667279,13.402],[139.812949459,35.657456825,12.756],[139.813162979,35.657239502,12.125],[139.813464225,35.656924861,11.751],[139.813755864,35.656614443,12.017],[139.814006277,35.656353534,12.637],[139.814301632,35.656052951,13.391],[139.814631885,35.655721128,14.229],[139.815030469,35.655319533,15.244],[139.815272419,35.655071901,15.918],[139.815446068,35.654885909,16.428],[139.815602962,35.65470065,16.923],[139.815749267,35.654497021,17.398],[139.815864413,35.654298831,17.759],[139.815972282,35.654070801,18.102],[139.8160422,35.653875954,18.293],[139.816113861,35.6536055,18.529],[139.816193521,35.653167771,18.916],[139.816247952,35.652802288,19.27],[139.816316144,35.652338811,19.756],[139.816380107,35.651893572,20.229],[139.816444987,35.651461532,20.681],[139.816522964,35.650924006,21.248],[139.816591113,35.650464902,21.731],[139.816659057,35.649992969,22.23],[139.816729731,35.649527027,22.718],[139.816809435,35.648972149,23.305],[139.816891491,35.648391755,23.92],[139.816975338,35.647847725,24.158],[139.817047344,35.647361882,23.707],[139.817111307,35.646909805,23.205],[139.817148011,35.646661848,22.926],[139.817210331,35.646299368,22.517],[139.817212529,35.64628658,22.503]]}},{"type":"Feature","id":547,"properties":{"lane_id":547,"name":"Lane #525","role":3,"role_name":"Main","speed_limit":80.0,"priority_offset":0.0,"oneway":"yes","length_m":758.4},"geometry":{"type":"LineString","coordinates":[[139.817213106,35.646280781,22.497],[139.817214875,35.646267147,22.483],[139.817361008,35.64514072,21.336],[139.817406651,35.644817376,21.056],[139.817458163,35.644439366,21.071],[139.81751206,35.644048316,21.668],[139.817545829,35.643799482,22.286],[139.81756416,35.643581808,22.839],[139.817561382,35.643393921,23.313],[139.817532786,35.643195938,23.796],[139.817494447,35.643053357,24.149],[139.817416372,35.642880204,24.55],[139.817307246,35.642707968,24.979],[139.817185497,35.642564668,25.353],[139.817062977,35.642448335,25.673],[139.816950135,35.642360184,25.873],[139.816841257,35.642285985,26.004],[139.816676066,35.642197514,26.045],[139.816400746,35.642076009,25.955],[139.816084558,35.64196276,25.581],[139.815451166,35.641757311,24.413],[139.81490304,35.6415825,22.804],[139.814421709,35.641430339,21.174],[139.813901755,35.641264228,19.405],[139.813886179,35.641259252,19.352]]}},{"type":"Feature","id":548,"properties":{"lane_id":548,"name":"Lane #526","role":2,"role_name":"Secondary","speed_limit":60.0,"priority_offset":0.0,"oneway":"yes","length_m":1207.5},"geometry":{"type":"LineString","coordinates":[[139.817293717,35.645890292,22.055],[139.8172955,35.645877525,22.041],[139.817421497,35.644975524,21.111],[139.81748848,35.644487067,20.997],[139.817547556,35.644065387,21.587],[139.817583316,35.643800442,22.338],[139.817602936,35.643588155,22.987],[139.817603907,35.643428933,23.471],[139.817579151,35.643231997,24.012],[139.817531485,35.643049861,24.438],[139.817454711,35.642876941,24.829],[139.817358672,35.64272082,25.205],[139.817242917,35.642577695,25.566],[139.817142066,35.642473666,25.858],[139.817000018,35.642358855,26.115],[139.816814538,35.642234688,26.278],[139.816613377,35.642129307,26.244],[139.816409458,35.642044305,26.071],[139.816129898,35.641945544,25.653],[139.815783171,35.641833623,25.003],[139.815317263,35.641682468,23.996],[139.814857575,35.641535137,22.553],[139.814364921,35.641377818,20.877],[139.81401418,35.641265376,19.684],[139.813508611,35.64110253,17.96],[139.812991574,35.640937146,16.201],[139.812615506,35.640815128,14.916],[139.812155586,35.640667832,13.356],[139.81147325,35.640447518,11.862],[139.810938966,35.640274299,11.793],[139.810681319,35.640203338,11.886],[139.81042783,35.640133565,11.976],[139.809912363,35.639979848,12.146],[139.809661464,35.639901653,12.224],[139.809399922,35.639842066,12.339],[139.808916039,35.639681501,12.485],[139.808877481,35.639688208,12.524],[139.808856122,35.639691923,12.545]]}},{"type":"Feature","id":549,"properties":{"lane_id":549,"name":"Lane #527","role":3,"role_name":"Main","speed_limit":80.0,"priority_offset":0.0,"oneway":"yes","length_m":42.0},"geometry":{"type":"LineString","coordinates":[[139.817216305,35.646269851,22.483],[139.81721743,35.646264301,22.477],[139.817289334,35.64590947,22.077],[139.817291791,35.645897345,22.064]]}},{"type":"Feature","id":550,"properties":{"lane_id":550,"name":"Lane #528","role":3,"role_name":"Main","speed_limit":80.0,"priority_offset":0.0,"oneway":"yes","length_m":881.6},"geometry":{"type":"LineString","coordinates":[[139.817296641,35.64587812,22.04],[139.817297116,35.645875687,22.037],[139.817369461,35.645505198,21.625],[139.817444747,35.645142457,21.212],[139.817507971,35.644828561,20.919],[139.81756375,35.644577122,20.917],[139.817628123,35.644361321,21.076],[139.817705103,35.644178119,21.358],[139.817809967,35.643994413,21.775],[139.817929547,35.643843735,22.154],[139.818088189,35.64370008,22.594],[139.818276883,35.643577737,23.053],[139.818470687,35.643491872,23.45],[139.818655552,35.643436096,23.812],[139.818852268,35.643399825,24.198],[139.819057351,35.643387557,24.596],[139.819277857,35.64340004,25.039],[139.819523971,35.643441135,25.446],[139.819740319,35.643491828,25.629],[139.820066876,35.643590756,25.483],[139.820874035,35.643850477,23.315],[139.821503365,35.644036468,21.272],[139.822070987,35.644169039,19.401],[139.822434334,35.644232469,18.206],[139.82303694,35.644313024,16.214],[139.823794993,35.644386687,13.718],[139.82468566,35.644471988,11.525],[139.82470172,35.644473526,11.485]]}},{"type":"Feature","id":551,"properties":{"lane_id":551,"name":"Lane #529","role":3,"role_name":"Main","speed_limit":80.0,"priority_offset":0.0,"oneway":"yes","length_m":412.6},"geometry":{"type":"LineString","coordinates":[[139.813859363,35.641249541,19.257],[139.81383266,35.641240823,19.165],[139.813077196,35.640994185,16.581],[139.812654077,35.640860491,15.147],[139.811742959,35.640568272,12.345],[139.811221822,35.640399277,11.781],[139.810928555,35.640304389,11.845],[139.810664579,35.640230248,11.937],[139.810396062,35.640161422,12.041],[139.809994295,35.640034391,12.161],[139.809649995,35.639927708,12.27],[139.809614735,35.639937516,12.31],[139.809606866,35.639939704,12.319]]}},{"type":"Feature","id":552,"properties":{"lane_id":552,"name":"Lane #528","role":1,"role_name":"Parking","speed_limit":40.0,"priority_offset":0.0,"oneway":"yes","length_m":745.6},"geometry":{"type":"LineString","coordinates":[[139.740891954,35.676820308,10.235],[139.740878892,35.676828535,10.244],[139.740762688,35.676901718,10.324],[139.740026834,35.676948081,10.237],[139.740032825,35.676991145,10.316],[139.740780622,35.677017056,10.225],[139.740800897,35.677017758,10.222],[139.740937445,35.67702249,10.206],[139.741437559,35.677109654,13.62],[139.74173131,35.677135866,16.055],[139.741812614,35.677143437,16.653],[139.74360671,35.67727228,27.585],[139.744198433,35.677257252,28.959],[139.743600483,35.677124374,27.474],[139.741899618,35.676965775,17.067],[139.741455592,35.676890217,12.747],[139.741239597,35.676745848,10.497],[139.741216035,35.6767301,10.252]]}},{"type":"Feature","id":553,"properties":{"lane_id":553,"name":"Lane #529","role":1,"role_name":"Parking","speed_limit":40.0,"priority_offset":0.0,"oneway":"yes","length_m":965.7},"geometry":{"type":"LineString","coordinates":[[139.740789545,35.6770232,10.179],[139.740788565,35.677030656,10.228],[139.740764576,35.677213118,11.435],[139.740747259,35.677384586,13.03],[139.740687057,35.677893185,12.605],[139.740024088,35.679372916,11.321],[139.739216419,35.681133834,13.753],[139.73915114,35.681118315,13.801],[139.739970388,35.679350949,11.19],[139.740623712,35.677927433,12.605],[139.740693335,35.677377533,13.012],[139.740717555,35.677199625,11.379],[139.740703969,35.677068614,10.453],[139.740701898,35.67704865,10.312]]}},{"type":"Feature","id":554,"properties":{"lane_id":554,"name":"Lane #530","role":1,"role_name":"Parking","speed_limit":40.0,"priority_offset":0.0,"oneway":"yes","length_m":1776.5},"geometry":{"type":"LineString","coordinates":[[139.735746377,35.673583967,27.85],[139.737577498,35.674651229,22.173],[139.739016551,35.675508739,16.771],[139.739838872,35.675975019,13.539],[139.740383667,35.676280979,15.796],[139.740677249,35.67648424,17.513],[139.740948498,35.676708976,18.654],[139.741174337,35.676899586,18.3],[139.741417641,35.677028341,17.664],[139.741639351,35.677088652,17.593],[139.74194879,35.677117988,18.027],[139.742326061,35.677146718,19.818],[139.743609596,35.67724305,27.571],[139.744151736,35.677251629,28.852],[139.743605549,35.677154815,27.502],[139.742263178,35.67703271,19.374],[139.741877945,35.67700283,17.853],[139.741609959,35.676969793,17.606],[139.741440635,35.676925948,17.658],[139.741240387,35.676816615,18.372],[139.741014931,35.676629443,18.664],[139.740729191,35.676393839,17.372],[139.740424924,35.67619028,15.665],[139.739821651,35.675851869,13.735],[139.739040209,35.675397582,16.874],[139.73762639,35.674561179,22.225],[139.735818751,35.673500996,27.792]]}},{"type":"Feature","id":555,"properties":{"lane_id":555,"name":"Lane #531","role":1,"role_name":"Parking","speed_limit":40.0,"priority_offset":0.0,"oneway":"yes","length_m":1738.2},"geometry":{"type":"LineString","coordinates":[[139.735842012,35.673600424,27.563],[139.73759405,35.674624043,22.165],[139.739049053,35.675488913,16.612],[139.739861752,35.675949025,13.511],[139.740411318,35.67625825,15.78],[139.740694095,35.67645672,17.477],[139.740970387,35.676685588,18.626],[139.741199505,35.676877716,18.319],[139.741431365,35.677004295,17.689],[139.741620786,35.677048088,17.683],[139.741873363,35.677076529,17.894],[139.742286892,35.677108891,19.495],[139.743616286,35.677218504,27.57],[139.744022095,35.677237321,28.723],[139.743602679,35.677175747,27.488],[139.742264195,35.677064633,19.372],[139.741877663,35.677031087,17.881],[139.741602219,35.677001681,17.668],[139.741429834,35.67695781,17.668],[139.741219566,35.676840415,18.37],[139.740995681,35.67665377,18.622],[139.740714842,35.676418244,17.452],[139.740419531,35.676216948,15.788],[139.739817863,35.675877959,13.712],[139.73902839,35.67542525,16.84],[139.737567325,35.674565144,22.348],[139.735855003,35.673558184,27.608]]}},{"type":"Feature","id":556,"properties":{"lane_id":556,"name":"Lane #532","role":1,"role_name":"Parking","speed_limit":40.0,"priority_offset":0.0,"oneway":"yes","length_m":537.3},"geometry":{"type":"LineString","coordinates":[[139.741171746,35.676623338,10.282],[139.741180403,35.676613663,10.256],[139.741431336,35.676333246,9.504],[139.741696661,35.675444646,8.737],[139.742346794,35.674480041,8.043],[139.742217377,35.674408974,8.003],[139.741534754,35.675479824,8.775],[139.741340949,35.676102747,9.013],[139.741024657,35.676487902,10.294],[139.741014783,35.676499925,10.334]]}},{"type":"Feature","id":557,"properties":{"lane_id":557,"name":"Lane #533","role":1,"role_name":"Parking","speed_limit":40.0,"priority_offset":0.0,"oneway":"yes","length_m":519.5},"geometry":{"type":"LineString","coordinates":[[139.741111173,35.676566527,10.176],[139.74111591,35.676561587,10.163],[139.741346202,35.67632143,9.516],[139.741602686,35.675553909,8.778],[139.742300297,35.6744947,8.082],[139.74223183,35.674460917,8.053],[139.741548962,35.67552817,8.848],[139.74136899,35.676105554,9.025],[139.741063554,35.676519311,10.25],[139.741055478,35.676530252,10.282]]}},{"type":"Feature","id":558,"properties":{"lane_id":558,"name":"Lane #534","role":1,"role_name":"Parking","speed_limit":40.0,"priority_offset":0.0,"oneway":"yes","length_m":1227.3},"geometry":{"type":"LineString","coordinates":[[139.740884613,35.676435929,10.293],[139.740870304,35.676425148,10.317],[139.740561814,35.676192692,10.827],[139.739931296,35.675838666,13.53],[139.739107426,35.675368334,16.807],[139.737712485,35.674542993,22.109],[139.735401876,35.673231744,28.097],[139.735372694,35.673368078,27.989],[139.737604367,35.674741753,21.961],[139.739012302,35.675575217,16.54],[139.739778832,35.676042497,13.459],[139.740390973,35.676393216,10.745],[139.740661138,35.676589663,10.265],[139.740678289,35.676602134,10.235]]}},{"type":"Feature","id":559,"properties":{"lane_id":559,"name":"Lane #535","role":1,"role_name":"Parking","speed_limit":40.0,"priority_offset":0.0,"oneway":"yes","length_m":1218.2},"geometry":{"type":"LineString","coordinates":[[139.740852993,35.676436991,10.286],[139.740846873,35.676432489,10.295],[139.740576574,35.676233651,10.687],[139.73992918,35.675870362,13.461],[139.739090098,35.67539123,16.775],[139.73771054,35.674578013,22.053],[139.735416493,35.673254158,28.197],[139.735418177,35.673391554,27.998],[139.737628552,35.674719225,21.94],[139.739037365,35.675554716,16.511],[139.7397984,35.676005468,13.507],[139.740418334,35.676349414,10.837],[139.740698711,35.676559903,10.268],[139.740715387,35.676572422,10.234]]}},{"type":"Feature","id":560,"properties":{"lane_id":560,"name":"Lane #536","role":1,"role_name":"Parking","speed_limit":40.0,"priority_offset":0.0,"oneway":"yes","length_m":114.1},"geometry":{"type":"LineString","coordinates":[[139.695068076,35.687119349,34.645],[139.695031798,35.687113766,34.632],[139.693829327,35.686928695,34.197]]}},{"type":"Feature","id":561,"properties":{"lane_id":561,"name":"Lane #537","role":1,"role_name":"Parking","speed_limit":40.0,"priority_offset":0.0,"oneway":"yes","length_m":111.4},"geometry":{"type":"LineString","coordinates":[[139.695049723,35.687147834,34.648],[139.695024739,35.687143966,34.648],[139.693840645,35.686960671,34.642]]}},{"type":"Feature","id":562,"properties":{"lane_id":562,"name":"Lane #538","role":1,"role_name":"Parking","speed_limit":40.0,"priority_offset":0.0,"oneway":"yes","length_m":114.2},"geometry":{"type":"LineString","coordinates":[[139.69381425,35.686983173,34.67],[139.69501786,35.687173397,34.64],[139.695052663,35.687178898,34.639]]}},{"type":"Feature","id":563,"properties":{"lane_id":563,"name":"Lane #539","role":1,"role_name":"Parking","speed_limit":40.0,"priority_offset":0.0,"oneway":"yes","length_m":112.9},"geometry":{"type":"LineString","coordinates":[[139.693820173,35.687013263,34.676],[139.695011681,35.687199834,34.64],[139.695044647,35.687204996,34.639]]}},{"type":"Feature","id":564,"properties":{"lane_id":564,"name":"Lane #540","role":1,"role_name":"Parking","speed_limit":40.0,"priority_offset":0.0,"oneway":"yes","length_m":112.3},"geometry":{"type":"LineString","coordinates":[[139.693812108,35.68704423,34.677],[139.695004934,35.687228701,34.644],[139.695031355,35.687232788,34.644]]}},{"type":"Feature","id":565,"properties":{"lane_id":565,"name":"Lane #541","role":1,"role_name":"Parking","speed_limit":40.0,"priority_offset":0.0,"oneway":"yes","length_m":113.7},"geometry":{"type":"LineString","coordinates":[[139.695069786,35.6870949,34.646],[139.695037415,35.687089734,34.646],[139.693837252,35.686898193,34.679]]}},{"type":"Feature","id":566,"properties":{"lane_id":566,"name":"Lane #542","role":1,"role_name":"Parking","speed_limit":40.0,"priority_offset":0.0,"oneway":"yes","length_m":324.7},"geometry":{"type":"LineString","coordinates":[[139.699130157,35.687742676,34.655],[139.695625924,35.687183589,34.647],[139.695609938,35.687181038,34.647]]}},{"type":"Feature","id":567,"properties":{"lane_id":567,"name":"Lane #543","role":1,"role_name":"Parking","speed_limit":40.0,"priority_offset":0.0,"oneway":"yes","length_m":324.1},"geometry":{"type":"LineString","coordinates":[[139.699115365,35.687773845,34.654],[139.69561995,35.687210888,34.646],[139.695602704,35.68720811,34.646]]}},{"type":"Feature","id":568,"properties":{"lane_id":568,"name":"Lane #544","role":1,"role_name":"Parking","speed_limit":40.0,"priority_offset":0.0,"oneway":"yes","length_m":324.1},"geometry":{"type":"LineString","coordinates":[[139.699111201,35.68780082,34.656],[139.695613166,35.687241887,34.644],[139.695597666,35.687239411,34.644]]}},{"type":"Feature","id":569,"properties":{"lane_id":569,"name":"Lane #545","role":1,"role_name":"Parking","speed_limit":40.0,"priority_offset":0.0,"oneway":"yes","length_m":325.9},"geometry":{"type":"LineString","coordinates":[[139.695590756,35.68726493,34.641],[139.69560753,35.687267642,34.641],[139.69912165,35.687835832,34.653]]}},{"type":"Feature","id":570,"properties":{"lane_id":570,"name":"Lane #546","role":1,"role_name":"Parking","speed_limit":40.0,"priority_offset":0.0,"oneway":"yes","length_m":324.8},"geometry":{"type":"LineString","coordinates":[[139.695587195,35.687292941,34.639],[139.695601494,35.687295225,34.639],[139.699108395,35.687855377,34.656]]}},{"type":"Feature","id":571,"properties":{"lane_id":571,"name":"Lane #547","role":1,"role_name":"Parking","speed_limit":40.0,"priority_offset":0.0,"oneway":"yes","length_m":325.2},"geometry":{"type":"LineString","coordinates":[[139.695585911,35.687317583,34.641],[139.695596234,35.687319261,34.642],[139.699109172,35.687890081,34.657]]}},{"type":"Feature","id":572,"properties":{"lane_id":572,"name":"Lane #548","role":2,"role_name":"Secondary","speed_limit":60.0,"priority_offset":0.0,"oneway":"yes","length_m":1155.1},"geometry":{"type":"LineString","coordinates":[[139.684443366,35.472853422,27.938],[139.684430012,35.472861998,27.879],[139.684154279,35.473039059,26.672],[139.683966507,35.473156374,26.263],[139.683589641,35.473438728,26.16],[139.683251421,35.473773507,26.351],[139.682969174,35.474155509,26.775],[139.682894854,35.474457206,26.768],[139.682974364,35.474844515,26.741],[139.683334383,35.475208813,26.717],[139.684197354,35.475589017,26.539],[139.685778789,35.475892495,22.481],[139.686408,35.475903399,20.748],[139.68602049,35.475971334,14.087],[139.685214463,35.475832771,15.545],[139.684131746,35.47556491,16.98],[139.683291577,35.475223665,18.226],[139.682862589,35.474829996,18.406],[139.682817367,35.474416159,18.122],[139.682889082,35.474191248,18.017],[139.683040128,35.473965732,17.919],[139.683327478,35.473625987,17.889],[139.68354056,35.473425121,18.008],[139.683544979,35.473420955,18.011]]}},{"type":"Feature","id":573,"properties":{"lane_id":573,"name":"Lane #549","role":1,"role_name":"Parking","speed_limit":40.0,"priority_offset":0.0,"oneway":"yes","length_m":1150.7},"geometry":{"type":"LineString","coordinates":[[139.681692551,35.478048222,21.372],[139.681697581,35.478032968,21.328],[139.681829793,35.477631955,20.175],[139.681944777,35.477160745,19.515],[139.682034758,35.476772436,19.37],[139.682106958,35.476496346,19.267],[139.682144461,35.476400295,19.24],[139.68235305,35.476078359,18.561],[139.682730429,35.475787575,19.487],[139.683354877,35.475576823,23.034],[139.683924683,35.475589113,26.248],[139.68425014,35.475649556,26.471],[139.685519718,35.475872879,23.303],[139.686155445,35.47594142,21.695],[139.685906742,35.475985212,14.238],[139.684828151,35.475808813,15.823],[139.683864847,35.475656381,19.23],[139.683222592,35.475700472,23.006],[139.682545651,35.476011618,27.187],[139.682286757,35.47627969,28.514],[139.682112083,35.47658937,29.096],[139.682009215,35.476974986,29.295],[139.681896604,35.477418238,29.782],[139.681803274,35.47777122,30.478],[139.681764469,35.477803405,30.566],[139.681757836,35.477808907,30.581]]}},{"type":"Feature","id":574,"properties":{"lane_id":574,"name":"Lane #548","role":1,"role_name":"Parking","speed_limit":40.0,"priority_offset":0.0,"oneway":"yes","length_m":872.3},"geometry":{"type":"LineString","coordinates":[[139.770651472,35.687569207,12.757],[139.770660275,35.687567575,12.757],[139.770893384,35.687524353,12.762],[139.771185323,35.687473945,12.758],[139.771554679,35.6874098,12.755],[139.771767094,35.687372219,12.695],[139.772014766,35.687319925,12.262],[139.772173693,35.687272536,11.476],[139.772327028,35.687208224,10.516],[139.77247373,35.687128719,9.436],[139.772579072,35.687062205,8.592],[139.77270398,35.686964742,7.452],[139.772757677,35.686918615,6.95],[139.772827164,35.686843987,6.184],[139.772946518,35.686701424,4.528],[139.773069084,35.686553326,2.606],[139.773252473,35.686325651,-0.083],[139.773411253,35.686125891,-2.114],[139.773479396,35.686046271,-2.976],[139.773655754,35.685834528,-5.119],[139.773797891,35.685659155,-6.605],[139.773922421,35.685503705,-7.602],[139.774054144,35.685340062,-8.229],[139.774212147,35.685139161,-8.365],[139.774340129,35.684974447,-8.365],[139.774475272,35.684781652,-8.365],[139.774586151,35.684607833,-8.365],[139.774658378,35.684482253,-8.365],[139.774724752,35.68435606,-8.365],[139.774802261,35.684199785,-8.317],[139.7749048,35.684020658,-8.098],[139.775026759,35.683837715,-7.777],[139.7751526,35.68365457,-7.599],[139.775296482,35.683458854,-7.88],[139.775499154,35.683213415,-8.941],[139.775668269,35.683010734,-9.343],[139.775765425,35.682861495,-9.105],[139.775805884,35.682771365,-8.851],[139.775846744,35.682616872,-8.33],[139.775855141,35.682480756,-7.881],[139.775838769,35.68233629,-7.526],[139.775819351,35.682243388,-7.401],[139.77578758,35.682146697,-7.364],[139.77574598,35.682047742,-7.365],[139.775668391,35.681903995,-7.365],[139.775560352,35.681705159,-7.365],[139.775555179,35.681695638,-7.365]]}},{"type":"Feature","id":575,"properties":{"lane_id":575,"name":"Lane #549","role":2,"role_name":"Secondary","speed_limit":60.0,"priority_offset":0.0,"oneway":"yes","length_m":528.7},"geometry":{"type":"LineString","coordinates":[[139.775552001,35.68169048,-7.365],[139.775548504,35.681684428,-7.365],[139.775437584,35.681492474,-7.365],[139.775345855,35.681341033,-7.365],[139.775243993,35.681179512,-7.365],[139.775154981,35.68104838,-7.365],[139.775024806,35.680873025,-7.365],[139.774826455,35.680591487,-7.365],[139.77475418,35.680481426,-7.365],[139.774564562,35.680173,-7.365],[139.774355722,35.679827028,-7.365],[139.773972385,35.679188279,-7.365],[139.773703101,35.67874237,-7.365],[139.773482749,35.678377475,-7.365],[139.773122883,35.677778685,-7.365],[139.772930809,35.677461095,-7.365],[139.772924605,35.677450837,-7.365]]}},{"type":"Feature","id":576,"properties":{"lane_id":576,"name":"Lane #550","role":1,"role_name":"Parking","speed_limit":40.0,"priority_offset":0.0,"oneway":"yes","length_m":230.8},"geometry":{"type":"LineString","coordinates":[[139.775554523,35.681688778,-7.365],[139.775553801,35.681684495,-7.365],[139.77554497,35.681632107,-7.365],[139.775468613,35.681474192,-7.365],[139.775372542,35.681310522,-7.365],[139.775257496,35.681133421,-7.365],[139.775169525,35.681008491,-7.365],[139.775019967,35.680804283,-7.365],[139.774808761,35.680501007,-7.365],[139.774628641,35.680209573,-7.365],[139.774540033,35.680063843,-7.365],[139.774414026,35.679852411,-7.365],[139.774408278,35.679842766,-7.365]]}},{"type":"Feature","id":577,"properties":{"lane_id":577,"name":"Lane #551","role":1,"role_name":"Parking","speed_limit":40.0,"priority_offset":0.0,"oneway":"yes","length_m":210.2},"geometry":{"type":"LineString","coordinates":[[139.774403865,35.679835844,-7.365],[139.774400028,35.679829415,-7.365],[139.774294734,35.679652989,-7.365],[139.773939672,35.679067209,-7.365],[139.773707991,35.678683743,-7.365],[139.773384019,35.678145211,-7.365],[139.773381192,35.67814051,-7.365]]}},{"type":"Feature","id":578,"properties":{"lane_id":578,"name":"Lane #552","role":1,"role_name":"Parking","speed_limit":40.0,"priority_offset":0.0,"oneway":"yes","length_m":214.5},"geometry":{"type":"LineString","coordinates":[[139.774409645,35.679838213,-7.365],[139.774408244,35.679827824,-7.365],[139.774400909,35.679773454,-7.367],[139.774344061,35.679624767,-7.368],[139.774312412,35.679552323,-7.368],[139.774111337,35.679221352,-7.368],[139.774034233,35.67909136,-7.368],[139.77380724,35.67871449,-7.368],[139.773642677,35.678442593,-7.368],[139.773548041,35.678289854,-7.368],[139.773453659,35.678169337,-7.368],[139.773389242,35.678133817,-7.366],[139.773372822,35.678124763,-7.365]]}},{"type":"Feature","id":579,"properties":{"lane_id":579,"name":"Lane #553","role":1,"role_name":"Parking","speed_limit":40.0,"priority_offset":0.0,"oneway":"yes","length_m":708.6},"geometry":{"type":"LineString","coordinates":[[139.773367163,35.678117806,-7.365],[139.773361177,35.678107647,-7.365],[139.773326993,35.678049626,-7.365],[139.77304466,35.677576802,-7.365],[139.7727223,35.677043105,-7.365],[139.772437742,35.676569264,-7.365],[139.772191935,35.676164611,-7.35],[139.771999234,35.675842614,-6.959],[139.771885124,35.675659759,-6.512],[139.771783229,35.675525556,-6.004],[139.771700252,35.675433672,-5.609],[139.771531206,35.675272915,-4.827],[139.771459011,35.675209559,-4.486],[139.771305944,35.675083962,-3.673],[139.771160036,35.674966585,-2.652],[139.770995617,35.674820425,-1.071],[139.770931791,35.674759737,-0.302],[139.770860375,35.674679722,0.675],[139.770805117,35.674610147,1.471],[139.770706125,35.674472672,3.042],[139.770494273,35.674165,6.859],[139.770413907,35.674051369,8.34],[139.770281414,35.673861329,10.329],[139.770155105,35.673680219,11.6],[139.769913912,35.673331988,12.282],[139.769774254,35.673131298,12.096],[139.76967555,35.673000038,12.008],[139.769554841,35.672832315,11.959],[139.769453062,35.672686857,11.975],[139.769427629,35.672672508,11.967],[139.769412822,35.672664154,11.962]]}},{"type":"Feature","id":580,"properties":{"lane_id":580,"name":"Lane #554","role":1,"role_name":"Parking","speed_limit":40.0,"priority_offset":0.0,"oneway":"yes","length_m":244.3},"geometry":{"type":"LineString","coordinates":[[139.772920899,35.677443985,-7.365],[139.772909507,35.677433845,-7.365],[139.772849888,35.677380779,-7.365],[139.772722845,35.677201205,-7.365],[139.772616051,35.677044193,-7.365],[139.772327521,35.676589388,-6.719],[139.772234626,35.676431254,-5.403],[139.77214206,35.676279883,-3.921],[139.772077116,35.676174051,-3.044],[139.771988832,35.676051542,-2.587],[139.771899166,35.675955517,-2.415],[139.771814798,35.675894951,-2.378],[139.771749484,35.675857168,-2.361],[139.771631289,35.675816954,-2.247],[139.771562087,35.675805164,-2.096],[139.771424792,35.675802681,-1.569],[139.771356604,35.675807603,-1.185]]}},{"type":"Feature","id":581,"properties":{"lane_id":581,"name":"Lane #555","role":2,"role_name":"Secondary","speed_limit":60.0,"priority_offset":0.0,"oneway":"yes","length_m":618.6},"geometry":{"type":"LineString","coordinates":[[139.772912583,35.677429695,-7.365],[139.772910226,35.677425785,-7.365],[139.772814101,35.67726635,-7.365],[139.772682049,35.677046834,-7.365],[139.772420877,35.676614732,-7.365],[139.772162926,35.67618828,-7.355],[139.771969164,35.675861133,-6.967],[139.771874665,35.675707876,-6.628],[139.771821102,35.67563073,-6.351],[139.771723888,35.675513002,-5.873],[139.771656657,35.675441866,-5.554],[139.771566704,35.675356482,-5.138],[139.771468441,35.675264239,-4.667],[139.771311565,35.675136449,-3.879],[139.771182406,35.675031599,-3.041],[139.770995112,35.674870096,-1.39],[139.770929213,35.674807863,-0.656],[139.770826878,35.674695951,0.693],[139.770664257,35.674479278,3.157],[139.770566793,35.674333276,4.908],[139.770452684,35.67416936,7.005],[139.770319251,35.673978978,9.386],[139.770223324,35.673838108,10.633],[139.77006846,35.673612969,12.018],[139.769963234,35.673464291,12.351],[139.769889417,35.673371881,12.259],[139.769782068,35.673231371,12.105],[139.769693511,35.673101857,12.007],[139.76956806,35.672916909,11.928],[139.769428305,35.672692273,11.951],[139.769424224,35.672685713,11.952]]}},{"type":"Feature","id":582,"properties":{"lane_id":582,"name":"Lane #556","role":1,"role_name":"Parking","speed_limit":40.0,"priority_offset":0.0,"oneway":"yes","length_m":122.1},"geometry":{"type":"LineString","coordinates":[[139.769407615,35.672654912,11.967],[139.769402518,35.672646605,11.973],[139.769269753,35.672430251,12.128],[139.76910518,35.672178005,12.584],[139.769014162,35.672049078,12.852],[139.768907907,35.671930798,13.01],[139.768774143,35.671817241,13.089],[139.768707488,35.671778888,13.065],[139.768673803,35.671775933,12.972],[139.768656785,35.67177444,12.924]]}},{"type":"Feature","id":583,"properties":{"lane_id":583,"name":"Lane #557","role":2,"role_name":"Secondary","speed_limit":60.0,"priority_offset":0.0,"oneway":"yes","length_m":1078.0},"geometry":{"type":"LineString","coordinates":[[139.769605832,35.673212514,11.896],[139.769610024,35.67321955,11.902],[139.769740671,35.673438794,12.085],[139.769866731,35.673664288,12.326],[139.769920378,35.673772919,12.444],[139.769989167,35.673902297,12.604],[139.770063905,35.674031508,12.523],[139.77014192,35.674144245,12.017],[139.770234744,35.674260885,11.208],[139.770350589,35.674386043,9.951],[139.77048823,35.674514482,8.339],[139.770667983,35.674666528,6.037],[139.770897248,35.674861402,3.107],[139.771156349,35.675082717,-0.207],[139.771349597,35.675261107,-2.772],[139.771476221,35.675395046,-4.478],[139.771621801,35.675565445,-6.211],[139.771705845,35.67567404,-6.945],[139.771836383,35.675882178,-7.362],[139.771991664,35.676142452,-7.362],[139.772319475,35.676685255,-7.362],[139.772468054,35.676924307,-7.362],[139.772636452,35.677172852,-7.363],[139.77279689,35.677399438,-7.364],[139.772999406,35.677694697,-7.365],[139.773187655,35.67799185,-7.365],[139.773528227,35.678561804,-7.365],[139.773862846,35.679115923,-7.365],[139.774141338,35.679574948,-7.365],[139.774389936,35.679990355,-7.365],[139.774542518,35.680249146,-7.365],[139.774681691,35.680469443,-7.365],[139.774839766,35.680712031,-7.365],[139.774939667,35.680847725,-7.365],[139.77507248,35.681027747,-7.365],[139.775210628,35.681227419,-7.365],[139.775285378,35.681346174,-7.365],[139.775365152,35.681487228,-7.365],[139.775424398,35.681597452,-7.365],[139.775427979,35.681604114,-7.365]]}},{"type":"Feature","id":584,"properties":{"lane_id":584,"name":"Lane #558","role":1,"role_name":"Parking","speed_limit":40.0,"priority_offset":0.0,"oneway":"yes","length_m":553.0},"geometry":{"type":"LineString","coordinates":[[139.769593676,35.673205194,11.882],[139.769593486,35.673214616,11.882],[139.769592867,35.673245354,11.88],[139.769645298,35.673353946,11.949],[139.769761562,35.67357855,12.153],[139.769842651,35.673729223,12.32],[139.769912782,35.673837073,12.462],[139.770021441,35.674030885,12.617],[139.770097279,35.674144639,12.298],[139.770206702,35.674282123,11.438],[139.770298814,35.674386104,10.455],[139.770419066,35.674498577,9.127],[139.770592621,35.674648536,6.839],[139.770881289,35.674890088,3.058],[139.771085961,35.675067005,0.349],[139.771217923,35.675179583,-1.353],[139.771380805,35.675345069,-3.62],[139.771599151,35.675595649,-6.313],[139.77168585,35.675709306,-7.044],[139.771813864,35.675915786,-7.362],[139.771917252,35.676082202,-7.362],[139.772153023,35.676479775,-7.362],[139.77237065,35.676837924,-7.362],[139.772538834,35.677094591,-7.362],[139.772746536,35.677391445,-7.364],[139.772754068,35.67740221,-7.364]]}},{"type":"Feature","id":585,"properties":{"lane_id":585,"name":"Lane #559","role":1,"role_name":"Parking","speed_limit":40.0,"priority_offset":0.0,"oneway":"yes","length_m":292.4},"geometry":{"type":"LineString","coordinates":[[139.772764612,35.677417413,-7.364],[139.772771005,35.677426506,-7.364],[139.772837516,35.677521105,-7.364],[139.772931774,35.677658694,-7.364],[139.773102052,35.677921722,-7.365],[139.773239507,35.678151923,-7.365],[139.773598124,35.678747484,-7.365],[139.773899837,35.67924688,-7.365],[139.774111849,35.679599494,-7.365],[139.774207551,35.679761086,-7.365],[139.774210356,35.679765822,-7.365]]}},{"type":"Feature","id":586,"properties":{"lane_id":586,"name":"Lane #560","role":1,"role_name":"Parking","speed_limit":40.0,"priority_offset":0.0,"oneway":"yes","length_m":296.4},"geometry":{"type":"LineString","coordinates":[[139.772758807,35.677410053,-7.364],[139.772759854,35.677428705,-7.363],[139.772761661,35.677460899,-7.362],[139.772803266,35.677546791,-7.362],[139.772926593,35.677750674,-7.362],[139.773071989,35.677994526,-7.231],[139.773122476,35.678079593,-6.137],[139.773212678,35.678234411,-5.676],[139.773349833,35.678462191,-5.676],[139.773602998,35.678881713,-5.675],[139.773833662,35.679265259,-5.684],[139.773891567,35.679364547,-6.016],[139.773959357,35.679474879,-6.753],[139.774020854,35.679569158,-7.347],[139.774082174,35.679645418,-7.372],[139.77417001,35.679752338,-7.368],[139.774205028,35.679773331,-7.366],[139.774217846,35.679781016,-7.365]]}},{"type":"Feature","id":587,"properties":{"lane_id":587,"name":"Lane #561","role":1,"role_name":"Parking","speed_limit":40.0,"priority_offset":0.0,"oneway":"yes","length_m":231.5},"geometry":{"type":"LineString","coordinates":[[139.774223243,35.679788428,-7.365],[139.774229035,35.679797904,-7.365],[139.774290548,35.679898542,-7.365],[139.774506614,35.68025777,-7.365],[139.774706012,35.680578819,-7.365],[139.774906914,35.680864875,-7.365],[139.775029316,35.681032607,-7.365],[139.775148168,35.681198066,-7.365],[139.775232954,35.681331927,-7.365],[139.775355698,35.681542837,-7.365],[139.775394123,35.681593788,-7.365],[139.775422759,35.681608435,-7.365],[139.775432901,35.681613623,-7.365]]}},{"type":"Feature","id":588,"properties":{"lane_id":588,"name":"Lane #562","role":1,"role_name":"Parking","speed_limit":40.0,"priority_offset":0.0,"oneway":"yes","length_m":137.9},"geometry":{"type":"LineString","coordinates":[[139.775436054,35.681620018,-7.365],[139.775438819,35.681625689,-7.365],[139.775496009,35.681742983,-7.365],[139.775601208,35.681951674,-7.365],[139.775687779,35.68213374,-7.364],[139.77572567,35.682240423,-7.389],[139.775749133,35.682349317,-7.532],[139.775757999,35.682451053,-7.791],[139.775753263,35.682584694,-8.256],[139.77572034,35.682696088,-8.685],[139.77567591,35.68279843,-9.034],[139.775673572,35.682803815,-9.052]]}},{"type":"Feature","id":589,"properties":{"lane_id":589,"name":"Lane #563","role":1,"role_name":"Parking","speed_limit":40.0,"priority_offset":0.0,"oneway":"yes","length_m":305.9},"geometry":{"type":"LineString","coordinates":[[139.775660607,35.682833721,-9.129],[139.775655839,35.682841765,-9.144],[139.775602106,35.682932421,-9.316],[139.775536511,35.683020533,-9.35],[139.775314678,35.683290807,-8.357],[139.775212859,35.683419764,-7.871],[139.77503306,35.68366901,-7.617],[139.774916436,35.683859524,-7.863],[139.774794218,35.684087339,-8.225],[139.774658273,35.684361806,-8.365],[139.774573401,35.684520133,-8.365],[139.774486142,35.684663161,-8.365],[139.774393912,35.68480168,-8.365],[139.774286478,35.684956104,-8.365],[139.774218698,35.68504704,-8.365],[139.774065771,35.685240743,-8.335],[139.774061154,35.68524659,-8.334]]}},{"type":"Feature","id":590,"properties":{"lane_id":590,"name":"Lane #565","role":3,"role_name":"Main","speed_limit":80.0,"priority_offset":0.0,"oneway":"yes","length_m":313.5},"geometry":{"type":"LineString","coordinates":[[139.775666371,35.682819123,-9.093],[139.775647839,35.68283767,-9.14],[139.775600436,35.682885111,-9.262],[139.775461773,35.683029472,-9.303],[139.775385974,35.683105504,-9.066],[139.775306977,35.683190229,-8.675],[139.775243263,35.683254304,-8.351],[139.775184284,35.683290658,-8.147],[139.77516543,35.683296886,-8.1],[139.774885075,35.683691617,-7.676],[139.774884333,35.68371918,-7.704],[139.774883206,35.683767412,-7.759],[139.774847847,35.683837101,-7.868],[139.774767528,35.683982454,-8.111],[139.774702894,35.684106787,-8.27],[139.774646376,35.684220401,-8.346],[139.774590418,35.684338269,-8.365],[139.774547413,35.684455927,-8.365],[139.774510024,35.684547662,-8.365],[139.774482396,35.684601552,-8.365],[139.774407342,35.684721929,-8.365],[139.77433837,35.684822691,-8.365],[139.774218229,35.684986825,-8.365],[139.774154447,35.685072823,-8.365],[139.774092771,35.685157382,-8.365],[139.774045089,35.685227948,-8.34],[139.774046191,35.685248193,-8.328],[139.774047042,35.685263846,-8.319]]}},{"type":"Feature","id":591,"properties":{"lane_id":591,"name":"Lane #566","role":1,"role_name":"Parking","speed_limit":40.0,"priority_offset":0.0,"oneway":"yes","length_m":392.9},"geometry":{"type":"LineString","coordinates":[[139.774040526,35.685272188,-8.311],[139.774032048,35.685282673,-8.282],[139.773936784,35.685400496,-7.96],[139.773771283,35.685606485,-6.803],[139.773566199,35.685858635,-4.636],[139.773337968,35.686138673,-1.727],[139.773137254,35.686385287,0.795],[139.772989914,35.686563932,2.928],[139.772891289,35.686683905,4.387],[139.772804898,35.686779184,5.482],[139.772742254,35.686842838,6.143],[139.772643705,35.686926458,7.075],[139.772514167,35.687022746,8.252],[139.772429184,35.687079811,8.993],[139.772346728,35.687127762,9.648],[139.772240862,35.687177591,10.384],[139.772113969,35.687226094,11.165],[139.771990218,35.687258246,11.794],[139.771845539,35.687289379,12.363],[139.771635136,35.687328593,12.699],[139.771455231,35.68735913,12.72],[139.771286548,35.687396299,12.732],[139.771081696,35.687445724,12.754],[139.770985892,35.68746434,12.755],[139.770939289,35.687458278,12.733],[139.770931795,35.687457304,12.729]]}},{"type":"Feature","id":592,"properties":{"lane_id":592,"name":"Lane #567","role":2,"role_name":"Secondary","speed_limit":60.0,"priority_offset":0.0,"oneway":"yes","length_m":200.9},"geometry":{"type":"LineString","coordinates":[[139.764606614,35.658548554,9.239],[139.764611744,35.658555007,9.242],[139.76478325,35.658770723,9.338],[139.764968697,35.659023102,9.433],[139.765083754,35.659165384,9.496],[139.765257775,35.659381628,9.717],[139.765437494,35.659599069,10.718],[139.765637179,35.659849236,11.959],[139.765753732,35.659993422,12.081],[139.76580528,35.660057138,11.875],[139.765811148,35.660064392,11.852]]}},{"type":"Feature","id":593,"properties":{"lane_id":593,"name":"Lane #568","role":1,"role_name":"Parking","speed_limit":40.0,"priority_offset":0.0,"oneway":"yes","length_m":1013.9},"geometry":{"type":"LineString","coordinates":[[139.764601945,35.658545909,9.234],[139.764606468,35.658557773,9.233],[139.764621562,35.65859736,9.23],[139.764753722,35.658784694,9.291],[139.764870776,35.658948,9.346],[139.764952138,35.659055797,9.39],[139.765080314,35.659217173,9.46],[139.765283296,35.659469415,9.918],[139.765458588,35.659680391,10.999],[139.76563601,35.659903955,12.021],[139.765769681,35.660069533,11.846],[139.76587905,35.660205148,11.3],[139.766062639,35.660432196,10.382],[139.76626895,35.66068649,9.989],[139.766462697,35.660927824,10.142],[139.766760905,35.661296193,10.379],[139.76701313,35.661607365,10.579],[139.767215762,35.661858598,10.741],[139.76747667,35.662181933,10.991],[139.767646252,35.662390891,11.377],[139.767730056,35.662498627,11.562],[139.767824535,35.662638383,11.802],[139.767875539,35.662734846,11.959],[139.767923197,35.662857079,12.146],[139.767944984,35.662938278,12.264],[139.767952551,35.663027196,12.371],[139.767949398,35.663118431,12.415],[139.767924505,35.663348439,12.319],[139.767899987,35.66354866,12.393],[139.767864609,35.663721773,12.488],[139.767826525,35.663864534,12.579],[139.767782354,35.663989008,12.658],[139.767719385,35.664130387,12.752],[139.767600167,35.664366592,12.916],[139.767519992,35.664527845,13.03],[139.767417247,35.664718763,13.151],[139.767319178,35.664885621,13.25],[139.767239849,35.665008385,13.319],[139.767136086,35.665147132,13.398],[139.767061184,35.665243064,13.461],[139.766954106,35.665355362,13.492],[139.766837196,35.665458312,13.491],[139.766696069,35.665553359,13.476],[139.766512735,35.665651059,13.458],[139.766336584,35.665722529,13.455],[139.766180896,35.665779691,13.455],[139.765997817,35.66584681,13.45],[139.765726418,35.665941378,13.433],[139.765554229,35.665998088,13.417],[139.765536741,35.666003848,13.415]]}},{"type":"Feature","id":594,"properties":{"lane_id":594,"name":"Lane #571","role":3,"role_name":"Main","speed_limit":80.0,"priority_offset":0.0,"oneway":"yes","length_m":32.8},"geometry":{"type":"LineString","coordinates":[[139.765819069,35.660075977,11.806],[139.765838158,35.660087572,11.755],[139.76589621,35.660122835,11.601],[139.765981518,35.660207565,11.252],[139.766049272,35.660283048,10.944],[139.766059029,35.660293918,10.899]]}},{"type":"Feature","id":595,"properties":{"lane_id":595,"name":"Lane #572","role":1,"role_name":"Parking","speed_limit":40.0,"priority_offset":0.0,"oneway":"yes","length_m":274.1},"geometry":{"type":"LineString","coordinates":[[139.76607142,35.660308708,10.839],[139.766077893,35.660316638,10.805],[139.766251853,35.660529742,9.895],[139.766449013,35.660774352,7.953],[139.766675162,35.661054609,5.64],[139.766832946,35.661249782,4.029],[139.766916781,35.661351328,3.909],[139.767009272,35.661284543,6.122],[139.766951278,35.661203353,5.919],[139.766824217,35.6610481,7.084],[139.766669981,35.660857652,8.506],[139.766526688,35.660682806,9.818],[139.766407832,35.660531567,10.526],[139.766325008,35.660428419,10.819],[139.766283822,35.66038599,10.955],[139.766257425,35.660374107,11.025],[139.766243648,35.660367906,11.062]]}},{"type":"Feature","id":596,"properties":{"lane_id":596,"name":"Lane #573","role":2,"role_name":"Secondary","speed_limit":60.0,"priority_offset":0.0,"oneway":"yes","length_m":257.0},"geometry":{"type":"LineString","coordinates":[[139.766064227,35.660297352,10.885],[139.766079415,35.660303437,10.856],[139.766123075,35.660320929,10.774],[139.766259179,35.660485164,10.105],[139.766430089,35.660699483,8.491],[139.766673738,35.660999509,6.011],[139.766859647,35.661231074,4.102],[139.76691097,35.661292929,3.96],[139.76694324,35.661262611,5.982],[139.766912838,35.661218814,6.003],[139.766786887,35.661059386,7.182],[139.766656412,35.660895975,8.395],[139.766521085,35.660733617,9.631],[139.766355023,35.660518338,10.657],[139.766285125,35.660428415,10.907],[139.766252059,35.660383974,11.027],[139.766247273,35.660377542,11.044]]}},{"type":"Feature","id":597,"properties":{"lane_id":597,"name":"Lane #574","role":1,"role_name":"Parking","speed_limit":40.0,"priority_offset":0.0,"oneway":"yes","length_m":55.5},"geometry":{"type":"LineString","coordinates":[[139.766240339,35.66036509,11.073],[139.766234528,35.660357439,11.093],[139.766162838,35.660263043,11.352],[139.766095713,35.66017419,11.594],[139.766036201,35.660100917,11.803],[139.765991522,35.660022894,11.984],[139.765958521,35.659947219,12.124],[139.765950311,35.659928391,12.159]]}},{"type":"Feature","id":598,"properties":{"lane_id":598,"name":"Lane #575","role":2,"role_name":"Secondary","speed_limit":60.0,"priority_offset":0.0,"oneway":"yes","length_m":994.6},"geometry":{"type":"LineString","coordinates":[[139.765827448,35.660085881,11.766],[139.765839137,35.660100426,11.707],[139.765985912,35.660283066,10.968],[139.766232181,35.660583136,10.033],[139.766520426,35.660943983,10.214],[139.766767442,35.661248694,10.41],[139.76699248,35.661527732,10.589],[139.767253406,35.66185115,10.796],[139.767482646,35.662136193,10.998],[139.767746729,35.662464625,11.581],[139.767843801,35.662601617,11.824],[139.767917304,35.662738351,12.051],[139.767955387,35.662832327,12.199],[139.767982514,35.66293937,12.351],[139.767989798,35.663046891,12.479],[139.767982036,35.663180901,12.468],[139.76796156,35.663364809,12.411],[139.767929108,35.663590549,12.498],[139.767898094,35.663751583,12.597],[139.76785367,35.66389969,12.684],[139.76779843,35.664045775,12.778],[139.767735816,35.664186935,12.881],[139.767664833,35.664321444,12.969],[139.767553593,35.664538206,13.115],[139.767473467,35.664688287,13.21],[139.767370828,35.664869677,13.324],[139.767285217,35.665007284,13.404],[139.767208595,35.665118288,13.475],[139.767128136,35.665215676,13.526],[139.767024562,35.665336575,13.586],[139.766931922,35.665425314,13.593],[139.76681763,35.665514531,13.574],[139.766656984,35.665613197,13.523],[139.766484276,35.665698185,13.481],[139.766318639,35.665763909,13.459],[139.76609982,35.665844376,13.455],[139.765808319,35.665944857,13.44],[139.765064081,35.666194252,13.353],[139.764878556,35.666256344,13.322],[139.764678591,35.666319634,13.286],[139.764379627,35.666417224,13.228],[139.764126163,35.666501744,13.176],[139.763899244,35.666575613,13.129],[139.763728358,35.666637045,13.116],[139.763718883,35.666640451,13.115]]}},{"type":"Feature","id":599,"properties":{"lane_id":599,"name":"Lane #576","role":1,"role_name":"Parking","speed_limit":40.0,"priority_offset":0.0,"oneway":"yes","length_m":458.1},"geometry":{"type":"LineString","coordinates":[[139.765225761,35.666218162,13.378],[139.765246568,35.666216471,13.381],[139.765311979,35.666211157,13.39],[139.765454742,35.666174637,13.409],[139.765725891,35.666094328,13.438],[139.765934998,35.666023038,13.454],[139.766062263,35.66598075,13.461],[139.766271994,35.665908332,12.545],[139.766509061,35.665823449,10.419],[139.766635923,35.665767835,9.152],[139.766828745,35.665672144,7.171],[139.767059408,35.665522558,5.075],[139.767155095,35.665448307,5.069],[139.767303054,35.665162405,5.069],[139.76690394,35.665126021,5.069],[139.766584623,35.665124999,4.564],[139.766576815,35.665211887,4.564],[139.766638098,35.665312565,5.505],[139.766663003,35.665412971,6.505],[139.76664143,35.665488665,7.279],[139.766604494,35.665533309,7.841],[139.766516314,35.665590892,8.892],[139.766376473,35.665650133,10.287],[139.766251666,35.66569633,11.516],[139.766079334,35.665764313,13.097],[139.765992303,35.66579503,13.432],[139.76589408,35.66583427,13.442],[139.765703974,35.665911696,13.429],[139.765534654,35.665978469,13.414],[139.765519844,35.665998014,13.413],[139.765509893,35.666011147,13.412]]}},{"type":"Feature","id":600,"properties":{"lane_id":600,"name":"Lane #577","role":1,"role_name":"Parking","speed_limit":40.0,"priority_offset":0.0,"oneway":"yes","length_m":179.1},"geometry":{"type":"LineString","coordinates":[[139.765497676,35.666014695,13.411],[139.765484562,35.666019236,13.409],[139.765303714,35.666081862,13.387],[139.765054709,35.666166097,13.351],[139.764800689,35.666248984,13.308],[139.764516014,35.666342666,13.255],[139.764254855,35.666428208,13.203],[139.763983013,35.666516464,13.147],[139.763835933,35.66656649,13.12],[139.76374178,35.666608142,13.14],[139.763706725,35.666636826,13.13],[139.763687896,35.666652233,13.125]]}},{"type":"Feature","id":601,"properties":{"lane_id":601,"name":"Lane #578","role":1,"role_name":"Parking","speed_limit":40.0,"priority_offset":0.0,"oneway":"yes","length_m":115.2},"geometry":{"type":"LineString","coordinates":[[139.763675442,35.666661536,13.118],[139.763662663,35.666668279,13.122],[139.763595575,35.66670368,13.142],[139.763515392,35.666769684,13.094],[139.763434091,35.666872802,12.911],[139.763396257,35.666945408,12.807],[139.763364111,35.667057056,12.675],[139.763360975,35.667174938,12.489],[139.763396378,35.667318365,12.291],[139.763451236,35.667452133,12.245],[139.763509171,35.667574451,12.297],[139.763514745,35.667586218,12.302]]}},{"type":"Feature","id":602,"properties":{"lane_id":602,"name":"Lane #579","role":1,"role_name":"Parking","speed_limit":40.0,"priority_offset":0.0,"oneway":"yes","length_m":335.6},"geometry":{"type":"LineString","coordinates":[[139.765538911,35.665773708,5.955],[139.763857256,35.666303409,5.956],[139.763461544,35.66657514,5.957],[139.763314913,35.666730717,5.956],[139.763278957,35.666791313,6.085],[139.763235487,35.666890934,6.818],[139.763234064,35.666947601,7.392],[139.763257348,35.667052951,8.639],[139.76327717,35.667138782,9.656],[139.763316572,35.667252742,11.017],[139.763375485,35.667381703,12.168],[139.763420674,35.667480105,12.201],[139.763465559,35.667565466,12.241],[139.763505918,35.667591543,12.29],[139.763517335,35.66759892,12.304]]}},{"type":"Feature","id":603,"properties":{"lane_id":603,"name":"Lane #580","role":1,"role_name":"Parking","speed_limit":40.0,"priority_offset":0.0,"oneway":"yes","length_m":639.6},"geometry":{"type":"LineString","coordinates":[[139.763529141,35.667616233,12.316],[139.763532305,35.667621839,12.319],[139.763623943,35.667784223,12.397],[139.76372235,35.66795764,12.461],[139.763888177,35.668249424,12.529],[139.764075188,35.668581545,12.56],[139.764298825,35.668976052,12.553],[139.764547189,35.669421374,12.508],[139.764787241,35.669843146,12.448],[139.764978159,35.670180995,12.401],[139.765152688,35.670496206,12.388],[139.76526103,35.670671544,12.447],[139.765357769,35.670780797,12.533],[139.765486319,35.670886687,12.626],[139.765612073,35.670962938,12.649],[139.765754057,35.671029886,12.605],[139.765915844,35.671080653,12.43],[139.766137491,35.671133354,12.105],[139.766637715,35.671252827,11.926],[139.767103202,35.671362809,12.047],[139.767594339,35.67148166,12.322],[139.76772755,35.671515154,12.395],[139.767896903,35.671564688,12.418],[139.767912604,35.67156928,12.42]]}},{"type":"Feature","id":604,"properties":{"lane_id":604,"name":"Lane #581","role":2,"role_name":"Secondary","speed_limit":60.0,"priority_offset":0.0,"oneway":"yes","length_m":454.0},"geometry":{"type":"LineString","coordinates":[[139.767920577,35.67157114,12.421],[139.767937601,35.671571619,12.442],[139.767995981,35.671573263,12.515],[139.768230823,35.671638864,12.566],[139.768434184,35.671709269,12.634],[139.768550401,35.671762115,12.662],[139.768663868,35.6718294,12.653],[139.768783249,35.671915889,12.623],[139.768876659,35.672006356,12.537],[139.768962954,35.672112061,12.424],[139.769051935,35.672243676,12.271],[139.769184726,35.672456753,12.039],[139.769345066,35.672710697,11.865],[139.769511488,35.672983743,11.842],[139.769668579,35.673234003,11.969],[139.769832247,35.673498952,12.22],[139.769965941,35.673715669,12.482],[139.770095136,35.673923571,12.774],[139.770192524,35.674076292,13.048],[139.77027557,35.674181282,13.157],[139.770385545,35.674268622,13.221],[139.77048555,35.674310195,13.211],[139.770642133,35.674337776,13.117],[139.770737016,35.67433689,13.014],[139.770905202,35.674316687,12.762],[139.771054961,35.674279655,12.34],[139.771078364,35.674273868,12.274]]}},{"type":"Feature","id":605,"properties":{"lane_id":605,"name":"Lane #582","role":1,"role_name":"Parking","speed_limit":40.0,"priority_offset":0.0,"oneway":"yes","length_m":244.2},"geometry":{"type":"LineString","coordinates":[[139.767935692,35.671575904,12.418],[139.767943384,35.671578254,12.416],[139.768063121,35.671614836,12.393],[139.768307552,35.671695509,12.396],[139.76848662,35.671767194,12.447],[139.768567318,35.671808092,12.459],[139.768657585,35.671863311,12.453],[139.768740121,35.671923995,12.427],[139.768805009,35.671983447,12.373],[139.768875212,35.672058474,12.296],[139.768938105,35.672140673,12.243],[139.769033,35.672278955,12.18],[139.769140928,35.672455696,12.013],[139.769296057,35.672702609,11.833],[139.769410957,35.672896868,11.786],[139.769522372,35.673088233,11.821],[139.769578025,35.673171926,11.869],[139.769590294,35.673190377,11.88]]}},{"type":"Feature","id":606,"properties":{"lane_id":606,"name":"Lane #583","role":2,"role_name":"Secondary","speed_limit":60.0,"priority_offset":0.0,"oneway":"yes","length_m":542.0},"geometry":{"type":"LineString","coordinates":[[139.771092431,35.674270333,12.235],[139.771101664,35.674267488,12.215],[139.77126398,35.674217469,11.88],[139.771592412,35.674115181,11.716],[139.771880062,35.67402299,11.944],[139.772163456,35.673936905,12.27],[139.772421852,35.673855715,12.447],[139.772636174,35.673798377,12.502],[139.772858247,35.673747593,12.527],[139.773011756,35.673716845,12.523],[139.773230288,35.673681728,12.48],[139.77349213,35.673636979,12.401],[139.773716153,35.673592178,12.332],[139.773918618,35.673540358,12.291],[139.774056849,35.673497947,12.278],[139.774305884,35.673419183,12.263],[139.774645386,35.67330381,12.25],[139.775014201,35.673168432,12.265],[139.775408615,35.673020838,12.308],[139.775653068,35.672927349,12.355],[139.775852365,35.672846224,12.413],[139.77607948,35.672764324,12.471],[139.776310319,35.672669887,12.596],[139.776392988,35.672635481,12.68],[139.776519324,35.672592912,12.734],[139.776675075,35.67257005,12.462],[139.776681797,35.672569064,12.45]]}},{"type":"Feature","id":607,"properties":{"lane_id":607,"name":"Lane #584","role":1,"role_name":"Parking","speed_limit":40.0,"priority_offset":0.0,"oneway":"yes","length_m":193.8},"geometry":{"type":"LineString","coordinates":[[139.771083926,35.674275719,12.256],[139.771100882,35.674276104,12.207],[139.771137626,35.674276938,12.101],[139.771303097,35.674236172,11.785],[139.771601762,35.674142025,11.658],[139.771908459,35.674045053,11.903],[139.772153234,35.673968258,12.193],[139.772329074,35.67391493,12.344],[139.772545012,35.67385346,12.417],[139.772741445,35.673806632,12.45],[139.772886372,35.673773981,12.463],[139.773100933,35.673736289,12.441],[139.77311279,35.673734206,12.44]]}},{"type":"Feature","id":608,"properties":{"lane_id":608,"name":"Lane #585","role":1,"role_name":"Parking","speed_limit":40.0,"priority_offset":0.0,"oneway":"yes","length_m":348.8},"geometry":{"type":"LineString","coordinates":[[139.773148677,35.673727083,12.435],[139.773153887,35.67372628,12.434],[139.773315163,35.673701432,12.391],[139.77353613,35.673660411,12.326],[139.773745041,35.67361632,12.265],[139.773959052,35.673560487,12.223],[139.774162477,35.673498272,12.205],[139.774388127,35.673427302,12.19],[139.77467081,35.673330045,12.182],[139.77505833,35.673188969,12.196],[139.77541476,35.673055468,12.236],[139.775748891,35.672935205,12.287],[139.775904369,35.672876082,12.326],[139.776097592,35.672804849,12.378],[139.776278842,35.672729198,12.46],[139.776439588,35.672664448,12.613],[139.776530502,35.672619116,12.67],[139.776667466,35.672589184,12.409],[139.776686708,35.672579245,12.421],[139.776711898,35.672566235,12.436]]}},{"type":"Feature","id":609,"properties":{"lane_id":609,"name":"Lane #586","role":1,"role_name":"Parking","speed_limit":40.0,"priority_offset":0.0,"oneway":"yes","length_m":255.8},"geometry":{"type":"LineString","coordinates":[[139.773124197,35.673732127,12.438],[139.773147004,35.673735804,12.419],[139.773178169,35.673740829,12.392],[139.773327519,35.67372396,12.339],[139.773623654,35.673679412,12.228],[139.773801994,35.673641717,12.176],[139.774003643,35.673596477,12.123],[139.774121627,35.673558583,12.025],[139.774265814,35.673512198,11.4],[139.774424569,35.673458116,10.042],[139.774588134,35.673406621,8.424],[139.774744955,35.673355753,6.876],[139.774919926,35.673294836,5.135],[139.775109808,35.673227752,3.819],[139.775204654,35.673191579,3.819],[139.7757765,35.672986169,3.819]]}},{"type":"Feature","id":610,"properties":{"lane_id":610,"name":"Lane #588","role":1,"role_name":"Parking","speed_limit":40.0,"priority_offset":0.0,"oneway":"yes","length_m":434.3},"geometry":{"type":"LineString","coordinates":[[139.778876278,35.675214761,-1.539],[139.778866378,35.675198813,-1.539],[139.778816647,35.675118693,-1.538],[139.778694852,35.674936522,-1.526],[139.778582007,35.674782107,-1.388],[139.778480344,35.674639912,-0.237],[139.778402402,35.674522527,1.112],[139.778315183,35.674385534,2.7],[139.778232898,35.674253235,4.211],[139.778152007,35.674123199,5.695],[139.778010536,35.67389899,8.261],[139.777853671,35.673648463,10.498],[139.777753746,35.673482196,11.312],[139.77760448,35.673244705,11.849],[139.777508819,35.673092457,12.147],[139.777386188,35.672901965,12.525],[139.777344591,35.67283532,12.622],[139.77728937,35.672757007,12.651],[139.777243786,35.67270246,12.64],[139.777158216,35.672619896,12.623],[139.777048367,35.672547834,12.557],[139.776920137,35.672498638,12.491],[139.776761126,35.672472938,12.531],[139.77663706,35.672477447,12.564],[139.776474785,35.672509152,12.696],[139.776350465,35.67254586,12.745],[139.776235794,35.672591416,12.749],[139.77610649,35.67264267,12.709],[139.776079876,35.672653219,12.701]]}},{"type":"Feature","id":611,"properties":{"lane_id":611,"name":"Lane #589","role":1,"role_name":"Parking","speed_limit":40.0,"priority_offset":0.0,"oneway":"yes","length_m":390.6},"geometry":{"type":"LineString","coordinates":[[139.776068556,35.672656952,12.699],[139.776060872,35.672662962,12.69],[139.776020726,35.672694362,12.643],[139.775713465,35.672821008,12.537],[139.77532424,35.672975528,12.449],[139.775009928,35.67309594,12.41],[139.774687215,35.673214914,12.394],[139.77436831,35.673324242,12.403],[139.774093734,35.673412524,12.419],[139.773872319,35.673479411,12.441],[139.773707436,35.673521423,12.475],[139.773552125,35.673554452,12.52],[139.773360242,35.673590187,12.579],[139.773037903,35.673644427,12.655],[139.772754149,35.673697651,12.667],[139.772492189,35.673764541,12.614],[139.772289716,35.673824177,12.542],[139.772124944,35.673879725,12.391],[139.772087472,35.673908556,12.308],[139.772071835,35.673920588,12.273]]}},{"type":"Feature","id":612,"properties":{"lane_id":612,"name":"Lane #590","role":1,"role_name":"Parking","speed_limit":40.0,"priority_offset":0.0,"oneway":"yes","length_m":640.0},"geometry":{"type":"LineString","coordinates":[[139.776070652,35.672653127,12.706],[139.77605699,35.672655522,12.707],[139.775991641,35.672666979,12.713],[139.775644588,35.672803454,12.61],[139.775387326,35.67289514,12.525],[139.775234397,35.672953342,11.349],[139.775000404,35.673038695,8.773],[139.774871621,35.673077482,7.495],[139.774760073,35.673075899,6.585],[139.774645591,35.673038576,5.437],[139.774562547,35.672975014,4.529],[139.774480033,35.672889535,3.846],[139.774435485,35.672843272,3.828],[139.77435919,35.672792944,3.828],[139.773845668,35.673107599,3.828],[139.772788178,35.673412529,4.223],[139.772346122,35.673684158,4.223],[139.772328456,35.673755172,4.223],[139.772095112,35.673831055,4.223],[139.771776331,35.673936387,5.006],[139.771546788,35.674009586,7.754],[139.771347606,35.674072292,10.24],[139.771070282,35.674158491,12.369],[139.770932379,35.674199512,12.446],[139.770769833,35.674240524,12.604],[139.770640697,35.674248366,12.769],[139.770548577,35.67423583,12.836],[139.770426416,35.674189055,12.863],[139.770334476,35.674111611,12.81],[139.770220533,35.673967469,12.78],[139.770124997,35.673829362,12.742],[139.770085122,35.673774849,12.669],[139.770055473,35.673756469,12.621],[139.770040276,35.673747049,12.596]]}},{"type":"Feature","id":613,"properties":{"lane_id":613,"name":"Lane #591","role":1,"role_name":"Parking","speed_limit":40.0,"priority_offset":0.0,"oneway":"yes","length_m":218.2},"geometry":{"type":"LineString","coordinates":[[139.772056499,35.673926895,12.252],[139.772047226,35.673929813,12.24],[139.771895172,35.673977653,12.058],[139.771696316,35.674040851,11.86],[139.771408691,35.674131016,11.805],[139.771208259,35.674193073,12.021],[139.771092903,35.674227558,12.269],[139.770964972,35.674258542,12.524],[139.770770864,35.674284272,12.774],[139.770631253,35.674286711,12.93],[139.770484337,35.674260332,13.024],[139.770395095,35.674218811,13.028],[139.770308139,35.67414278,12.965],[139.770241509,35.674060265,12.898],[139.770148126,35.673927623,12.798],[139.770055438,35.673773892,12.628],[139.770052065,35.673768296,12.621]]}},{"type":"Feature","id":614,"properties":{"lane_id":614,"name":"Lane #592","role":2,"role_name":"Secondary","speed_limit":60.0,"priority_offset":0.0,"oneway":"yes","length_m":251.2},"geometry":{"type":"LineString","coordinates":[[139.770034878,35.673738189,12.585],[139.770033342,35.673735727,12.582],[139.769901953,35.67352509,12.321],[139.769668922,35.673151295,11.973],[139.76950736,35.672889407,11.882],[139.769381333,35.672687393,11.915],[139.769240458,35.67246328,12.065],[139.769075823,35.672197418,12.451],[139.768980376,35.672058886,12.695],[139.768887112,35.671953962,12.822],[139.768736214,35.671829962,12.894],[139.768681711,35.671791471,12.915],[139.76867439,35.671786301,12.918]]}},{"type":"Feature","id":615,"properties":{"lane_id":615,"name":"Lane #593","role":1,"role_name":"Parking","speed_limit":40.0,"priority_offset":0.0,"oneway":"yes","length_m":812.0},"geometry":{"type":"LineString","coordinates":[[139.76864368,35.671767497,12.92],[139.768640566,35.671765804,12.92],[139.768534683,35.671708238,12.919],[139.768388567,35.67164697,12.881],[139.768199248,35.671589295,12.804],[139.767939184,35.671524242,12.642],[139.767651777,35.671454807,12.41],[139.767329649,35.671378766,12.205],[139.766947993,35.671288773,12.006],[139.766655859,35.671217996,11.934],[139.766301662,35.671133762,11.996],[139.76607044,35.671079319,12.158],[139.765881537,35.671030004,12.331],[139.765731943,35.670977619,12.456],[139.765591256,35.67090621,12.479],[139.765478444,35.67082938,12.433],[139.765386135,35.67074758,12.354],[139.765301176,35.670649678,12.276],[139.765238779,35.670551272,12.296],[139.765103872,35.670311355,12.369],[139.764938244,35.670013044,12.409],[139.76471334,35.669620059,12.477],[139.764472623,35.669190194,12.547],[139.764294847,35.668875242,12.583],[139.764110384,35.668545051,12.598],[139.763949943,35.668259166,12.583],[139.763767505,35.667941292,12.517],[139.763647639,35.667724631,12.442],[139.763530823,35.667496957,12.336],[139.763458129,35.66731336,12.243],[139.763429645,35.667162625,12.195],[139.763436689,35.667023659,12.282],[139.763479812,35.666924428,12.374],[139.7635471,35.666840216,12.466],[139.763616553,35.666783185,12.588],[139.763677501,35.666745403,12.742],[139.763684614,35.666740994,12.76]]}},{"type":"Feature","id":616,"properties":{"lane_id":616,"name":"Lane #594","role":1,"role_name":"Parking","speed_limit":40.0,"priority_offset":0.0,"oneway":"yes","length_m":147.3},"geometry":{"type":"LineString","coordinates":[[139.76370353,35.666731835,12.803],[139.763710629,35.666728542,12.82],[139.763788526,35.666692402,13.002],[139.764034966,35.666610041,13.156],[139.76462843,35.666410242,13.276],[139.765192828,35.666227112,13.373],[139.765205041,35.666223149,13.375]]}},{"type":"Feature","id":617,"properties":{"lane_id":617,"name":"Lane #595","role":2,"role_name":"Secondary","speed_limit":60.0,"priority_offset":0.0,"oneway":"yes","length_m":1021.5},"geometry":{"type":"LineString","coordinates":[[139.763691901,35.666734291,12.794],[139.763696939,35.666727288,12.825],[139.763717661,35.666698486,12.95],[139.763912109,35.666617235,13.131],[139.764208846,35.666515644,13.193],[139.764648255,35.666371747,13.28],[139.765178083,35.666197458,13.37],[139.765627407,35.666046754,13.426],[139.766016486,35.665914175,13.455],[139.766306532,35.665812378,13.461],[139.766537562,35.665719103,13.463],[139.766727039,35.665625776,13.483],[139.766875655,35.665528809,13.497],[139.76701593,35.665409506,13.505],[139.767106215,35.665315631,13.483],[139.767258489,35.665125415,13.375],[139.767398839,35.664910944,13.248],[139.767517159,35.664701069,13.117],[139.767619866,35.664512287,13.002],[139.767756172,35.664247698,12.822],[139.767830007,35.66408694,12.703],[139.767909193,35.663880052,12.575],[139.767975512,35.663607831,12.417],[139.768016108,35.66329826,12.325],[139.768048858,35.662997571,12.49],[139.768058009,35.662785819,12.511],[139.768046908,35.662690005,12.448],[139.768032328,35.66257976,12.338],[139.767994545,35.662464252,12.151],[139.767928701,35.662344506,11.866],[139.767830303,35.662217501,11.473],[139.767671973,35.662020434,10.986],[139.767551491,35.661869726,10.831],[139.767353995,35.661626068,10.672],[139.767162975,35.661393016,10.522],[139.766993061,35.66118082,10.382],[139.766847188,35.661002206,10.267],[139.766695578,35.660811956,10.14],[139.766506353,35.660578579,10.274],[139.766300075,35.660335601,10.973],[139.766216654,35.660246274,11.251],[139.766113623,35.660118567,11.614],[139.765977463,35.659952443,12.085],[139.76597221,35.659946033,12.103]]}},{"type":"Feature","id":618,"properties":{"lane_id":618,"name":"Lane #596","role":1,"role_name":"Parking","speed_limit":40.0,"priority_offset":0.0,"oneway":"yes","length_m":968.6},"geometry":{"type":"LineString","coordinates":[[139.765243121,35.66621192,13.38],[139.765254525,35.666208004,13.382],[139.765613567,35.666084713,13.426],[139.765972102,35.665962876,13.454],[139.766246445,35.665867478,13.463],[139.76650881,35.665768646,13.486],[139.766689466,35.665680596,13.524],[139.766807843,35.665614561,13.561],[139.766901969,35.665549258,13.583],[139.767025254,35.665449106,13.601],[139.767158016,35.665310091,13.567],[139.767294252,35.665136855,13.465],[139.767389994,35.664995397,13.382],[139.767526573,35.664758081,13.234],[139.767614408,35.664596526,13.134],[139.76772396,35.664388633,12.999],[139.767784575,35.66426748,12.912],[139.767854963,35.664120399,12.807],[139.767907278,35.663997561,12.731],[139.767950604,35.663867968,12.65],[139.767981849,35.663751192,12.58],[139.768008843,35.663628429,12.513],[139.768037516,35.663453219,12.43],[139.768060289,35.66322368,12.439],[139.768082622,35.663003423,12.569],[139.768095097,35.662843547,12.594],[139.768094315,35.662744614,12.548],[139.768077979,35.662611166,12.422],[139.768034521,35.662459287,12.184],[139.767987126,35.662364784,11.97],[139.767870111,35.662207373,11.487],[139.767729094,35.662035392,11.012],[139.767560699,35.661827591,10.765],[139.767411864,35.661644025,10.645],[139.767240379,35.661433269,10.509],[139.767015943,35.661154029,10.325],[139.766783252,35.660863903,10.134],[139.766566105,35.660593856,10.153],[139.766369509,35.66035244,10.803],[139.766245803,35.660201766,11.235],[139.766095368,35.660014722,11.765],[139.765989386,35.659880796,12.103],[139.765771151,35.659616601,11.366],[139.765588378,35.659390334,10.212],[139.765501789,35.659288165,9.758],[139.765441688,35.6592458,9.659],[139.765422767,35.659232463,9.628]]}},{"type":"Feature","id":619,"properties":{"lane_id":619,"name":"Lane #597","role":2,"role_name":"Secondary","speed_limit":60.0,"priority_offset":0.0,"oneway":"yes","length_m":85.6},"geometry":{"type":"LineString","coordinates":[[139.765962468,35.659918338,12.141],[139.765939857,35.659887844,12.129],[139.765861592,35.659782297,12.086],[139.765608447,35.659466805,10.568],[139.765454038,35.659275368,9.729],[139.765451114,35.659271742,9.713]]}},{"type":"Feature","id":620,"properties":{"lane_id":620,"name":"Lane #598","role":2,"role_name":"Secondary","speed_limit":60.0,"priority_offset":0.0,"oneway":"yes","length_m":624.2},"geometry":{"type":"LineString","coordinates":[[139.765404767,35.659212721,9.598],[139.765396949,35.659203003,9.592],[139.765278208,35.659055415,9.494],[139.765121229,35.658871222,9.417],[139.764997577,35.658727729,9.358],[139.764896331,35.658604229,9.303],[139.764770259,35.658452858,9.237],[139.764615564,35.658260278,9.146],[139.764484847,35.658099622,9.1],[139.764413286,35.658002106,9.098],[139.764343412,35.657899112,9.069],[139.76428602,35.657801008,9.053],[139.764246539,35.65771251,9.04],[139.76422026,35.657619442,9.014],[139.764208583,35.657522935,9.004],[139.764212273,35.65742334,9.131],[139.764228768,35.657341904,9.238],[139.764256117,35.657266346,9.325],[139.764291985,35.657184362,9.438],[139.764344386,35.657085631,9.581],[139.764395224,35.657005849,9.688],[139.764473939,35.656891437,9.773],[139.764570147,35.656753971,9.97],[139.76465125,35.656634032,10.203],[139.764704763,35.65654796,10.36],[139.764753359,35.656457002,10.516],[139.764791308,35.656372233,10.66],[139.7648257,35.656257637,10.678],[139.764848607,35.656150883,10.601],[139.764860728,35.656043704,10.516],[139.764867078,35.655876012,10.384],[139.764868469,35.655619577,10.222],[139.764870055,35.65530444,9.973],[139.764866473,35.654861741,9.757],[139.764867829,35.654194218,10.157],[139.764866054,35.654000826,10.174],[139.764866002,35.653995116,10.175]]}}]}