{"type":"FeatureCollection","attribution":"Copyright OpenStreetMap contributors, ODbL 1.0","bounds":{"south":35.425,"west":139.6,"north":35.705,"east":139.84},"features":[{"type":"Feature","id":4847506,"properties":{"osm_id":4847506,"highway":"motorway","oneway":"yes","name":"首都高速11号台場線","name_en":"Daiba Route","ref":"11","destination":"","maxspeed":"","bridge":"yes","tunnel":"","layer":"4"},"geometry":{"type":"LineString","coordinates":[[139.7578349,35.6438235],[139.7578419,35.6431298],[139.7578491,35.6417575],[139.7578642,35.6406666],[139.7578565,35.6398542],[139.7578551,35.6396098],[139.7578622,35.6394573],[139.7578734,35.6393228],[139.7578877,35.6392369],[139.7579045,35.6391582],[139.7579335,35.6390562],[139.757966,35.6389645],[139.7580079,35.6388687],[139.7580599,35.6387672],[139.7581094,35.6386844],[139.7581707,35.6385969],[139.7582349,35.6385161],[139.7583145,35.6384278],[139.7583996,35.6383454],[139.7584934,35.6382673],[139.7586032,35.6381889],[139.7587373,35.6381019],[139.7588851,35.63802],[139.7590461,35.6379472],[139.759191,35.6378839]]}},{"type":"Feature","id":4847507,"properties":{"osm_id":4847507,"highway":"motorway","oneway":"yes","name":"首都高速湾岸線","name_en":"Bayshore Route","ref":"B","destination":"","maxspeed":"80","bridge":"","tunnel":"","layer":"0"},"geometry":{"type":"LineString","coordinates":[[139.8013447,35.6402988],[139.8005495,35.6399135],[139.7992151,35.6392005],[139.7960644,35.6375013],[139.7908911,35.6346832]]}},{"type":"Feature","id":4847509,"properties":{"osm_id":4847509,"highway":"motorway_link","oneway":"yes","name":"","name_en":"","ref":"","destination":"","maxspeed":"","bridge":"yes","tunnel":"","layer":"3"},"geometry":{"type":"LineString","coordinates":[[139.7778603,35.6341745],[139.7776951,35.6343614],[139.7772552,35.6348551],[139.7770168,35.635121],[139.776902,35.6352429],[139.7767897,35.6353555],[139.7766417,35.6354717],[139.7764884,35.6355671],[139.7763225,35.6356566],[139.7761518,35.6357361],[139.7759727,35.6358049],[139.7757858,35.6358638],[139.7756092,35.6359097],[139.7754164,35.6359453],[139.7752196,35.63597],[139.7750112,35.6359834],[139.7748021,35.6359849],[139.7745889,35.6359783],[139.7743593,35.6359559],[139.7741426,35.6359255],[139.7739252,35.6358842],[139.7737074,35.6358342],[139.7734941,35.6357756],[139.7732874,35.6357094],[139.7730729,35.6356342],[139.7719342,35.6352332],[139.7715258,35.6351048],[139.7710289,35.6349646]]}},{"type":"Feature","id":4847519,"properties":{"osm_id":4847519,"highway":"motorway_link","oneway":"yes","name":"首都高速11号台場線","name_en":"Daiba Route","ref":"11","destination":"","maxspeed":"","bridge":"yes","tunnel":"","layer":"2"},"geometry":{"type":"LineString","coordinates":[[139.7580882,35.6484939],[139.7576876,35.6475613]]}},{"type":"Feature","id":4848740,"properties":{"osm_id":4848740,"highway":"motorway_link","oneway":"yes","name":"","name_en":"","ref":"","destination":"","maxspeed":"","bridge":"yes","tunnel":"","layer":"4"},"geometry":{"type":"LineString","coordinates":[[139.7577172,35.6429833],[139.7576408,35.6433644],[139.7576289,35.6437817]]}},{"type":"Feature","id":4848755,"properties":{"osm_id":4848755,"highway":"motorway_link","oneway":"yes","name":"","name_en":"","ref":"","destination":"","maxspeed":"","bridge":"yes","tunnel":"","layer":"2"},"geometry":{"type":"LineString","coordinates":[[139.778439,35.6334763],[139.7778603,35.6341745]]}},{"type":"Feature","id":4848756,"properties":{"osm_id":4848756,"highway":"motorway_link","oneway":"yes","name":"","name_en":"","ref":"","destination":"","maxspeed":"","bridge":"yes","tunnel":"","layer":"3"},"geometry":{"type":"LineString","coordinates":[[139.7712691,35.6353346],[139.7718761,35.6356003],[139.7722246,35.6357447],[139.7725704,35.6358792],[139.7728257,35.6359682],[139.7730817,35.6360517],[139.7733404,35.6361308],[139.7735944,35.6362022],[139.7737761,35.6362467],[139.7739434,35.6362848],[139.7741026,35.6363131],[139.7742839,35.63634],[139.774447,35.6363566],[139.7746317,35.6363705],[139.7747968,35.6363797],[139.7749678,35.6363889],[139.7751048,35.6363892],[139.7752518,35.6363819],[139.7754018,35.6363678],[139.775533,35.6363466],[139.775651,35.6363217],[139.7757826,35.6362911],[139.775917,35.6362536],[139.7760424,35.6362122],[139.7761704,35.6361629],[139.7762951,35.636109],[139.7764132,35.6360492],[139.776534,35.6359828],[139.7766494,35.6359128],[139.7767682,35.6358271]]}},{"type":"Feature","id":4848757,"properties":{"osm_id":4848757,"highway":"motorway_link","oneway":"yes","name":"首都高速11号台場線","name_en":"Daiba Route","ref":"11","destination":"","maxspeed":"","bridge":"","tunnel":"","layer":"0"},"geometry":{"type":"LineString","coordinates":[[139.7771064,35.6274104],[139.7775604,35.6277093],[139.7785531,35.628309],[139.7795468,35.6288485],[139.7801,35.6291454]]}},{"type":"Feature","id":4848758,"properties":{"osm_id":4848758,"highway":"motorway_link","oneway":"yes","name":"首都高速湾岸線","name_en":"Bayshore Route","ref":"11","destination":"","maxspeed":"","bridge":"yes","tunnel":"","layer":"2"},"geometry":{"type":"LineString","coordinates":[[139.7815555,35.6335737],[139.7821104,35.6329815],[139.7830171,35.6321405],[139.7831257,35.6320377],[139.7832143,35.631941],[139.7832868,35.631853],[139.7833442,35.6317729],[139.783401,35.6316811],[139.7834432,35.6315925],[139.7834777,35.6314959],[139.7834997,35.6314161],[139.7835177,35.6313287],[139.783522,35.631235],[139.7835207,35.6311419],[139.78351,35.6310466],[139.7834884,35.6309492],[139.7834587,35.6308631],[139.7834143,35.6307728],[139.7833552,35.6306803],[139.7832957,35.6305971],[139.7832235,35.6305147],[139.7831379,35.6304334],[139.7830574,35.630366],[139.7829608,35.6302931],[139.7828549,35.6302261],[139.7827167,35.6301461],[139.7819061,35.6297073],[139.7803322,35.628853]]}},{"type":"Feature","id":4848761,"properties":{"osm_id":4848761,"highway":"motorway","oneway":"yes","name":"首都高速1号羽田線","name_en":"Shuto Expressway Route 1 Haneda Line","ref":"1","destination":"","maxspeed":"60","bridge":"yes","tunnel":"","layer":"2"},"geometry":{"type":"LineString","coordinates":[[139.7502799,35.62995],[139.7505557,35.6333749],[139.7505777,35.6335783],[139.7506112,35.6337633],[139.7506514,35.6339096],[139.7507037,35.6340759],[139.7507619,35.6342227],[139.7516788,35.6360942],[139.7521356,35.6369828],[139.7526987,35.6381025],[139.7533636,35.6394082],[139.754088,35.6407985],[139.7549339,35.6425086],[139.7553349,35.6432466],[139.755726,35.6439996],[139.7566724,35.6459257]]}},{"type":"Feature","id":4848762,"properties":{"osm_id":4848762,"highway":"motorway","oneway":"yes","name":"首都高速1号羽田線","name_en":"Shuto Expressway Route 1 Haneda Line","ref":"","destination":"","maxspeed":"40","bridge":"yes","tunnel":"","layer":"3"},"geometry":{"type":"LineString","coordinates":[[139.7573991,35.6528795],[139.7577326,35.6528507],[139.7582716,35.6528064],[139.7584458,35.6527878],[139.7586093,35.6527632],[139.7587661,35.6527301],[139.7589032,35.652691],[139.7589969,35.6526607],[139.7590783,35.652627],[139.7591583,35.6525881],[139.7592444,35.6525416],[139.7593141,35.6524968],[139.7593718,35.6524536],[139.759427,35.6524027],[139.7594663,35.6523588],[139.7594986,35.652318],[139.7595316,35.6522723],[139.7595589,35.6522284],[139.7595894,35.6521696],[139.7596166,35.6521039],[139.7596374,35.6520417],[139.7596567,35.6519659],[139.7596696,35.6518899],[139.7596766,35.651809],[139.7596783,35.6517165],[139.7596734,35.6516446],[139.7596583,35.6515481],[139.7596376,35.6514661],[139.7595996,35.6513503],[139.7595812,35.651305],[139.7595362,35.6511993],[139.7594725,35.6510641],[139.7589153,35.6499668]]}},{"type":"Feature","id":4848872,"properties":{"osm_id":4848872,"highway":"motorway_link","oneway":"yes","name":"","name_en":"","ref":"","destination":"","maxspeed":"","bridge":"","tunnel":"","layer":"0"},"geometry":{"type":"LineString","coordinates":[[139.754096,35.6409286],[139.7543914,35.6412902]]}},{"type":"Feature","id":4848875,"properties":{"osm_id":4848875,"highway":"motorway","oneway":"yes","name":"首都高速都心環状線","name_en":"Circle 1","ref":"C1","destination":"","maxspeed":"50","bridge":"","tunnel":"","layer":"0"},"geometry":{"type":"LineString","coordinates":[[139.76461,35.6641349],[139.7647212,35.6642191],[139.7648601,35.664343],[139.7649749,35.6644538],[139.7651008,35.6645861],[139.7652527,35.6647543],[139.7656047,35.6651663],[139.7657165,35.6652876],[139.7658195,35.6653827],[139.7664684,35.6659002],[139.7667657,35.6661348],[139.7672019,35.666479],[139.7673107,35.6665773]]}},{"type":"Feature","id":4848878,"properties":{"osm_id":4848878,"highway":"motorway","oneway":"yes","name":"首都高速都心環状線","name_en":"Circle 1","ref":"C1","destination":"","maxspeed":"","bridge":"yes","tunnel":"","layer":"3"},"geometry":{"type":"LineString","coordinates":[[139.7573991,35.6528795],[139.758998,35.65286],[139.7591181,35.6528632],[139.7592133,35.6528705],[139.7592903,35.6528813],[139.7593643,35.6528943],[139.7594373,35.6529124],[139.7595006,35.6529324]]}},{"type":"Feature","id":4848883,"properties":{"osm_id":4848883,"highway":"motorway","oneway":"yes","name":"首都高速都心環状線(第2通行帯)","name_en":"Circle 1","ref":"C1","destination":"","maxspeed":"","bridge":"","tunnel":"","layer":"0"},"geometry":{"type":"LineString","coordinates":[[139.7714804,35.6707807],[139.7712699,35.670595]]}},{"type":"Feature","id":4848885,"properties":{"osm_id":4848885,"highway":"motorway_link","oneway":"yes","name":"","name_en":"","ref":"","destination":"","maxspeed":"","bridge":"yes","tunnel":"","layer":"2"},"geometry":{"type":"LineString","coordinates":[[139.7545699,35.6414479],[139.7541484,35.6407593],[139.7534297,35.6393734]]}},{"type":"Feature","id":4848889,"properties":{"osm_id":4848889,"highway":"motorway_link","oneway":"yes","name":"","name_en":"","ref":"","destination":"","maxspeed":"","bridge":"yes","tunnel":"","layer":"4"},"geometry":{"type":"LineString","coordinates":[[139.7686834,35.6349354],[139.7689456,35.6349166],[139.7690722,35.6349108],[139.7691961,35.6349084],[139.7693397,35.6349057],[139.7694807,35.634906],[139.769621,35.6349117],[139.7697617,35.6349214],[139.7699228,35.6349407],[139.7700804,35.6349659],[139.7702467,35.6350003],[139.7704354,35.6350472],[139.7705994,35.6350936],[139.7707522,35.6351395],[139.7709402,35.6352024],[139.7711168,35.6352691],[139.7712691,35.6353346]]}},{"type":"Feature","id":4848898,"properties":{"osm_id":4848898,"highway":"motorway_link","oneway":"yes","name":"首都高速都心環状線","name_en":"Circle 1","ref":"C1","destination":"","maxspeed":"","bridge":"yes","tunnel":"","layer":"3"},"geometry":{"type":"LineString","coordinates":[[139.7368775,35.6656398],[139.7371672,35.6657757],[139.7374953,35.6659214],[139.7376008,35.6659582],[139.737707,35.6659891],[139.7378045,35.6660095],[139.7379095,35.6660211],[139.7380389,35.6660244],[139.7381591,35.666021],[139.7382522,35.6660095],[139.7383445,35.6659884],[139.7384209,35.6659645],[139.7384848,35.6659388],[139.7385524,35.6659021],[139.7386129,35.665861],[139.7386706,35.6658117],[139.7387181,35.6657584],[139.7387465,35.6657145],[139.7387776,35.6656571],[139.7388017,35.6656048],[139.7388199,35.6655511],[139.7388319,35.6655023],[139.7388423,35.6654436],[139.738847,35.6653731],[139.7388458,35.6653176],[139.7388128,35.6649649]]}},{"type":"Feature","id":4848904,"properties":{"osm_id":4848904,"highway":"motorway_link","oneway":"yes","name":"","name_en":"","ref":"","destination":"","maxspeed":"","bridge":"yes","tunnel":"","layer":"1"},"geometry":{"type":"LineString","coordinates":[[139.7525476,35.6376241],[139.753187,35.6388884]]}},{"type":"Feature","id":4848906,"properties":{"osm_id":4848906,"highway":"motorway","oneway":"yes","name":"首都高速都心環状線","name_en":"Shuto Expressway Inner Circular Route","ref":"C1","destination":"","maxspeed":"","bridge":"","tunnel":"yes","layer":"-2"},"geometry":{"type":"LineString","coordinates":[[139.7623315,35.6629035],[139.7624557,35.66306],[139.7625317,35.6631489],[139.7626144,35.6632345],[139.7627026,35.663319],[139.7627934,35.6633931],[139.7628923,35.6634596],[139.7630093,35.6635239],[139.7631262,35.6635773],[139.7632566,35.6636286],[139.7633689,35.663664],[139.7635007,35.6636987],[139.7638721,35.6637978],[139.7640307,35.6638481],[139.7641638,35.6638963],[139.7642975,35.6639531],[139.7644139,35.6640132],[139.7644898,35.6640578],[139.76461,35.6641349]]}},{"type":"Feature","id":4848922,"properties":{"osm_id":4848922,"highway":"motorway_link","oneway":"yes","name":"銀座入口","name_en":"","ref":"","destination":"","maxspeed":"","bridge":"","tunnel":"","layer":"0"},"geometry":{"type":"LineString","coordinates":[[139.767957,35.6669496],[139.7679127,35.6669281],[139.7677996,35.6667582],[139.7675413,35.6665101],[139.7670657,35.6661514]]}},{"type":"Feature","id":4848923,"properties":{"osm_id":4848923,"highway":"motorway_link","oneway":"yes","name":"","name_en":"","ref":"","destination":"","maxspeed":"","bridge":"","tunnel":"","layer":"0"},"geometry":{"type":"LineString","coordinates":[[139.7674809,35.6668783],[139.7674724,35.6669893],[139.7674738,35.6670797],[139.7674752,35.6671655],[139.7674862,35.6673112],[139.7675075,35.667439],[139.7675397,35.6675516],[139.7675777,35.6676441],[139.7676235,35.6677298],[139.7676801,35.6678013]]}},{"type":"Feature","id":4848933,"properties":{"osm_id":4848933,"highway":"motorway","oneway":"yes","name":"首都高速都心環状線","name_en":"Circle 1","ref":"C1","destination":"","maxspeed":"","bridge":"","tunnel":"","layer":"0"},"geometry":{"type":"LineString","coordinates":[[139.7673107,35.6665773],[139.7673538,35.6666258],[139.767395,35.666681],[139.7674254,35.6667306],[139.7674457,35.666776],[139.767466,35.6668278],[139.7674809,35.6668783],[139.7675035,35.6669953],[139.7675365,35.6672343],[139.7675556,35.6673273],[139.7675854,35.6674351],[139.7676207,35.667523],[139.7676674,35.6676095],[139.7677166,35.6676854],[139.7677725,35.6677592],[139.767841,35.6678335],[139.7679258,35.6679129],[139.7680769,35.6680544],[139.7682146,35.6681774]]}},{"type":"Feature","id":4848934,"properties":{"osm_id":4848934,"highway":"motorway","oneway":"yes","name":"首都高速都心環状線","name_en":"Circle 1","ref":"C1","destination":"","maxspeed":"","bridge":"","tunnel":"","layer":"0"},"geometry":{"type":"LineString","coordinates":[[139.7673903,35.6665351],[139.7673244,35.6664741],[139.7672463,35.6664079],[139.7663878,35.6657435],[139.7658846,35.6653437],[139.7657787,35.6652411],[139.7656753,35.665126],[139.7653422,35.6647279],[139.765173,35.6645423],[139.7650642,35.6644247],[139.7649597,35.6643197],[139.7648529,35.664219],[139.7647556,35.6641418],[139.7646652,35.6640779]]}},{"type":"Feature","id":4848935,"properties":{"osm_id":4848935,"highway":"motorway_link","oneway":"yes","name":"首都高速都心環状線(第1通行帯)","name_en":"","ref":"","destination":"","maxspeed":"","bridge":"","tunnel":"","layer":"0"},"geometry":{"type":"LineString","coordinates":[[139.7714804,35.6707807],[139.7713004,35.6705718]]}},{"type":"Feature","id":4848936,"properties":{"osm_id":4848936,"highway":"motorway_link","oneway":"yes","name":"銀座入口","name_en":"","ref":"","destination":"","maxspeed":"","bridge":"","tunnel":"","layer":"0"},"geometry":{"type":"LineString","coordinates":[[139.7697399,35.6696652],[139.7698766,35.6697],[139.7699874,35.669753],[139.7701744,35.6699022],[139.7706329,35.6702685]]}},{"type":"Feature","id":4848937,"properties":{"osm_id":4848937,"highway":"motorway","oneway":"yes","name":"首都高速都心環状線","name_en":"Circle 1","ref":"C1","destination":"","maxspeed":"50","bridge":"","tunnel":"","layer":"0"},"geometry":{"type":"LineString","coordinates":[[139.7717151,35.6712636],[139.7718173,35.6714124],[139.7718692,35.6714998],[139.771913,35.6715878]]}},{"type":"Feature","id":4848938,"properties":{"osm_id":4848938,"highway":"motorway","oneway":"yes","name":"首都高速都心環状線","name_en":"Circle 1","ref":"C1","destination":"","maxspeed":"50","bridge":"","tunnel":"","layer":"0"},"geometry":{"type":"LineString","coordinates":[[139.7724462,35.6731514],[139.7725103,35.6733172],[139.7725463,35.6734346],[139.7725734,35.6735468],[139.7725907,35.6736763],[139.772597,35.6738017],[139.7726151,35.6742122],[139.772623,35.6743126],[139.772639,35.6744146],[139.7726594,35.6745029],[139.7726814,35.674565],[139.7727027,35.6746156],[139.772734,35.6746786],[139.7727769,35.674756]]}},{"type":"Feature","id":4848939,"properties":{"osm_id":4848939,"highway":"motorway","oneway":"yes","name":"首都高速都心環状線","name_en":"Circle 1","ref":"C1","destination":"","maxspeed":"","bridge":"","tunnel":"","layer":"0"},"geometry":{"type":"LineString","coordinates":[[139.7726105,35.6731703],[139.7725399,35.6729253],[139.7723389,35.672298],[139.7722359,35.6719894],[139.7721619,35.6718121],[139.772082,35.6716522],[139.7719975,35.6715036],[139.7719261,35.6713756],[139.7717901,35.6711666],[139.7715965,35.6709132]]}},{"type":"Feature","id":4848940,"properties":{"osm_id":4848940,"highway":"motorway","oneway":"yes","name":"首都高速都心環状線","name_en":"Circle 1","ref":"C1","destination":"","maxspeed":"50","bridge":"","tunnel":"","layer":"0"},"geometry":{"type":"LineString","coordinates":[[139.7762439,35.6801298],[139.7750208,35.6781008]]}},{"type":"Feature","id":4848941,"properties":{"osm_id":4848941,"highway":"motorway_link","oneway":"yes","name":"新富町出口","name_en":"","ref":"","destination":"","maxspeed":"30","bridge":"","tunnel":"yes","layer":"-1"},"geometry":{"type":"LineString","coordinates":[[139.7708949,35.6703692],[139.7712228,35.6706283]]}},{"type":"Feature","id":4848942,"properties":{"osm_id":4848942,"highway":"motorway_link","oneway":"yes","name":"新富町出口","name_en":"","ref":"","destination":"","maxspeed":"","bridge":"","tunnel":"","layer":"0"},"geometry":{"type":"LineString","coordinates":[[139.7722359,35.6719894],[139.7721124,35.6715035],[139.7721054,35.6714542],[139.7721064,35.6714011],[139.7721076,35.6713951],[139.7721157,35.6713527],[139.7721344,35.6713007],[139.7721625,35.6712491],[139.7721749,35.6712346],[139.7722007,35.6712046],[139.7722494,35.6711643],[139.7723101,35.6711304],[139.7734499,35.6706365],[139.7738136,35.6704685]]}},{"type":"Feature","id":4849052,"properties":{"osm_id":4849052,"highway":"motorway_link","oneway":"yes","name":"","name_en":"","ref":"","destination":"","maxspeed":"40","bridge":"","tunnel":"","layer":"0"},"geometry":{"type":"LineString","coordinates":[[139.7725015,35.6737562],[139.7725132,35.6742535],[139.7725308,35.6744797],[139.7725601,35.6745684],[139.7726558,35.6747466],[139.7726633,35.6747996],[139.7726388,35.6748787],[139.772614,35.6749104],[139.7725779,35.6749564],[139.7724842,35.6750295]]}},{"type":"Feature","id":4849055,"properties":{"osm_id":4849055,"highway":"motorway_link","oneway":"yes","name":"首都高速都心環状線","name_en":"Inner Circular Route","ref":"","destination":"","maxspeed":"","bridge":"","tunnel":"","layer":"0"},"geometry":{"type":"LineString","coordinates":[[139.7744963,35.6772111],[139.7741121,35.6766809]]}},{"type":"Feature","id":4849057,"properties":{"osm_id":4849057,"highway":"motorway_link","oneway":"yes","name":"","name_en":"","ref":"","destination":"","maxspeed":"","bridge":"yes","tunnel":"","layer":"2"},"geometry":{"type":"LineString","coordinates":[[139.7714517,35.6741521],[139.7708874,35.6743288]]}},{"type":"Feature","id":4853033,"properties":{"osm_id":4853033,"highway":"motorway","oneway":"yes","name":"首都高速湾岸線","name_en":"Bayshore Route","ref":"B","destination":"","maxspeed":"70","bridge":"","tunnel":"","layer":"0"},"geometry":{"type":"LineString","coordinates":[[139.7691206,35.6220839],[139.7695328,35.6223976]]}},{"type":"Feature","id":4853042,"properties":{"osm_id":4853042,"highway":"motorway","oneway":"yes","name":"首都高速湾岸線","name_en":"Bayshore Route","ref":"B","destination":"","maxspeed":"80","bridge":"","tunnel":"","layer":"0"},"geometry":{"type":"LineString","coordinates":[[139.7818355,35.6297895],[139.7802645,35.6289328]]}},{"type":"Feature","id":4853044,"properties":{"osm_id":4853044,"highway":"motorway_link","oneway":"yes","name":"","name_en":"","ref":"","destination":"","maxspeed":"","bridge":"","tunnel":"","layer":"0"},"geometry":{"type":"LineString","coordinates":[[139.7695328,35.6223976],[139.7705027,35.6232198],[139.7707735,35.6234535],[139.7709928,35.6236475],[139.7712059,35.6238214],[139.7714056,35.6239779],[139.7718157,35.6242865],[139.7722626,35.624635]]}},{"type":"Feature","id":4853045,"properties":{"osm_id":4853045,"highway":"motorway","oneway":"yes","name":"首都高速湾岸線","name_en":"Bayshore Route","ref":"B","destination":"","maxspeed":"70","bridge":"","tunnel":"","layer":"0"},"geometry":{"type":"LineString","coordinates":[[139.7585866,35.6137869],[139.7581539,35.6134475],[139.7577128,35.6130837]]}},{"type":"Feature","id":4853046,"properties":{"osm_id":4853046,"highway":"motorway","oneway":"yes","name":"首都高速湾岸線","name_en":"Bayshore Route","ref":"B","destination":"","maxspeed":"70","bridge":"","tunnel":"","layer":"0"},"geometry":{"type":"LineString","coordinates":[[139.7552415,35.603831],[139.755248,35.6082457],[139.7552711,35.6088566],[139.7552939,35.6092048],[139.7553207,35.6095134],[139.7553756,35.6098723],[139.7554329,35.6101757],[139.755526,35.610481],[139.7556373,35.6107684],[139.7557529,35.611027],[139.755898,35.6113268],[139.7560453,35.6115627],[139.7562433,35.6118394],[139.7564197,35.6120632],[139.7566628,35.6123439],[139.756918,35.6126016],[139.7572052,35.6128723],[139.7575474,35.6131669],[139.7579732,35.6135258]]}},{"type":"Feature","id":4853666,"properties":{"osm_id":4853666,"highway":"motorway_link","oneway":"yes","name":"","name_en":"","ref":"","destination":"","maxspeed":"","bridge":"yes","tunnel":"","layer":"2"},"geometry":{"type":"LineString","coordinates":[[139.7522253,35.6370081],[139.7517603,35.6360734],[139.7512912,35.6350664]]}},{"type":"Feature","id":4853797,"properties":{"osm_id":4853797,"highway":"motorway_link","oneway":"yes","name":"","name_en":"","ref":"","destination":"","maxspeed":"","bridge":"","tunnel":"","layer":"0"},"geometry":{"type":"LineString","coordinates":[[139.749818,35.6535],[139.7498313,35.6534658],[139.7498472,35.6534434],[139.7498758,35.6534254],[139.749928,35.6534111]]}},{"type":"Feature","id":4853798,"properties":{"osm_id":4853798,"highway":"motorway_link","oneway":"yes","name":"芝公園出口","name_en":"","ref":"","destination":"","maxspeed":"","bridge":"yes","tunnel":"","layer":"2"},"geometry":{"type":"LineString","coordinates":[[139.7499173,35.6531722],[139.749789,35.6531113],[139.7496633,35.6530611],[139.7495372,35.6530239],[139.7494289,35.6529999],[139.7493211,35.6529825],[139.7491552,35.6529737],[139.748995,35.6529733],[139.7488157,35.6529814],[139.7486034,35.6530003]]}},{"type":"Feature","id":4853799,"properties":{"osm_id":4853799,"highway":"motorway_link","oneway":"yes","name":"芝公園出口","name_en":"","ref":"","destination":"","maxspeed":"","bridge":"yes","tunnel":"","layer":"2"},"geometry":{"type":"LineString","coordinates":[[139.7459029,35.6544714],[139.7459929,35.6544203],[139.7461504,35.6543117],[139.7462555,35.654224],[139.7466236,35.6538576]]}},{"type":"Feature","id":4853800,"properties":{"osm_id":4853800,"highway":"motorway","oneway":"yes","name":"首都高速都心環状線","name_en":"Circle 1","ref":"C1","destination":"","maxspeed":"","bridge":"yes","tunnel":"","layer":"2"},"geometry":{"type":"LineString","coordinates":[[139.7595726,35.6528007],[139.7594885,35.6527713],[139.7594047,35.6527481],[139.7593213,35.6527293],[139.7592338,35.6527155],[139.7591361,35.6527061],[139.7590126,35.6526991],[139.7588529,35.6526979],[139.7586527,35.6527058],[139.7584635,35.6527187],[139.7571667,35.6528251]]}},{"type":"Feature","id":4853801,"properties":{"osm_id":4853801,"highway":"motorway_link","oneway":"yes","name":"芝公園入口","name_en":"","ref":"","destination":"","maxspeed":"","bridge":"","tunnel":"","layer":"0"},"geometry":{"type":"LineString","coordinates":[[139.7443549,35.6549232],[139.7443237,35.6548595],[139.7442969,35.6548422]]}},{"type":"Feature","id":4853802,"properties":{"osm_id":4853802,"highway":"motorway","oneway":"yes","name":"首都高速2号目黒線","name_en":"Route 2 Meguro Line","ref":"","destination":"","maxspeed":"","bridge":"yes","tunnel":"","layer":"3"},"geometry":{"type":"LineString","coordinates":[[139.7374026,35.6536705],[139.7375174,35.6543325],[139.7375584,35.6545745],[139.7375834,35.6547747],[139.7375935,35.6549554],[139.7375911,35.6550877],[139.7375809,35.6552163],[139.7375561,35.6553613],[139.7375256,35.6554663],[139.7374835,35.6555757],[139.7374293,35.6556938],[139.7373692,35.6558146]]}},{"type":"Feature","id":4853804,"properties":{"osm_id":4853804,"highway":"motorway_link","oneway":"yes","name":"首都高速2号目黒線","name_en":"Route 2 Meguro Line","ref":"","destination":"","maxspeed":"","bridge":"yes","tunnel":"","layer":"3"},"geometry":{"type":"LineString","coordinates":[[139.7374026,35.6536705],[139.7375979,35.6545543],[139.7376288,35.6546768],[139.7376671,35.6548008],[139.737705,35.6548949],[139.7377736,35.6550103],[139.7378627,35.6551254],[139.7379691,35.6552291],[139.7381005,35.6553266],[139.7382267,35.6554015],[139.7383598,35.6554573],[139.7385078,35.6554998],[139.7386544,35.6555265],[139.7388061,35.655542],[139.7389796,35.6555486],[139.7391667,35.6555454],[139.7393407,35.6555335],[139.7401292,35.6554612]]}},{"type":"Feature","id":4853805,"properties":{"osm_id":4853805,"highway":"motorway_link","oneway":"yes","name":"首都高速2号目黒線","name_en":"Route 2 Meguro Line","ref":"","destination":"","maxspeed":"40","bridge":"yes","tunnel":"","layer":"2"},"geometry":{"type":"LineString","coordinates":[[139.7401234,35.6554289],[139.7393424,35.6555059],[139.7391649,35.6555204],[139.7389738,35.6555251],[139.7388192,35.6555201],[139.7386599,35.6555044],[139.7385178,35.6554771],[139.7383754,35.655437],[139.7382435,35.6553814],[139.7381166,35.6553064],[139.7380357,35.6552466],[139.7379945,35.6552161],[139.7378858,35.6551072],[139.7378001,35.6549972],[139.7377694,35.6549446],[139.7377305,35.6548778],[139.7376891,35.6547767],[139.7376557,35.654642],[139.7375234,35.6540519]]}},{"type":"Feature","id":4854085,"properties":{"osm_id":4854085,"highway":"motorway","oneway":"yes","name":"首都高速湾岸線","name_en":"Bayshore Route","ref":"B","destination":"","maxspeed":"70","bridge":"","tunnel":"yes","layer":"-1"},"geometry":{"type":"LineString","coordinates":[[139.7584593,35.613902],[139.7691206,35.6220839]]}},{"type":"Feature","id":4854086,"properties":{"osm_id":4854086,"highway":"motorway","oneway":"yes","name":"首都高速湾岸線","name_en":"Bayshore Route","ref":"B","destination":"","maxspeed":"70","bridge":"","tunnel":"yes","layer":"-1"},"geometry":{"type":"LineString","coordinates":[[139.7692771,35.6219589],[139.7585866,35.6137869]]}},{"type":"Feature","id":4854087,"properties":{"osm_id":4854087,"highway":"motorway_link","oneway":"yes","name":"","name_en":"","ref":"","destination":"","maxspeed":"","bridge":"","tunnel":"","layer":"0"},"geometry":{"type":"LineString","coordinates":[[139.7577128,35.6130837],[139.7575051,35.6128207],[139.7572498,35.612578],[139.7570205,35.6123332],[139.7567437,35.6120213],[139.7565657,35.6118021],[139.7563438,35.611468],[139.7562108,35.6112304],[139.7560946,35.6109945],[139.7560042,35.6107535],[139.755931,35.6105128],[139.7558807,35.6101457],[139.7558715,35.6100356],[139.7558785,35.6099869]]}},{"type":"Feature","id":4854089,"properties":{"osm_id":4854089,"highway":"motorway_link","oneway":"yes","name":"","name_en":"","ref":"","destination":"","maxspeed":"","bridge":"","tunnel":"","layer":"0"},"geometry":{"type":"LineString","coordinates":[[139.7554521,35.6108983],[139.7557894,35.6115211],[139.7558958,35.6116684],[139.7564526,35.6123096],[139.7567589,35.6126056],[139.7572869,35.6130546],[139.7579732,35.6135258]]}},{"type":"Feature","id":4854098,"properties":{"osm_id":4854098,"highway":"motorway_link","oneway":"yes","name":"","name_en":"","ref":"","destination":"","maxspeed":"","bridge":"","tunnel":"","layer":"0"},"geometry":{"type":"LineString","coordinates":[[139.7557543,35.6105939],[139.7557095,35.6104185],[139.75567,35.6102168],[139.7556446,35.6100536],[139.7556184,35.6098887],[139.755599,35.6097075],[139.755589,35.6095059],[139.7555824,35.6092792]]}},{"type":"Feature","id":4854099,"properties":{"osm_id":4854099,"highway":"motorway_link","oneway":"yes","name":"首都高速中央環状線","name_en":"Central Circular Route","ref":"","destination":"","maxspeed":"","bridge":"","tunnel":"","layer":"2"},"geometry":{"type":"LineString","coordinates":[[139.7552349,35.5982388],[139.7552097,35.599769],[139.7552099,35.6002535],[139.7552045,35.6010844],[139.7551966,35.6013395]]}},{"type":"Feature","id":4854100,"properties":{"osm_id":4854100,"highway":"motorway_link","oneway":"yes","name":"首都高速湾岸線","name_en":"Bayshore Route","ref":"C2","destination":"","maxspeed":"","bridge":"","tunnel":"","layer":"1"},"geometry":{"type":"LineString","coordinates":[[139.7556058,35.6014718],[139.75563,35.6006266],[139.7556125,35.6002526],[139.7555923,35.5999854],[139.7555789,35.5997433],[139.7555615,35.5994728],[139.7555105,35.5990147],[139.755477,35.5987583]]}},{"type":"Feature","id":4854104,"properties":{"osm_id":4854104,"highway":"motorway","oneway":"yes","name":"首都高速1号羽田線","name_en":"Shuto Expressway Route 1 Haneda Line","ref":"1","destination":"","maxspeed":"","bridge":"yes","tunnel":"","layer":"2"},"geometry":{"type":"LineString","coordinates":[[139.7482561,35.602809],[139.7481654,35.6027253],[139.7479679,35.6025629],[139.7468526,35.6017125],[139.7462404,35.6012334],[139.7449746,35.6002686],[139.7445917,35.5999727],[139.7444141,35.5998455],[139.7442332,35.5997306],[139.7437466,35.5994465],[139.7435759,35.5993365],[139.7434393,35.5992332],[139.743323,35.5991298],[139.7432359,35.599039],[139.7431542,35.598943],[139.7430935,35.5988589],[139.743024,35.5987495],[139.7429696,35.5986477],[139.7429213,35.5985358],[139.742876,35.598402],[139.7426691,35.5976966],[139.7425031,35.5970394],[139.742245,35.5961235],[139.7421846,35.5959411],[139.7421425,35.5958417],[139.7420909,35.5957355],[139.7419235,35.5954268],[139.7415849,35.5948143],[139.7414258,35.5945086],[139.7411181,35.5940017],[139.7403602,35.5928886],[139.7394999,35.5917387],[139.7392112,35.5913655],[139.7390105,35.5911059],[139.7389111,35.5909707],[139.7388392,35.5908507],[139.7387703,35.5907088],[139.7387234,35.590587],[139.738695,35.5904971],[139.7386761,35.5904179],[139.7386613,35.5903259],[139.7386529,35.5902215],[139.7386487,35.5900903],[139.7386583,35.5899644],[139.7386773,35.5898478],[139.7387103,35.5897206],[139.7387488,35.5896092],[139.7387943,35.589509],[139.7388525,35.5894049],[139.7389227,35.5892961],[139.7389958,35.5892013],[139.7390772,35.5891083],[139.7391703,35.5890159],[139.7392666,35.5889284],[139.7408452,35.5876035]]}},{"type":"Feature","id":4854106,"properties":{"osm_id":4854106,"highway":"motorway","oneway":"yes","name":"首都高速1号羽田線","name_en":"Shuto Expressway Route 1 Haneda Line","ref":"1","destination":"","maxspeed":"60","bridge":"yes","tunnel":"","layer":"1"},"geometry":{"type":"LineString","coordinates":[[139.7516385,35.6208926],[139.7511887,35.6216129],[139.7506144,35.6224833],[139.7500981,35.6232605],[139.7500265,35.6233731],[139.7499615,35.6234965],[139.7499078,35.6236125],[139.7498662,35.6237206],[139.7498336,35.6238419],[139.7498096,35.6239748],[139.7498031,35.6240896],[139.7498065,35.6242136],[139.7498141,35.6243478],[139.7498944,35.6253096],[139.7502799,35.62995]]}},{"type":"Feature","id":4854107,"properties":{"osm_id":4854107,"highway":"motorway","oneway":"yes","name":"首都高速1号羽田線","name_en":"Shuto Expressway Route 1 Haneda Line","ref":"1","destination":"","maxspeed":"60","bridge":"yes","tunnel":"","layer":"1"},"geometry":{"type":"LineString","coordinates":[[139.7503655,35.629945],[139.7499749,35.6253013],[139.7499032,35.6243431],[139.7498974,35.6242093],[139.7498986,35.6240912],[139.749907,35.6239725],[139.7499259,35.6238591],[139.7499575,35.6237417],[139.7499966,35.6236369],[139.7500479,35.6235231],[139.750107,35.6234095],[139.7501766,35.6232896],[139.7504499,35.622873],[139.7506891,35.6225082],[139.7512639,35.6216439],[139.7517267,35.6209209]]}},{"type":"Feature","id":4854228,"properties":{"osm_id":4854228,"highway":"motorway_link","oneway":"yes","name":"","name_en":"","ref":"","destination":"","maxspeed":"","bridge":"","tunnel":"","layer":"0"},"geometry":{"type":"LineString","coordinates":[[139.7951276,35.6375426],[139.7956735,35.6377897],[139.7963331,35.6380806],[139.7974177,35.6385634],[139.7978618,35.6387989],[139.7981425,35.6389477],[139.7985685,35.6391569],[139.7991491,35.639417],[139.8002408,35.6399675],[139.8004593,35.6400492]]}},{"type":"Feature","id":4854229,"properties":{"osm_id":4854229,"highway":"motorway_link","oneway":"yes","name":"","name_en":"","ref":"","destination":"","maxspeed":"","bridge":"","tunnel":"","layer":"0"},"geometry":{"type":"LineString","coordinates":[[139.8005495,35.6399135],[139.7992578,35.6391496],[139.7968505,35.6378051],[139.7963336,35.6374743],[139.7957661,35.637114],[139.7956749,35.637061],[139.794401,35.6363641],[139.7941056,35.6361987],[139.7930186,35.6356058],[139.7928825,35.6354978]]}},{"type":"Feature","id":4854234,"properties":{"osm_id":4854234,"highway":"motorway_link","oneway":"yes","name":"首都高速9号深川線","name_en":"Fukagawa Route","ref":"9","destination":"","maxspeed":"","bridge":"yes","tunnel":"","layer":"2"},"geometry":{"type":"LineString","coordinates":[[139.8043746,35.6416556],[139.8046783,35.6418191],[139.8055427,35.6421249],[139.807114,35.6426944]]}},{"type":"Feature","id":4854235,"properties":{"osm_id":4854235,"highway":"motorway_link","oneway":"yes","name":"首都高速湾岸線","name_en":"Bayshore Route","ref":"B","destination":"横浜;羽田;レインボーブリッジ","maxspeed":"60","bridge":"yes","tunnel":"","layer":"2"},"geometry":{"type":"LineString","coordinates":[[139.8124101,35.6471785],[139.8125962,35.6458425],[139.8126022,35.6454656],[139.8126135,35.645145],[139.8126031,35.6450197],[139.8125927,35.6449313],[139.8125661,35.6447995]]}},{"type":"Feature","id":4857045,"properties":{"osm_id":4857045,"highway":"motorway_link","oneway":"yes","name":"","name_en":"","ref":"","destination":"","maxspeed":"","bridge":"yes","tunnel":"","layer":"2"},"geometry":{"type":"LineString","coordinates":[[139.824128,35.646446],[139.8243361,35.6465018],[139.8251423,35.646624],[139.825632,35.6466965],[139.8268003,35.6468198],[139.8276648,35.6469006]]}},{"type":"Feature","id":4857046,"properties":{"osm_id":4857046,"highway":"motorway_link","oneway":"yes","name":"","name_en":"","ref":"","destination":"","maxspeed":"","bridge":"","tunnel":"","layer":"0"},"geometry":{"type":"LineString","coordinates":[[139.8304121,35.6465829],[139.8302679,35.6466034],[139.8299988,35.646614],[139.8295082,35.6465995],[139.8288844,35.6465974],[139.8282823,35.6465566],[139.8277053,35.6464978]]}},{"type":"Feature","id":4857048,"properties":{"osm_id":4857048,"highway":"motorway_link","oneway":"yes","name":"","name_en":"","ref":"","destination":"","maxspeed":"","bridge":"yes","tunnel":"","layer":"2"},"geometry":{"type":"LineString","coordinates":[[139.8367195,35.6474782],[139.8365766,35.6474334],[139.8362624,35.6473805],[139.8356338,35.6472918]]}},{"type":"Feature","id":4857049,"properties":{"osm_id":4857049,"highway":"motorway_link","oneway":"yes","name":"","name_en":"","ref":"","destination":"","maxspeed":"","bridge":"","tunnel":"","layer":"0"},"geometry":{"type":"LineString","coordinates":[[139.8308668,35.647389],[139.8310067,35.6473536],[139.8312972,35.6473234],[139.8328004,35.6473969],[139.8343221,35.6475168],[139.8347952,35.6475403],[139.8353836,35.6475636],[139.8356015,35.6475522]]}},{"type":"Feature","id":4857852,"properties":{"osm_id":4857852,"highway":"motorway","oneway":"yes","name":"首都高速9号深川線","name_en":"Shuto Expressway Route 9 Fukagawa Line","ref":"9","destination":"","maxspeed":"60","bridge":"yes","tunnel":"","layer":"2"},"geometry":{"type":"LineString","coordinates":[[139.7997154,35.673118],[139.8010579,35.6728741],[139.8019696,35.6727169],[139.8032166,35.672507],[139.8036421,35.6724339],[139.8038096,35.6723986],[139.8039327,35.6723642],[139.8040142,35.6723358],[139.8041056,35.6722973],[139.8042148,35.6722454],[139.8043017,35.6721976],[139.8043727,35.6721562],[139.8044361,35.6721126],[139.8044986,35.6720627],[139.8045599,35.6720093],[139.8046038,35.6719656],[139.8046492,35.6719162],[139.8046896,35.6718666],[139.8047264,35.6718146],[139.8047575,35.6717672],[139.8047868,35.6717205],[139.804807,35.6716821],[139.8048521,35.6715833],[139.8048705,35.6715325],[139.8048831,35.6714796],[139.8048936,35.6714247],[139.8049033,35.6713334],[139.8049069,35.671231],[139.804901,35.6711234],[139.8048894,35.6710293],[139.804871,35.6709403],[139.8048347,35.6707904],[139.8047514,35.6704347],[139.8047069,35.6701672],[139.8046963,35.6700535],[139.8046924,35.6699777],[139.8046916,35.6699064],[139.8046977,35.6698217],[139.8047089,35.6697332],[139.8047266,35.6696396],[139.8047445,35.6695754],[139.8047733,35.6694746],[139.804806,35.6693846],[139.80484,35.6693103],[139.8049315,35.6691055],[139.8050532,35.6688619],[139.8051515,35.6686351],[139.8052231,35.6684467],[139.8053046,35.6682],[139.8053247,35.6681144],[139.805334,35.6680364],[139.8053467,35.6679223],[139.8053474,35.6677827]]}},{"type":"Feature","id":4857853,"properties":{"osm_id":4857853,"highway":"motorway_link","oneway":"yes","name":"枝川出口","name_en":"","ref":"","destination":"","maxspeed":"","bridge":"yes","tunnel":"","layer":"1"},"geometry":{"type":"LineString","coordinates":[[139.8088562,35.6580447],[139.807848,35.6589566],[139.8075131,35.6592816],[139.8074098,35.6593658],[139.8072978,35.6594305],[139.8071747,35.6594786],[139.8070326,35.6595088],[139.8068899,35.6595161],[139.8066965,35.6595072],[139.8063879,35.6594786],[139.8049658,35.6593423]]}},{"type":"Feature","id":4857854,"properties":{"osm_id":4857854,"highway":"motorway_link","oneway":"yes","name":"","name_en":"","ref":"","destination":"","maxspeed":"","bridge":"","tunnel":"","layer":"0"},"geometry":{"type":"LineString","coordinates":[[139.8053726,35.6662449],[139.8052884,35.6660602],[139.8052406,35.6656088]]}},{"type":"Feature","id":4857855,"properties":{"osm_id":4857855,"highway":"motorway_link","oneway":"yes","name":"首都高速9号深川線","name_en":"Shuto Expressway Route 9 Fukagawa Line","ref":"","destination":"","maxspeed":"","bridge":"yes","tunnel":"","layer":"2"},"geometry":{"type":"LineString","coordinates":[[139.8206325,35.6458565],[139.8197833,35.6457543],[139.8187689,35.6456664],[139.817855,35.6455728]]}},{"type":"Feature","id":5170830,"properties":{"osm_id":5170830,"highway":"motorway","oneway":"yes","name":"首都高速湾岸線","name_en":"Bayshore Route","ref":"B","destination":"","maxspeed":"80","bridge":"","tunnel":"","layer":"-1"},"geometry":{"type":"LineString","coordinates":[[139.7951163,35.536081],[139.7949914,35.5365111],[139.7948429,35.5369946],[139.7946994,35.5373774],[139.7946088,35.5376075]]}},{"type":"Feature","id":5170833,"properties":{"osm_id":5170833,"highway":"motorway","oneway":"yes","name":"首都高速湾岸線","name_en":"Bayshore Route","ref":"B","destination":"","maxspeed":"80","bridge":"","tunnel":"","layer":"0"},"geometry":{"type":"LineString","coordinates":[[139.7596819,35.5708847],[139.759867,35.5704002],[139.7600712,35.5699678],[139.760274,35.5696267],[139.7604551,35.5693457],[139.7606248,35.5691167],[139.7608192,35.5688927],[139.7610178,35.568684],[139.7612975,35.5684284],[139.7616394,35.5681625],[139.7619849,35.5679134],[139.7624969,35.5676089],[139.7631107,35.5672782],[139.7639299,35.5668661]]}},{"type":"Feature","id":5170834,"properties":{"osm_id":5170834,"highway":"motorway","oneway":"yes","name":"首都高速湾岸線","name_en":"Bayshore Route","ref":"B","destination":"","maxspeed":"80","bridge":"","tunnel":"yes","layer":"-1"},"geometry":{"type":"LineString","coordinates":[[139.7639299,35.5668661],[139.7656784,35.5660093]]}},{"type":"Feature","id":5170835,"properties":{"osm_id":5170835,"highway":"motorway","oneway":"yes","name":"首都高速湾岸線","name_en":"Bayshore Route","ref":"B","destination":"","maxspeed":"80","bridge":"","tunnel":"yes","layer":"-1"},"geometry":{"type":"LineString","coordinates":[[139.7780965,35.5595653],[139.777688,35.5598085],[139.7770646,35.5601572],[139.7765169,35.5604607]]}},{"type":"Feature","id":5170837,"properties":{"osm_id":5170837,"highway":"motorway","oneway":"yes","name":"首都高速湾岸線","name_en":"Bayshore Route","ref":"B","destination":"","maxspeed":"80","bridge":"","tunnel":"yes","layer":"-2"},"geometry":{"type":"LineString","coordinates":[[139.7765169,35.5604607],[139.775263,35.5611177],[139.772466,35.5625379],[139.7710734,35.5632307],[139.7698932,35.563815],[139.7656065,35.5659003]]}},{"type":"Feature","id":5170840,"properties":{"osm_id":5170840,"highway":"motorway","oneway":"yes","name":"首都高速湾岸線","name_en":"Bayshore Route","ref":"B","destination":"","maxspeed":"80","bridge":"","tunnel":"","layer":"-1"},"geometry":{"type":"LineString","coordinates":[[139.7781769,35.5596657],[139.7786491,35.5593456],[139.7791393,35.5589985],[139.7794865,35.5587246]]}},{"type":"Feature","id":5170992,"properties":{"osm_id":5170992,"highway":"motorway_link","oneway":"yes","name":"","name_en":"","ref":"","destination":"","maxspeed":"","bridge":"","tunnel":"","layer":"0"},"geometry":{"type":"LineString","coordinates":[[139.7794865,35.5587246],[139.7798413,35.5585317],[139.780116,35.5583031],[139.7805565,35.5579308],[139.7807828,35.557732],[139.7810023,35.5575389],[139.7812558,35.5572767],[139.7814734,35.5570453],[139.7816692,35.556821],[139.782061,35.5563533],[139.7823089,35.5560555]]}},{"type":"Feature","id":5170993,"properties":{"osm_id":5170993,"highway":"motorway_link","oneway":"yes","name":"","name_en":"","ref":"","destination":"","maxspeed":"","bridge":"","tunnel":"","layer":"-1"},"geometry":{"type":"LineString","coordinates":[[139.7823089,35.5560555],[139.7826599,35.5556994],[139.7829743,35.5552885],[139.7836138,35.5543977],[139.7837261,35.5542436],[139.7838254,35.5541219],[139.7839261,35.5539987],[139.78422,35.5536678],[139.7843894,35.5534893]]}},{"type":"Feature","id":5170994,"properties":{"osm_id":5170994,"highway":"motorway_link","oneway":"yes","name":"","name_en":"","ref":"","destination":"","maxspeed":"40","bridge":"yes","tunnel":"","layer":"1"},"geometry":{"type":"LineString","coordinates":[[139.7860788,35.5535794],[139.7861592,35.553538],[139.7862478,35.5534812],[139.7863309,35.553407],[139.7863899,35.5533361],[139.7864905,35.553203],[139.7868848,35.5526411],[139.7870514,35.5524692]]}},{"type":"Feature","id":5171001,"properties":{"osm_id":5171001,"highway":"motorway_link","oneway":"yes","name":"","name_en":"","ref":"","destination":"","maxspeed":"40","bridge":"","tunnel":"","layer":"-1"},"geometry":{"type":"LineString","coordinates":[[139.7831708,35.5537672],[139.783072,35.5539657],[139.7828293,35.5543617],[139.7825896,35.5547532],[139.7824149,35.5550153],[139.7820834,35.5554627],[139.7818699,35.5558211],[139.7818057,35.5559815]]}},{"type":"Feature","id":5171105,"properties":{"osm_id":5171105,"highway":"motorway","oneway":"yes","name":"首都高速湾岸線","name_en":"Bayshore Route","ref":"B","destination":"","maxspeed":"80","bridge":"","tunnel":"","layer":"1"},"geometry":{"type":"LineString","coordinates":[[139.7553542,35.5939864],[139.7553557,35.5906194],[139.7553567,35.5882017]]}},{"type":"Feature","id":5171343,"properties":{"osm_id":5171343,"highway":"motorway","oneway":"yes","name":"首都高速1号羽田線","name_en":"Shuto Expressway Route 1 Haneda Line","ref":"1","destination":"","maxspeed":"","bridge":"","tunnel":"","layer":"2"},"geometry":{"type":"LineString","coordinates":[[139.7525706,35.5634022],[139.7516109,35.564505]]}},{"type":"Feature","id":5171344,"properties":{"osm_id":5171344,"highway":"motorway_link","oneway":"yes","name":"首都高速湾岸分岐線","name_en":"Bayshore Branch","ref":"B","destination":"横浜公園","maxspeed":"60","bridge":"yes","tunnel":"","layer":"2"},"geometry":{"type":"LineString","coordinates":[[139.7553618,35.5857739],[139.7554551,35.5852466],[139.7555059,35.5849134],[139.7555595,35.5846139],[139.7556232,35.5843414],[139.7557234,35.5839268],[139.7558032,35.5836615],[139.755915,35.5833051],[139.7561051,35.5826993],[139.7563337,35.5819466],[139.756476,35.5814961]]}},{"type":"Feature","id":5171345,"properties":{"osm_id":5171345,"highway":"motorway","oneway":"yes","name":"首都高速湾岸線","name_en":"Bayshore Route","ref":"B","destination":"","maxspeed":"80","bridge":"","tunnel":"","layer":"0"},"geometry":{"type":"LineString","coordinates":[[139.7638743,35.5667429],[139.7630326,35.5671695],[139.7624235,35.5674845],[139.7618646,35.5678171],[139.7614951,35.5680655],[139.7611755,35.5683277],[139.760876,35.5685954],[139.7606681,35.5688162],[139.7604778,35.5690381],[139.7603,35.5692747],[139.7601164,35.5695633],[139.7599,35.5699283],[139.7596876,35.5703649],[139.7595137,35.570827]]}},{"type":"Feature","id":5171346,"properties":{"osm_id":5171346,"highway":"motorway_link","oneway":"yes","name":"","name_en":"","ref":"","destination":"","maxspeed":"","bridge":"yes","tunnel":"","layer":"2"},"geometry":{"type":"LineString","coordinates":[[139.7551815,35.587111],[139.7551299,35.5872684],[139.7550687,35.5882094]]}},{"type":"Feature","id":5171347,"properties":{"osm_id":5171347,"highway":"motorway_link","oneway":"yes","name":"","name_en":"","ref":"","destination":"","maxspeed":"","bridge":"","tunnel":"","layer":"0"},"geometry":{"type":"LineString","coordinates":[[139.7557356,35.591752],[139.7557018,35.591681],[139.755653,35.5914201],[139.7555814,35.5909541],[139.7555596,35.5908305],[139.7555414,35.5907057],[139.755529,35.5905921],[139.7555201,35.590469],[139.7554993,35.5896632],[139.755438,35.588188]]}},{"type":"Feature","id":5203881,"properties":{"osm_id":5203881,"highway":"motorway_link","oneway":"yes","name":"","name_en":"","ref":"","destination":"","maxspeed":"40","bridge":"","tunnel":"","layer":"-1"},"geometry":{"type":"LineString","coordinates":[[139.7946088,35.5376075],[139.7944499,35.5378366],[139.7942604,35.5381679],[139.7940588,35.5385536],[139.7939551,35.5387229],[139.793823,35.5389497],[139.7936963,35.5391616],[139.7935112,35.5394735],[139.7932122,35.5399444]]}},{"type":"Feature","id":5203882,"properties":{"osm_id":5203882,"highway":"motorway_link","oneway":"yes","name":"","name_en":"","ref":"","destination":"","maxspeed":"","bridge":"yes","tunnel":"","layer":"1"},"geometry":{"type":"LineString","coordinates":[[139.7921917,35.5422107],[139.7922534,35.5421263]]}},{"type":"Feature","id":5204786,"properties":{"osm_id":5204786,"highway":"motorway","oneway":"yes","name":"首都高速湾岸線","name_en":"Bayshore Route","ref":"B","destination":"","maxspeed":"80","bridge":"","tunnel":"yes","layer":"-1"},"geometry":{"type":"LineString","coordinates":[[139.7906385,35.516907],[139.7909669,35.5174573],[139.7912033,35.5178911],[139.7914303,35.518372],[139.7916566,35.5189278],[139.7918181,35.5193568],[139.792029,35.520013],[139.7922724,35.5208551],[139.7944611,35.52907],[139.7945752,35.5295221],[139.7947046,35.5300344],[139.7949453,35.5311159],[139.7950967,35.5320241],[139.7951676,35.5325212],[139.7952178,35.533029],[139.7952693,35.5337546],[139.7952797,35.5345462],[139.7952698,35.5349701],[139.7952157,35.5355243],[139.7951163,35.536081]]}},{"type":"Feature","id":5204787,"properties":{"osm_id":5204787,"highway":"motorway","oneway":"yes","name":"首都高速湾岸線","name_en":"Bayshore Route","ref":"B","destination":"","maxspeed":"80","bridge":"","tunnel":"","layer":"0"},"geometry":{"type":"LineString","coordinates":[[139.7871956,35.5130729],[139.787738,35.5135344],[139.7882071,35.5139587],[139.7886688,35.5144128],[139.7891154,35.5148779],[139.7895241,35.5153512],[139.7898854,35.5158006],[139.7902499,35.5163268],[139.7906385,35.516907]]}},{"type":"Feature","id":5204788,"properties":{"osm_id":5204788,"highway":"motorway","oneway":"yes","name":"首都高速湾岸線","name_en":"Bayshore Route","ref":"B","destination":"","maxspeed":"80","bridge":"","tunnel":"yes","layer":"-1"},"geometry":{"type":"LineString","coordinates":[[139.7952698,35.5361059],[139.7953767,35.5355628],[139.7954376,35.5350015],[139.795452,35.5345836],[139.7954393,35.5337429],[139.7953899,35.5330167],[139.7953394,35.5325095],[139.7952747,35.5319962],[139.7951178,35.5310847],[139.7948816,35.5300039],[139.794644,35.529039],[139.7924446,35.5208224],[139.7922039,35.5199841],[139.7919902,35.5193087],[139.7918314,35.5188847],[139.791587,35.5183246],[139.7913558,35.5178567],[139.7911203,35.517418],[139.7907955,35.5168421]]}},{"type":"Feature","id":5204789,"properties":{"osm_id":5204789,"highway":"motorway","oneway":"yes","name":"首都高速湾岸線","name_en":"Bayshore Route","ref":"B","destination":"","maxspeed":"80","bridge":"","tunnel":"","layer":"0"},"geometry":{"type":"LineString","coordinates":[[139.7907955,35.5168421],[139.7904014,35.5162555],[139.7900246,35.5157286],[139.7895574,35.5150995],[139.7892706,35.5147565],[139.7888292,35.5143019],[139.7883478,35.5138581],[139.7878557,35.5134305],[139.7873053,35.5129721]]}},{"type":"Feature","id":5204844,"properties":{"osm_id":5204844,"highway":"motorway","oneway":"yes","name":"首都高速湾岸線","name_en":"Bayshore Route","ref":"B","destination":"","maxspeed":"80","bridge":"","tunnel":"yes","layer":"-1"},"geometry":{"type":"LineString","coordinates":[[139.7873053,35.5129721],[139.7869727,35.5127114],[139.7865283,35.5123915],[139.7859938,35.5120343],[139.784624,35.511181]]}},{"type":"Feature","id":5204845,"properties":{"osm_id":5204845,"highway":"motorway","oneway":"yes","name":"首都高速湾岸線","name_en":"Bayshore Route","ref":"B","destination":"","maxspeed":"80","bridge":"","tunnel":"yes","layer":"-1"},"geometry":{"type":"LineString","coordinates":[[139.7845321,35.5112956],[139.7858946,35.512138],[139.7865052,35.5125598],[139.7868991,35.5128408],[139.7871956,35.5130729]]}},{"type":"Feature","id":5204847,"properties":{"osm_id":5204847,"highway":"motorway_link","oneway":"yes","name":"首都高速神奈川6号川崎線","name_en":"Kanagawa Route 6 Kawasaki Line","ref":"K6","destination":"","maxspeed":"","bridge":"","tunnel":"yes","layer":"-1"},"geometry":{"type":"LineString","coordinates":[[139.787376,35.5129133],[139.786985,35.5126286],[139.786589,35.5123882],[139.7859938,35.5120343]]}},{"type":"Feature","id":5204848,"properties":{"osm_id":5204848,"highway":"motorway_link","oneway":"yes","name":"","name_en":"","ref":"","destination":"","maxspeed":"","bridge":"","tunnel":"yes","layer":"-1"},"geometry":{"type":"LineString","coordinates":[[139.7894351,35.5137882],[139.7892766,35.5137257],[139.7891413,35.5136748],[139.7888791,35.5135858]]}},{"type":"Feature","id":5204849,"properties":{"osm_id":5204849,"highway":"motorway_link","oneway":"yes","name":"首都高速神奈川6号川崎線","name_en":"Kanagawa Route 6 Kawasaki Line","ref":"K6","destination":"","maxspeed":"","bridge":"","tunnel":"yes","layer":"-1"},"geometry":{"type":"LineString","coordinates":[[139.7888791,35.5135858],[139.7886742,35.5135396],[139.7884179,35.5134908]]}},{"type":"Feature","id":5204850,"properties":{"osm_id":5204850,"highway":"motorway_link","oneway":"yes","name":"首都高速神奈川6号川崎線","name_en":"Kanagawa Route 6 Kawasaki Line","ref":"K6","destination":"","maxspeed":"","bridge":"","tunnel":"yes","layer":"-1"},"geometry":{"type":"LineString","coordinates":[[139.7894143,35.5137074],[139.7892923,35.5136746],[139.7891526,35.5136438],[139.7888791,35.5135858]]}},{"type":"Feature","id":5204851,"properties":{"osm_id":5204851,"highway":"motorway_link","oneway":"yes","name":"","name_en":"","ref":"","destination":"","maxspeed":"","bridge":"","tunnel":"","layer":"-1"},"geometry":{"type":"LineString","coordinates":[[139.7899657,35.5141051],[139.7898834,35.514043],[139.7896746,35.5139089],[139.7895153,35.5138254],[139.7894351,35.5137882]]}},{"type":"Feature","id":5204852,"properties":{"osm_id":5204852,"highway":"motorway","oneway":"yes","name":"首都高速神奈川6号川崎線","name_en":"Kanagawa Route 6 Kawasaki Line","ref":"K6","destination":"","maxspeed":"","bridge":"yes","tunnel":"","layer":"1"},"geometry":{"type":"LineString","coordinates":[[139.7468896,35.5372121],[139.7490389,35.5373412]]}},{"type":"Feature","id":5204853,"properties":{"osm_id":5204853,"highway":"motorway_link","oneway":"yes","name":"","name_en":"","ref":"","destination":"","maxspeed":"","bridge":"yes","tunnel":"","layer":"1"},"geometry":{"type":"LineString","coordinates":[[139.7913379,35.5190167],[139.7914721,35.5188874],[139.7915578,35.5187997],[139.7916462,35.5186917],[139.7917575,35.5184974],[139.7918373,35.5183467],[139.7918957,35.5181806],[139.7919514,35.5180151],[139.791987,35.5178573]]}},{"type":"Feature","id":5204854,"properties":{"osm_id":5204854,"highway":"motorway_link","oneway":"yes","name":"","name_en":"","ref":"","destination":"","maxspeed":"","bridge":"","tunnel":"yes","layer":"-1"},"geometry":{"type":"LineString","coordinates":[[139.7905656,35.5147159],[139.790129,35.5142551],[139.7899657,35.5141051]]}},{"type":"Feature","id":5204888,"properties":{"osm_id":5204888,"highway":"motorway","oneway":"yes","name":"東京湾アクアライン;東京湾横断・木更津東金道路","name_en":"Tokyo-Wan-Aqua-Line Expressway","ref":"CA;409","destination":"","maxspeed":"40","bridge":"","tunnel":"","layer":"0"},"geometry":{"type":"LineString","coordinates":[[139.7935118,35.5176761],[139.7929768,35.5179016],[139.7915859,35.5184985]]}},{"type":"Feature","id":5204889,"properties":{"osm_id":5204889,"highway":"motorway_link","oneway":"yes","name":"","name_en":"","ref":"","destination":"","maxspeed":"","bridge":"","tunnel":"","layer":"0"},"geometry":{"type":"LineString","coordinates":[[139.7913737,35.5175887],[139.7913324,35.5175112],[139.7913022,35.5174399],[139.7912761,35.5173643],[139.7912513,35.5172835],[139.7912262,35.517183],[139.7912105,35.5170979],[139.7912008,35.517021],[139.7911973,35.5169459],[139.7912005,35.5168654],[139.7912073,35.5167746],[139.7912195,35.516686],[139.7912461,35.5165746],[139.791289,35.5164112],[139.7913075,35.5163408],[139.7913301,35.5162394],[139.7913481,35.5161275],[139.7913558,35.516029],[139.7913594,35.5159404],[139.7913525,35.515856],[139.7913329,35.5157592],[139.7913066,35.5156766],[139.7912719,35.5155957],[139.791225,35.5155072],[139.7911707,35.5154182],[139.7910923,35.5153117],[139.7908816,35.5150713],[139.7907361,35.5149053],[139.7905656,35.5147159]]}},{"type":"Feature","id":5204890,"properties":{"osm_id":5204890,"highway":"motorway_link","oneway":"yes","name":"","name_en":"","ref":"","destination":"","maxspeed":"","bridge":"","tunnel":"","layer":"0"},"geometry":{"type":"LineString","coordinates":[[139.7935118,35.5176761],[139.7929286,35.517838],[139.7926925,35.5178926],[139.7925641,35.5179197],[139.7924407,35.5179377],[139.7923139,35.5179437],[139.7921857,35.51794],[139.7920667,35.5179272],[139.7919255,35.5178992],[139.7918102,35.5178648],[139.7916855,35.5178117],[139.7915734,35.5177481],[139.7914675,35.5176744],[139.7913737,35.5175887],[139.7912922,35.5174836],[139.7912301,35.5173803],[139.791191,35.5172923],[139.7911541,35.5171953],[139.7911195,35.5170906],[139.7910903,35.5169892],[139.7910474,35.5168494],[139.791012,35.5167083],[139.7909673,35.5165846],[139.7909164,35.5164759],[139.7908246,35.5163114],[139.790757,35.5162048]]}},{"type":"Feature","id":5204891,"properties":{"osm_id":5204891,"highway":"motorway_link","oneway":"yes","name":"","name_en":"","ref":"","destination":"","maxspeed":"","bridge":"","tunnel":"","layer":"-1"},"geometry":{"type":"LineString","coordinates":[[139.7884783,35.5149506],[139.7885342,35.5150091],[139.7886408,35.5150951],[139.7887783,35.5151829],[139.7891006,35.5153642],[139.7893144,35.5154951]]}},{"type":"Feature","id":5208415,"properties":{"osm_id":5208415,"highway":"motorway_link","oneway":"yes","name":"","name_en":"","ref":"","destination":"","maxspeed":"","bridge":"","tunnel":"","layer":"0"},"geometry":{"type":"LineString","coordinates":[[139.790911,35.5148543],[139.7905976,35.514609],[139.7904689,35.5145191],[139.7901195,35.5142901],[139.7898617,35.5141821],[139.7896741,35.5141314],[139.7894579,35.514093],[139.7892562,35.514078],[139.7890706,35.5140819],[139.7888682,35.5141074]]}},{"type":"Feature","id":5208473,"properties":{"osm_id":5208473,"highway":"motorway_link","oneway":"yes","name":"","name_en":"","ref":"","destination":"","maxspeed":"","bridge":"","tunnel":"","layer":"0"},"geometry":{"type":"LineString","coordinates":[[139.7885834,35.5202505],[139.7887941,35.5201462],[139.7889357,35.5200821],[139.7890732,35.520031],[139.7892071,35.51999],[139.7893426,35.5199525],[139.7898524,35.5198361]]}},{"type":"Feature","id":5208474,"properties":{"osm_id":5208474,"highway":"motorway_link","oneway":"yes","name":"首都高速神奈川6号川崎線","name_en":"Kanagawa Route 6 Kawasaki Line","ref":"K6","destination":"","maxspeed":"","bridge":"","tunnel":"","layer":"0"},"geometry":{"type":"LineString","coordinates":[[139.7875664,35.5142441],[139.7876549,35.5143972],[139.7877792,35.5145938],[139.7879802,35.5148724],[139.788138,35.5150783]]}},{"type":"Feature","id":5208476,"properties":{"osm_id":5208476,"highway":"motorway_link","oneway":"yes","name":"","name_en":"","ref":"","destination":"","maxspeed":"","bridge":"","tunnel":"","layer":"0"},"geometry":{"type":"LineString","coordinates":[[139.7875664,35.5142441],[139.787681,35.5143911],[139.787816,35.5145424],[139.7879513,35.5146783],[139.7883884,35.5150781],[139.7885366,35.5152182],[139.7887676,35.5154591],[139.7888661,35.5155647],[139.7889581,35.5156714],[139.7893553,35.5162211],[139.7895858,35.5165517],[139.7898643,35.5169606],[139.7899497,35.5171017],[139.790008,35.5172189],[139.7900475,35.5173284]]}},{"type":"Feature","id":5208477,"properties":{"osm_id":5208477,"highway":"motorway_link","oneway":"yes","name":"","name_en":"","ref":"","destination":"","maxspeed":"","bridge":"","tunnel":"","layer":"0"},"geometry":{"type":"LineString","coordinates":[[139.7889581,35.5156714],[139.7892354,35.5159851],[139.7894603,35.5162516],[139.7896837,35.5165324],[139.7899313,35.5168707],[139.7901474,35.5171802],[139.7903569,35.5175018],[139.7904571,35.5176705],[139.7905143,35.517789],[139.7905424,35.5178633],[139.7905584,35.5179375],[139.7905644,35.5180142],[139.7905597,35.518093],[139.7905437,35.5181664],[139.7905143,35.5182332],[139.7904744,35.5182905],[139.7904255,35.5183473],[139.7903685,35.5183994],[139.7902943,35.5184512],[139.7902115,35.5185026],[139.7901366,35.5185419],[139.7900228,35.5185921],[139.7899242,35.5186357],[139.7898376,35.518676],[139.7897537,35.5187195],[139.7896743,35.5187693],[139.7896,35.518822]]}},{"type":"Feature","id":5212953,"properties":{"osm_id":5212953,"highway":"motorway_link","oneway":"yes","name":"首都高速神奈川6号川崎線","name_en":"Kanagawa Route 6 Kawasaki Line","ref":"K6","destination":"","maxspeed":"","bridge":"","tunnel":"yes","layer":"-1"},"geometry":{"type":"LineString","coordinates":[[139.7858946,35.512138],[139.7866245,35.5127116],[139.7868433,35.5128935],[139.7870271,35.5130712],[139.7871,35.5131531]]}},{"type":"Feature","id":5212956,"properties":{"osm_id":5212956,"highway":"motorway_link","oneway":"yes","name":"首都高速神奈川6号川崎線","name_en":"Kanagawa Route 6 Kawasaki Line","ref":"K6","destination":"","maxspeed":"","bridge":"","tunnel":"","layer":"0"},"geometry":{"type":"LineString","coordinates":[[139.7874817,35.5146021],[139.7875365,35.5147158],[139.7875766,35.5147902],[139.7876247,35.5148691],[139.7876787,35.5149514],[139.7877787,35.515098],[139.7879358,35.5153107],[139.7884325,35.5160073],[139.7887796,35.5164768],[139.7890997,35.5168839],[139.7895144,35.5173903],[139.7895781,35.5174771],[139.7896336,35.5175657],[139.7896756,35.517651],[139.7897087,35.5177408],[139.7897308,35.5178311],[139.7897448,35.5179302],[139.7897449,35.5180173],[139.7897292,35.5181311],[139.7897093,35.5182001],[139.7896796,35.5182874],[139.7896271,35.5183964],[139.7895704,35.5184901]]}},{"type":"Feature","id":5212957,"properties":{"osm_id":5212957,"highway":"motorway_link","oneway":"yes","name":"","name_en":"","ref":"","destination":"","maxspeed":"","bridge":"","tunnel":"","layer":"0"},"geometry":{"type":"LineString","coordinates":[[139.7874817,35.5146021],[139.7875631,35.5147355],[139.7876357,35.5148269],[139.7877186,35.5149197],[139.7879854,35.5152069],[139.7881291,35.5153581],[139.788261,35.5155056],[139.7884355,35.5157103],[139.7885926,35.5158922],[139.7890466,35.5164211],[139.789239,35.5166508],[139.7894169,35.5168602],[139.7895544,35.5170125],[139.7896744,35.5171398],[139.7897885,35.5172523],[139.7899109,35.5173664],[139.7900452,35.5174792],[139.7901688,35.5175875],[139.7902461,35.5176696],[139.7903015,35.5177423],[139.7903355,35.517814],[139.7903612,35.5178829],[139.7903707,35.5179342],[139.7903715,35.5179855],[139.7903629,35.5180401],[139.790349,35.5180891],[139.7903163,35.5181686],[139.790283,35.5182242],[139.790247,35.5182731],[139.790201,35.5183279],[139.7901549,35.5183696],[139.7900869,35.5184258],[139.7898494,35.5185974],[139.789737,35.5186855],[139.7896643,35.5187531],[139.7896,35.518822]]}},{"type":"Feature","id":5212958,"properties":{"osm_id":5212958,"highway":"motorway_link","oneway":"yes","name":"","name_en":"","ref":"","destination":"","maxspeed":"","bridge":"","tunnel":"","layer":"0"},"geometry":{"type":"LineString","coordinates":[[139.7885926,35.5158922],[139.78898,35.5164261],[139.7892003,35.5167431]]}},{"type":"Feature","id":5212959,"properties":{"osm_id":5212959,"highway":"motorway_link","oneway":"yes","name":"首都高速神奈川6号川崎線","name_en":"Kanagawa Route 6 Kawasaki Line","ref":"K6","destination":"","maxspeed":"","bridge":"","tunnel":"","layer":"-1"},"geometry":{"type":"LineString","coordinates":[[139.7907955,35.5168421],[139.7904689,35.5162203],[139.7902616,35.5158429],[139.7898191,35.5150888],[139.7895916,35.514755],[139.7892441,35.5143635]]}},{"type":"Feature","id":5213283,"properties":{"osm_id":5213283,"highway":"motorway","oneway":"yes","name":"東京湾アクアライン;東京湾横断・木更津東金道路","name_en":"Tokyo-Wan-Aqua-Line Expressway","ref":"CA;409","destination":"","maxspeed":"80","bridge":"","tunnel":"yes","layer":"-1"},"geometry":{"type":"LineString","coordinates":[[139.7938904,35.5177243],[139.7961236,35.5169798],[139.7967707,35.5167316],[139.7973682,35.516484],[139.7979616,35.516204],[139.7984837,35.5159231],[139.7990814,35.5155862],[139.7997557,35.515173],[139.8004651,35.514705],[139.8735376,35.4649559]]}},{"type":"Feature","id":5213323,"properties":{"osm_id":5213323,"highway":"motorway","oneway":"yes","name":"首都高速1号羽田線","name_en":"Shuto Expressway Route 1 Haneda Line","ref":"1","destination":"","maxspeed":"60","bridge":"yes","tunnel":"","layer":"3"},"geometry":{"type":"LineString","coordinates":[[139.749987,35.5661941],[139.7495074,35.5667275],[139.7493368,35.5669472],[139.749194,35.5671649],[139.7490593,35.5674099],[139.7489496,35.5676363],[139.7488559,35.5678606],[139.7487765,35.5680716],[139.7487132,35.5682903],[139.7486633,35.5685243],[139.7486301,35.5687615],[139.7486188,35.5688851],[139.7486127,35.5689521],[139.7486048,35.5690794],[139.7486023,35.5691764],[139.7486025,35.569264],[139.7486078,35.5693827],[139.7486156,35.5694977],[139.7486341,35.5696569],[139.7486652,35.5698526],[139.7487092,35.5700954],[139.7488491,35.5707043]]}},{"type":"Feature","id":5213324,"properties":{"osm_id":5213324,"highway":"motorway","oneway":"yes","name":"首都高速1号羽田線","name_en":"Shuto Expressway Route 1 Haneda Line","ref":"1","destination":"","maxspeed":"","bridge":"","tunnel":"","layer":"0"},"geometry":{"type":"LineString","coordinates":[[139.7408452,35.5876035],[139.7418223,35.5868052]]}},{"type":"Feature","id":5213421,"properties":{"osm_id":5213421,"highway":"motorway_link","oneway":"yes","name":"","name_en":"","ref":"","destination":"","maxspeed":"40","bridge":"","tunnel":"","layer":"0"},"geometry":{"type":"LineString","coordinates":[[139.7470952,35.5772544],[139.7470195,35.5773418],[139.7469663,35.5774576],[139.7469525,35.577484],[139.7469088,35.5775676],[139.7468451,35.5776849]]}},{"type":"Feature","id":5213422,"properties":{"osm_id":5213422,"highway":"motorway_link","oneway":"yes","name":"","name_en":"","ref":"","destination":"","maxspeed":"","bridge":"","tunnel":"","layer":"0"},"geometry":{"type":"LineString","coordinates":[[139.7473972,35.5773634],[139.7474281,35.5772789],[139.7475437,35.5770088]]}},{"type":"Feature","id":5213544,"properties":{"osm_id":5213544,"highway":"motorway","oneway":"yes","name":"首都高速1号羽田線","name_en":"Shuto Expressway Route 1 Haneda Line","ref":"1","destination":"","maxspeed":"60","bridge":"yes","tunnel":"","layer":"2"},"geometry":{"type":"LineString","coordinates":[[139.7433987,35.5456214],[139.7434219,35.5457788],[139.7434487,35.5459762],[139.7435669,35.5469774],[139.7436096,35.5472832],[139.7436853,35.5476079],[139.7437766,35.5479142],[139.743907,35.5482763],[139.7440137,35.5485432],[139.7441003,35.548764],[139.7442472,35.5491046]]}},{"type":"Feature","id":5213545,"properties":{"osm_id":5213545,"highway":"motorway","oneway":"yes","name":"首都高速1号羽田線","name_en":"Shuto Expressway Route 1 Haneda Line","ref":"1","destination":"","maxspeed":"","bridge":"","tunnel":"yes","layer":"-1"},"geometry":{"type":"LineString","coordinates":[[139.7544395,35.560777],[139.7544075,35.5609336],[139.7543595,35.5611066],[139.7543011,35.5612657],[139.7542241,35.5614226],[139.754145,35.5615592],[139.7539786,35.5617915],[139.7537049,35.5621383],[139.7534217,35.5624732],[139.7525706,35.5634022]]}},{"type":"Feature","id":5213546,"properties":{"osm_id":5213546,"highway":"motorway","oneway":"yes","name":"首都高速1号羽田線","name_en":"Shuto Expressway Route 1 Haneda Line","ref":"1","destination":"","maxspeed":"","bridge":"","tunnel":"yes","layer":"-1"},"geometry":{"type":"LineString","coordinates":[[139.7526619,35.5634483],[139.7535167,35.5625192],[139.753802,35.562187],[139.7540833,35.5618155],[139.7542399,35.5615962],[139.7543235,35.5614538],[139.7543995,35.5612972],[139.7544674,35.5611222],[139.7545159,35.5609482],[139.7545496,35.5607905]]}},{"type":"Feature","id":5213547,"properties":{"osm_id":5213547,"highway":"motorway","oneway":"yes","name":"首都高速1号羽田線","name_en":"Shuto Expressway Route 1 Haneda Line","ref":"1","destination":"","maxspeed":"","bridge":"","tunnel":"","layer":"0"},"geometry":{"type":"LineString","coordinates":[[139.7545496,35.5607905],[139.7545783,35.5605511],[139.7545852,35.5603363],[139.7545692,35.5601016],[139.7545394,35.5598928],[139.754489,35.5596783],[139.754402,35.559366],[139.7542858,35.5589834],[139.7540528,35.558227],[139.7540047,35.55809],[139.753946,35.5579489],[139.7538939,35.5578422]]}},{"type":"Feature","id":5213652,"properties":{"osm_id":5213652,"highway":"motorway_link","oneway":"yes","name":"","name_en":"","ref":"","destination":"","maxspeed":"","bridge":"","tunnel":"","layer":"0"},"geometry":{"type":"LineString","coordinates":[[139.7532895,35.5554448],[139.7533031,35.5561961],[139.7533273,35.5567306],[139.7533436,35.5569033],[139.7533723,35.5570553],[139.7533779,35.5570853],[139.7534423,35.5573422],[139.7535082,35.5575426],[139.7535771,35.5577357],[139.7537111,35.558064]]}},{"type":"Feature","id":5213653,"properties":{"osm_id":5213653,"highway":"motorway_link","oneway":"yes","name":"","name_en":"","ref":"","destination":"","maxspeed":"","bridge":"yes","tunnel":"","layer":"1"},"geometry":{"type":"LineString","coordinates":[[139.75326,35.5624035],[139.7530907,35.5626509],[139.7530457,35.5627168],[139.7528474,35.5629555],[139.7528062,35.563005],[139.7523131,35.5635719],[139.7522374,35.5636571],[139.7515458,35.5644347],[139.7514805,35.5645057],[139.7507954,35.5652627],[139.7506441,35.5654362],[139.7505133,35.5655863],[139.7503628,35.5657482]]}},{"type":"Feature","id":5219298,"properties":{"osm_id":5219298,"highway":"motorway_link","oneway":"yes","name":"","name_en":"","ref":"","destination":"","maxspeed":"","bridge":"","tunnel":"","layer":"0"},"geometry":{"type":"LineString","coordinates":[[139.7450807,35.6002022],[139.745011,35.6002089],[139.7449353,35.6001962],[139.7448037,35.6001568],[139.7446536,35.6000726]]}},{"type":"Feature","id":5219301,"properties":{"osm_id":5219301,"highway":"motorway_link","oneway":"yes","name":"","name_en":"","ref":"","destination":"","maxspeed":"","bridge":"yes","tunnel":"","layer":"2"},"geometry":{"type":"LineString","coordinates":[[139.7419381,35.5956708],[139.742062,35.5958897],[139.7421552,35.5961322],[139.7422417,35.5964397],[139.7426293,35.597933]]}},{"type":"Feature","id":5219302,"properties":{"osm_id":5219302,"highway":"motorway_link","oneway":"yes","name":"","name_en":"","ref":"","destination":"","maxspeed":"","bridge":"yes","tunnel":"","layer":"2"},"geometry":{"type":"LineString","coordinates":[[139.7415849,35.5948143],[139.7414185,35.5945559],[139.7412656,35.5943312],[139.741063,35.5940374],[139.7403307,35.5930051],[139.7392402,35.5915035]]}},{"type":"Feature","id":5219303,"properties":{"osm_id":5219303,"highway":"motorway_link","oneway":"yes","name":"","name_en":"","ref":"","destination":"","maxspeed":"","bridge":"","tunnel":"","layer":"0"},"geometry":{"type":"LineString","coordinates":[[139.7357131,35.5874253],[139.7357906,35.5876178],[139.735813,35.5877007],[139.7358282,35.5877987],[139.7358478,35.5880455],[139.7358693,35.5883667]]}},{"type":"Feature","id":5219394,"properties":{"osm_id":5219394,"highway":"motorway_link","oneway":"yes","name":"","name_en":"","ref":"","destination":"羽田空港","maxspeed":"","bridge":"","tunnel":"","layer":"0"},"geometry":{"type":"LineString","coordinates":[[139.7542858,35.5589834],[139.7541526,35.5582905],[139.7540301,35.5578244],[139.7538208,35.5571352],[139.7537737,35.5569776],[139.7537266,35.5568196],[139.7536504,35.5565603],[139.7535809,35.5563352],[139.7534602,35.5559359],[139.7534327,35.5558002],[139.7534193,35.5556586],[139.7534216,35.555443]]}},{"type":"Feature","id":5219395,"properties":{"osm_id":5219395,"highway":"motorway_link","oneway":"yes","name":"","name_en":"","ref":"","destination":"","maxspeed":"","bridge":"","tunnel":"","layer":"0"},"geometry":{"type":"LineString","coordinates":[[139.7537111,35.558064],[139.7539848,35.5587125],[139.7542518,35.5594042],[139.7544249,35.5599149]]}},{"type":"Feature","id":5219577,"properties":{"osm_id":5219577,"highway":"motorway_link","oneway":"yes","name":"","name_en":"","ref":"","destination":"","maxspeed":"40","bridge":"yes","tunnel":"","layer":"2"},"geometry":{"type":"LineString","coordinates":[[139.7442472,35.5491046],[139.7446706,35.5498366],[139.7449888,35.5505191],[139.7453287,35.551297]]}},{"type":"Feature","id":5219578,"properties":{"osm_id":5219578,"highway":"motorway_link","oneway":"yes","name":"","name_en":"","ref":"","destination":"蒲田;環八通り","maxspeed":"","bridge":"yes","tunnel":"","layer":"2"},"geometry":{"type":"LineString","coordinates":[[139.7467995,35.5542777],[139.7466759,35.5541909],[139.7465888,35.5541088],[139.7464987,35.5540049],[139.7464131,35.5538856],[139.7463292,35.5537362],[139.7462611,35.5535822],[139.7461737,35.5533634]]}},{"type":"Feature","id":5365195,"properties":{"osm_id":5365195,"highway":"motorway","oneway":"yes","name":"首都高速湾岸線","name_en":"Bayshore Route","ref":"B","destination":"","maxspeed":"80","bridge":"yes","tunnel":"","layer":"4"},"geometry":{"type":"LineString","coordinates":[[139.6708045,35.4499571],[139.6769344,35.4591889],[139.6771824,35.4595585],[139.6775276,35.4600617],[139.6778319,35.4604795],[139.6781038,35.4608336],[139.6783663,35.461156],[139.6786179,35.4614552],[139.6788309,35.4616905],[139.6790905,35.4619751],[139.6794326,35.4623165],[139.6797576,35.4626274],[139.6800784,35.4629106],[139.6804547,35.4632074],[139.6808175,35.4634801],[139.6811721,35.4637483],[139.6815711,35.4640294],[139.6820184,35.4643128],[139.6825292,35.4646174],[139.6829435,35.4648412],[139.6833588,35.4650557],[139.6838088,35.4652779],[139.6843627,35.4655356],[139.6859954,35.4662661],[139.6880802,35.4672016]]}},{"type":"Feature","id":5365196,"properties":{"osm_id":5365196,"highway":"motorway","oneway":"yes","name":"首都高速湾岸線","name_en":"Bayshore Route","ref":"B","destination":"","maxspeed":"80","bridge":"","tunnel":"yes","layer":"-1"},"geometry":{"type":"LineString","coordinates":[[139.784624,35.511181],[139.7837183,35.5106297],[139.7827478,35.5100595],[139.7777726,35.5072127],[139.776643,35.5065796],[139.775341,35.5058894],[139.774071,35.5052338],[139.7725709,35.5044685],[139.7714207,35.5039077],[139.7693812,35.5029468]]}},{"type":"Feature","id":5365197,"properties":{"osm_id":5365197,"highway":"motorway","oneway":"yes","name":"首都高速湾岸線","name_en":"Bayshore Route","ref":"B","destination":"","maxspeed":"80","bridge":"","tunnel":"","layer":"0"},"geometry":{"type":"LineString","coordinates":[[139.7693812,35.5029468],[139.7693078,35.502914],[139.7676819,35.5022005],[139.7607959,35.4991667]]}},{"type":"Feature","id":5365198,"properties":{"osm_id":5365198,"highway":"motorway","oneway":"yes","name":"首都高速湾岸線","name_en":"Bayshore Route","ref":"B","destination":"","maxspeed":"80","bridge":"","tunnel":"yes","layer":"-1"},"geometry":{"type":"LineString","coordinates":[[139.7693029,35.503061],[139.7713334,35.5040271],[139.7724874,35.504581],[139.7739912,35.5053376],[139.7752391,35.5059829],[139.7765418,35.5066909],[139.7776752,35.5073185],[139.7826397,35.5101647],[139.7836221,35.510744],[139.7845321,35.5112956]]}},{"type":"Feature","id":5365199,"properties":{"osm_id":5365199,"highway":"motorway_link","oneway":"yes","name":"","name_en":"","ref":"","destination":"","maxspeed":"","bridge":"","tunnel":"","layer":"0"},"geometry":{"type":"LineString","coordinates":[[139.7624212,35.500361],[139.7626024,35.5004273],[139.7627895,35.5004931],[139.7629499,35.5005454],[139.7631093,35.5005919],[139.763432,35.5006683],[139.7635354,35.5006932],[139.7636406,35.5007224],[139.7637448,35.5007541],[139.7638445,35.5007895],[139.7639445,35.5008316],[139.7641991,35.5009477],[139.7645408,35.5010999],[139.7647788,35.5012054],[139.7650233,35.5013054],[139.7653287,35.5014136],[139.7657952,35.5015976],[139.767554,35.5022921]]}},{"type":"Feature","id":5365200,"properties":{"osm_id":5365200,"highway":"motorway_link","oneway":"yes","name":"","name_en":"","ref":"","destination":"","maxspeed":"","bridge":"","tunnel":"","layer":"0"},"geometry":{"type":"LineString","coordinates":[[139.7693078,35.502914],[139.7682186,35.5023375],[139.7680002,35.5022316],[139.7677742,35.5021257],[139.7673557,35.5019385],[139.766925,35.5017462],[139.7667606,35.5016631],[139.7666224,35.5015831],[139.7665366,35.5015296],[139.7663816,35.5014209],[139.7662642,35.5013354],[139.7661392,35.5012562],[139.7660157,35.5011831],[139.7658881,35.50111],[139.7657592,35.5010374],[139.7656236,35.500967],[139.7652276,35.5007645]]}},{"type":"Feature","id":7836679,"properties":{"osm_id":7836679,"highway":"motorway","oneway":"yes","name":"首都高速2号目黒線","name_en":"Route 2 Meguro Line","ref":"2","destination":"","maxspeed":"","bridge":"yes","tunnel":"","layer":"3"},"geometry":{"type":"LineString","coordinates":[[139.7375889,35.650226],[139.73737,35.6510816],[139.7370929,35.6521796],[139.737066,35.6523289],[139.7370535,35.6524701],[139.7370557,35.6526117],[139.7370727,35.6527402],[139.7371058,35.6528685],[139.7371421,35.6529791],[139.7373433,35.6534745],[139.7374026,35.6536705]]}},{"type":"Feature","id":15766920,"properties":{"osm_id":15766920,"highway":"motorway_link","oneway":"yes","name":"首都高速神奈川5号大黒線","name_en":"Kanagawa Route 5 Daikoku Line","ref":"K5","destination":"","maxspeed":"","bridge":"yes","tunnel":"","layer":"4"},"geometry":{"type":"LineString","coordinates":[[139.6865017,35.466355],[139.6845147,35.4653506],[139.6842061,35.4651821],[139.6839583,35.4650348],[139.6837561,35.4649006],[139.6835751,35.4647638]]}},{"type":"Feature","id":23169038,"properties":{"osm_id":23169038,"highway":"motorway","oneway":"yes","name":"首都高速湾岸線","name_en":"Bayshore Route","ref":"B","destination":"","maxspeed":"80","bridge":"","tunnel":"","layer":"0"},"geometry":{"type":"LineString","coordinates":[[139.7920685,35.6355274],[139.7959609,35.6376276],[139.7991016,35.6393359],[139.8004593,35.6400492],[139.8011641,35.6404132]]}},{"type":"Feature","id":23169048,"properties":{"osm_id":23169048,"highway":"motorway_link","oneway":"yes","name":"首都高速11号台場線","name_en":"Daiba Route","ref":"11","destination":"","maxspeed":"","bridge":"","tunnel":"","layer":"0"},"geometry":{"type":"LineString","coordinates":[[139.7896091,35.6339964],[139.7894109,35.6338503],[139.7887166,35.6334435],[139.7880413,35.6330482]]}},{"type":"Feature","id":23273634,"properties":{"osm_id":23273634,"highway":"motorway_link","oneway":"yes","name":"飯倉出口","name_en":"","ref":"","destination":"","maxspeed":"40","bridge":"yes","tunnel":"","layer":"2"},"geometry":{"type":"LineString","coordinates":[[139.7364124,35.6582083],[139.7364051,35.6584006],[139.7364635,35.658789]]}},{"type":"Feature","id":23297417,"properties":{"osm_id":23297417,"highway":"motorway","oneway":"yes","name":"首都高速5号池袋線","name_en":"Route 5 Ikebukuro Line","ref":"5","destination":"","maxspeed":"","bridge":"yes","tunnel":"","layer":"4"},"geometry":{"type":"LineString","coordinates":[[139.7541688,35.6942274],[139.7549338,35.6940178],[139.7550427,35.693985],[139.7551462,35.6939516],[139.7552361,35.6939188],[139.7553374,35.6938756],[139.7554369,35.6938251],[139.7555215,35.6937714],[139.7556055,35.6937124],[139.7556821,35.6936488],[139.7557613,35.6935705],[139.755829,35.6934933],[139.7558911,35.6934105],[139.7559446,35.6933272],[139.7559879,35.6932393],[139.7560248,35.693138],[139.7560496,35.693044],[139.7560637,35.6929441],[139.7560698,35.6928447],[139.7560678,35.6927355],[139.7560564,35.6926205]]}},{"type":"Feature","id":23297430,"properties":{"osm_id":23297430,"highway":"motorway","oneway":"yes","name":"首都高速都心環状線","name_en":"Shuto Expressway Inner Circular Route","ref":"C1","destination":"","maxspeed":"","bridge":"yes","tunnel":"","layer":"3"},"geometry":{"type":"LineString","coordinates":[[139.7404426,35.6684784],[139.7400895,35.668088]]}},{"type":"Feature","id":23297444,"properties":{"osm_id":23297444,"highway":"motorway","oneway":"yes","name":"首都高速都心環状線","name_en":"Circle 1","ref":"C1","destination":"","maxspeed":"","bridge":"yes","tunnel":"","layer":"3"},"geometry":{"type":"LineString","coordinates":[[139.7384328,35.6634149],[139.73818,35.6624696],[139.7379699,35.6615905],[139.7379274,35.6614129],[139.7378685,35.6612341],[139.7378037,35.6610899],[139.737701,35.6609038],[139.7375687,35.6607036],[139.7371236,35.660152],[139.7369507,35.6599172],[139.7368765,35.6597936],[139.7368076,35.659657],[139.7367533,35.6595267],[139.73671,35.6594093],[139.7366694,35.6592679],[139.7365677,35.6588184],[139.736482,35.658422],[139.7364637,35.6583126],[139.7364523,35.658208],[139.7364531,35.6581301],[139.7364593,35.6580565],[139.7364774,35.6579624],[139.7364946,35.6579],[139.7365195,35.6578165],[139.7365462,35.6577455],[139.7365834,35.6576562],[139.7366377,35.6575343],[139.7367225,35.6573686],[139.7372457,35.6564953],[139.7373297,35.6563665],[139.73749,35.6561431],[139.7375357,35.6560882],[139.7375878,35.6560334],[139.737683,35.6559488],[139.7377546,35.6558918],[139.7378422,35.6558353],[139.7378944,35.6558051],[139.7379524,35.6557782],[139.7380126,35.6557535],[139.7381044,35.6557226],[139.7381896,35.6556998],[139.7383359,35.6556691],[139.7385278,35.6556396],[139.7401292,35.6554612],[139.740329,35.6554377],[139.740508,35.6554089],[139.7406909,35.6553702],[139.7408934,35.6553191]]}},{"type":"Feature","id":23297499,"properties":{"osm_id":23297499,"highway":"motorway","oneway":"yes","name":"首都高速2号目黒線","name_en":"Route 2 Meguro Line","ref":"2","destination":"","maxspeed":"","bridge":"yes","tunnel":"","layer":"2"},"geometry":{"type":"LineString","coordinates":[[139.737453,35.6558451],[139.7375148,35.6557227],[139.7375674,35.6556035],[139.7376103,35.6554867],[139.7376412,35.655372],[139.7376627,35.6552273],[139.7376718,35.6551024],[139.73767,35.6549657],[139.7376582,35.6548268],[139.7376219,35.6545684],[139.7375234,35.6540519]]}},{"type":"Feature","id":23335097,"properties":{"osm_id":23335097,"highway":"motorway_link","oneway":"yes","name":"東名高速道路","name_en":"Tomei Expressway","ref":"","destination":"世田谷","maxspeed":"40","bridge":"yes","tunnel":"","layer":"2"},"geometry":{"type":"LineString","coordinates":[[139.6203907,35.6282003],[139.6211428,35.6281229],[139.6217903,35.6280433],[139.6225325,35.6279414],[139.6232774,35.6278307],[139.624161,35.6277031]]}},{"type":"Feature","id":23335324,"properties":{"osm_id":23335324,"highway":"motorway_link","oneway":"yes","name":"外苑出口","name_en":"","ref":"4","destination":"北青山","maxspeed":"40","bridge":"yes","tunnel":"","layer":"1"},"geometry":{"type":"LineString","coordinates":[[139.7211224,35.6796115],[139.7206026,35.6796654],[139.7205138,35.6796735],[139.7204378,35.6796721],[139.7203664,35.6796596],[139.7202999,35.6796373],[139.7202423,35.6796036],[139.7201912,35.6795554],[139.7201591,35.6795133],[139.7201342,35.6794694],[139.7201193,35.679422],[139.7201146,35.6793763],[139.7201182,35.6793324],[139.7201271,35.6792817],[139.7201559,35.6791784]]}},{"type":"Feature","id":23349659,"properties":{"osm_id":23349659,"highway":"motorway","oneway":"yes","name":"首都高速3号渋谷線","name_en":"Route 3 Shibuya Line","ref":"3","destination":"","maxspeed":"","bridge":"yes","tunnel":"","layer":"3"},"geometry":{"type":"LineString","coordinates":[[139.6729183,35.6442715],[139.6727109,35.6441739],[139.6720247,35.6438977],[139.6717221,35.6437711],[139.6715395,35.643688],[139.6714085,35.6436218],[139.6712965,35.6435585],[139.671107,35.6434312]]}},{"type":"Feature","id":23349662,"properties":{"osm_id":23349662,"highway":"motorway","oneway":"yes","name":"首都高速3号渋谷線","name_en":"Route 3 Shibuya Line","ref":"3","destination":"","maxspeed":"60","bridge":"yes","tunnel":"","layer":"2"},"geometry":{"type":"LineString","coordinates":[[139.671107,35.6434312],[139.6710226,35.6433685],[139.670931,35.6432965],[139.6708458,35.6432207],[139.6707588,35.6431347],[139.6705879,35.6429524],[139.6702291,35.6425355],[139.6700472,35.6423273],[139.6698919,35.6421342],[139.6697429,35.641939],[139.6682204,35.6398656],[139.6657742,35.636534],[139.6655795,35.6362928],[139.6653994,35.6360944],[139.6652164,35.6359193],[139.6650106,35.6357442],[139.6647774,35.6355628],[139.6645143,35.6353682],[139.6626178,35.6340273],[139.6623935,35.6338696],[139.6621263,35.6336967],[139.6618493,35.6335295],[139.6588994,35.6318433],[139.658714,35.6317351],[139.6585258,35.6316333],[139.658324,35.6315393],[139.6581151,35.6314507],[139.6578824,35.6313709],[139.6576417,35.6313014],[139.6574075,35.6312403],[139.6538347,35.6303478],[139.6534288,35.6302277],[139.6530202,35.6300946],[139.6472148,35.6281292],[139.6467445,35.6279658],[139.6462792,35.6277945],[139.6457578,35.6275923],[139.6452176,35.6273705],[139.6441067,35.6269106],[139.6428992,35.6264067],[139.6416675,35.6258734],[139.639606,35.6249224],[139.6388703,35.6245924],[139.6386711,35.6245073],[139.6384742,35.6244261],[139.6383067,35.6243668],[139.6381435,35.6243154],[139.6379858,35.6242706],[139.6378154,35.6242289],[139.6376429,35.6241945],[139.6374697,35.624168],[139.6372812,35.6241501],[139.6370939,35.6241396],[139.6369401,35.6241361],[139.636802,35.6241372],[139.6366843,35.6241417],[139.6365505,35.6241507],[139.6364275,35.6241643],[139.6362998,35.6241823],[139.6361814,35.6242035],[139.6360435,35.624234],[139.6358689,35.6242793],[139.6356934,35.6243315],[139.6354553,35.6244106],[139.635235,35.6244878],[139.6349933,35.6245825],[139.6343619,35.6248373],[139.6332303,35.6252905],[139.6318727,35.6258373],[139.6310493,35.6261662],[139.6307484,35.6262845],[139.6304604,35.6263947],[139.6301093,35.6265244],[139.6297532,35.6266314]]}},{"type":"Feature","id":23377599,"properties":{"osm_id":23377599,"highway":"motorway","oneway":"yes","name":"首都高速2号目黒線","name_en":"Route 2 Meguro Line","ref":"2","destination":"","maxspeed":"","bridge":"yes","tunnel":"","layer":"3"},"geometry":{"type":"LineString","coordinates":[[139.7376732,35.6502401],[139.7377294,35.6500011],[139.7377575,35.6498725],[139.7377709,35.6497292],[139.7377718,35.6496049],[139.7377641,35.6495113],[139.7377454,35.649408],[139.7377161,35.6493001],[139.7376762,35.6491932],[139.7373991,35.6486251],[139.7372845,35.648374],[139.7372037,35.6481722],[139.7368696,35.6472663],[139.7368095,35.6471299],[139.7367711,35.6470538],[139.7367215,35.6469757],[139.7366633,35.6469016],[139.7366045,35.6468365],[139.7365504,35.646781],[139.7364764,35.6467188],[139.7364025,35.6466668],[139.7363149,35.6466119],[139.736226,35.6465658],[139.7361283,35.646526],[139.7360517,35.646501],[139.735974,35.6464798],[139.7358923,35.6464629],[139.7357665,35.6464444],[139.735654,35.6464367],[139.7355408,35.6464359],[139.7354093,35.6464427],[139.7352423,35.6464592],[139.7344541,35.6465633],[139.7342926,35.6465915],[139.7341303,35.6466346],[139.7339747,35.6466873],[139.7338413,35.6467429],[139.7336602,35.6468368],[139.733253,35.6470371],[139.7331243,35.647089],[139.7329943,35.6471307],[139.7328738,35.6471605],[139.732757,35.6471809],[139.7326119,35.647195],[139.7324575,35.6471979],[139.7322894,35.6471956],[139.732104,35.6471821],[139.731907,35.647161],[139.731591,35.6471188],[139.7309103,35.6470199],[139.7305738,35.6469804],[139.7303631,35.6469646],[139.7301723,35.6469592],[139.7297578,35.6469587],[139.7295074,35.6469499],[139.7293762,35.6469391],[139.7292267,35.6469174],[139.7290756,35.6468882],[139.7289138,35.6468515],[139.7287254,35.6467992],[139.7282775,35.6466644],[139.7280891,35.6466171],[139.7278695,35.6465709],[139.7277026,35.6465482],[139.727523,35.6465343],[139.7273377,35.6465256],[139.7270446,35.64652],[139.7266556,35.6465151],[139.7264643,35.6465022],[139.7263197,35.6464883],[139.7261686,35.6464676],[139.7260084,35.6464379],[139.7258625,35.6464007],[139.725718,35.6463571],[139.7255028,35.6462842],[139.7251395,35.6461435],[139.7234041,35.6454792],[139.723164,35.645368],[139.7229021,35.6452218],[139.7226758,35.645074],[139.7224773,35.6449265],[139.722345,35.6448124],[139.7222342,35.6447063],[139.7221277,35.6445888],[139.7218924,35.6443098],[139.7206646,35.642768],[139.7203313,35.6423889],[139.7200839,35.6421517],[139.7198763,35.6419873],[139.7196087,35.6418064],[139.7182705,35.6410291],[139.7180557,35.6408969],[139.7178598,35.6407667],[139.7177143,35.640655],[139.7175824,35.6405411],[139.717478,35.6404335],[139.7173877,35.6403246],[139.7173096,35.6402154],[139.7172495,35.6401121],[139.7171916,35.6400027],[139.7171447,35.6398864],[139.7170975,35.6397288],[139.7170487,35.6394969],[139.7170178,35.6392826],[139.7169801,35.6389369],[139.7169396,35.6383226],[139.7169374,35.6381753],[139.7169431,35.6380563],[139.7169595,35.6379178],[139.7169845,35.637792],[139.7170218,35.6376611],[139.717061,35.6375538],[139.7171028,35.6374487],[139.7171467,35.6373579],[139.7172193,35.6372309],[139.7173082,35.6370983],[139.7174003,35.6369688],[139.7175411,35.6367939],[139.7179099,35.6364026],[139.7182722,35.6360568],[139.7192805,35.6351355],[139.7195088,35.6349231],[139.7196649,35.634748],[139.7197884,35.6345816],[139.719906,35.634405],[139.7200058,35.6342127],[139.7200931,35.6340045],[139.7201621,35.6338151],[139.7203247,35.6333217],[139.7205038,35.6327773],[139.7206769,35.6322508],[139.7208678,35.6316943],[139.7209051,35.6315557],[139.7209264,35.6314506],[139.7209417,35.6313395],[139.7209464,35.6312167],[139.7209457,35.6310928],[139.7209309,35.6309456],[139.7208593,35.630518],[139.7208273,35.6303462],[139.7207909,35.6301702],[139.7207499,35.6300445],[139.7206968,35.6299236],[139.7206119,35.6297528],[139.7196735,35.6280925],[139.7196011,35.627942],[139.7194547,35.6275962],[139.7193051,35.6271579],[139.7189991,35.6261382],[139.7189231,35.6259417],[139.7188301,35.6257402],[139.7187262,35.6255628],[139.7186076,35.6253959],[139.7180864,35.6247378],[139.7179835,35.6245989],[139.7179086,35.6244741],[139.7178654,35.6243894],[139.7178393,35.6243248],[139.7178157,35.6242502],[139.7178006,35.6241804],[139.7177885,35.6240662],[139.7177871,35.6239741],[139.7177946,35.6238643],[139.7178182,35.6236327],[139.7179771,35.622449],[139.7181893,35.6207985],[139.7183889,35.6192559],[139.718399,35.6190437],[139.7183944,35.6189399],[139.7183843,35.6188349],[139.7183693,35.6187654],[139.718349,35.6186922],[139.7183118,35.618595],[139.7181728,35.6183058],[139.717825,35.6175737]]}},{"type":"Feature","id":23580153,"properties":{"osm_id":23580153,"highway":"motorway","oneway":"yes","name":"首都高速都心環状線","name_en":"Circle 1","ref":"C1","destination":"","maxspeed":"","bridge":"yes","tunnel":"","layer":"3"},"geometry":{"type":"LineString","coordinates":[[139.7602257,35.6550338],[139.7602144,35.6538742],[139.7602077,35.6537192],[139.7601994,35.6536052],[139.7601884,35.6535164],[139.7601681,35.6534255],[139.7601375,35.6533309],[139.760096,35.6532367],[139.760053,35.6531634],[139.7600061,35.6530996],[139.7599532,35.6530402],[139.759897,35.6529881],[139.7598318,35.6529377],[139.7597631,35.6528947],[139.7596735,35.6528455],[139.7595726,35.6528007]]}},{"type":"Feature","id":23594607,"properties":{"osm_id":23594607,"highway":"motorway","oneway":"yes","name":"首都高速4号新宿線","name_en":"Route 4 Shinjuku Line","ref":"4","destination":"","maxspeed":"","bridge":"","tunnel":"yes","layer":"-1"},"geometry":{"type":"LineString","coordinates":[[139.73178,35.6807621],[139.7311482,35.6810778],[139.7308016,35.6812495],[139.7305861,35.6813415],[139.7304059,35.6814085]]}},{"type":"Feature","id":23594643,"properties":{"osm_id":23594643,"highway":"motorway","oneway":"yes","name":"首都高速4号新宿線","name_en":"Route 4 Shinjuku Line","ref":"4","destination":"","maxspeed":"60","bridge":"yes","tunnel":"","layer":"2"},"geometry":{"type":"LineString","coordinates":[[139.7401017,35.678789],[139.7397781,35.6787351],[139.7393917,35.6786832],[139.7389778,35.6786404],[139.7376271,35.6785289],[139.7363811,35.6784431],[139.735491,35.6784239],[139.7352411,35.6784256],[139.7350647,35.6784315],[139.734905,35.6784439],[139.7347535,35.6784583],[139.7346067,35.6784755],[139.733837,35.6785742],[139.7337181,35.6785966],[139.7335966,35.678625],[139.7335129,35.6786501],[139.7334432,35.6786757],[139.7333748,35.6787049],[139.7333097,35.6787365],[139.7332474,35.6787709],[139.7331908,35.6788082],[139.733145,35.6788452],[139.7330954,35.6788903],[139.7330541,35.6789367],[139.7330134,35.678992],[139.7329793,35.6790445],[139.7329419,35.6791076],[139.7328962,35.6791999],[139.7328538,35.6793052],[139.7328181,35.6794115],[139.7327172,35.6797451],[139.7326829,35.679844],[139.7326401,35.6799413],[139.7325892,35.680031],[139.732522,35.6801229],[139.732452,35.6802051]]}},{"type":"Feature","id":23647084,"properties":{"osm_id":23647084,"highway":"motorway_link","oneway":"yes","name":"","name_en":"","ref":"","destination":"","maxspeed":"","bridge":"","tunnel":"","layer":"0"},"geometry":{"type":"LineString","coordinates":[[139.7455428,35.5518588],[139.7455588,35.5519014],[139.7456989,35.5522793],[139.7461113,35.5533756]]}},{"type":"Feature","id":23681223,"properties":{"osm_id":23681223,"highway":"motorway","oneway":"yes","name":"首都高速5号池袋線","name_en":"Route 5 Ikebukuro Line","ref":"5","destination":"","maxspeed":"60","bridge":"yes","tunnel":"","layer":"3"},"geometry":{"type":"LineString","coordinates":[[139.7079018,35.7426502],[139.7078036,35.7424853],[139.7077412,35.7423922],[139.7076037,35.742204],[139.707396,35.7419386],[139.7073106,35.7418243],[139.7072506,35.7417418],[139.7072016,35.7416599],[139.707163,35.7415893],[139.707138,35.7415355],[139.7071216,35.7414863],[139.7071052,35.7414309],[139.7070929,35.7413617],[139.7070891,35.7412984],[139.7070892,35.741259],[139.7070928,35.7412112],[139.707101,35.741161],[139.707116,35.7411024],[139.7071376,35.7410405],[139.7071583,35.7409973],[139.7071798,35.7409525],[139.7072067,35.740906],[139.7072367,35.7408625],[139.7072633,35.7408281],[139.7072948,35.7407917],[139.7073289,35.7407597],[139.7073716,35.7407258],[139.7075046,35.7406307],[139.7076243,35.7405519],[139.7077875,35.7404569],[139.7082614,35.7402],[139.7092763,35.7396643],[139.7106299,35.7389296],[139.7135983,35.7374077],[139.7137336,35.7373316],[139.7138612,35.7372556],[139.7139649,35.7371854],[139.7140594,35.7371147],[139.7141528,35.7370314],[139.7142585,35.7369235],[139.7143508,35.736811],[139.7144647,35.7366468],[139.715115,35.7356057],[139.7152589,35.7353905],[139.7153675,35.735241],[139.715493,35.7350831],[139.7164443,35.7340103],[139.7165417,35.7338849],[139.7166073,35.733781],[139.7166514,35.7336926],[139.7166917,35.7336076],[139.7167267,35.7335069],[139.7167526,35.7334051],[139.716771,35.7333102],[139.7167856,35.7332059],[139.7167949,35.7330917],[139.7168651,35.7313074],[139.7168823,35.7307352],[139.7168981,35.7301241],[139.7169126,35.7297653],[139.7169339,35.7293695],[139.7169789,35.7288603],[139.7170747,35.7280229],[139.7170942,35.7278725],[139.7171229,35.7276774],[139.7171488,35.727555],[139.7171781,35.7274402],[139.717212,35.7273351],[139.7172518,35.7272465],[139.7172951,35.7271686],[139.717346,35.7270823],[139.7174004,35.727003],[139.7174655,35.7269253],[139.7175614,35.7268261],[139.7177073,35.7266967],[139.7178906,35.7265536],[139.7180671,35.7264291],[139.7219965,35.7239199],[139.7223485,35.7236853],[139.7224385,35.7236181],[139.7225105,35.7235565],[139.7225808,35.7234853],[139.7226483,35.7234008],[139.7227081,35.7233123],[139.7227668,35.7232085],[139.7228115,35.7231093],[139.7228485,35.7230134],[139.7228772,35.7229218],[139.7230299,35.7223596],[139.723089,35.7221624],[139.7231414,35.7220081],[139.723208,35.7218462],[139.7232809,35.7216934],[139.7233618,35.7215477],[139.7239734,35.7204677],[139.7240892,35.7202833],[139.7242048,35.7201252],[139.7243367,35.7199637],[139.7244112,35.7198871],[139.7244954,35.7198149],[139.7246063,35.7197346],[139.7247139,35.7196692],[139.7248423,35.719601],[139.7250016,35.7195333],[139.7251401,35.7194857],[139.7253568,35.7194203],[139.7257948,35.7193062],[139.7259912,35.7192532],[139.7261661,35.7191937],[139.7262958,35.7191368],[139.7263994,35.7190821],[139.7265076,35.7190126],[139.7265969,35.7189451],[139.7266864,35.718864],[139.7267508,35.718793],[139.7268177,35.7187064],[139.7268767,35.7186165],[139.7269264,35.7185285],[139.7273567,35.7176429],[139.730056,35.7122633],[139.7301898,35.712014],[139.7303049,35.7118084],[139.7304463,35.7115866],[139.7306039,35.7113822],[139.7307756,35.7111982],[139.7309301,35.7110515],[139.7310728,35.7109383],[139.7312133,35.7108372],[139.7313889,35.7107336],[139.7315925,35.7106195],[139.7318283,35.7105087],[139.7323547,35.7102739],[139.7340986,35.7095607],[139.7344672,35.709423],[139.7347361,35.7093371],[139.7349787,35.709272],[139.7352441,35.7092144],[139.7355545,35.7091566],[139.7359707,35.709082],[139.7423908,35.7081384],[139.7425565,35.7081051],[139.7426726,35.7080773],[139.7427668,35.7080482],[139.7428716,35.7080094],[139.7429777,35.7079599],[139.7430641,35.7079061],[139.743123,35.7078643],[139.7431738,35.7078222],[139.7432163,35.7077776],[139.7432584,35.7077325],[139.7433233,35.7076497],[139.743379,35.7075641],[139.7434353,35.7074544],[139.7434741,35.7073574],[139.7435058,35.707262],[139.7435925,35.7069037],[139.7436263,35.7067552],[139.7437363,35.7063028],[139.7438469,35.7059405],[139.7440068,35.7054805],[139.7442539,35.7047713],[139.7444681,35.7041644],[139.7445341,35.7039821],[139.7445835,35.7038588],[139.7446346,35.7037451],[139.7446986,35.7036298],[139.7447493,35.7035504],[139.7448032,35.7034801],[139.744856,35.7034219],[139.7449149,35.7033647],[139.7449952,35.7033003],[139.7450936,35.7032339],[139.7451933,35.7031768],[139.7452885,35.7031309],[139.7453694,35.7030997],[139.7454458,35.7030753],[139.7455413,35.7030488],[139.7456408,35.7030289],[139.7457473,35.7030133],[139.7458384,35.7030033],[139.7459251,35.7029972],[139.7460881,35.7029928],[139.7462124,35.7029924],[139.7462649,35.7029923],[139.7481805,35.7030264],[139.7484976,35.7030334],[139.7486719,35.7030364],[139.7488353,35.7030365],[139.7489617,35.7030336],[139.7490739,35.7030264],[139.7491686,35.7030174],[139.7492568,35.7030036],[139.7493457,35.7029874],[139.7494343,35.7029668],[139.7495164,35.7029439],[139.7495936,35.7029176],[139.7496681,35.7028865],[139.749751,35.7028476],[139.749829,35.7028039],[139.7499137,35.7027502],[139.7499928,35.7026916],[139.7500669,35.7026317],[139.7501368,35.7025652],[139.7501995,35.7024974],[139.7502561,35.7024312],[139.7503089,35.7023613],[139.7503594,35.7022849],[139.7504187,35.7021889],[139.75048,35.7020812],[139.7512081,35.7007375],[139.7518966,35.6994724],[139.7520386,35.6992089],[139.7521104,35.6990635],[139.7521661,35.6989332],[139.7522181,35.6987875],[139.7522552,35.6986414],[139.7522905,35.6984977],[139.7523537,35.6981895],[139.7524381,35.6977106],[139.7525212,35.6972378],[139.7527124,35.6961895],[139.7528105,35.6956532],[139.7528225,35.6956005],[139.7528358,35.6955479],[139.7528534,35.6954966],[139.7528756,35.6954441],[139.7528979,35.6953989],[139.7529201,35.6953548],[139.7529713,35.6952648],[139.7530336,35.6951676],[139.7531084,35.695065],[139.7531945,35.6949558],[139.7532897,35.6948469],[139.7533964,35.6947429],[139.7535069,35.694651],[139.7536274,35.6945644],[139.753736,35.6944966],[139.7538553,35.6944343],[139.7539853,35.6943787],[139.7541134,35.6943311],[139.7542502,35.6942851],[139.754399,35.6942427],[139.7548732,35.6941266],[139.7550083,35.694089],[139.7551315,35.6940506],[139.7552345,35.6940125],[139.7553205,35.693975],[139.7554072,35.6939292],[139.7554969,35.6938719],[139.7555872,35.6938016],[139.7556782,35.6937224],[139.7558926,35.6935067],[139.7559984,35.6934076],[139.7563232,35.6930917],[139.7573764,35.6920541]]}},{"type":"Feature","id":23704416,"properties":{"osm_id":23704416,"highway":"motorway_link","oneway":"yes","name":"首都高速都心環状線","name_en":"Inner Circular Route","ref":"","destination":"","maxspeed":"","bridge":"","tunnel":"","layer":"0"},"geometry":{"type":"LineString","coordinates":[[139.7501487,35.6891154],[139.7498898,35.6891479]]}},{"type":"Feature","id":23704429,"properties":{"osm_id":23704429,"highway":"motorway_link","oneway":"yes","name":"首都高速道路","name_en":"Shuto Expressway","ref":"","destination":"","maxspeed":"","bridge":"","tunnel":"","layer":"0"},"geometry":{"type":"LineString","coordinates":[[139.751823,35.6895216],[139.7517026,35.6894947],[139.7516256,35.6894765],[139.7515996,35.6894701],[139.7514839,35.6894459],[139.7513681,35.6894216],[139.7512675,35.6893911],[139.7509415,35.6892442],[139.750763,35.6891777]]}},{"type":"Feature","id":23704436,"properties":{"osm_id":23704436,"highway":"motorway_link","oneway":"yes","name":"首都高速都心環状線","name_en":"Inner Circular Route","ref":"","destination":"","maxspeed":"","bridge":"","tunnel":"yes","layer":"-1"},"geometry":{"type":"LineString","coordinates":[[139.750763,35.6891777],[139.7506331,35.6891416],[139.7504922,35.6891194],[139.7503391,35.6891109],[139.7501487,35.6891154]]}},{"type":"Feature","id":23704461,"properties":{"osm_id":23704461,"highway":"motorway","oneway":"yes","name":"首都高速都心環状線","name_en":"Circle 1","ref":"C1","destination":"","maxspeed":"","bridge":"","tunnel":"yes","layer":"-1"},"geometry":{"type":"LineString","coordinates":[[139.7521828,35.6899223],[139.7509276,35.6893718],[139.7508084,35.6893247],[139.7507121,35.6892937],[139.7506042,35.6892681],[139.7505168,35.6892515],[139.7504045,35.6892351],[139.7503069,35.6892265]]}},{"type":"Feature","id":23704469,"properties":{"osm_id":23704469,"highway":"motorway","oneway":"yes","name":"首都高速都心環状線","name_en":"Inner Circular Route","ref":"C1","destination":"","maxspeed":"","bridge":"","tunnel":"","layer":"0"},"geometry":{"type":"LineString","coordinates":[[139.7503069,35.6892265],[139.7501005,35.6892197],[139.7498949,35.6892295]]}},{"type":"Feature","id":23705286,"properties":{"osm_id":23705286,"highway":"motorway_link","oneway":"yes","name":"汐留入口","name_en":"Shiodome Entrance","ref":"","destination":"","maxspeed":"","bridge":"","tunnel":"","layer":"0"},"geometry":{"type":"LineString","coordinates":[[139.7629036,35.6632827],[139.7628,35.6632663],[139.7627272,35.6632423],[139.7626587,35.6632024],[139.7626137,35.6631618],[139.7625727,35.6631169],[139.7625445,35.6630707],[139.7625271,35.6630321],[139.7624914,35.6629479]]}},{"type":"Feature","id":23974979,"properties":{"osm_id":23974979,"highway":"motorway","oneway":"yes","name":"首都高速4号新宿線","name_en":"Route 4 Shinjuku Line","ref":"4","destination":"","maxspeed":"","bridge":"yes","tunnel":"","layer":"2"},"geometry":{"type":"LineString","coordinates":[[139.7422125,35.6816514],[139.7421599,35.6815501],[139.7421256,35.6814712],[139.7420961,35.6813975],[139.7420754,35.6813229],[139.7420624,35.6812459],[139.7420539,35.6811571],[139.742051,35.6810451],[139.742077,35.6804201],[139.7420804,35.6801776],[139.7420811,35.6800573],[139.7420764,35.6799497],[139.7420588,35.6798454],[139.7420388,35.6797676],[139.7420156,35.6797011],[139.7419872,35.6796347],[139.7419499,35.679566],[139.7419028,35.6794961]]}},{"type":"Feature","id":24039713,"properties":{"osm_id":24039713,"highway":"motorway","oneway":"yes","name":"首都高速2号目黒線","name_en":"Route 2 Meguro Line","ref":"2","destination":"","maxspeed":"","bridge":"yes","tunnel":"","layer":"3"},"geometry":{"type":"LineString","coordinates":[[139.7177486,35.6175973],[139.7181006,35.6183459],[139.7182237,35.6186274],[139.7182554,35.6187088],[139.7182731,35.618777],[139.7182903,35.6188427],[139.7182986,35.6189019],[139.7183041,35.6189712],[139.7183055,35.6190413],[139.7182891,35.6192971],[139.7181515,35.6203792],[139.718056,35.6210835],[139.7179813,35.6216726],[139.7177326,35.6236221],[139.7176983,35.6238548],[139.717689,35.6239668],[139.7176899,35.6240761],[139.7177049,35.6241874],[139.7177227,35.6242699],[139.7177454,35.6243454],[139.7177733,35.6244145],[139.7178184,35.6244975],[139.7178815,35.6246035],[139.7179855,35.6247483],[139.7185375,35.6254275],[139.7186509,35.6255926],[139.7187511,35.6257582],[139.7188421,35.6259586],[139.7189231,35.6261793],[139.7192185,35.6271749],[139.7193784,35.6276261],[139.7195189,35.6279604],[139.7196061,35.6281266],[139.7205298,35.6297784],[139.7206064,35.6299452],[139.7206571,35.6300601],[139.7206986,35.6301832],[139.7207364,35.6303549],[139.7207702,35.6305265],[139.7208375,35.6309523],[139.7208515,35.6310972],[139.7208554,35.6312176],[139.7208483,35.6313362],[139.7208339,35.6314399],[139.7208148,35.6315444],[139.7207782,35.6316832],[139.7205948,35.6322328],[139.7204243,35.6327561],[139.7202462,35.6332988],[139.7200732,35.6337996],[139.7200032,35.6339868],[139.7199207,35.6341843],[139.7198191,35.6343771],[139.7197007,35.6345546],[139.7195811,35.6347122],[139.719428,35.634886],[139.7192347,35.6350715],[139.7182066,35.6360105],[139.7178429,35.6363576],[139.7174738,35.6367371],[139.7173157,35.6369313],[139.7172232,35.6370594],[139.7171305,35.6371939],[139.7170508,35.6373232],[139.7169995,35.6374227],[139.7169517,35.6375293],[139.7169092,35.6376397],[139.7168521,35.6379136],[139.7168353,35.6380598],[139.7168324,35.6381733],[139.7168384,35.6383288],[139.7169045,35.6390117],[139.7169549,35.6394762],[139.7170048,35.6397473],[139.717057,35.639911],[139.7171045,35.6400351],[139.7171613,35.6401461],[139.7172269,35.6402556],[139.7173038,35.6403633],[139.7174035,35.6404817],[139.7175092,35.640594],[139.7176374,35.6407068],[139.7177826,35.6408167],[139.7179771,35.6409491],[139.7182125,35.6410863],[139.719495,35.641835],[139.719732,35.642001],[139.7199834,35.6422181],[139.7201953,35.6424163],[139.7203238,35.6425614],[139.7204686,35.6427488],[139.7205769,35.6428865],[139.7210608,35.6434092],[139.7211441,35.6435053],[139.7218245,35.6443459],[139.7220574,35.6446257],[139.7221617,35.644737],[139.7222805,35.6448555],[139.7224098,35.6449714],[139.722618,35.6451291],[139.7228652,35.6452866],[139.7231242,35.6454273],[139.7233745,35.64554],[139.7255838,35.6463883],[139.7257714,35.6464507],[139.7259324,35.6464936],[139.726061,35.6465229],[139.7261974,35.6465477],[139.7263593,35.6465665],[139.7265049,35.6465781],[139.7266548,35.6465837],[139.7270459,35.6465902],[139.7273856,35.6465973],[139.7275835,35.6466101],[139.7277537,35.6466291],[139.7279184,35.6466557],[139.7281407,35.6467039],[139.7284073,35.6467761],[139.728854,35.6469115],[139.7290628,35.6469625],[139.7292261,35.6469938],[139.7293648,35.6470107],[139.7294938,35.647019],[139.7297411,35.6470255],[139.7301096,35.6470274],[139.7303411,35.6470337],[139.7305233,35.647046],[139.7306935,35.647064],[139.730897,35.6470881],[139.7319629,35.6472355],[139.7322295,35.6472627],[139.7324226,35.6472701],[139.7326147,35.6472683],[139.7327647,35.6472564],[139.7329028,35.647234],[139.733027,35.6472033],[139.7331789,35.6471521],[139.7333549,35.6470753],[139.7337156,35.646888],[139.733889,35.6468074],[139.7340201,35.6467528],[139.734155,35.6467065],[139.7343113,35.6466653],[139.7344614,35.6466374],[139.7352257,35.6465342],[139.7354162,35.6465166],[139.7355341,35.6465131],[139.7356449,35.6465155],[139.73576,35.6465252],[139.7358726,35.6465419],[139.7359478,35.6465584],[139.7360142,35.646578],[139.7360783,35.6466003],[139.7361712,35.6466404],[139.7362611,35.6466866],[139.7363407,35.6467336],[139.7364133,35.6467839],[139.7364724,35.6468312],[139.7365271,35.6468852],[139.7365825,35.6469484],[139.7366231,35.647002],[139.7366776,35.6470815]]}},{"type":"Feature","id":24039714,"properties":{"osm_id":24039714,"highway":"motorway","oneway":"yes","name":"首都高速2号目黒線","name_en":"Route 2 Meguro Line","ref":"2","destination":"","maxspeed":"","bridge":"","tunnel":"","layer":"0"},"geometry":{"type":"LineString","coordinates":[[139.7155352,35.6187045],[139.7158285,35.6188527],[139.716171,35.6190483]]}},{"type":"Feature","id":24039737,"properties":{"osm_id":24039737,"highway":"motorway","oneway":"yes","name":"首都高速都心環状線","name_en":"Circle 1","ref":"C1","destination":"","maxspeed":"50","bridge":"yes","tunnel":"","layer":"2"},"geometry":{"type":"LineString","coordinates":[[139.7408695,35.6552473],[139.7406977,35.6552993],[139.7405139,35.6553508],[139.740322,35.655397],[139.7401234,35.6554289],[139.738528,35.6556115],[139.7383285,35.6556424],[139.7381822,35.6556753],[139.7380869,35.6557019],[139.7380023,35.6557302],[139.7379392,35.6557548],[139.7378829,35.6557818],[139.7378288,35.6558117],[139.7377325,35.6558742],[139.7376537,35.6559344],[139.7375602,35.6560183],[139.7375038,35.6560772],[139.7374492,35.6561403],[139.7372962,35.6563568],[139.7372099,35.6564835],[139.7367671,35.657219],[139.7366068,35.6575012],[139.7365732,35.6575646],[139.7365322,35.657652],[139.7364992,35.6577309],[139.736475,35.6578039],[139.7364517,35.6578862],[139.736432,35.6579718],[139.7364174,35.6580521],[139.7364113,35.6581291],[139.7364124,35.6582083],[139.7364213,35.6583158],[139.7364401,35.6584262],[139.7365269,35.6588233],[139.7366301,35.6592734]]}},{"type":"Feature","id":24039738,"properties":{"osm_id":24039738,"highway":"motorway","oneway":"yes","name":"首都高速都心環状線","name_en":"Circle 1","ref":"C1","destination":"","maxspeed":"50","bridge":"yes","tunnel":"","layer":"2"},"geometry":{"type":"LineString","coordinates":[[139.7408934,35.6553191],[139.7416014,35.6551257],[139.7417578,35.6550889],[139.7419155,35.6550553],[139.7420723,35.655029],[139.74226,35.655005],[139.7449458,35.6547732],[139.745135,35.6547494],[139.7453174,35.654719],[139.7454405,35.6546889],[139.7455477,35.6546562],[139.7456424,35.654619],[139.7457288,35.6545772],[139.7458252,35.6545222],[139.7459029,35.6544714],[139.7459838,35.6544093],[139.7460546,35.6543507],[139.7461377,35.6542748],[139.7462148,35.6541965],[139.7464413,35.6539302],[139.7465379,35.6538226],[139.7466331,35.6537249],[139.7467328,35.6536383],[139.74686,35.6535449],[139.7469832,35.6534685],[139.7470786,35.6534183],[139.7471778,35.6533764],[139.7472861,35.6533383],[139.7474325,35.653298],[139.7475949,35.6532629],[139.7477953,35.6532315],[139.7488277,35.6531058],[139.7490088,35.653095],[139.7491764,35.6530922],[139.7493393,35.6531008],[139.7494631,35.6531179],[139.7495585,35.6531379],[139.7496792,35.6531708],[139.7497999,35.6532102],[139.7499033,35.6532478],[139.7500205,35.6533014],[139.7503863,35.6534727],[139.750505,35.6535234],[139.7506213,35.6535655],[139.7507397,35.653601],[139.7508604,35.6536263],[139.7509813,35.6536413],[139.7511119,35.6536482],[139.7512412,35.6536474],[139.7513731,35.6536353],[139.7515106,35.6536173],[139.751644,35.653596],[139.7529688,35.6533664],[139.7539018,35.6532107],[139.7542021,35.653169],[139.7545678,35.6531261]]}},{"type":"Feature","id":24039751,"properties":{"osm_id":24039751,"highway":"motorway","oneway":"yes","name":"首都高速都心環状線","name_en":"Circle 1","ref":"C1","destination":"","maxspeed":"","bridge":"","tunnel":"","layer":"0"},"geometry":{"type":"LineString","coordinates":[[139.743486,35.671565],[139.7436137,35.6716448],[139.7437468,35.6717115],[139.7438679,35.6717652],[139.743998,35.6718132],[139.7441415,35.6718548],[139.7443268,35.6718992],[139.7446743,35.6719746]]}},{"type":"Feature","id":24039773,"properties":{"osm_id":24039773,"highway":"motorway","oneway":"yes","name":"首都高速都心環状線","name_en":"Circle 1","ref":"C1","destination":"神田橋;箱崎","maxspeed":"","bridge":"","tunnel":"","layer":"0"},"geometry":{"type":"LineString","coordinates":[[139.7521439,35.6899891],[139.7524874,35.6901453],[139.7527987,35.6902816],[139.7531981,35.6904463],[139.7535989,35.6906002],[139.7541306,35.6908005]]}},{"type":"Feature","id":24039781,"properties":{"osm_id":24039781,"highway":"motorway","oneway":"yes","name":"首都高速都心環状線","name_en":"Shuto Expressway Inner Circular Route","ref":"C1","destination":"","maxspeed":"50","bridge":"yes","tunnel":"","layer":"3"},"geometry":{"type":"LineString","coordinates":[[139.7622957,35.6904857],[139.7629092,35.6902664],[139.7629903,35.6902353],[139.7630713,35.6902021],[139.7631456,35.6901661],[139.7632186,35.6901242],[139.7632892,35.6900805],[139.7633585,35.6900342],[139.7634238,35.6899852],[139.7634891,35.6899329],[139.7637448,35.6897155],[139.7638548,35.6896283],[139.7639437,35.6895607],[139.7640353,35.689498],[139.7641168,35.6894463],[139.7641801,35.6894122],[139.7642639,35.6893759],[139.7643568,35.6893422],[139.7644488,35.6893139],[139.7645549,35.6892871],[139.7646581,35.6892635],[139.764764,35.6892421],[139.7657834,35.6890558],[139.7659938,35.6890269],[139.7661658,35.6890066],[139.7665762,35.6889683],[139.7667472,35.6889519],[139.766939,35.6889325],[139.7671445,35.6888968],[139.767283,35.6888708],[139.767443,35.6888352],[139.7675825,35.6887961],[139.767706,35.6887519],[139.7678166,35.6887034],[139.767942,35.6886393],[139.768065,35.6885667],[139.7686502,35.6881928],[139.768816,35.6880757],[139.7689323,35.6879799],[139.7690495,35.6878715],[139.7692093,35.6877123],[139.7694157,35.6874917],[139.7702039,35.6865807],[139.770274,35.686491],[139.7703774,35.6863351],[139.7704532,35.6861927],[139.7705958,35.6858891],[139.7707944,35.6854216],[139.7708708,35.6852646],[139.7709166,35.6851816],[139.7709567,35.6851196],[139.7710035,35.6850583],[139.7710493,35.6850093],[139.771099,35.6849625],[139.7711541,35.6849154],[139.7712129,35.6848699],[139.7712658,35.6848355],[139.7713225,35.6848001],[139.771384,35.6847663],[139.7714572,35.6847315],[139.7715465,35.684697],[139.7716306,35.6846723],[139.771727,35.6846495],[139.7718709,35.6846187],[139.7734169,35.6843291],[139.7743041,35.6841701],[139.7745388,35.6841355]]}},{"type":"Feature","id":24039815,"properties":{"osm_id":24039815,"highway":"motorway_link","oneway":"yes","name":"神田橋出口","name_en":"Inner Circular Route","ref":"C1","destination":"大手町;日比谷通り;錦町有楽町線","maxspeed":"","bridge":"yes","tunnel":"","layer":"3"},"geometry":{"type":"LineString","coordinates":[[139.7622957,35.6904857],[139.7629353,35.6903114],[139.7630222,35.6902853],[139.763105,35.6902553],[139.7631852,35.6902207],[139.7632613,35.6901811],[139.7633354,35.6901346],[139.7634068,35.6900847],[139.7635389,35.6899833],[139.7637009,35.6898519],[139.7637467,35.6898203],[139.763792,35.6897996],[139.7638399,35.689786],[139.763888,35.6897798],[139.7639334,35.6897806],[139.7639783,35.6897897],[139.7640158,35.6898052],[139.7640486,35.6898292],[139.7640733,35.6898547],[139.764091,35.6898839],[139.7641001,35.6899175],[139.7640984,35.6899537],[139.7640886,35.6899878],[139.7640701,35.6900159],[139.7640444,35.6900443],[139.764012,35.6900722]]}},{"type":"Feature","id":24040125,"properties":{"osm_id":24040125,"highway":"motorway","oneway":"yes","name":"首都高速4号新宿線","name_en":"Route 4 Shinjuku Line","ref":"4","destination":"","maxspeed":"60","bridge":"yes","tunnel":"","layer":"2"},"geometry":{"type":"LineString","coordinates":[[139.6424811,35.6676451],[139.6417868,35.6675563],[139.6414341,35.6675145],[139.6410653,35.6674837],[139.6395073,35.6674025],[139.6392053,35.6673964],[139.638871,35.6674042],[139.6385547,35.6674317],[139.6382613,35.6674778],[139.6379512,35.6675462],[139.6376023,35.667644],[139.6360608,35.668154],[139.6346623,35.6686248],[139.633018,35.6691696],[139.6327644,35.6692434],[139.6324848,35.6693138],[139.6322039,35.6693656],[139.6319065,35.6694063],[139.6308782,35.6695257],[139.6305319,35.6695719],[139.62829,35.6699054],[139.6267071,35.6701416],[139.6261745,35.6702131],[139.6255965,35.6703046],[139.6253924,35.6703428],[139.6251632,35.6703976],[139.6249748,35.6704563],[139.6247746,35.6705323],[139.624544,35.6706351],[139.6243459,35.670744],[139.6241276,35.6708854],[139.623876,35.67107],[139.6234419,35.6714198],[139.622947,35.6718289],[139.6226287,35.6721019],[139.6223024,35.6723928],[139.6219676,35.6727036],[139.6213954,35.6732258]]}},{"type":"Feature","id":24040126,"properties":{"osm_id":24040126,"highway":"motorway","oneway":"yes","name":"首都高速4号新宿線","name_en":"Route 4 Shinjuku Line","ref":"4","destination":"","maxspeed":"60","bridge":"yes","tunnel":"","layer":"1"},"geometry":{"type":"LineString","coordinates":[[139.7264145,35.6812005],[139.726109,35.6810677],[139.7251664,35.6806759],[139.7247967,35.6805209],[139.7244861,35.6803866],[139.7237547,35.6800489],[139.7235157,35.6799468],[139.7232908,35.6798631],[139.7230336,35.6797835],[139.7227799,35.6797226],[139.7225354,35.6796753],[139.7223002,35.6796443],[139.7220537,35.6796288],[139.7218184,35.6796292],[139.7215791,35.6796394],[139.7213122,35.6796622],[139.7210654,35.679689],[139.7199979,35.6798152]]}},{"type":"Feature","id":24040164,"properties":{"osm_id":24040164,"highway":"motorway","oneway":"yes","name":"中央自動車道","name_en":"Chuo Expressway","ref":"E20","destination":"","maxspeed":"60","bridge":"yes","tunnel":"","layer":"2"},"geometry":{"type":"LineString","coordinates":[[139.6132153,35.6777028],[139.612872,35.6778963],[139.6126898,35.6779929],[139.6124831,35.6780949],[139.612251,35.6782031],[139.6120109,35.6783067],[139.6116483,35.6784515],[139.6111824,35.67863],[139.6107897,35.6787749],[139.6099695,35.6790582],[139.6090922,35.6793574],[139.6080391,35.6796909],[139.6070367,35.6799994],[139.6066218,35.6801218],[139.6063367,35.6802005],[139.6060845,35.6802634],[139.6058144,35.6803191],[139.6055729,35.6803584],[139.605316,35.6803887],[139.6050693,35.6804075],[139.6048115,35.680415],[139.6045567,35.6804094],[139.6042937,35.6803924],[139.6040437,35.6803623],[139.6037918,35.6803174],[139.6035536,35.6802652],[139.603308,35.6801945],[139.6030798,35.680122],[139.602845,35.6800291]]}},{"type":"Feature","id":24334645,"properties":{"osm_id":24334645,"highway":"motorway","oneway":"yes","name":"首都高速3号渋谷線","name_en":"Route 3 Shibuya Line","ref":"3","destination":"","maxspeed":"","bridge":"yes","tunnel":"","layer":"3"},"geometry":{"type":"LineString","coordinates":[[139.6710242,35.6434799],[139.6711299,35.643554],[139.6712266,35.6436157],[139.6713244,35.6436712],[139.671427,35.6437245],[139.6716634,35.6438322],[139.6719061,35.6439307],[139.6723859,35.6441237],[139.6725652,35.6442049],[139.6727366,35.6442936],[139.6728979,35.6443889],[139.6740129,35.6451053],[139.6743092,35.6452843],[139.6746592,35.6454882],[139.6750147,35.6456878],[139.6768056,35.6466728],[139.6784991,35.6475809],[139.6787882,35.6477383]]}},{"type":"Feature","id":24334770,"properties":{"osm_id":24334770,"highway":"motorway","oneway":"yes","name":"首都高速5号池袋線","name_en":"Route 5 Ikebukuro Line","ref":"5","destination":"北池袋;関越道(E17)","maxspeed":"","bridge":"","tunnel":"","layer":"0"},"geometry":{"type":"LineString","coordinates":[[139.7527987,35.6902816],[139.7535608,35.6906495],[139.7538303,35.6907649],[139.7540876,35.6908673]]}},{"type":"Feature","id":24336502,"properties":{"osm_id":24336502,"highway":"motorway_link","oneway":"yes","name":"首都高速3号渋谷線","name_en":"Route 3 Shibuya Line","ref":"3","destination":"","maxspeed":"40","bridge":"yes","tunnel":"","layer":"2"},"geometry":{"type":"LineString","coordinates":[[139.7387733,35.664966],[139.7388067,35.6653174],[139.7388083,35.6653721],[139.7388032,35.6654283],[139.7387957,35.665482],[139.7387804,35.6655394],[139.7387572,35.6655947],[139.7387314,35.6656431],[139.7387005,35.6656921],[139.7386712,35.6657306],[139.7386221,35.6657799],[139.7385659,35.6658273],[139.7385136,35.6658646],[139.7384576,35.6658975],[139.7383967,35.6659228],[139.7383225,35.6659479],[139.7382401,35.6659677],[139.7381517,35.6659812],[139.7380402,35.6659862],[139.7379228,35.6659806],[139.7378078,35.6659625],[139.737694,35.6659313],[139.7375736,35.6658902],[139.7374552,35.6658415],[139.7373257,35.6657805],[139.7367361,35.6654776]]}},{"type":"Feature","id":24372960,"properties":{"osm_id":24372960,"highway":"motorway","oneway":"yes","name":"首都高速都心環状線","name_en":"Inner Circular Route","ref":"C1","destination":"","maxspeed":"","bridge":"yes","tunnel":"","layer":"1"},"geometry":{"type":"LineString","coordinates":[[139.7455502,35.6887843],[139.7455817,35.6888175],[139.7456269,35.6888568],[139.7456893,35.6889065],[139.7457643,35.6889581],[139.7458397,35.6890019],[139.7459317,35.6890464],[139.7460289,35.6890852],[139.7461388,35.6891206],[139.7462824,35.6891563],[139.7464124,35.6891839],[139.7469766,35.6892825],[139.7476187,35.6893928],[139.7478296,35.6894282],[139.7479966,35.689451],[139.7481411,35.68946],[139.7482914,35.6894572],[139.7484161,35.6894471],[139.7486635,35.6894225],[139.7489753,35.6893896],[139.7494008,35.6893415],[139.7497096,35.6893121],[139.7499016,35.6892987]]}},{"type":"Feature","id":24372965,"properties":{"osm_id":24372965,"highway":"motorway","oneway":"yes","name":"首都高速都心環状線","name_en":"Circle 1","ref":"C1","destination":"","maxspeed":"","bridge":"","tunnel":"yes","layer":"-1"},"geometry":{"type":"LineString","coordinates":[[139.7505626,35.689338],[139.7506649,35.6893619],[139.7507573,35.689386],[139.7508487,35.6894149],[139.7509348,35.689446],[139.7514677,35.6896688],[139.7521439,35.6899891]]}},{"type":"Feature","id":24402014,"properties":{"osm_id":24402014,"highway":"motorway_link","oneway":"yes","name":"飯倉入口","name_en":"Metropolitan Expressway","ref":"C1","destination":"","maxspeed":"","bridge":"","tunnel":"","layer":"0"},"geometry":{"type":"LineString","coordinates":[[139.7386334,35.6637802],[139.7385334,35.6636363],[139.7384643,35.6634192]]}},{"type":"Feature","id":24402015,"properties":{"osm_id":24402015,"highway":"motorway_link","oneway":"yes","name":"飯倉入口","name_en":"","ref":"","destination":"","maxspeed":"","bridge":"yes","tunnel":"","layer":"3"},"geometry":{"type":"LineString","coordinates":[[139.7380961,35.6618611],[139.7380175,35.6615716],[139.7379634,35.6614083],[139.7378879,35.6612069],[139.737825,35.6610853],[139.737701,35.6609038]]}},{"type":"Feature","id":24402018,"properties":{"osm_id":24402018,"highway":"motorway_link","oneway":"yes","name":"飯倉入口","name_en":"","ref":"","destination":"","maxspeed":"","bridge":"","tunnel":"","layer":"1"},"geometry":{"type":"LineString","coordinates":[[139.7384643,35.6634192],[139.7384205,35.6632428],[139.738374,35.6630551]]}},{"type":"Feature","id":24402095,"properties":{"osm_id":24402095,"highway":"motorway","oneway":"yes","name":"首都高速都心環状線","name_en":"Circle 1","ref":"C1","destination":"","maxspeed":"","bridge":"","tunnel":"","layer":"0"},"geometry":{"type":"LineString","coordinates":[[139.7532112,35.6903634],[139.7528619,35.6902233],[139.7525297,35.6900804],[139.7521828,35.6899223]]}},{"type":"Feature","id":24402099,"properties":{"osm_id":24402099,"highway":"motorway","oneway":"yes","name":"首都高速都心環状線","name_en":"Shuto Expressway Inner Circular Route","ref":"C1","destination":"","maxspeed":"50","bridge":"yes","tunnel":"","layer":"2"},"geometry":{"type":"LineString","coordinates":[[139.7760438,35.6841002],[139.7756023,35.6840315],[139.7753987,35.6840038]]}},{"type":"Feature","id":24402125,"properties":{"osm_id":24402125,"highway":"motorway_link","oneway":"yes","name":"","name_en":"","ref":"C1","destination":"","maxspeed":"40","bridge":"yes","tunnel":"","layer":"2"},"geometry":{"type":"LineString","coordinates":[[139.7600832,35.6601507],[139.7606075,35.660892],[139.7612268,35.6616622]]}},{"type":"Feature","id":24402503,"properties":{"osm_id":24402503,"highway":"motorway","oneway":"yes","name":"首都高速4号新宿線","name_en":"Route 4 Shinjuku Line","ref":"4","destination":"","maxspeed":"","bridge":"","tunnel":"yes","layer":"-1"},"geometry":{"type":"LineString","coordinates":[[139.7442641,35.6835359],[139.7442121,35.6834064],[139.7441585,35.6832948],[139.7440929,35.6831846],[139.7440202,35.6830803],[139.7439664,35.6830101],[139.7439133,35.682946],[139.7438617,35.6828916],[139.743786,35.6828202],[139.7437176,35.6827643],[139.7436462,35.68271],[139.7435576,35.6826535],[139.7428745,35.6822697],[139.7427627,35.6822015],[139.7426532,35.6821273],[139.7425573,35.6820548],[139.7424813,35.681994],[139.7424349,35.6819526],[139.7423848,35.681899],[139.7423383,35.6818452],[139.7422975,35.6817895],[139.7422547,35.6817256],[139.7422125,35.6816514]]}},{"type":"Feature","id":24402539,"properties":{"osm_id":24402539,"highway":"motorway_link","oneway":"yes","name":"霞が関出口","name_en":"Inner Circular Route","ref":"C1","destination":"","maxspeed":"","bridge":"","tunnel":"yes","layer":"-1"},"geometry":{"type":"LineString","coordinates":[[139.7492937,35.6764066],[139.7492857,35.6763573],[139.7492705,35.6762893],[139.7492348,35.6761562],[139.7492006,35.6760534],[139.7491632,35.6759579],[139.749122,35.6758744],[139.7490776,35.6757946],[139.7490282,35.6757089],[139.748981,35.6756293],[139.7488943,35.6754895]]}},{"type":"Feature","id":24402540,"properties":{"osm_id":24402540,"highway":"motorway","oneway":"yes","name":"首都高速都心環状線","name_en":"Inner Circular Route","ref":"C1","destination":"","maxspeed":"","bridge":"","tunnel":"yes","layer":"-1"},"geometry":{"type":"LineString","coordinates":[[139.7454636,35.6884337],[139.7453987,35.6881947],[139.74501,35.6865135],[139.7446213,35.6848323],[139.7445847,35.6847038],[139.7444756,35.6843718],[139.7444321,35.6842185],[139.7442641,35.6835359],[139.7441752,35.6830775],[139.7441437,35.6828845],[139.7441136,35.682682],[139.7440932,35.6825299],[139.7440782,35.6823344],[139.7440768,35.6822191],[139.7440794,35.6820864],[139.7440898,35.6819627],[139.7441097,35.6818438],[139.7441432,35.6817191],[139.7441753,35.6816151],[139.7442137,35.6815155],[139.7442552,35.6814279],[139.7443895,35.6811828]]}},{"type":"Feature","id":24402541,"properties":{"osm_id":24402541,"highway":"motorway","oneway":"yes","name":"首都高速都心環状線","name_en":"Shuto Expressway Inner Circular Route","ref":"C1","destination":"","maxspeed":"","bridge":"","tunnel":"yes","layer":"-1"},"geometry":{"type":"LineString","coordinates":[[139.7492937,35.6764066],[139.7492829,35.6762959],[139.7492693,35.6761841],[139.7492435,35.6760542],[139.7492078,35.6759282],[139.7491601,35.6758044],[139.7490981,35.6756702],[139.7489757,35.6754568],[139.7482155,35.6742763],[139.7479186,35.6738315],[139.7477824,35.6736374],[139.7476827,35.6735157],[139.7475615,35.6733863],[139.7468119,35.6726653],[139.7466349,35.6725133],[139.7465439,35.6724442],[139.7464616,35.6723889],[139.746368,35.6723362],[139.7462736,35.6722895],[139.7461696,35.6722468],[139.7459944,35.6721856],[139.7458206,35.6721341],[139.7456375,35.6720846],[139.7454557,35.6720426],[139.7451617,35.6719827]]}},{"type":"Feature","id":24402609,"properties":{"osm_id":24402609,"highway":"motorway","oneway":"yes","name":"首都高速都心環状線","name_en":"Circle 1","ref":"C1","destination":"","maxspeed":"","bridge":"","tunnel":"","layer":"0"},"geometry":{"type":"LineString","coordinates":[[139.7446967,35.6718937],[139.7443482,35.671822],[139.7441704,35.6717791],[139.7440348,35.6717403],[139.7439111,35.6716962],[139.7437952,35.6716474],[139.7436709,35.671585],[139.7435467,35.6715094]]}},{"type":"Feature","id":24402611,"properties":{"osm_id":24402611,"highway":"motorway","oneway":"yes","name":"首都高速都心環状線","name_en":"Circle 1","ref":"C1","destination":"","maxspeed":"50","bridge":"yes","tunnel":"","layer":"1"},"geometry":{"type":"LineString","coordinates":[[139.7435467,35.6715094],[139.7434654,35.6714484],[139.7433952,35.6713913],[139.7432859,35.6712966],[139.7431361,35.6711582],[139.7429544,35.6709781],[139.7422937,35.6703532],[139.7416223,35.6697253],[139.741247,35.6693595],[139.7408448,35.6689277],[139.7404426,35.6684784]]}},{"type":"Feature","id":24636413,"properties":{"osm_id":24636413,"highway":"motorway","oneway":"yes","name":"中央自動車道","name_en":"Chuo Expressway","ref":"E20","destination":"","maxspeed":"60","bridge":"yes","tunnel":"","layer":"2"},"geometry":{"type":"LineString","coordinates":[[139.6117459,35.678569],[139.6119671,35.678499],[139.6122698,35.6783904],[139.6125412,35.6782767],[139.6127992,35.6781576],[139.6130663,35.6780215],[139.6133451,35.6778602]]}},{"type":"Feature","id":24636426,"properties":{"osm_id":24636426,"highway":"motorway","oneway":"yes","name":"首都高速4号新宿線","name_en":"Route 4 Shinjuku Line","ref":"4","destination":"","maxspeed":"","bridge":"","tunnel":"yes","layer":"-1"},"geometry":{"type":"LineString","coordinates":[[139.7263596,35.6812654],[139.7270364,35.6815591],[139.7271815,35.6816173],[139.7273352,35.6816734],[139.7274531,35.6817104],[139.7275897,35.6817453]]}},{"type":"Feature","id":24636427,"properties":{"osm_id":24636427,"highway":"motorway","oneway":"yes","name":"首都高速4号新宿線","name_en":"Route 4 Shinjuku Line","ref":"4","destination":"","maxspeed":"","bridge":"","tunnel":"","layer":"0"},"geometry":{"type":"LineString","coordinates":[[139.7318247,35.6808336],[139.7319433,35.6807647],[139.732056,35.6806854],[139.732164,35.6805973],[139.7323198,35.6804522],[139.7324254,35.6803488],[139.7325259,35.680248]]}},{"type":"Feature","id":24636434,"properties":{"osm_id":24636434,"highway":"motorway","oneway":"yes","name":"首都高速都心環状線","name_en":"Inner Circular Route","ref":"C1","destination":"","maxspeed":"","bridge":"","tunnel":"yes","layer":"-2"},"geometry":{"type":"LineString","coordinates":[[139.7403781,35.6787714],[139.7441922,35.6796406],[139.744472,35.6797042],[139.7446512,35.6797407],[139.7447948,35.6797636],[139.7449132,35.6797757],[139.745029,35.6797797],[139.7451255,35.6797765],[139.7451966,35.6797705],[139.7452766,35.6797575],[139.7453388,35.6797423],[139.7453872,35.679728],[139.7454518,35.6797064],[139.7455158,35.6796834],[139.7457928,35.67957],[139.7463819,35.6793368],[139.7464891,35.6792962]]}},{"type":"Feature","id":24636451,"properties":{"osm_id":24636451,"highway":"motorway","oneway":"yes","name":"首都高速4号新宿線","name_en":"Route 4 Shinjuku Line","ref":"4","destination":"","maxspeed":"","bridge":"yes","tunnel":"","layer":"0"},"geometry":{"type":"LineString","coordinates":[[139.7483918,35.6777376],[139.7476261,35.6785375],[139.7475282,35.6786354],[139.7474252,35.6787273],[139.7473269,35.6787996],[139.7472167,35.6788667],[139.7470993,35.6789299],[139.7469651,35.67899],[139.7468233,35.679048],[139.7466802,35.6791016],[139.7463481,35.6792079]]}},{"type":"Feature","id":24636595,"properties":{"osm_id":24636595,"highway":"motorway","oneway":"yes","name":"首都高速4号新宿線","name_en":"Route 4 Shinjuku Line","ref":"4","destination":"","maxspeed":"","bridge":"","tunnel":"yes","layer":"-1"},"geometry":{"type":"LineString","coordinates":[[139.737842,35.6787716],[139.7387348,35.6786453],[139.7389688,35.6786189],[139.7391519,35.6786085],[139.739313,35.6786084],[139.7394808,35.6786136],[139.7396683,35.6786296],[139.7398542,35.6786591],[139.7403781,35.6787714]]}},{"type":"Feature","id":24636612,"properties":{"osm_id":24636612,"highway":"motorway","oneway":"yes","name":"首都高速4号新宿線","name_en":"Route 4 Shinjuku Line","ref":"4","destination":"","maxspeed":"","bridge":"","tunnel":"yes","layer":"-2"},"geometry":{"type":"LineString","coordinates":[[139.7403781,35.6787714],[139.7410484,35.678952],[139.7412789,35.6790246],[139.7413894,35.6790673],[139.7415025,35.6791231],[139.7416247,35.6791969],[139.7417469,35.6792859],[139.7418068,35.6793369],[139.7418694,35.6794013],[139.7419285,35.6794702],[139.7420005,35.6795751],[139.74204,35.6796493],[139.7420706,35.6797264],[139.7420957,35.6798108],[139.7421097,35.6798811],[139.7421213,35.6799854],[139.7421238,35.6800807],[139.7421236,35.6801745],[139.7421177,35.680422],[139.7420937,35.6810125],[139.7421024,35.6811894],[139.7421138,35.6812622],[139.7421317,35.6813407],[139.7421535,35.6814123],[139.7421754,35.6814721],[139.7422025,35.6815347],[139.7422639,35.6816479],[139.7423036,35.6817147],[139.742342,35.6817684],[139.742382,35.6818166],[139.7424406,35.6818833],[139.7425064,35.6819474],[139.7425994,35.6820227],[139.7426895,35.6820884],[139.7427942,35.6821558],[139.7429079,35.6822239],[139.743592,35.6826108],[139.7437017,35.6826806],[139.7438251,35.6827729],[139.743899,35.6828409],[139.7439673,35.6829164],[139.7439968,35.6829574],[139.7440273,35.6830058],[139.7440464,35.683042],[139.7440763,35.6831131],[139.7440975,35.6831761],[139.7441386,35.6832898],[139.7441704,35.6833984],[139.7442358,35.6836829],[139.744299,35.683879]]}},{"type":"Feature","id":24895040,"properties":{"osm_id":24895040,"highway":"motorway_link","oneway":"yes","name":"","name_en":"","ref":"","destination":"環八","maxspeed":"","bridge":"yes","tunnel":"","layer":"2"},"geometry":{"type":"LineString","coordinates":[[139.6047395,35.6804894],[139.6050056,35.6805159],[139.6052287,35.6805152],[139.6054914,35.6805028],[139.6057942,35.6804707],[139.6061017,35.6804266]]}},{"type":"Feature","id":24895048,"properties":{"osm_id":24895048,"highway":"motorway_link","oneway":"yes","name":"","name_en":"","ref":"","destination":"","maxspeed":"","bridge":"","tunnel":"","layer":"0"},"geometry":{"type":"LineString","coordinates":[[139.6082926,35.6798069],[139.6086836,35.679679],[139.6089348,35.6795763],[139.6090465,35.679502]]}},{"type":"Feature","id":25107771,"properties":{"osm_id":25107771,"highway":"motorway_link","oneway":"yes","name":"霞が関出口","name_en":"Circle 1","ref":"","destination":"","maxspeed":"","bridge":"","tunnel":"yes","layer":"-1"},"geometry":{"type":"LineString","coordinates":[[139.7451239,35.672078],[139.7455637,35.6721685],[139.7457624,35.6722231],[139.7459518,35.6722908],[139.7461347,35.6723673]]}},{"type":"Feature","id":25603797,"properties":{"osm_id":25603797,"highway":"motorway","oneway":"yes","name":"首都高速4号新宿線","name_en":"Route 4 Shinjuku Line","ref":"4","destination":"","maxspeed":"40","bridge":"yes","tunnel":"","layer":"2"},"geometry":{"type":"LineString","coordinates":[[139.6424668,35.6677222],[139.6442063,35.6679534],[139.6446299,35.6680073],[139.6450578,35.6680741],[139.645357,35.6681318],[139.6456534,35.6682025],[139.6459283,35.6682842]]}},{"type":"Feature","id":25603803,"properties":{"osm_id":25603803,"highway":"motorway_link","oneway":"yes","name":"永福出口","name_en":"","ref":"","destination":"","maxspeed":"40","bridge":"","tunnel":"","layer":"0"},"geometry":{"type":"LineString","coordinates":[[139.6478915,35.6691037],[139.6481107,35.6692285],[139.6492683,35.6699807]]}},{"type":"Feature","id":25796623,"properties":{"osm_id":25796623,"highway":"motorway_link","oneway":"yes","name":"","name_en":"","ref":"","destination":"","maxspeed":"80","bridge":"","tunnel":"","layer":"1"},"geometry":{"type":"LineString","coordinates":[[139.6019037,35.5426704],[139.601885,35.5432731],[139.6018785,35.5436045],[139.6018863,35.5440687]]}},{"type":"Feature","id":25796645,"properties":{"osm_id":25796645,"highway":"motorway_link","oneway":"yes","name":"","name_en":"","ref":"","destination":"","maxspeed":"40","bridge":"yes","tunnel":"","layer":"3"},"geometry":{"type":"LineString","coordinates":[[139.6027003,35.5452379],[139.6026543,35.5453386],[139.6025765,35.5454452],[139.6024885,35.5455399],[139.6022539,35.5457212],[139.6021548,35.5458115],[139.6020754,35.5459115],[139.602025,35.5459966],[139.601986,35.546089],[139.6019684,35.546205],[139.6019732,35.5463062]]}},{"type":"Feature","id":25796665,"properties":{"osm_id":25796665,"highway":"motorway_link","oneway":"yes","name":"","name_en":"","ref":"","destination":"","maxspeed":"40","bridge":"yes","tunnel":"","layer":"2"},"geometry":{"type":"LineString","coordinates":[[139.6019732,35.5463062],[139.6020347,35.5464905],[139.6021314,35.5466849],[139.6022659,35.5469447],[139.6023882,35.547195]]}},{"type":"Feature","id":25796686,"properties":{"osm_id":25796686,"highway":"motorway_link","oneway":"yes","name":"","name_en":"","ref":"","destination":"","maxspeed":"40","bridge":"yes","tunnel":"","layer":"2"},"geometry":{"type":"LineString","coordinates":[[139.6021158,35.5456538],[139.6021635,35.5457164],[139.6022162,35.5457745],[139.6022992,35.5458383],[139.6023957,35.5458993],[139.6025032,35.5459439],[139.6026158,35.5459737],[139.6027299,35.5459962],[139.6028687,35.5460096],[139.6030114,35.5460173],[139.6031406,35.5460164]]}},{"type":"Feature","id":25796693,"properties":{"osm_id":25796693,"highway":"motorway_link","oneway":"yes","name":"","name_en":"","ref":"","destination":"","maxspeed":"40","bridge":"","tunnel":"","layer":"0"},"geometry":{"type":"LineString","coordinates":[[139.6027171,35.5449047],[139.6027173,35.5450855],[139.6027003,35.5452379]]}},{"type":"Feature","id":25796712,"properties":{"osm_id":25796712,"highway":"motorway_link","oneway":"yes","name":"","name_en":"","ref":"","destination":"","maxspeed":"30","bridge":"","tunnel":"","layer":"0"},"geometry":{"type":"LineString","coordinates":[[139.6027171,35.5449047],[139.6027411,35.5449788],[139.6027617,35.5450344],[139.6027895,35.5450899],[139.6028256,35.5451438],[139.6029029,35.5452239],[139.6029541,35.5452683],[139.6030191,35.5453095],[139.603225,35.5454003],[139.6034445,35.545479]]}},{"type":"Feature","id":25796913,"properties":{"osm_id":25796913,"highway":"motorway_link","oneway":"yes","name":"第三京浜道路","name_en":"Daisan Keihin","ref":"E83;466","destination":"","maxspeed":"40","bridge":"","tunnel":"","layer":"0"},"geometry":{"type":"LineString","coordinates":[[139.6416556,35.6067297],[139.6417334,35.6067214],[139.6418108,35.6067227],[139.6418753,35.6067389],[139.6419216,35.6067645],[139.6419652,35.6067986],[139.6419997,35.606836],[139.6420274,35.6068782],[139.6420318,35.6068887],[139.6420463,35.6069233],[139.6420568,35.6069682],[139.6420595,35.6070128],[139.6420547,35.6070585],[139.6420441,35.6071031],[139.6420284,35.6071407],[139.6420054,35.6071779],[139.6419778,35.6072113],[139.6419463,35.6072428],[139.6419132,35.6072732],[139.6418765,35.6073005],[139.6417925,35.6073411],[139.641739,35.6073621],[139.641683,35.6073823],[139.6416269,35.607397],[139.6415692,35.60741],[139.6415088,35.6074211],[139.6414492,35.6074271],[139.6413893,35.6074286],[139.6413303,35.6074251],[139.6412655,35.6074166],[139.6412027,35.6074034],[139.641143,35.6073835],[139.6410865,35.6073593],[139.6410336,35.6073325],[139.6409825,35.6073012],[139.6408878,35.6072317],[139.6406765,35.6070373]]}},{"type":"Feature","id":25796976,"properties":{"osm_id":25796976,"highway":"motorway","oneway":"yes","name":"第三京浜道路","name_en":"Daisan Keihin","ref":"E83;466","destination":"","maxspeed":"60","bridge":"","tunnel":"","layer":"1"},"geometry":{"type":"LineString","coordinates":[[139.6388025,35.6051513],[139.6387047,35.605063]]}},{"type":"Feature","id":25797008,"properties":{"osm_id":25797008,"highway":"motorway_link","oneway":"yes","name":"第三京浜道路","name_en":"Daisan Keihin","ref":"E83;466","destination":"","maxspeed":"40","bridge":"","tunnel":"","layer":"0"},"geometry":{"type":"LineString","coordinates":[[139.6406765,35.6070373],[139.6400859,35.6064451],[139.6399764,35.6063396],[139.6390601,35.6054257],[139.6389164,35.6052726]]}},{"type":"Feature","id":25797023,"properties":{"osm_id":25797023,"highway":"motorway_link","oneway":"yes","name":"第三京浜道路","name_en":"Daisan Keihin","ref":"E83;466","destination":"蒲田","maxspeed":"40","bridge":"","tunnel":"","layer":"0"},"geometry":{"type":"LineString","coordinates":[[139.6406012,35.6070897],[139.6408203,35.6072874],[139.640886,35.6073364],[139.6409559,35.6073825],[139.6410276,35.6074224],[139.6411059,35.6074568],[139.6411926,35.607482],[139.6412778,35.6075006],[139.6413675,35.6075102],[139.6414545,35.6075077],[139.6415424,35.6074996],[139.6416295,35.6074829],[139.641714,35.6074629],[139.641793,35.6074356],[139.6418712,35.6074054],[139.6419463,35.6073707],[139.6420158,35.60733],[139.6420831,35.6072838]]}},{"type":"Feature","id":25797470,"properties":{"osm_id":25797470,"highway":"motorway","oneway":"yes","name":"第三京浜道路","name_en":"Daisan Keihin","ref":"E83;466","destination":"","maxspeed":"80","bridge":"yes","tunnel":"","layer":"2"},"geometry":{"type":"LineString","coordinates":[[139.6256155,35.5926594],[139.6246134,35.5914731],[139.6237609,35.5904725],[139.6232369,35.5898305],[139.6232295,35.5898214],[139.6232178,35.589807],[139.6232136,35.5898019],[139.6232096,35.589797],[139.6231592,35.5897352],[139.6231547,35.5897297],[139.6229041,35.5894226]]}},{"type":"Feature","id":25797476,"properties":{"osm_id":25797476,"highway":"motorway","oneway":"yes","name":"第三京浜道路","name_en":"Daisan Keihin","ref":"E83;466","destination":"","maxspeed":"80","bridge":"","tunnel":"","layer":"0"},"geometry":{"type":"LineString","coordinates":[[139.6024861,35.5464629],[139.602634,35.5469106],[139.6027736,35.5472815],[139.6029502,35.5477144],[139.6031387,35.5481183],[139.6033184,35.5484796],[139.6034948,35.5487954],[139.6036611,35.5490787],[139.6039277,35.5495007],[139.6042241,35.5499256],[139.6045211,35.5503293],[139.6056397,35.5517618]]}},{"type":"Feature","id":25943969,"properties":{"osm_id":25943969,"highway":"motorway_link","oneway":"yes","name":"","name_en":"","ref":"","destination":"","maxspeed":"40","bridge":"","tunnel":"","layer":"0"},"geometry":{"type":"LineString","coordinates":[[139.6031067,35.5473463],[139.6030855,35.5471233],[139.6030973,35.5469431],[139.6031407,35.5467751],[139.6032501,35.5465714],[139.6036505,35.5461942],[139.6037767,35.5460759],[139.6039152,35.5458984],[139.6039967,35.5456944],[139.6040274,35.5455726],[139.6040261,35.5454809],[139.6040256,35.5454429],[139.6040019,35.5452354],[139.6039581,35.5450918],[139.6039321,35.5449266]]}},{"type":"Feature","id":25943982,"properties":{"osm_id":25943982,"highway":"motorway_link","oneway":"yes","name":"","name_en":"","ref":"","destination":"","maxspeed":"40","bridge":"yes","tunnel":"","layer":"2"},"geometry":{"type":"LineString","coordinates":[[139.6028687,35.5460096],[139.6029941,35.5459815],[139.6031133,35.5459415]]}},{"type":"Feature","id":25943985,"properties":{"osm_id":25943985,"highway":"motorway_link","oneway":"yes","name":"","name_en":"","ref":"","destination":"","maxspeed":"40","bridge":"","tunnel":"","layer":"2"},"geometry":{"type":"LineString","coordinates":[[139.6026181,35.5426089],[139.6025361,35.5426398],[139.6024818,35.5427135],[139.60248,35.5428704],[139.602548,35.5435605],[139.602598,35.5439729],[139.602651,35.544387],[139.6027171,35.5449047]]}},{"type":"Feature","id":25997886,"properties":{"osm_id":25997886,"highway":"motorway_link","oneway":"yes","name":"","name_en":"","ref":"","destination":"","maxspeed":"","bridge":"","tunnel":"","layer":"0"},"geometry":{"type":"LineString","coordinates":[[139.6271856,35.4565816],[139.6271016,35.4565314],[139.62706,35.4564941],[139.6270348,35.4564492],[139.6270283,35.4563629],[139.627049,35.4563097],[139.6271235,35.456218],[139.6276652,35.4556023],[139.6279831,35.4552447],[139.6289985,35.4541045]]}},{"type":"Feature","id":26104098,"properties":{"osm_id":26104098,"highway":"motorway","oneway":"yes","name":"第三京浜道路","name_en":"Daisan Keihin","ref":"E83;466","destination":"","maxspeed":"80","bridge":"","tunnel":"","layer":"0"},"geometry":{"type":"LineString","coordinates":[[139.6026544,35.5464357],[139.6025344,35.5459715],[139.6024125,35.5454331],[139.6023313,35.5449924],[139.602241,35.5443757],[139.6021243,35.5433438]]}},{"type":"Feature","id":26104113,"properties":{"osm_id":26104113,"highway":"motorway","oneway":"yes","name":"第三京浜道路","name_en":"Daisan Keihin","ref":"E83;466","destination":"","maxspeed":"80","bridge":"","tunnel":"","layer":"1"},"geometry":{"type":"LineString","coordinates":[[139.6017071,35.5394341],[139.6017683,35.5401847],[139.6018089,35.5407945],[139.6018681,35.5419153],[139.6019037,35.5426704]]}},{"type":"Feature","id":26104114,"properties":{"osm_id":26104114,"highway":"motorway","oneway":"yes","name":"第三京浜道路","name_en":"Daisan Keihin","ref":"E83;466","destination":"","maxspeed":"80","bridge":"yes","tunnel":"","layer":"1"},"geometry":{"type":"LineString","coordinates":[[139.6015966,35.5384314],[139.6016654,35.5389778],[139.6017071,35.5394341]]}},{"type":"Feature","id":26104120,"properties":{"osm_id":26104120,"highway":"motorway","oneway":"yes","name":"第三京浜道路","name_en":"Daisan Keihin","ref":"E83;466","destination":"","maxspeed":"80","bridge":"","tunnel":"","layer":"0"},"geometry":{"type":"LineString","coordinates":[[139.6017903,35.5384187],[139.6017186,35.5379703],[139.6015981,35.5372691],[139.6014655,35.5366993],[139.601359,35.5362945],[139.6012209,35.5358332],[139.6010881,35.535433],[139.6008883,35.5349009],[139.600589,35.5342034],[139.6003861,35.5337879],[139.6001051,35.5332489],[139.5995987,35.5323409],[139.599111,35.5315437],[139.5985948,35.5307468],[139.5979711,35.5298318]]}},{"type":"Feature","id":26104122,"properties":{"osm_id":26104122,"highway":"motorway","oneway":"yes","name":"第三京浜道路","name_en":"Daisan Keihin","ref":"E83;466","destination":"","maxspeed":"80","bridge":"yes","tunnel":"","layer":"1"},"geometry":{"type":"LineString","coordinates":[[139.6018975,35.5394271],[139.6018552,35.538952],[139.6017903,35.5384187]]}},{"type":"Feature","id":26196132,"properties":{"osm_id":26196132,"highway":"motorway","oneway":"yes","name":"第三京浜道路","name_en":"Daisan Keihin","ref":"E83;466","destination":"","maxspeed":"60","bridge":"yes","tunnel":"","layer":"1"},"geometry":{"type":"LineString","coordinates":[[139.6387047,35.605063],[139.6372183,35.603631],[139.6344938,35.6009409]]}},{"type":"Feature","id":26196136,"properties":{"osm_id":26196136,"highway":"motorway","oneway":"yes","name":"第三京浜道路","name_en":"Daisan Keihin","ref":"E83;466","destination":"","maxspeed":"60","bridge":"","tunnel":"","layer":"1"},"geometry":{"type":"LineString","coordinates":[[139.6344938,35.6009409],[139.6342983,35.6007478],[139.6341728,35.6006071],[139.6340553,35.6004555],[139.6339607,35.6003248],[139.6338545,35.6001721],[139.6337643,35.6000488],[139.6336818,35.5999437],[139.6336176,35.599861]]}},{"type":"Feature","id":26196142,"properties":{"osm_id":26196142,"highway":"motorway","oneway":"yes","name":"第三京浜道路","name_en":"Daisan Keihin","ref":"E83;466","destination":"","maxspeed":"60","bridge":"yes","tunnel":"","layer":"1"},"geometry":{"type":"LineString","coordinates":[[139.6343871,35.6010321],[139.6356133,35.6022492],[139.6372011,35.6038264],[139.6385801,35.6051532]]}},{"type":"Feature","id":26196145,"properties":{"osm_id":26196145,"highway":"motorway","oneway":"yes","name":"第三京浜道路","name_en":"Daisan Keihin","ref":"E83;466","destination":"","maxspeed":"60","bridge":"","tunnel":"","layer":"1"},"geometry":{"type":"LineString","coordinates":[[139.6385801,35.6051532],[139.6387115,35.6052759]]}},{"type":"Feature","id":26264470,"properties":{"osm_id":26264470,"highway":"motorway_link","oneway":"yes","name":"","name_en":"","ref":"","destination":"","maxspeed":"40","bridge":"","tunnel":"","layer":"0"},"geometry":{"type":"LineString","coordinates":[[139.6031406,35.5460164],[139.6033494,35.5459874],[139.6035173,35.545936],[139.6036396,35.5458757],[139.6037282,35.5458109],[139.6038171,35.5457104],[139.6038818,35.5455937],[139.6039051,35.545513],[139.6039081,35.54547],[139.6039157,35.5453626],[139.603915,35.5452129],[139.6039021,35.5450762],[139.6039321,35.5449266]]}},{"type":"Feature","id":26264518,"properties":{"osm_id":26264518,"highway":"motorway_link","oneway":"yes","name":"","name_en":"","ref":"","destination":"","maxspeed":"30","bridge":"","tunnel":"","layer":"0"},"geometry":{"type":"LineString","coordinates":[[139.6000456,35.543106],[139.6001438,35.5430681]]}},{"type":"Feature","id":26264520,"properties":{"osm_id":26264520,"highway":"motorway_link","oneway":"yes","name":"","name_en":"","ref":"","destination":"","maxspeed":"30","bridge":"","tunnel":"","layer":"1"},"geometry":{"type":"LineString","coordinates":[[139.603893,35.5435552],[139.6038887,35.5431149],[139.6039284,35.5428833],[139.6040214,35.5426031],[139.6040564,35.5424792],[139.604074,35.5423361]]}},{"type":"Feature","id":26264541,"properties":{"osm_id":26264541,"highway":"motorway_link","oneway":"yes","name":"","name_en":"","ref":"","destination":"","maxspeed":"30","bridge":"yes","tunnel":"","layer":"2"},"geometry":{"type":"LineString","coordinates":[[139.601415,35.5426533],[139.6018087,35.5425498],[139.6021276,35.5424778],[139.6028438,35.5423614],[139.602941,35.5423527],[139.6030525,35.5423558],[139.6031403,35.5423703],[139.6032319,35.5424083],[139.6033219,35.5424685]]}},{"type":"Feature","id":26264563,"properties":{"osm_id":26264563,"highway":"motorway_link","oneway":"yes","name":"","name_en":"","ref":"","destination":"","maxspeed":"30","bridge":"","tunnel":"","layer":"0"},"geometry":{"type":"LineString","coordinates":[[139.6009929,35.5426123],[139.6008263,35.5427093],[139.6006062,35.5428127],[139.6000614,35.5429984],[139.5999748,35.5430338]]}},{"type":"Feature","id":26264572,"properties":{"osm_id":26264572,"highway":"motorway_link","oneway":"yes","name":"","name_en":"","ref":"","destination":"","maxspeed":"30","bridge":"yes","tunnel":"","layer":"2"},"geometry":{"type":"LineString","coordinates":[[139.604074,35.5423361],[139.6040702,35.5422544],[139.6040537,35.5421869],[139.6040219,35.5421021],[139.6039556,35.5420131],[139.6038689,35.5419255],[139.6037631,35.5418588],[139.6036696,35.5418205],[139.6035585,35.5417924],[139.6034624,35.541778],[139.6033347,35.5417734],[139.6032343,35.541789],[139.6031537,35.5418065],[139.6025124,35.5420305],[139.6014009,35.5424413]]}},{"type":"Feature","id":26956954,"properties":{"osm_id":26956954,"highway":"motorway_link","oneway":"yes","name":"","name_en":"","ref":"","destination":"東中野;山田通り;甲州街道","maxspeed":"","bridge":"yes","tunnel":"","layer":"2"},"geometry":{"type":"LineString","coordinates":[[139.6817641,35.6789779],[139.6821685,35.6791565],[139.6834239,35.6796972]]}},{"type":"Feature","id":26956959,"properties":{"osm_id":26956959,"highway":"motorway_link","oneway":"yes","name":"初台入口","name_en":"","ref":"","destination":"","maxspeed":"","bridge":"","tunnel":"","layer":"0"},"geometry":{"type":"LineString","coordinates":[[139.6851664,35.6803587],[139.684977,35.6802684],[139.6847518,35.6801715],[139.6844142,35.6800353],[139.6840282,35.6798838],[139.6834509,35.6796563]]}},{"type":"Feature","id":26956960,"properties":{"osm_id":26956960,"highway":"motorway_link","oneway":"yes","name":"","name_en":"","ref":"","destination":"","maxspeed":"","bridge":"yes","tunnel":"","layer":"3"},"geometry":{"type":"LineString","coordinates":[[139.6855413,35.6807621],[139.686498,35.6814537]]}},{"type":"Feature","id":26956962,"properties":{"osm_id":26956962,"highway":"motorway_link","oneway":"yes","name":"","name_en":"","ref":"","destination":"","maxspeed":"40","bridge":"yes","tunnel":"","layer":"2"},"geometry":{"type":"LineString","coordinates":[[139.6898898,35.6836504],[139.6910545,35.6843631],[139.6913122,35.6845203],[139.6914954,35.6846387],[139.6916089,35.6847068]]}},{"type":"Feature","id":26956963,"properties":{"osm_id":26956963,"highway":"motorway_link","oneway":"yes","name":"","name_en":"","ref":"","destination":"","maxspeed":"","bridge":"yes","tunnel":"","layer":"3"},"geometry":{"type":"LineString","coordinates":[[139.6912183,35.6837432],[139.6912921,35.68358],[139.6913781,35.6834102],[139.6917274,35.6827909]]}},{"type":"Feature","id":26957079,"properties":{"osm_id":26957079,"highway":"motorway_link","oneway":"yes","name":"","name_en":"","ref":"","destination":"","maxspeed":"","bridge":"","tunnel":"","layer":"0"},"geometry":{"type":"LineString","coordinates":[[139.6943798,35.6794336],[139.6944866,35.6795811],[139.6945518,35.6796524],[139.694633,35.6797237],[139.694717,35.6797811],[139.6948071,35.67983],[139.6949067,35.679868],[139.6950196,35.6799012],[139.6951424,35.6799307],[139.6955312,35.6800032],[139.695656,35.6800303],[139.6957728,35.6800651],[139.6958904,35.6801053],[139.696006,35.6801521],[139.6961177,35.6802066],[139.6964179,35.6803619],[139.6969227,35.6806326]]}},{"type":"Feature","id":26957080,"properties":{"osm_id":26957080,"highway":"motorway_link","oneway":"yes","name":"","name_en":"","ref":"","destination":"","maxspeed":"","bridge":"","tunnel":"","layer":"0"},"geometry":{"type":"LineString","coordinates":[[139.6970837,35.6807353],[139.6972843,35.6808823],[139.6973666,35.6809402],[139.6974475,35.6809861],[139.6975371,35.6810314]]}},{"type":"Feature","id":26957083,"properties":{"osm_id":26957083,"highway":"motorway_link","oneway":"yes","name":"外苑出口","name_en":"","ref":"","destination":"北青山;信濃町","maxspeed":"40","bridge":"yes","tunnel":"","layer":"2"},"geometry":{"type":"LineString","coordinates":[[139.7139224,35.6807458],[139.7146968,35.6807009]]}},{"type":"Feature","id":26957088,"properties":{"osm_id":26957088,"highway":"motorway_link","oneway":"yes","name":"外苑出口","name_en":"","ref":"","destination":"","maxspeed":"40","bridge":"","tunnel":"","layer":"0"},"geometry":{"type":"LineString","coordinates":[[139.7182522,35.6798172],[139.7182895,35.6797776],[139.7183794,35.6796712]]}},{"type":"Feature","id":26958831,"properties":{"osm_id":26958831,"highway":"motorway_link","oneway":"yes","name":"","name_en":"","ref":"","destination":"","maxspeed":"","bridge":"","tunnel":"","layer":"0"},"geometry":{"type":"LineString","coordinates":[[139.6935582,35.6772577],[139.6934886,35.6771396],[139.6932836,35.6767993]]}},{"type":"Feature","id":26960142,"properties":{"osm_id":26960142,"highway":"motorway_link","oneway":"yes","name":"","name_en":"","ref":"","destination":"","maxspeed":"","bridge":"yes","tunnel":"","layer":"3"},"geometry":{"type":"LineString","coordinates":[[139.649065,35.6697846],[139.6493232,35.6699169],[139.6495441,35.670013],[139.6497523,35.670091],[139.6499405,35.6701537],[139.6501308,35.6702057],[139.650303,35.670241],[139.6504752,35.6702697]]}},{"type":"Feature","id":26960143,"properties":{"osm_id":26960143,"highway":"motorway_link","oneway":"yes","name":"","name_en":"","ref":"","destination":"大原;中野通り","maxspeed":"","bridge":"yes","tunnel":"","layer":"2"},"geometry":{"type":"LineString","coordinates":[[139.6771948,35.6773207],[139.6766941,35.6771765],[139.6752239,35.6767404]]}},{"type":"Feature","id":26968117,"properties":{"osm_id":26968117,"highway":"motorway","oneway":"yes","name":"中央自動車道","name_en":"Chuo Expressway","ref":"E20","destination":"","maxspeed":"60","bridge":"yes","tunnel":"","layer":"1"},"geometry":{"type":"LineString","coordinates":[[139.5984809,35.6768551],[139.5988039,35.6770749],[139.5991369,35.677323],[139.599498,35.6776169],[139.5999072,35.6779825],[139.6004746,35.678493]]}},{"type":"Feature","id":26998152,"properties":{"osm_id":26998152,"highway":"motorway","oneway":"yes","name":"中央自動車道","name_en":"Chuo Expressway","ref":"E20","destination":"","maxspeed":"60","bridge":"yes","tunnel":"","layer":"2"},"geometry":{"type":"LineString","coordinates":[[139.6070679,35.6800754],[139.6080799,35.6797588],[139.6091257,35.6794257],[139.6100096,35.6791276],[139.6105133,35.6789537],[139.6108464,35.6788444],[139.6112119,35.6787291],[139.6114399,35.6786593],[139.6117459,35.678569]]}},{"type":"Feature","id":26998158,"properties":{"osm_id":26998158,"highway":"motorway","oneway":"yes","name":"中央自動車道","name_en":"Chuo Expressway","ref":"E20","destination":"","maxspeed":"60","bridge":"yes","tunnel":"","layer":"2"},"geometry":{"type":"LineString","coordinates":[[139.6133451,35.6778602],[139.6137053,35.677659],[139.6139383,35.67754],[139.614118,35.6774642],[139.6143244,35.6773928],[139.6145777,35.6773116]]}},{"type":"Feature","id":26998159,"properties":{"osm_id":26998159,"highway":"motorway","oneway":"yes","name":"首都高速4号新宿線","name_en":"Route 4 Shinjuku Line","ref":"4","destination":"","maxspeed":"60","bridge":"yes","tunnel":"","layer":"2"},"geometry":{"type":"LineString","coordinates":[[139.6154818,35.6770217],[139.6159809,35.6768491],[139.6164767,35.676655],[139.6168636,35.676483],[139.6172441,35.6762872],[139.6184828,35.6756356],[139.6188759,35.6754205],[139.6192541,35.6752074],[139.6196545,35.6749465]]}},{"type":"Feature","id":26998172,"properties":{"osm_id":26998172,"highway":"motorway","oneway":"yes","name":"中央自動車道","name_en":"Chuo Expressway","ref":"E20","destination":"","maxspeed":"","bridge":"yes","tunnel":"","layer":"2"},"geometry":{"type":"LineString","coordinates":[[139.6144889,35.6771282],[139.6142913,35.6771984],[139.6139387,35.6773351],[139.6136455,35.677468],[139.6132153,35.6777028]]}},{"type":"Feature","id":27086357,"properties":{"osm_id":27086357,"highway":"motorway_link","oneway":"yes","name":"第三京浜道路","name_en":"Daisan Keihin","ref":"E83;466","destination":"蒲田","maxspeed":"40","bridge":"","tunnel":"","layer":"0"},"geometry":{"type":"LineString","coordinates":[[139.6420831,35.6072838],[139.6421544,35.6072085],[139.6422111,35.6071234],[139.6422513,35.6070326],[139.6422807,35.6069414],[139.6422996,35.6068632],[139.6423125,35.6068166],[139.6423311,35.606749],[139.6423738,35.6066346],[139.6423952,35.6065968],[139.6424257,35.6065589],[139.642468,35.606521],[139.6425206,35.6064857]]}},{"type":"Feature","id":27093547,"properties":{"osm_id":27093547,"highway":"motorway_link","oneway":"yes","name":"","name_en":"","ref":"","destination":"","maxspeed":"40","bridge":"","tunnel":"","layer":"0"},"geometry":{"type":"LineString","coordinates":[[139.6320834,35.5987924],[139.6322147,35.5990225],[139.6322877,35.5991763],[139.6323378,35.5993059],[139.632384,35.5994047],[139.632434,35.5994869],[139.6324961,35.5995595],[139.6326034,35.5996647],[139.6329918,35.6000497]]}},{"type":"Feature","id":27155259,"properties":{"osm_id":27155259,"highway":"motorway","oneway":"yes","name":"中央自動車道","name_en":"Chuo Expressway","ref":"E20","destination":"","maxspeed":"60","bridge":"covered","tunnel":"","layer":"2"},"geometry":{"type":"LineString","coordinates":[[139.6004746,35.678493],[139.6010674,35.6790044],[139.6013953,35.6792607],[139.6017041,35.6794877],[139.6020022,35.6796863],[139.6022596,35.6798476],[139.6025095,35.6799811]]}},{"type":"Feature","id":27155261,"properties":{"osm_id":27155261,"highway":"motorway","oneway":"yes","name":"中央自動車道","name_en":"CHUO EXPRESSWAY","ref":"","destination":"","maxspeed":"60","bridge":"yes","tunnel":"","layer":"2"},"geometry":{"type":"LineString","coordinates":[[139.6025095,35.6799811],[139.6027984,35.68011]]}},{"type":"Feature","id":27155262,"properties":{"osm_id":27155262,"highway":"motorway","oneway":"yes","name":"中央自動車道","name_en":"Chuo Expressway","ref":"E20","destination":"","maxspeed":"60","bridge":"covered","tunnel":"","layer":"2"},"geometry":{"type":"LineString","coordinates":[[139.602561,35.6799032],[139.602314,35.6797704],[139.6020565,35.6796108],[139.6017641,35.6794152],[139.6014741,35.6791865],[139.6011464,35.67893],[139.6008475,35.6786899],[139.6005411,35.6784174]]}},{"type":"Feature","id":27155264,"properties":{"osm_id":27155264,"highway":"motorway","oneway":"yes","name":"中央自動車道","name_en":"Chuo Expressway","ref":"E20","destination":"","maxspeed":"60","bridge":"yes","tunnel":"","layer":"1"},"geometry":{"type":"LineString","coordinates":[[139.6005411,35.6784174],[139.5999788,35.6779205],[139.5995803,35.677563],[139.5992046,35.6772568],[139.5988772,35.6770115],[139.5985449,35.676782],[139.5981675,35.6765556],[139.5977223,35.6763153]]}},{"type":"Feature","id":27155730,"properties":{"osm_id":27155730,"highway":"motorway","oneway":"yes","name":"首都高速都心環状線","name_en":"Inner Circular Route","ref":"C1","destination":"","maxspeed":"","bridge":"","tunnel":"","layer":"0"},"geometry":{"type":"LineString","coordinates":[[139.7499016,35.6892987],[139.7500436,35.689295],[139.7501985,35.6892984],[139.7503387,35.6893072],[139.7504599,35.6893217],[139.7505626,35.689338]]}},{"type":"Feature","id":27155734,"properties":{"osm_id":27155734,"highway":"motorway_link","oneway":"yes","name":"首都高速都心環状線","name_en":"Inner Circular Route","ref":"","destination":"","maxspeed":"","bridge":"yes","tunnel":"","layer":"1"},"geometry":{"type":"LineString","coordinates":[[139.7498898,35.6891479],[139.7496549,35.6891719],[139.7493121,35.6892195],[139.7484498,35.6893707]]}},{"type":"Feature","id":27155738,"properties":{"osm_id":27155738,"highway":"motorway","oneway":"yes","name":"首都高速5号池袋線","name_en":"Route 5 Ikebukuro Line","ref":"5","destination":"","maxspeed":"","bridge":"yes","tunnel":"","layer":"2"},"geometry":{"type":"LineString","coordinates":[[139.755175,35.6912889],[139.7552895,35.6913416],[139.7553969,35.6914009],[139.7554826,35.691457],[139.7555487,35.6915078],[139.7556077,35.6915597],[139.7556608,35.6916152],[139.7557063,35.6916728],[139.7557502,35.6917395],[139.7557873,35.6918079],[139.7558155,35.6918713],[139.7558407,35.6919422],[139.7558708,35.6920486],[139.7558999,35.6921907],[139.7559263,35.692342],[139.755943,35.6924802],[139.7559551,35.6926147]]}},{"type":"Feature","id":27155739,"properties":{"osm_id":27155739,"highway":"motorway","oneway":"yes","name":"首都高速5号池袋線","name_en":"Route 5 Ikebukuro Line","ref":"5","destination":"","maxspeed":"","bridge":"yes","tunnel":"","layer":"3"},"geometry":{"type":"LineString","coordinates":[[139.7546443,35.6940211],[139.7542265,35.69413],[139.7540815,35.6941732],[139.7539473,35.6942196],[139.7537678,35.6942957],[139.7536268,35.6943706],[139.753484,35.6944579],[139.7533619,35.6945496],[139.7532415,35.694656],[139.7531362,35.6947623],[139.7530417,35.6948751],[139.7529609,35.6949909],[139.7528954,35.6951034],[139.7528409,35.6952113],[139.7527958,35.6953241],[139.7527594,35.6954386]]}},{"type":"Feature","id":27155742,"properties":{"osm_id":27155742,"highway":"motorway_link","oneway":"yes","name":"神田橋入口","name_en":"Metropolitan Expressway","ref":"","destination":"","maxspeed":"","bridge":"","tunnel":"","layer":"0"},"geometry":{"type":"LineString","coordinates":[[139.7641326,35.689137],[139.7640507,35.6891541],[139.7640136,35.6891822]]}},{"type":"Feature","id":27514033,"properties":{"osm_id":27514033,"highway":"motorway","oneway":"yes","name":"首都高速4号新宿線","name_en":"Route 4 Shinjuku Line","ref":"4","destination":"","maxspeed":"60","bridge":"yes","tunnel":"","layer":"3"},"geometry":{"type":"LineString","coordinates":[[139.6459283,35.6682842],[139.6472113,35.6687257],[139.6474668,35.6688232],[139.6477045,35.6689286],[139.6479341,35.669045],[139.6481565,35.6691685],[139.6489633,35.6696428],[139.6491806,35.6697708],[139.6493664,35.6698756],[139.6495469,35.6699623],[139.6497325,35.6700424],[139.6499474,35.6701229],[139.6502073,35.6702062],[139.6504752,35.6702697],[139.6507399,35.6703189],[139.6526295,35.6706283],[139.6531161,35.6706965],[139.6534617,35.6707326],[139.6541077,35.6707774],[139.6544391,35.6708118],[139.6547632,35.6708583],[139.6549959,35.670908],[139.6552261,35.6709667],[139.6554308,35.6710286],[139.6556967,35.6711201],[139.6568825,35.6715818],[139.6572405,35.6717062],[139.6576105,35.6718187],[139.6581408,35.6719586],[139.6600895,35.6724473],[139.661138,35.6727134],[139.6623965,35.673044],[139.6630845,35.673234],[139.6651104,35.6738324],[139.6668446,35.674336],[139.6692308,35.6750181],[139.6711219,35.6755704],[139.6742294,35.67649],[139.6745821,35.6766015],[139.6749154,35.676716],[139.6754254,35.6769052],[139.6757288,35.6770082],[139.6760481,35.6771117],[139.6768024,35.6773311],[139.6796527,35.6781575],[139.679919,35.6782374],[139.6801666,35.6783216],[139.6803185,35.6783856]]}},{"type":"Feature","id":27514378,"properties":{"osm_id":27514378,"highway":"motorway_link","oneway":"yes","name":"外苑入口","name_en":"","ref":"","destination":"","maxspeed":"","bridge":"yes","tunnel":"","layer":"1"},"geometry":{"type":"LineString","coordinates":[[139.7168698,35.68004],[139.7168951,35.6801077],[139.7169217,35.6801613],[139.7169627,35.6802084],[139.7170264,35.6802545],[139.7170909,35.6802889],[139.7171681,35.6803112],[139.7172629,35.6803199],[139.717355,35.6803178],[139.7174343,35.6803097],[139.7177919,35.6802527]]}},{"type":"Feature","id":27514398,"properties":{"osm_id":27514398,"highway":"motorway","oneway":"yes","name":"首都高速4号新宿線","name_en":"Route 4 Shinjuku Line","ref":"4","destination":"","maxspeed":"40","bridge":"yes","tunnel":"","layer":"2"},"geometry":{"type":"LineString","coordinates":[[139.7325259,35.680248],[139.7326002,35.6801591],[139.7326666,35.680065],[139.7327204,35.679973],[139.7327674,35.6798669],[139.7328049,35.6797625],[139.7329001,35.67943],[139.7329354,35.6793239],[139.7329763,35.6792222],[139.733022,35.6791341],[139.7330614,35.6790721],[139.7330946,35.6790215],[139.7331326,35.6789745],[139.7331722,35.6789333],[139.73322,35.6788909],[139.7332598,35.6788606],[139.7333085,35.6788302],[139.7333615,35.6788025],[139.7334269,35.6787699],[139.7334825,35.6787454],[139.7335436,35.6787217],[139.7336212,35.6786955],[139.7337381,35.6786663],[139.7338616,35.6786426],[139.7346318,35.6785423],[139.7347748,35.6785281],[139.7349125,35.6785183],[139.735059,35.6785122],[139.7352048,35.678512],[139.7353519,35.6785166],[139.7354915,35.6785268],[139.7356352,35.6785418],[139.7357642,35.6785579],[139.7371609,35.6787642],[139.7373967,35.6787909],[139.737522,35.6787959],[139.7376314,35.6787937],[139.7377422,35.6787845],[139.737842,35.6787716]]}},{"type":"Feature","id":27536428,"properties":{"osm_id":27536428,"highway":"motorway_link","oneway":"yes","name":"","name_en":"","ref":"","destination":"","maxspeed":"","bridge":"yes","tunnel":"","layer":"2"},"geometry":{"type":"LineString","coordinates":[[139.754878,35.6909471],[139.7543793,35.6907166],[139.754216,35.690653]]}},{"type":"Feature","id":27536429,"properties":{"osm_id":27536429,"highway":"motorway","oneway":"yes","name":"首都高速都心環状線","name_en":"Inner Circular Route","ref":"C1","destination":"","maxspeed":"","bridge":"yes","tunnel":"","layer":"1"},"geometry":{"type":"LineString","coordinates":[[139.7498949,35.6892295],[139.7495174,35.6892588],[139.7489108,35.6893216],[139.7484498,35.6893707],[139.7482684,35.6893819],[139.7481437,35.6893839],[139.7480173,35.6893794],[139.7478835,35.6893654],[139.747677,35.6893317],[139.7472782,35.6892644],[139.7464779,35.689121],[139.7463119,35.6890864],[139.7461924,35.6890547],[139.7460781,35.6890183],[139.7459971,35.688987],[139.7459186,35.6889493],[139.7458509,35.6889107],[139.7457881,35.6888693],[139.7457386,35.6888304],[139.7456939,35.6887917],[139.7456513,35.6887497],[139.745606,35.6886981],[139.7455579,35.6886321],[139.7455193,35.688565],[139.7454894,35.6885018],[139.7454636,35.6884337]]}},{"type":"Feature","id":27536959,"properties":{"osm_id":27536959,"highway":"motorway_link","oneway":"yes","name":"外苑入口","name_en":"","ref":"","destination":"","maxspeed":"","bridge":"","tunnel":"","layer":"0"},"geometry":{"type":"LineString","coordinates":[[139.7177919,35.6802527],[139.7188214,35.6800701]]}},{"type":"Feature","id":27536960,"properties":{"osm_id":27536960,"highway":"motorway_link","oneway":"yes","name":"","name_en":"","ref":"","destination":"代々木公園","maxspeed":"","bridge":"","tunnel":"","layer":"2"},"geometry":{"type":"LineString","coordinates":[[139.6968121,35.6804647],[139.6964845,35.6801822],[139.6962766,35.6800242]]}},{"type":"Feature","id":27536961,"properties":{"osm_id":27536961,"highway":"motorway_link","oneway":"yes","name":"","name_en":"","ref":"","destination":"東京都庁;新宿副都心","maxspeed":"40","bridge":"yes","tunnel":"","layer":"3"},"geometry":{"type":"LineString","coordinates":[[139.6928134,35.6810578],[139.6921092,35.6820882]]}},{"type":"Feature","id":27998253,"properties":{"osm_id":27998253,"highway":"motorway_link","oneway":"yes","name":"","name_en":"","ref":"","destination":"","maxspeed":"40","bridge":"","tunnel":"","layer":"0"},"geometry":{"type":"LineString","coordinates":[[139.6031133,35.5459415],[139.6032508,35.5458819],[139.6033604,35.5457947],[139.6034492,35.545659],[139.6034986,35.5455353],[139.6035034,35.5452659]]}},{"type":"Feature","id":27998255,"properties":{"osm_id":27998255,"highway":"motorway_link","oneway":"yes","name":"","name_en":"","ref":"","destination":"","maxspeed":"30","bridge":"yes","tunnel":"","layer":"2"},"geometry":{"type":"LineString","coordinates":[[139.6034445,35.545479],[139.6036469,35.5455526],[139.6037694,35.5455859],[139.6039049,35.545611],[139.604007,35.5456084],[139.6041217,35.5455702],[139.6041997,35.5455178],[139.6042555,35.5454545],[139.6042974,35.5453536],[139.6043054,35.5452603],[139.6042989,35.5451704],[139.604257,35.5448168]]}},{"type":"Feature","id":27998257,"properties":{"osm_id":27998257,"highway":"motorway_link","oneway":"yes","name":"","name_en":"","ref":"","destination":"","maxspeed":"40","bridge":"","tunnel":"","layer":"0"},"geometry":{"type":"LineString","coordinates":[[139.6042327,35.544631],[139.6042054,35.5445305],[139.6041292,35.5444662]]}},{"type":"Feature","id":27999219,"properties":{"osm_id":27999219,"highway":"motorway_link","oneway":"yes","name":"","name_en":"","ref":"","destination":"","maxspeed":"40","bridge":"","tunnel":"","layer":"0"},"geometry":{"type":"LineString","coordinates":[[139.603893,35.5435552],[139.6038302,35.5435034],[139.6037829,35.5434446],[139.6037586,35.5433676],[139.6037321,35.5431331],[139.6037251,35.5430473],[139.6037099,35.5428598],[139.6036658,35.5424618],[139.6035932,35.5419969],[139.603529,35.5418636]]}},{"type":"Feature","id":28019825,"properties":{"osm_id":28019825,"highway":"motorway_link","oneway":"yes","name":"","name_en":"","ref":"","destination":"","maxspeed":"","bridge":"","tunnel":"","layer":"0"},"geometry":{"type":"LineString","coordinates":[[139.6492493,35.6695332],[139.6489008,35.669354],[139.6482965,35.6690142]]}},{"type":"Feature","id":28126646,"properties":{"osm_id":28126646,"highway":"motorway_link","oneway":"yes","name":"高井戸出口","name_en":"","ref":"","destination":"","maxspeed":"","bridge":"","tunnel":"","layer":"0"},"geometry":{"type":"LineString","coordinates":[[139.6197924,35.6747136],[139.6197309,35.6747546],[139.6193296,35.6750224],[139.6190724,35.6751736],[139.6184067,35.6755401],[139.6179567,35.6757574]]}},{"type":"Feature","id":28126647,"properties":{"osm_id":28126647,"highway":"motorway_link","oneway":"yes","name":"","name_en":"","ref":"","destination":"下高井戸;永福町;国道２０号","maxspeed":"","bridge":"yes","tunnel":"","layer":"3"},"geometry":{"type":"LineString","coordinates":[[139.649777,35.6699702],[139.6496115,35.6698815],[139.6494407,35.669784],[139.6489475,35.6694835],[139.6482616,35.6690517]]}},{"type":"Feature","id":28126650,"properties":{"osm_id":28126650,"highway":"motorway_link","oneway":"yes","name":"","name_en":"","ref":"","destination":"","maxspeed":"40","bridge":"yes","tunnel":"","layer":"4"},"geometry":{"type":"LineString","coordinates":[[139.6877445,35.6819737],[139.686676,35.6813006]]}},{"type":"Feature","id":28126651,"properties":{"osm_id":28126651,"highway":"motorway_link","oneway":"yes","name":"","name_en":"","ref":"","destination":"","maxspeed":"30","bridge":"yes","tunnel":"","layer":"3"},"geometry":{"type":"LineString","coordinates":[[139.6880661,35.6826092],[139.6880918,35.6825405],[139.6881069,35.6824655],[139.6881064,35.6823771],[139.6880891,35.6823032],[139.6880523,35.6822331],[139.6880055,35.6821684],[139.6879339,35.6821064],[139.6877445,35.6819737]]}},{"type":"Feature","id":28126652,"properties":{"osm_id":28126652,"highway":"motorway_link","oneway":"yes","name":"","name_en":"","ref":"C2","destination":"","maxspeed":"","bridge":"yes","tunnel":"","layer":"2"},"geometry":{"type":"LineString","coordinates":[[139.6869165,35.6837316],[139.6864183,35.6842729],[139.68551,35.6854579],[139.6849716,35.6861378]]}},{"type":"Feature","id":28127106,"properties":{"osm_id":28127106,"highway":"motorway_link","oneway":"yes","name":"","name_en":"","ref":"C2","destination":"高井戸","maxspeed":"60","bridge":"","tunnel":"yes","layer":"-2"},"geometry":{"type":"LineString","coordinates":[[139.6823751,35.6889467],[139.6829026,35.6883041]]}},{"type":"Feature","id":28194421,"properties":{"osm_id":28194421,"highway":"motorway","oneway":"yes","name":"首都高速6号向島線","name_en":"Shuto Expressway Route 6 Mukojima Line","ref":"6","destination":"","maxspeed":"60","bridge":"yes","tunnel":"","layer":"3"},"geometry":{"type":"LineString","coordinates":[[139.7808879,35.6811381],[139.7813711,35.6807125],[139.7815092,35.6805939],[139.781652,35.6804736],[139.7817673,35.6803836],[139.781843,35.6803325],[139.7819416,35.6802755],[139.7820458,35.6802291],[139.7821513,35.6801912]]}},{"type":"Feature","id":28239000,"properties":{"osm_id":28239000,"highway":"motorway","oneway":"yes","name":"第三京浜道路","name_en":"Daisan Keihin","ref":"E83;466","destination":"","maxspeed":"","bridge":"","tunnel":"","layer":"0"},"geometry":{"type":"LineString","coordinates":[[139.6006871,35.4742287],[139.6011199,35.4738031],[139.6014629,35.4735136]]}},{"type":"Feature","id":28368864,"properties":{"osm_id":28368864,"highway":"motorway","oneway":"yes","name":"首都高速4号新宿線","name_en":"Route 4 Shinjuku Line","ref":"4","destination":"","maxspeed":"50","bridge":"yes","tunnel":"","layer":"3"},"geometry":{"type":"LineString","coordinates":[[139.6804588,35.6784453],[139.6821031,35.6792035],[139.6830764,35.6796212],[139.6833773,35.6797349],[139.6837666,35.6798747],[139.6842004,35.680023]]}},{"type":"Feature","id":28368866,"properties":{"osm_id":28368866,"highway":"motorway","oneway":"yes","name":"首都高速4号新宿線","name_en":"Route 4 Shinjuku Line","ref":"4","destination":"","maxspeed":"50","bridge":"","tunnel":"","layer":"2"},"geometry":{"type":"LineString","coordinates":[[139.696982,35.6805776],[139.6968121,35.6804647],[139.6963984,35.6801885],[139.6962811,35.6801136],[139.6961693,35.6800501]]}},{"type":"Feature","id":28368971,"properties":{"osm_id":28368971,"highway":"motorway","oneway":"yes","name":"中央自動車道","name_en":"CHUO EXPRESSWAY","ref":"","destination":"","maxspeed":"60","bridge":"yes","tunnel":"","layer":"2"},"geometry":{"type":"LineString","coordinates":[[139.602845,35.6800291],[139.602561,35.6799032]]}},{"type":"Feature","id":28368972,"properties":{"osm_id":28368972,"highway":"motorway","oneway":"yes","name":"中央自動車道","name_en":"Chuo Expressway","ref":"E20","destination":"","maxspeed":"60","bridge":"yes","tunnel":"","layer":"2"},"geometry":{"type":"LineString","coordinates":[[139.6027984,35.68011],[139.603023,35.6801978],[139.6032862,35.6802819],[139.6034999,35.6803409],[139.6037339,35.6803934],[139.6039699,35.6804339],[139.6042316,35.6804659],[139.6044782,35.6804837],[139.6047395,35.6804894]]}},{"type":"Feature","id":28916826,"properties":{"osm_id":28916826,"highway":"motorway_link","oneway":"yes","name":"","name_en":"","ref":"","destination":"","maxspeed":"40","bridge":"yes","tunnel":"","layer":"2"},"geometry":{"type":"LineString","coordinates":[[139.6916089,35.6847068],[139.6916828,35.6847776],[139.6917426,35.6848575],[139.691788,35.6849381],[139.6918264,35.6850304],[139.6918516,35.6851148],[139.6918624,35.6851993],[139.691863,35.6852829],[139.6918563,35.685379],[139.6918413,35.6854799],[139.6918158,35.6855946],[139.6914834,35.6869457]]}},{"type":"Feature","id":28973646,"properties":{"osm_id":28973646,"highway":"motorway_link","oneway":"yes","name":"","name_en":"","ref":"","destination":"","maxspeed":"","bridge":"yes","tunnel":"","layer":"2"},"geometry":{"type":"LineString","coordinates":[[139.6482965,35.6690142],[139.6480618,35.6688845],[139.6478178,35.6687612],[139.647522,35.6686323],[139.6470735,35.6684689],[139.6465586,35.6683059],[139.6460016,35.6681524]]}},{"type":"Feature","id":28973647,"properties":{"osm_id":28973647,"highway":"motorway_link","oneway":"yes","name":"","name_en":"","ref":"","destination":"","maxspeed":"","bridge":"yes","tunnel":"","layer":"1"},"geometry":{"type":"LineString","coordinates":[[139.6482616,35.6690517],[139.6480314,35.6689212],[139.6477904,35.6688015],[139.6475136,35.6686776],[139.6470736,35.6685059]]}},{"type":"Feature","id":28993447,"properties":{"osm_id":28993447,"highway":"motorway_link","oneway":"yes","name":"","name_en":"","ref":"","destination":"","maxspeed":"","bridge":"yes","tunnel":"","layer":"1"},"geometry":{"type":"LineString","coordinates":[[139.6886476,35.6819098],[139.6886929,35.6818319],[139.6887317,35.6817572],[139.6887655,35.6816799],[139.6888042,35.6815583],[139.6888295,35.6814341],[139.6888448,35.6812712],[139.6888468,35.6810996],[139.6888354,35.6809279],[139.6887858,35.6804741],[139.6886169,35.6792942],[139.6885607,35.679062],[139.6884562,35.6787098],[139.6883047,35.6782931]]}},{"type":"Feature","id":28993448,"properties":{"osm_id":28993448,"highway":"motorway_link","oneway":"yes","name":"","name_en":"","ref":"","destination":"","maxspeed":"","bridge":"yes","tunnel":"","layer":"1"},"geometry":{"type":"LineString","coordinates":[[139.6882576,35.6783012],[139.6883977,35.6787158],[139.6884662,35.6789462],[139.6885316,35.6792291],[139.6887137,35.6804843],[139.6887669,35.6809267],[139.6887782,35.6810966],[139.6887775,35.6812599],[139.6887657,35.6814063],[139.6887457,35.6815478],[139.6887151,35.6816699],[139.6886895,35.681752],[139.6886544,35.6818275],[139.6886166,35.6818952]]}},{"type":"Feature","id":31298320,"properties":{"osm_id":31298320,"highway":"motorway","oneway":"yes","name":"首都高速4号新宿線","name_en":"Route 4 Shinjuku Line","ref":"4","destination":"","maxspeed":"50","bridge":"","tunnel":"","layer":"0"},"geometry":{"type":"LineString","coordinates":[[139.6961204,35.6801119],[139.696226,35.6801753],[139.6963368,35.6802445],[139.6969227,35.6806326],[139.6970837,35.6807353],[139.6971967,35.680797],[139.6973136,35.6808523],[139.6974386,35.680904],[139.6975764,35.6809494],[139.6977187,35.6809876],[139.697861,35.6810169],[139.6979899,35.6810365],[139.6981284,35.6810468],[139.6982572,35.6810458],[139.6983885,35.6810354],[139.6985159,35.6810142],[139.6986665,35.6809789],[139.698809,35.6809404],[139.6989578,35.6808927],[139.6990951,35.6808416],[139.6992498,35.6807807],[139.6994742,35.6806685],[139.7002695,35.6802521],[139.700388,35.680191],[139.700504,35.6801379],[139.7005748,35.6801111],[139.7006424,35.6800902],[139.7007147,35.6800717],[139.7007848,35.6800606],[139.7008587,35.6800531],[139.7009353,35.68005],[139.7010166,35.6800504],[139.7011035,35.6800551],[139.7011843,35.6800632]]}},{"type":"Feature","id":31709108,"properties":{"osm_id":31709108,"highway":"motorway_link","oneway":"yes","name":"首都高速神奈川2号三ツ沢線","name_en":"Kanagawa Route 2 Mitsuzawa Line","ref":"K2","destination":"","maxspeed":"","bridge":"yes","tunnel":"","layer":"3"},"geometry":{"type":"LineString","coordinates":[[139.6270755,35.4687604],[139.626879,35.4686969],[139.6267379,35.4686475],[139.6266044,35.4685909],[139.6264648,35.4685228],[139.6263358,35.4684557],[139.62619,35.4683635],[139.6260644,35.4682781],[139.6259428,35.4681917],[139.6255732,35.4679221],[139.6254403,35.467832],[139.6253657,35.4677844],[139.6252878,35.4677408],[139.6252027,35.4677034],[139.6251091,35.4676708],[139.6250122,35.4676442],[139.6249018,35.4676234],[139.6247926,35.4676087],[139.6246872,35.4675994],[139.6245928,35.4675953],[139.6244997,35.4675947],[139.6244085,35.4675985],[139.6243053,35.4676067],[139.6236447,35.4676863],[139.6221028,35.4678394],[139.6212049,35.467921]]}},{"type":"Feature","id":31709122,"properties":{"osm_id":31709122,"highway":"motorway_link","oneway":"yes","name":"首都高速神奈川1号横羽線","name_en":"Kanagawa Route 1 Yokohane Line","ref":"K1","destination":"","maxspeed":"","bridge":"yes","tunnel":"","layer":"2"},"geometry":{"type":"LineString","coordinates":[[139.6421826,35.4406563],[139.6425111,35.4405001],[139.6439723,35.4398329],[139.644141,35.4397658],[139.6442931,35.4397143],[139.6444525,35.4396756],[139.6446194,35.439652],[139.6448272,35.4396412],[139.6450335,35.4396472],[139.6452129,35.4396781],[139.6453593,35.439724],[139.6456163,35.4398229],[139.6463427,35.440152]]}},{"type":"Feature","id":31711323,"properties":{"osm_id":31711323,"highway":"motorway","oneway":"yes","name":"首都高速湾岸線","name_en":"Bayshore Route","ref":"B","destination":"","maxspeed":"80","bridge":"yes","tunnel":"","layer":"2"},"geometry":{"type":"LineString","coordinates":[[139.6709302,35.4499057],[139.668808,35.4467066],[139.6685996,35.4463814],[139.6683964,35.4460517],[139.6682248,35.4457467],[139.6680619,35.4454266],[139.6677515,35.4447905],[139.6676203,35.4444765]]}},{"type":"Feature","id":31887387,"properties":{"osm_id":31887387,"highway":"motorway","oneway":"yes","name":"東名高速道路","name_en":"Tomei Expressway","ref":"E1","destination":"","maxspeed":"100","bridge":"","tunnel":"","layer":"0"},"geometry":{"type":"LineString","coordinates":[[139.6180862,35.6282679],[139.6166033,35.6284512],[139.6161552,35.628496],[139.6157862,35.6285267],[139.6154009,35.6285497],[139.6150317,35.6285607],[139.6146769,35.6285587],[139.61433,35.6285492],[139.6140152,35.6285278],[139.6136732,35.6284935],[139.6133444,35.6284483],[139.6129773,35.6283865],[139.6126356,35.6283189],[139.6123127,35.6282415],[139.6119594,35.6281473],[139.6116423,35.6280508]]}},{"type":"Feature","id":32355491,"properties":{"osm_id":32355491,"highway":"motorway_link","oneway":"yes","name":"","name_en":"","ref":"","destination":"","maxspeed":"","bridge":"","tunnel":"","layer":"0"},"geometry":{"type":"LineString","coordinates":[[139.7484269,35.4932976],[139.7477304,35.4930319],[139.747448,35.4929258],[139.7471604,35.4928299],[139.7470057,35.4927806],[139.7468421,35.4927355],[139.7467291,35.4927049],[139.746625,35.4926743],[139.7464891,35.4926314],[139.7463602,35.4925842],[139.746189,35.4925138],[139.7460232,35.4924405],[139.7457739,35.492345],[139.745491,35.4922134],[139.7452801,35.4921225],[139.7450237,35.4920067],[139.7445579,35.4918179],[139.7441541,35.4916654],[139.7438238,35.4915332],[139.7434382,35.4913707],[139.7429375,35.4911492]]}},{"type":"Feature","id":32355494,"properties":{"osm_id":32355494,"highway":"motorway_link","oneway":"yes","name":"","name_en":"","ref":"","destination":"","maxspeed":"","bridge":"","tunnel":"","layer":"0"},"geometry":{"type":"LineString","coordinates":[[139.7430981,35.4914434],[139.7432043,35.4915062],[139.7439196,35.4919291],[139.7450839,35.4924449],[139.7452388,35.4925214],[139.7453703,35.4925975],[139.7454765,35.4926657],[139.7459077,35.4929503],[139.7460789,35.4930631],[139.746235,35.4931566],[139.7468791,35.4934781]]}},{"type":"Feature","id":32355606,"properties":{"osm_id":32355606,"highway":"motorway","oneway":"yes","name":"首都高速湾岸線","name_en":"Bayshore Route","ref":"B","destination":"","maxspeed":"80","bridge":"yes","tunnel":"","layer":"4"},"geometry":{"type":"LineString","coordinates":[[139.7428999,35.4912084],[139.7416033,35.4906293],[139.7335531,35.4871018]]}},{"type":"Feature","id":32355607,"properties":{"osm_id":32355607,"highway":"motorway","oneway":"yes","name":"首都高速湾岸線","name_en":"Bayshore Route","ref":"B","destination":"","maxspeed":"80","bridge":"","tunnel":"","layer":"0"},"geometry":{"type":"LineString","coordinates":[[139.7474625,35.4933866],[139.756889,35.4975637]]}},{"type":"Feature","id":32355890,"properties":{"osm_id":32355890,"highway":"motorway_link","oneway":"yes","name":"首都高速神奈川5号大黒線","name_en":"Kanagawa Route 5 Daikoku Line","ref":"K5","destination":"","maxspeed":"","bridge":"yes","tunnel":"","layer":"4"},"geometry":{"type":"LineString","coordinates":[[139.6775276,35.4600617],[139.6778506,35.4605933],[139.6783043,35.4612252],[139.678724,35.4617681],[139.6790387,35.4621135],[139.6795528,35.4626403]]}},{"type":"Feature","id":32355893,"properties":{"osm_id":32355893,"highway":"motorway_link","oneway":"yes","name":"","name_en":"","ref":"","destination":"","maxspeed":"","bridge":"yes","tunnel":"","layer":"2"},"geometry":{"type":"LineString","coordinates":[[139.6820549,35.4644709],[139.6822301,35.4644029],[139.6823745,35.4643339],[139.6825043,35.4642653],[139.6826418,35.4641851],[139.6827605,35.4641083],[139.6828852,35.4640128],[139.6830221,35.4638966],[139.6831153,35.4637973],[139.6831724,35.4637111],[139.683209,35.4636327],[139.6832329,35.463551],[139.683242,35.4634737],[139.6832347,35.4633987],[139.68321,35.463327],[139.6831735,35.4632554],[139.6831245,35.4631934],[139.683066,35.4631347],[139.6829941,35.4630773],[139.6829221,35.4630308],[139.6826661,35.4628781],[139.6825656,35.462826],[139.6823433,35.4627204],[139.6822457,35.4626717],[139.6821374,35.4626086],[139.682029,35.4625328],[139.6819298,35.4624556],[139.681828,35.4623686],[139.6814442,35.4620157]]}},{"type":"Feature","id":32355895,"properties":{"osm_id":32355895,"highway":"motorway","oneway":"yes","name":"首都高速神奈川5号大黒線","name_en":"Kanagawa Route 5 Daikoku Line","ref":"K5","destination":"","maxspeed":"60","bridge":"yes","tunnel":"","layer":"2"},"geometry":{"type":"LineString","coordinates":[[139.6717661,35.4902507],[139.6735649,35.4873622],[139.674111,35.4865428],[139.6745756,35.4858643],[139.6754179,35.4845266],[139.675504,35.484374],[139.6755895,35.4842047],[139.6756491,35.4840634],[139.6756904,35.4839233],[139.6757244,35.4837488],[139.6757413,35.4835858],[139.6757458,35.4834085],[139.675736,35.4832269],[139.6757181,35.4830597],[139.6750006,35.4784567],[139.6749432,35.4779715],[139.6749333,35.4775988],[139.6749447,35.4772804],[139.6751418,35.4745352],[139.6751795,35.4742783],[139.6754888,35.4726977],[139.6755698,35.4723962],[139.675664,35.472114],[139.6757664,35.4718563],[139.6761132,35.4711106],[139.6762501,35.4707694],[139.6763322,35.4705026],[139.676388,35.4702743],[139.6773435,35.465746],[139.677468,35.4651544],[139.6777177,35.463956],[139.6777892,35.4636395],[139.6778943,35.4632935],[139.677998,35.4629954],[139.6781218,35.4627343],[139.67828,35.4624537],[139.6784275,35.4622489],[139.678609,35.4620277],[139.6787817,35.4618439],[139.6789739,35.4616694],[139.679213,35.461485],[139.6794244,35.4613424],[139.6796771,35.4611964],[139.6798678,35.4610917],[139.6800865,35.460988]]}},{"type":"Feature","id":32355897,"properties":{"osm_id":32355897,"highway":"motorway_link","oneway":"yes","name":"","name_en":"","ref":"","destination":"","maxspeed":"","bridge":"","tunnel":"","layer":"0"},"geometry":{"type":"LineString","coordinates":[[139.6813164,35.4620392],[139.6814708,35.4621562],[139.6817862,35.462448],[139.6822078,35.462846],[139.68232,35.4629567],[139.6823997,35.4630499],[139.6824677,35.4631424],[139.6825115,35.4632371],[139.6825365,35.4633407],[139.6825436,35.4634449],[139.6825351,35.4635309]]}},{"type":"Feature","id":32355898,"properties":{"osm_id":32355898,"highway":"motorway","oneway":"yes","name":"首都高速神奈川5号大黒線","name_en":"Kanagawa Route 5 Daikoku Line","ref":"K5","destination":"","maxspeed":"","bridge":"yes","tunnel":"","layer":"3"},"geometry":{"type":"LineString","coordinates":[[139.680562,35.4608205],[139.680653,35.4607983],[139.6807553,35.4607775],[139.6808434,35.4607656],[139.6809316,35.460757],[139.6810326,35.4607507],[139.6811345,35.4607494],[139.681232,35.4607529],[139.681332,35.4607614]]}},{"type":"Feature","id":32403531,"properties":{"osm_id":32403531,"highway":"motorway","oneway":"yes","name":"首都高速狩場線","name_en":"Kanagawa Route 3 Kariba Line","ref":"K3","destination":"","maxspeed":"","bridge":"yes","tunnel":"","layer":"2"},"geometry":{"type":"LineString","coordinates":[[139.6676203,35.4444765],[139.6675972,35.4440074],[139.6675796,35.4438817],[139.667526,35.4436164],[139.6674826,35.4433646],[139.6674489,35.4431106],[139.6674198,35.4428096],[139.6674102,35.4425085]]}},{"type":"Feature","id":32403532,"properties":{"osm_id":32403532,"highway":"motorway_link","oneway":"yes","name":"首都高速神奈川3号狩場線","name_en":"Kanagawa Route 3 Kariba Line","ref":"K3","destination":"","maxspeed":"","bridge":"yes","tunnel":"","layer":"2"},"geometry":{"type":"LineString","coordinates":[[139.670454,35.4323024],[139.6700025,35.4334201],[139.6695299,35.4348566],[139.6694257,35.4351371]]}},{"type":"Feature","id":32403534,"properties":{"osm_id":32403534,"highway":"motorway","oneway":"yes","name":"首都高速神奈川3号狩場線","name_en":"Kanagawa Route 3 Kariba Line","ref":"K3","destination":"","maxspeed":"50","bridge":"yes","tunnel":"","layer":"3"},"geometry":{"type":"LineString","coordinates":[[139.6605454,35.4404189],[139.6583605,35.4422708],[139.6580036,35.4425396],[139.6576707,35.4427425],[139.6573525,35.4429016],[139.6571895,35.442966],[139.6570101,35.4430262],[139.6567803,35.4430874],[139.6565672,35.4431333],[139.6563968,35.443162],[139.656237,35.4431829],[139.6560706,35.4432007],[139.6558813,35.443214]]}},{"type":"Feature","id":32403596,"properties":{"osm_id":32403596,"highway":"motorway","oneway":"yes","name":"首都高速神奈川3号狩場線","name_en":"Kanagawa Route 3 Kariba Line","ref":"K3","destination":"","maxspeed":"50","bridge":"yes","tunnel":"","layer":"3"},"geometry":{"type":"LineString","coordinates":[[139.6674102,35.4425085],[139.6674169,35.4420652],[139.6674332,35.4416865],[139.6674976,35.4410427],[139.6676075,35.4403365],[139.6676663,35.4399103],[139.6676978,35.4396415],[139.6677075,35.4394706],[139.6677034,35.4392756],[139.6676871,35.4390924],[139.6676636,35.4389529],[139.6676356,35.4388459],[139.6676029,35.4387451],[139.6675646,35.4386427],[139.6675105,35.4385316],[139.6674515,35.4384282],[139.6673675,35.4383018],[139.6672983,35.4382019],[139.6672129,35.438099],[139.6670963,35.4379837],[139.6669629,35.4378702],[139.666827,35.4377656],[139.666709,35.4376886],[139.6665744,35.4376151],[139.6664371,35.4375487],[139.6662697,35.4374841],[139.6660606,35.4374137],[139.6658971,35.4373734],[139.665726,35.4373395],[139.6655442,35.4373181],[139.6653506,35.4373109],[139.6651735,35.4373114],[139.6649738,35.4373258],[139.6648084,35.4373471],[139.6646652,35.437375],[139.6645071,35.4374155],[139.664372,35.4374591],[139.6642313,35.437512],[139.6640053,35.437616],[139.6638575,35.4376967],[139.663701,35.4377886],[139.6634788,35.4379402],[139.662978,35.4383252]]}},{"type":"Feature","id":32403597,"properties":{"osm_id":32403597,"highway":"motorway","oneway":"yes","name":"首都高速神奈川3号狩場線","name_en":"Kanagawa Route 3 Kariba Line","ref":"K3","destination":"","maxspeed":"50","bridge":"yes","tunnel":"","layer":"2"},"geometry":{"type":"LineString","coordinates":[[139.6622464,35.4389428],[139.6614657,35.4396099],[139.6609629,35.4400603],[139.6605454,35.4404189]]}},{"type":"Feature","id":32403598,"properties":{"osm_id":32403598,"highway":"motorway_link","oneway":"yes","name":"首都高速神奈川3号狩場線","name_en":"Kanagawa Route 3 Kariba Line","ref":"K3","destination":"","maxspeed":"50","bridge":"yes","tunnel":"","layer":"2"},"geometry":{"type":"LineString","coordinates":[[139.6622077,35.4388912],[139.6609247,35.4400166],[139.6607791,35.4401543],[139.6605454,35.4404189]]}},{"type":"Feature","id":32403599,"properties":{"osm_id":32403599,"highway":"motorway_link","oneway":"yes","name":"首都高速神奈川3号狩場線","name_en":"Kanagawa Route 3 Kariba Line","ref":"K3","destination":"","maxspeed":"50","bridge":"yes","tunnel":"","layer":"4"},"geometry":{"type":"LineString","coordinates":[[139.6694257,35.4351371],[139.6693343,35.4353612],[139.6692431,35.4355318],[139.6691562,35.4356716],[139.6690328,35.4358216],[139.6688606,35.4359762],[139.6686683,35.4361105],[139.6683199,35.4362806],[139.6674028,35.4366508],[139.667019,35.4368015],[139.6666952,35.4369161],[139.6663648,35.4370094],[139.6660469,35.4370835],[139.6656458,35.4371734],[139.6650273,35.4373263],[139.6646812,35.4374346],[139.6642582,35.4376002],[139.663853,35.4377861],[139.6635857,35.437916],[139.6632896,35.4380782],[139.6629115,35.4383328],[139.6622077,35.4388912]]}},{"type":"Feature","id":32403601,"properties":{"osm_id":32403601,"highway":"motorway_link","oneway":"yes","name":"首都高速神奈川3号狩場線","name_en":"Kanagawa Route 3 Kariba Line","ref":"K3","destination":"","maxspeed":"50","bridge":"yes","tunnel":"","layer":"4"},"geometry":{"type":"LineString","coordinates":[[139.6633382,35.4383871],[139.6639185,35.437979],[139.664259,35.4377648],[139.6643859,35.4376898],[139.6646104,35.4375721],[139.664744,35.4375157],[139.6650413,35.437411],[139.6656509,35.4372656],[139.6660876,35.4371717],[139.6664652,35.4370757],[139.6666817,35.4370049],[139.667031,35.4368751],[139.6674538,35.4367018],[139.668391,35.4363292],[139.6687065,35.4361976],[139.6689327,35.4360818],[139.6691705,35.4359341],[139.6693803,35.4357725],[139.6694968,35.435661],[139.6696163,35.435527],[139.6696876,35.4354359],[139.6697552,35.4353323],[139.6698403,35.4351848],[139.6698947,35.4350689],[139.6699362,35.4349653],[139.6699726,35.4348603],[139.6700049,35.4347541],[139.6700697,35.4345311]]}},{"type":"Feature","id":32403899,"properties":{"osm_id":32403899,"highway":"motorway","oneway":"yes","name":"首都高速神奈川5号大黒線","name_en":"Kanagawa Route 5 Daikoku Line","ref":"K5","destination":"","maxspeed":"60","bridge":"yes","tunnel":"","layer":"3"},"geometry":{"type":"LineString","coordinates":[[139.6800734,35.4609665],[139.6798462,35.461075],[139.6796606,35.4611736],[139.6794038,35.4613251],[139.6791836,35.461474],[139.6789508,35.4616533],[139.6787566,35.4618293],[139.6785785,35.4620162],[139.6784056,35.4622252],[139.6782673,35.4624174],[139.6781052,35.462699],[139.6779742,35.4629712],[139.6778622,35.4632845],[139.6777583,35.4636306],[139.6776818,35.4639646],[139.6774375,35.465148],[139.677094,35.4667803],[139.6763576,35.47027],[139.6763022,35.4704969],[139.6762242,35.4707571],[139.6760873,35.4710933],[139.6757422,35.471834],[139.6756358,35.4721005],[139.6755423,35.472391],[139.6754563,35.4726938],[139.6751509,35.4742697],[139.6751139,35.4745415],[139.6749106,35.4772781],[139.6748986,35.4775979],[139.6749085,35.477973],[139.6749631,35.4784488],[139.6756798,35.4830603],[139.6756999,35.4832332],[139.6757126,35.4834071],[139.6757103,35.483585],[139.6756922,35.4837453],[139.6756575,35.4839176],[139.6756153,35.4840549],[139.6755577,35.4841982],[139.6754769,35.4843584],[139.6753864,35.4845115],[139.6745423,35.4858514],[139.6740726,35.4865393],[139.6737505,35.4869788],[139.6735017,35.4873653],[139.6727668,35.4885489]]}},{"type":"Feature","id":32403901,"properties":{"osm_id":32403901,"highway":"motorway_link","oneway":"yes","name":"首都高速神奈川5号大黒線","name_en":"Kanagawa Route 5 Daikoku Line","ref":"K5","destination":"","maxspeed":"","bridge":"yes","tunnel":"","layer":"5"},"geometry":{"type":"LineString","coordinates":[[139.6795528,35.4626403],[139.6796954,35.4627719],[139.6798263,35.4628837],[139.679943,35.4629796],[139.6800577,35.4630551],[139.6801849,35.46313],[139.6803317,35.4631983],[139.6804731,35.4632498],[139.6806201,35.4632909],[139.6807833,35.4633189],[139.6809428,35.4633346],[139.6810991,35.4633371],[139.6812572,35.4633294],[139.681413,35.4633081],[139.6815742,35.4632733],[139.6817146,35.4632305],[139.6818518,35.4631777],[139.6819771,35.4631161],[139.6820924,35.46305],[139.6822035,35.4629733],[139.6823049,35.4628836],[139.6823926,35.4627886],[139.6824696,35.4626891],[139.682533,35.4625949],[139.6825861,35.4624968],[139.6826267,35.4623985],[139.6826549,35.4622936],[139.6826698,35.4621864],[139.6826752,35.462078],[139.6826734,35.4619696],[139.682661,35.4618617],[139.6826339,35.4617492],[139.6825998,35.4616339],[139.6825541,35.461527],[139.6825032,35.4614216],[139.68244,35.4613147],[139.6823714,35.4612159],[139.6822959,35.4611386],[139.6822054,35.4610656],[139.6820994,35.4609971],[139.6819864,35.4609337],[139.6818691,35.4608796],[139.6817466,35.460831],[139.6816162,35.4607904],[139.681486,35.4607593],[139.6813319,35.4607331]]}},{"type":"Feature","id":32403902,"properties":{"osm_id":32403902,"highway":"motorway_link","oneway":"yes","name":"","name_en":"","ref":"","destination":"","maxspeed":"","bridge":"yes","tunnel":"","layer":"3"},"geometry":{"type":"LineString","coordinates":[[139.6796606,35.4611736],[139.6792343,35.4615008],[139.6789903,35.4617002],[139.6788068,35.4618799],[139.6786734,35.4620369],[139.6785186,35.4622551],[139.6784561,35.4623539],[139.6783869,35.4624877],[139.6783327,35.4626237],[139.6783024,35.462747],[139.6782877,35.4628684],[139.6782884,35.4629821],[139.6783107,35.4630978],[139.678349,35.4632129],[139.6784105,35.4633323],[139.6784935,35.4634472],[139.6785784,35.4635389],[139.6786831,35.463622],[139.678748,35.4636644],[139.678769,35.4636781],[139.6787937,35.4636942],[139.6789323,35.4637675],[139.6790675,35.4638314],[139.6792468,35.4639082],[139.679422,35.4639795],[139.6799778,35.4641832],[139.6805423,35.4643891],[139.6807078,35.4644427],[139.6808694,35.4644822],[139.6810413,35.4645138],[139.681212,35.4645348],[139.6813839,35.4645459],[139.6815688,35.4645385],[139.6817304,35.4645252],[139.6819051,35.4645],[139.6820549,35.4644709]]}},{"type":"Feature","id":32403903,"properties":{"osm_id":32403903,"highway":"motorway_link","oneway":"yes","name":"首都高速神奈川5号大黒線","name_en":"Kanagawa Route 5 Daikoku Line","ref":"K5","destination":"","maxspeed":"","bridge":"yes","tunnel":"","layer":"4"},"geometry":{"type":"LineString","coordinates":[[139.6838363,35.4654651],[139.6842846,35.4656767],[139.6848267,35.465908],[139.6873135,35.4669331],[139.6880802,35.4672016]]}},{"type":"Feature","id":32404403,"properties":{"osm_id":32404403,"highway":"motorway","oneway":"yes","name":"首都高速神奈川2号三ツ沢線","name_en":"Kanagawa Route 2 Mitsuzawa Line","ref":"K2","destination":"","maxspeed":"60","bridge":"","tunnel":"yes","layer":"-1"},"geometry":{"type":"LineString","coordinates":[[139.6136149,35.4697062],[139.6127097,35.4701698]]}},{"type":"Feature","id":32404412,"properties":{"osm_id":32404412,"highway":"motorway_link","oneway":"yes","name":"首都高速神奈川1号横羽線","name_en":"Kanagawa Route 1 Yokohane Line","ref":"K1","destination":"","maxspeed":"","bridge":"yes","tunnel":"","layer":"2"},"geometry":{"type":"LineString","coordinates":[[139.6471555,35.4403382],[139.646406,35.4400691],[139.6456567,35.439729],[139.6453846,35.4396413],[139.6452442,35.4395928],[139.6451587,35.439572],[139.6450395,35.4395543],[139.6449684,35.4395474],[139.6448502,35.4395376],[139.6446407,35.439546],[139.6444194,35.439583],[139.6442452,35.4396268],[139.6440967,35.4396788],[139.6439086,35.4397544]]}},{"type":"Feature","id":32404414,"properties":{"osm_id":32404414,"highway":"motorway","oneway":"yes","name":"首都高速神奈川1号横羽線","name_en":"Kanagawa Route 1 Yokohane Line","ref":"K1","destination":"","maxspeed":"60","bridge":"yes","tunnel":"","layer":"2"},"geometry":{"type":"LineString","coordinates":[[139.6271391,35.4559054],[139.6261296,35.4570386],[139.6254658,35.4578457],[139.6246059,35.4589101],[139.6242726,35.4593312],[139.6241746,35.4594638],[139.6240983,35.459575],[139.6240028,35.4597434],[139.6239525,35.4598361],[139.6239037,35.4599437],[139.6238692,35.4600315],[139.6238378,35.4601192],[139.6238054,35.4602293],[139.6237685,35.4604064],[139.6237537,35.4605233],[139.6237431,35.4607071],[139.6237456,35.4609526],[139.6237555,35.4612102],[139.6237775,35.461931],[139.6237921,35.4623145],[139.6237797,35.4633042],[139.623766,35.4645559]]}},{"type":"Feature","id":32404415,"properties":{"osm_id":32404415,"highway":"motorway","oneway":"yes","name":"首都高速神奈川1号横羽線","name_en":"Kanagawa Route 1 Yokohane Line","ref":"K1","destination":"","maxspeed":"50","bridge":"","tunnel":"yes","layer":"-1"},"geometry":{"type":"LineString","coordinates":[[139.6325873,35.4513937],[139.6325329,35.4514818],[139.6324374,35.4516106],[139.632355,35.4517122],[139.6322117,35.4518536],[139.6320837,35.451953],[139.6316344,35.4522615],[139.6312475,35.4525063]]}},{"type":"Feature","id":32404416,"properties":{"osm_id":32404416,"highway":"motorway","oneway":"yes","name":"首都高速神奈川1号横羽線","name_en":"Kanagawa Route 1 Yokohane Line","ref":"K1","destination":"","maxspeed":"50","bridge":"","tunnel":"","layer":"0"},"geometry":{"type":"LineString","coordinates":[[139.6328582,35.4502851],[139.6328609,35.4504497],[139.6328553,35.4506053],[139.632834,35.4507825],[139.6327992,35.4509329],[139.6327554,35.4510626],[139.632698,35.4511933],[139.6325873,35.4513937]]}},{"type":"Feature","id":32404418,"properties":{"osm_id":32404418,"highway":"motorway","oneway":"yes","name":"首都高速神奈川1号横羽線","name_en":"Kanagawa Route 1 Yokohane Line","ref":"K1","destination":"","maxspeed":"50","bridge":"","tunnel":"yes","layer":"-1"},"geometry":{"type":"LineString","coordinates":[[139.6324667,35.4473859],[139.6323619,35.4475245],[139.6322848,35.4476424],[139.6322273,35.4477414],[139.6321762,35.4478531],[139.6321388,35.4479569],[139.6321115,35.4480892],[139.6321071,35.4481721],[139.6321095,35.4482505],[139.6321168,35.4483378],[139.6321298,35.4484407],[139.632157,35.4485558],[139.6322093,35.4487152],[139.6323385,35.4490092],[139.6324084,35.4491365],[139.6326088,35.449452],[139.632658,35.4495384],[139.6327046,35.4496269],[139.6327577,35.4497455],[139.6327977,35.4498713],[139.6328268,35.4500009],[139.6328468,35.4501471],[139.6328582,35.4502851]]}},{"type":"Feature","id":32404420,"properties":{"osm_id":32404420,"highway":"motorway","oneway":"yes","name":"首都高速神奈川1号横羽線","name_en":"Kanagawa Route 1 Yokohane Line","ref":"K1","destination":"","maxspeed":"50","bridge":"","tunnel":"","layer":"0"},"geometry":{"type":"LineString","coordinates":[[139.6360381,35.4435886],[139.6358402,35.4437388],[139.6356445,35.4438903],[139.6352029,35.4442525],[139.6349816,35.4444598],[139.6345141,35.4449291],[139.6342906,35.4451888],[139.6339689,35.4455795],[139.6324667,35.4473859]]}},{"type":"Feature","id":32404421,"properties":{"osm_id":32404421,"highway":"motorway","oneway":"yes","name":"首都高速神奈川1号横羽線","name_en":"Kanagawa Route 1 Yokohane Line","ref":"K1","destination":"","maxspeed":"50","bridge":"","tunnel":"yes","layer":"-1"},"geometry":{"type":"LineString","coordinates":[[139.6380605,35.4424367],[139.637261,35.4428706],[139.6363785,35.4433795],[139.6361929,35.4434885],[139.6360381,35.4435886]]}},{"type":"Feature","id":32404427,"properties":{"osm_id":32404427,"highway":"motorway_link","oneway":"yes","name":"首都高速神奈川1号横羽線","name_en":"Kanagawa Route 1 Yokohane Line","ref":"K1","destination":"","maxspeed":"50","bridge":"","tunnel":"yes","layer":"-2"},"geometry":{"type":"LineString","coordinates":[[139.6434376,35.4399783],[139.6425757,35.4403629],[139.6420903,35.4405886],[139.6410104,35.4411075]]}},{"type":"Feature","id":32469173,"properties":{"osm_id":32469173,"highway":"motorway_link","oneway":"yes","name":"首都高速神奈川5号大黒線","name_en":"Kanagawa Route 5 Daikoku Line","ref":"K5","destination":"","maxspeed":"","bridge":"yes","tunnel":"","layer":"5"},"geometry":{"type":"LineString","coordinates":[[139.6835751,35.4647638],[139.6834235,35.4646245],[139.6832803,35.4644696],[139.6831711,35.4643149],[139.683082,35.4641482],[139.6830099,35.4639794],[139.6829514,35.463791],[139.6829115,35.4635829],[139.682893,35.46339],[139.6828879,35.463196],[139.6828963,35.4624353],[139.6828833,35.4621716],[139.6828575,35.4619878],[139.6828155,35.4618115],[139.6827451,35.4616289],[139.6826615,35.4614642],[139.6825667,35.4613157],[139.682498,35.4612346],[139.6824222,35.4611571],[139.6823319,35.4610845],[139.6822345,35.4610155]]}},{"type":"Feature","id":32469174,"properties":{"osm_id":32469174,"highway":"motorway_link","oneway":"yes","name":"首都高速神奈川5号大黒線","name_en":"Kanagawa Route 5 Daikoku Line","ref":"K5","destination":"","maxspeed":"","bridge":"yes","tunnel":"","layer":"4"},"geometry":{"type":"LineString","coordinates":[[139.6812271,35.4629841],[139.6809885,35.4629735],[139.680758,35.4629312],[139.6805736,35.4628687],[139.6803658,35.4627733],[139.680182,35.4626599],[139.6800076,35.4625247],[139.6798345,35.4623846],[139.6795764,35.4621541],[139.6792485,35.4618363],[139.6784856,35.461096]]}},{"type":"Feature","id":32592469,"properties":{"osm_id":32592469,"highway":"motorway_link","oneway":"yes","name":"","name_en":"","ref":"","destination":"","maxspeed":"","bridge":"","tunnel":"","layer":"0"},"geometry":{"type":"LineString","coordinates":[[139.6798205,35.460508],[139.6799238,35.4605862],[139.680847,35.4613202]]}},{"type":"Feature","id":32592473,"properties":{"osm_id":32592473,"highway":"motorway_link","oneway":"yes","name":"","name_en":"","ref":"","destination":"","maxspeed":"","bridge":"","tunnel":"","layer":"0"},"geometry":{"type":"LineString","coordinates":[[139.68132,35.4614409],[139.6800563,35.4604839],[139.6799433,35.4604062]]}},{"type":"Feature","id":32592487,"properties":{"osm_id":32592487,"highway":"motorway_link","oneway":"yes","name":"","name_en":"","ref":"","destination":"","maxspeed":"","bridge":"yes","tunnel":"","layer":"2"},"geometry":{"type":"LineString","coordinates":[[139.6820549,35.4644709],[139.6821981,35.464435],[139.6823488,35.4643865],[139.6824968,35.4643281],[139.6826426,35.464254],[139.6827791,35.4641712],[139.6829315,35.464068],[139.6830869,35.4639492],[139.6831912,35.463849],[139.68328,35.4637518],[139.6833539,35.4636567],[139.6834137,35.4635564],[139.6834519,35.4634665],[139.6834728,35.4633867],[139.6834803,35.4632949],[139.6834832,35.4632035],[139.683474,35.4631317],[139.6834397,35.4630356],[139.683396,35.4629482],[139.6833399,35.4628582],[139.6832731,35.4627792],[139.6831761,35.462695],[139.6830832,35.4626239],[139.6822712,35.4621102],[139.68132,35.4614409]]}},{"type":"Feature","id":32592491,"properties":{"osm_id":32592491,"highway":"motorway_link","oneway":"yes","name":"","name_en":"","ref":"","destination":"","maxspeed":"","bridge":"yes","tunnel":"","layer":"2"},"geometry":{"type":"LineString","coordinates":[[139.6826093,35.4635484],[139.6825627,35.4636569],[139.682495,35.4637603],[139.6824212,35.4638524],[139.682334,35.4639328],[139.6822288,35.4640151],[139.6821103,35.4640876],[139.6819658,35.4641583],[139.6818367,35.4642073],[139.6816945,35.4642505],[139.6815496,35.4642816],[139.6814085,35.464303],[139.6812548,35.4643157],[139.681078,35.4643169],[139.6808942,35.4643061],[139.6807012,35.4642876],[139.6804413,35.4642452],[139.6802258,35.4642038],[139.6800271,35.4641582],[139.6798137,35.4640973],[139.6796243,35.4640345],[139.6794374,35.4639614],[139.6792616,35.4638866],[139.6790858,35.4638107],[139.6789477,35.4637449],[139.6788134,35.4636731],[139.6786992,35.4636014],[139.6785972,35.4635194],[139.678505,35.4634174],[139.6784334,35.4633169],[139.6784213,35.4632935],[139.6783778,35.4632092],[139.6783482,35.4631199],[139.67834,35.463095],[139.6783193,35.4629859],[139.6783171,35.4628717],[139.6783312,35.4627535],[139.678361,35.4626362],[139.6784089,35.4625086],[139.678484,35.4623634],[139.6785728,35.462224],[139.6786973,35.4620536],[139.678827,35.4618993],[139.6790109,35.4617176],[139.6792516,35.4615191],[139.6796771,35.4611964]]}},{"type":"Feature","id":32592543,"properties":{"osm_id":32592543,"highway":"motorway_link","oneway":"yes","name":"首都高速神奈川5号大黒線","name_en":"Kanagawa Route 5 Daikoku Line","ref":"K5","destination":"","maxspeed":"","bridge":"yes","tunnel":"","layer":"3"},"geometry":{"type":"LineString","coordinates":[[139.681332,35.4607614],[139.6814845,35.4607819],[139.681633,35.4608144],[139.6817691,35.4608562],[139.6820154,35.460974],[139.6821945,35.4610807],[139.6823088,35.4611745],[139.6824499,35.4613108],[139.6825574,35.4614635],[139.6826354,35.4616208],[139.6826921,35.4617744],[139.6827313,35.4619269],[139.6827561,35.4620974],[139.6827688,35.4622745],[139.6827749,35.4635317],[139.6827895,35.4638616],[139.6828001,35.4640316],[139.6828219,35.4642014],[139.6828503,35.4643451]]}},{"type":"Feature","id":32592648,"properties":{"osm_id":32592648,"highway":"motorway","oneway":"yes","name":"首都高速神奈川1号横羽線","name_en":"Kanagawa Route 1 Yokohane Line","ref":"K1","destination":"","maxspeed":"60","bridge":"yes","tunnel":"","layer":"2"},"geometry":{"type":"LineString","coordinates":[[139.6878795,35.497811],[139.6899303,35.4982962],[139.69023,35.4983749],[139.6905037,35.4984541],[139.69076,35.4985398],[139.6909997,35.4986331],[139.6912485,35.4987401],[139.6919752,35.4990725],[139.6946037,35.5002595],[139.6965613,35.5011315],[139.6971483,35.5014045],[139.6976113,35.5016423],[139.6980025,35.5018696],[139.6990324,35.5025741],[139.6995776,35.5029635]]}},{"type":"Feature","id":32593083,"properties":{"osm_id":32593083,"highway":"motorway_link","oneway":"yes","name":"首都高速神奈川5号大黒線","name_en":"Kanagawa Route 5 Daikoku Line","ref":"K5","destination":"","maxspeed":"40","bridge":"yes","tunnel":"","layer":"4"},"geometry":{"type":"LineString","coordinates":[[139.672487,35.4890026],[139.6718476,35.4900426],[139.6717532,35.4902075],[139.671627,35.490411]]}},{"type":"Feature","id":32736921,"properties":{"osm_id":32736921,"highway":"motorway_link","oneway":"yes","name":"","name_en":"","ref":"","destination":"","maxspeed":"40","bridge":"yes","tunnel":"","layer":"2"},"geometry":{"type":"LineString","coordinates":[[139.6676614,35.4901552],[139.6681922,35.4903167],[139.6683679,35.4903781],[139.6686145,35.4904748]]}},{"type":"Feature","id":32804707,"properties":{"osm_id":32804707,"highway":"motorway_link","oneway":"yes","name":"","name_en":"","ref":"","destination":"","maxspeed":"","bridge":"yes","tunnel":"","layer":"2"},"geometry":{"type":"LineString","coordinates":[[139.6385343,35.4772188],[139.6381718,35.4767541],[139.6377098,35.4763071]]}},{"type":"Feature","id":34621716,"properties":{"osm_id":34621716,"highway":"motorway","oneway":"yes","name":"首都高速神奈川1号横羽線","name_en":"Kanagawa Route 1 Yokohane Line","ref":"K1","destination":"","maxspeed":"","bridge":"","tunnel":"","layer":"0"},"geometry":{"type":"LineString","coordinates":[[139.6326986,35.4514302],[139.6327993,35.4512478],[139.6328731,35.4510893],[139.632921,35.450945],[139.6329549,35.4507965],[139.6329798,35.450608],[139.6329853,35.4504486],[139.6329836,35.4502791]]}},{"type":"Feature","id":34621717,"properties":{"osm_id":34621717,"highway":"motorway","oneway":"yes","name":"首都高速神奈川1号横羽線","name_en":"Kanagawa Route 1 Yokohane Line","ref":"K1","destination":"","maxspeed":"","bridge":"","tunnel":"yes","layer":"-1"},"geometry":{"type":"LineString","coordinates":[[139.6329836,35.4502791],[139.6329755,35.4501529],[139.6329529,35.4499915],[139.6329239,35.4498568],[139.6328869,35.4497267],[139.6328383,35.4496017],[139.6327916,35.4494994],[139.6327295,35.4493886],[139.6326388,35.4492592],[139.6325364,35.4491023],[139.632478,35.4490074],[139.6324181,35.4488841],[139.632354,35.4487311],[139.6322968,35.4485861],[139.6322684,35.4484835],[139.632247,35.4483717],[139.6322339,35.4482838],[139.6322293,35.448213],[139.6322303,35.4481409],[139.6322408,35.448067],[139.6322624,35.4479678],[139.632309,35.4478301],[139.6323409,35.4477553],[139.6323799,35.4476794],[139.6324429,35.4475771],[139.6325506,35.4474326]]}},{"type":"Feature","id":34621719,"properties":{"osm_id":34621719,"highway":"motorway","oneway":"yes","name":"首都高速神奈川1号横羽線","name_en":"Kanagawa Route 1 Yokohane Line","ref":"K1","destination":"","maxspeed":"","bridge":"","tunnel":"yes","layer":"-1"},"geometry":{"type":"LineString","coordinates":[[139.6313034,35.4525848],[139.6317247,35.4523255],[139.6320965,35.4520733],[139.6322256,35.4519804],[139.6323176,35.4519011],[139.6324017,35.4518196],[139.6324771,35.4517395],[139.6325572,35.4516402],[139.6326418,35.4515272],[139.6326986,35.4514302]]}},{"type":"Feature","id":34621720,"properties":{"osm_id":34621720,"highway":"motorway","oneway":"yes","name":"首都高速神奈川1号横羽線","name_en":"Kanagawa Route 1 Yokohane Line","ref":"K1","destination":"","maxspeed":"","bridge":"","tunnel":"","layer":"0"},"geometry":{"type":"LineString","coordinates":[[139.6325506,35.4474326],[139.6340523,35.4456309],[139.6343682,35.4452271],[139.6345885,35.4449729],[139.6350419,35.4445035],[139.635259,35.4443001],[139.635699,35.443932],[139.6358902,35.4437827],[139.636112,35.4436244]]}},{"type":"Feature","id":34621721,"properties":{"osm_id":34621721,"highway":"motorway","oneway":"yes","name":"首都高速神奈川1号横羽線","name_en":"Kanagawa Route 1 Yokohane Line","ref":"K1","destination":"","maxspeed":"","bridge":"","tunnel":"yes","layer":"-1"},"geometry":{"type":"LineString","coordinates":[[139.636112,35.4436244],[139.6362528,35.4435356],[139.63644,35.443431],[139.636628,35.4433354],[139.6373097,35.4430059],[139.6381827,35.4426158]]}},{"type":"Feature","id":34621722,"properties":{"osm_id":34621722,"highway":"motorway","oneway":"yes","name":"首都高速神奈川1号横羽線","name_en":"Kanagawa Route 1 Yokohane Line","ref":"K1","destination":"","maxspeed":"","bridge":"","tunnel":"","layer":"-1"},"geometry":{"type":"LineString","coordinates":[[139.6381827,35.4426158],[139.6393796,35.4420629],[139.6397042,35.44191]]}},{"type":"Feature","id":34994498,"properties":{"osm_id":34994498,"highway":"motorway_link","oneway":"yes","name":"首都高速神奈川2号三ツ沢線","name_en":"Kanagawa Route 2 Mitsuzawa Line","ref":"K2","destination":"","maxspeed":"40","bridge":"yes","tunnel":"","layer":"3"},"geometry":{"type":"LineString","coordinates":[[139.623766,35.4645559],[139.6236991,35.464971],[139.6236807,35.4651343],[139.623681,35.4652893],[139.6236972,35.4654081],[139.6237307,35.4655398],[139.6237721,35.4656686],[139.6238141,35.4657776],[139.6239105,35.4659797],[139.6239887,35.4661173],[139.6242436,35.4665232],[139.6242962,35.4666186],[139.6243313,35.4667079],[139.6243564,35.4667981],[139.6243681,35.4668888],[139.6243655,35.4669762],[139.6243489,35.467066],[139.6243173,35.467154],[139.624274,35.4672374],[139.6242233,35.4673099]]}},{"type":"Feature","id":35266568,"properties":{"osm_id":35266568,"highway":"motorway","oneway":"yes","name":"首都高速都心環状線","name_en":"Circle 1","ref":"C1","destination":"","maxspeed":"","bridge":"","tunnel":"yes","layer":"-1"},"geometry":{"type":"LineString","coordinates":[[139.7446743,35.6719746],[139.7451239,35.672078],[139.7454362,35.6721652],[139.7456063,35.6722176],[139.7457828,35.6722857],[139.7459414,35.6723557],[139.7460759,35.6724192],[139.7461918,35.6724827],[139.7462993,35.6725507],[139.7463876,35.6726162],[139.7464758,35.6726914],[139.7465902,35.6727933],[139.7474238,35.6735977],[139.7475922,35.6737836],[139.7476621,35.6738696],[139.7477315,35.6739644],[139.7479932,35.6743721],[139.7487322,35.6755422],[139.7488265,35.6756906],[139.7489497,35.675888],[139.7489957,35.6759616],[139.7490318,35.6760209],[139.7490602,35.6760697],[139.7490869,35.6761207],[139.7491087,35.676168],[139.7491266,35.6762151],[139.7491421,35.676264],[139.7491538,35.6763133],[139.7491665,35.6764011],[139.7491688,35.6764532],[139.7491655,35.6765345],[139.7491567,35.6766132],[139.7491397,35.6767023],[139.7491158,35.6767975],[139.749085,35.6768848],[139.749051,35.6769588],[139.7490111,35.6770269],[139.7489713,35.6770836],[139.7489085,35.6771602],[139.7488139,35.6772662]]}},{"type":"Feature","id":36990037,"properties":{"osm_id":36990037,"highway":"motorway_link","oneway":"yes","name":"","name_en":"","ref":"","destination":"","maxspeed":"","bridge":"yes","tunnel":"","layer":"4"},"geometry":{"type":"LineString","coordinates":[[139.6915814,35.6869626],[139.6919134,35.685565],[139.6919463,35.6854389],[139.6919661,35.6853332],[139.691978,35.6852327],[139.6919701,35.6851375],[139.691957,35.6850434],[139.6919221,35.6849454],[139.6918797,35.6848692],[139.6918228,35.684791],[139.6917579,35.6847233],[139.6916756,35.6846544],[139.6915419,35.6845469],[139.6913695,35.6844027],[139.6913027,35.6843383],[139.6912465,35.6842655],[139.6911991,35.6841787],[139.6911758,35.684102],[139.6911654,35.684021],[139.6911675,35.6839403],[139.6911857,35.6838428],[139.6912183,35.6837432]]}},{"type":"Feature","id":36990038,"properties":{"osm_id":36990038,"highway":"motorway_link","oneway":"yes","name":"","name_en":"","ref":"","destination":"","maxspeed":"","bridge":"","tunnel":"","layer":"0"},"geometry":{"type":"LineString","coordinates":[[139.6914834,35.6869457],[139.6913596,35.687289]]}},{"type":"Feature","id":37792885,"properties":{"osm_id":37792885,"highway":"motorway","oneway":"yes","name":"第三京浜道路","name_en":"Daisan Keihin","ref":"E83;466","destination":"","maxspeed":"80","bridge":"","tunnel":"","layer":"0"},"geometry":{"type":"LineString","coordinates":[[139.6159158,35.5733444],[139.6160729,35.5737046],[139.6163105,35.5743643],[139.616468,35.5748779],[139.6165826,35.5753584],[139.6168601,35.5766512],[139.6171805,35.5783337],[139.6174332,35.5796234],[139.6176308,35.5804003],[139.6178916,35.5812281],[139.6181105,35.5818645]]}},{"type":"Feature","id":37792886,"properties":{"osm_id":37792886,"highway":"motorway","oneway":"yes","name":"第三京浜道路","name_en":"Daisan Keihin","ref":"E83;466","destination":"","maxspeed":"80","bridge":"yes","tunnel":"","layer":"1"},"geometry":{"type":"LineString","coordinates":[[139.6161021,35.5732987],[139.6157769,35.5726186],[139.615482,35.5720534],[139.6151562,35.5714747],[139.6148694,35.5710236]]}},{"type":"Feature","id":37792887,"properties":{"osm_id":37792887,"highway":"motorway","oneway":"yes","name":"第三京浜道路","name_en":"Daisan Keihin","ref":"E83;466","destination":"","maxspeed":"80","bridge":"","tunnel":"","layer":"0"},"geometry":{"type":"LineString","coordinates":[[139.6148694,35.5710236],[139.6145615,35.5705769],[139.6141893,35.5700559],[139.6135716,35.5692329],[139.6127178,35.5681329],[139.6120742,35.5672602],[139.6115524,35.5664989],[139.6110682,35.5657374],[139.610869,35.5653986]]}},{"type":"Feature","id":37792888,"properties":{"osm_id":37792888,"highway":"motorway","oneway":"yes","name":"第三京浜道路","name_en":"Daisan Keihin","ref":"E83;466","destination":"","maxspeed":"80","bridge":"yes","tunnel":"","layer":"1"},"geometry":{"type":"LineString","coordinates":[[139.6146957,35.571084],[139.6149871,35.5715356],[139.6153159,35.572099],[139.6156057,35.5726602],[139.6159158,35.5733444]]}},{"type":"Feature","id":37793429,"properties":{"osm_id":37793429,"highway":"motorway_link","oneway":"yes","name":"","name_en":"","ref":"","destination":"","maxspeed":"","bridge":"","tunnel":"","layer":"0"},"geometry":{"type":"LineString","coordinates":[[139.7453287,35.551297],[139.7454798,35.551684],[139.7455087,35.5517625],[139.7455428,35.5518588]]}},{"type":"Feature","id":37793430,"properties":{"osm_id":37793430,"highway":"motorway_link","oneway":"yes","name":"","name_en":"","ref":"","destination":"","maxspeed":"","bridge":"yes","tunnel":"","layer":"2"},"geometry":{"type":"LineString","coordinates":[[139.7453809,35.5512675],[139.7450428,35.5504885],[139.7447263,35.5498156],[139.7443966,35.549061]]}},{"type":"Feature","id":37793432,"properties":{"osm_id":37793432,"highway":"motorway_link","oneway":"yes","name":"","name_en":"","ref":"","destination":"","maxspeed":"","bridge":"yes","tunnel":"","layer":"2"},"geometry":{"type":"LineString","coordinates":[[139.7461113,35.5533756],[139.746235,35.5537141],[139.7463052,35.5538745],[139.746366,35.5539805],[139.7464375,35.5540793],[139.7464983,35.5541465],[139.7467071,35.554349]]}},{"type":"Feature","id":37793434,"properties":{"osm_id":37793434,"highway":"motorway_link","oneway":"yes","name":"","name_en":"","ref":"","destination":"","maxspeed":"","bridge":"","tunnel":"","layer":"0"},"geometry":{"type":"LineString","coordinates":[[139.7461737,35.5533634],[139.7456127,35.5518965],[139.7455956,35.5518517],[139.7455652,35.5517565]]}},{"type":"Feature","id":37793610,"properties":{"osm_id":37793610,"highway":"motorway_link","oneway":"yes","name":"首都高速湾岸分岐線","name_en":"Bayshore Branch","ref":"B","destination":"","maxspeed":"","bridge":"yes","tunnel":"","layer":"3"},"geometry":{"type":"LineString","coordinates":[[139.7485779,35.5697947],[139.748596,35.5699539],[139.7486255,35.5701122],[139.7487592,35.5707149],[139.7489369,35.5717486],[139.7489829,35.5719947],[139.749029,35.5721715],[139.7490903,35.5723273],[139.7491639,35.5724703],[139.7492608,35.572612],[139.7493853,35.57275],[139.7495378,35.5728736],[139.749731,35.5729955],[139.749993,35.573132],[139.7506995,35.5734723],[139.7508585,35.5735732],[139.7510082,35.5736828],[139.7511313,35.5737812],[139.7545005,35.5769831],[139.7548366,35.5773092],[139.755162,35.5776419],[139.7553543,35.5778649],[139.7554386,35.5779671],[139.7555962,35.5781937],[139.7557314,35.5784135],[139.7558523,35.5786367],[139.7559503,35.5788435],[139.756031,35.5790477],[139.756097,35.5792405],[139.7561521,35.5794465],[139.7561938,35.5796623],[139.7562208,35.5798749],[139.7562317,35.5801094],[139.7562307,35.580326],[139.7562136,35.5805471],[139.7561832,35.5807815],[139.7561395,35.5810027],[139.7560969,35.5812001],[139.7560272,35.5814826]]}},{"type":"Feature","id":37794099,"properties":{"osm_id":37794099,"highway":"motorway","oneway":"yes","name":"首都高速1号羽田線","name_en":"Shuto Expressway Route 1 Haneda Line","ref":"1","destination":"","maxspeed":"","bridge":"yes","tunnel":"","layer":"3"},"geometry":{"type":"LineString","coordinates":[[139.7486999,35.5691189],[139.748704,35.5689754],[139.7487131,35.5688936],[139.7487278,35.5687615],[139.7487614,35.5685444],[139.7488137,35.5683077],[139.7488805,35.5680831],[139.7489594,35.5678672],[139.7490426,35.5676682],[139.7491619,35.5674267],[139.7492869,35.5672035],[139.7494253,35.5669911],[139.7495935,35.5667636],[139.7497661,35.5665597],[139.7500753,35.5662281],[139.7509158,35.5653889],[139.7511591,35.5651276],[139.7516867,35.5645485]]}},{"type":"Feature","id":37794101,"properties":{"osm_id":37794101,"highway":"motorway_link","oneway":"yes","name":"首都高速湾岸分岐線","name_en":"Bayshore Branch","ref":"B","destination":"","maxspeed":"","bridge":"yes","tunnel":"","layer":"3"},"geometry":{"type":"LineString","coordinates":[[139.7494835,35.5719915],[139.7494409,35.5719318],[139.7493536,35.5717769],[139.7492783,35.5715969],[139.7492123,35.5714015],[139.7491102,35.5710282],[139.7490151,35.5706727],[139.7489362,35.5703776],[139.748887,35.5702062],[139.7488308,35.5699988],[139.7487553,35.5697663]]}},{"type":"Feature","id":37794102,"properties":{"osm_id":37794102,"highway":"motorway_link","oneway":"yes","name":"首都高速湾岸分岐線","name_en":"Bayshore Branch","ref":"B","destination":"","maxspeed":"","bridge":"yes","tunnel":"","layer":"2"},"geometry":{"type":"LineString","coordinates":[[139.7560272,35.5814826],[139.7556478,35.5827035],[139.7555654,35.583011],[139.755491,35.5833207],[139.7554079,35.5836739],[139.7553327,35.5840128],[139.7552641,35.5843592],[139.755221,35.584614],[139.7551924,35.5848524],[139.7551766,35.5851259],[139.7551902,35.5857704]]}},{"type":"Feature","id":37794907,"properties":{"osm_id":37794907,"highway":"motorway_link","oneway":"yes","name":"首都高速中央環状線","name_en":"Central Circular Route","ref":"","destination":"","maxspeed":"","bridge":"yes","tunnel":"","layer":"1"},"geometry":{"type":"LineString","coordinates":[[139.7550984,35.6040613],[139.7551037,35.6048957],[139.7550977,35.6049994],[139.7550872,35.605099],[139.75507,35.6051877],[139.7550449,35.6052745],[139.755015,35.6053523]]}},{"type":"Feature","id":38072737,"properties":{"osm_id":38072737,"highway":"motorway","oneway":"yes","name":"首都高速神奈川3号狩場線","name_en":"Kanagawa Route 3 Kariba Line","ref":"K3","destination":"","maxspeed":"50","bridge":"yes","tunnel":"","layer":"2"},"geometry":{"type":"LineString","coordinates":[[139.6612276,35.4400134],[139.6616024,35.4397124],[139.6624498,35.4390174],[139.6629442,35.4385831],[139.6635018,35.4381239],[139.66376,35.4379274]]}},{"type":"Feature","id":38092942,"properties":{"osm_id":38092942,"highway":"motorway_link","oneway":"yes","name":"","name_en":"","ref":"","destination":"","maxspeed":"","bridge":"","tunnel":"","layer":"0"},"geometry":{"type":"LineString","coordinates":[[139.7553113,35.5380841],[139.7557986,35.5380888]]}},{"type":"Feature","id":38092945,"properties":{"osm_id":38092945,"highway":"motorway","oneway":"yes","name":"首都高速神奈川6号川崎線","name_en":"Kanagawa Route 6 Kawasaki Line","ref":"K6","destination":"","maxspeed":"80","bridge":"yes","tunnel":"","layer":"4"},"geometry":{"type":"LineString","coordinates":[[139.787415,35.5206858],[139.7866642,35.5211382],[139.7858086,35.5216699],[139.7741714,35.5285882],[139.7632566,35.5350616],[139.7618477,35.5358974],[139.759913,35.5370111],[139.759613,35.5371767],[139.7593786,35.5372954],[139.759144,35.5374037],[139.7589073,35.5375059],[139.7586559,35.5375949],[139.7584046,35.537674],[139.7581574,35.5377444],[139.7578823,35.5378067],[139.7576167,35.5378554],[139.7573514,35.5378918],[139.7570851,35.5379166],[139.756816,35.5379278],[139.7565142,35.5379321],[139.7561811,35.5379274],[139.7558194,35.5379082],[139.7553705,35.5378747],[139.7533172,35.5377268],[139.7529692,35.5376997],[139.7526491,35.5376687],[139.752341,35.5376312]]}},{"type":"Feature","id":38092947,"properties":{"osm_id":38092947,"highway":"motorway_link","oneway":"yes","name":"","name_en":"","ref":"","destination":"","maxspeed":"","bridge":"","tunnel":"","layer":"0"},"geometry":{"type":"LineString","coordinates":[[139.7915107,35.5185308],[139.7904721,35.5188976],[139.7902566,35.5189815],[139.7900518,35.5190546],[139.7893553,35.5192989],[139.7892314,35.5193495],[139.7891232,35.519399],[139.7890203,35.519455],[139.7888871,35.5195265],[139.7887216,35.5196209],[139.7881453,35.5200509]]}},{"type":"Feature","id":38093006,"properties":{"osm_id":38093006,"highway":"motorway_link","oneway":"yes","name":"","name_en":"","ref":"","destination":"","maxspeed":"","bridge":"yes","tunnel":"","layer":"4"},"geometry":{"type":"LineString","coordinates":[[139.7632566,35.5350616],[139.7617878,35.5358417]]}},{"type":"Feature","id":38093007,"properties":{"osm_id":38093007,"highway":"motorway_link","oneway":"yes","name":"","name_en":"","ref":"","destination":"","maxspeed":"","bridge":"","tunnel":"","layer":"0"},"geometry":{"type":"LineString","coordinates":[[139.7586682,35.5375449],[139.7584663,35.5376118],[139.7582672,35.5376721],[139.7580549,35.5377242],[139.757856,35.5377599],[139.7576787,35.5377847],[139.7574927,35.5378],[139.7573133,35.537811],[139.7571525,35.5378159],[139.756976,35.5378184]]}},{"type":"Feature","id":38093008,"properties":{"osm_id":38093008,"highway":"motorway_link","oneway":"yes","name":"","name_en":"","ref":"","destination":"","maxspeed":"","bridge":"yes","tunnel":"","layer":"2"},"geometry":{"type":"LineString","coordinates":[[139.7557986,35.5380888],[139.7561242,35.5381015],[139.7564353,35.5381039],[139.7567185,35.5380951],[139.7570225,35.5380714],[139.7573415,35.5380378],[139.7577798,35.5379911],[139.7580281,35.5379512],[139.7582686,35.5378953],[139.7584433,35.5378433],[139.7586595,35.5377694],[139.7589062,35.53766]]}},{"type":"Feature","id":38093184,"properties":{"osm_id":38093184,"highway":"motorway_link","oneway":"yes","name":"","name_en":"","ref":"","destination":"","maxspeed":"40","bridge":"","tunnel":"","layer":"0"},"geometry":{"type":"LineString","coordinates":[[139.7377619,35.5391311],[139.7377909,35.5392111],[139.7378331,35.5392827],[139.7378705,35.5393471],[139.7379025,35.5394279],[139.7379267,35.5395125],[139.7379429,35.5396025],[139.7379519,35.5396954],[139.7379555,35.53979],[139.7379554,35.5398834],[139.7379553,35.5400215],[139.7379622,35.5401033],[139.7379786,35.540175],[139.7380077,35.5402391],[139.7380535,35.5402977],[139.7381193,35.5403558],[139.7382023,35.5404038],[139.7383025,35.5404406],[139.7384261,35.5404649],[139.7385603,35.5404749],[139.7386861,35.5404737],[139.738822,35.5404677],[139.738966,35.5404491],[139.7390949,35.5404228],[139.7392255,35.5403874],[139.7393372,35.5403498],[139.7394373,35.5403091],[139.7395429,35.5402519],[139.7396365,35.5401853],[139.7397082,35.5401218],[139.7397679,35.5400523],[139.7398156,35.5399785],[139.7398548,35.5399028],[139.7398833,35.5398277],[139.7398986,35.5397523],[139.7399066,35.5396725],[139.7399051,35.5395921],[139.7398922,35.5395106],[139.7398685,35.5394204],[139.7397913,35.5391685],[139.7397664,35.5390766],[139.7397422,35.5389869],[139.7397254,35.5389108],[139.7397158,35.5388341],[139.7397122,35.5387687],[139.7397157,35.5386192],[139.7397128,35.5385536],[139.7397038,35.5384793],[139.7396869,35.5383968]]}},{"type":"Feature","id":38093185,"properties":{"osm_id":38093185,"highway":"motorway_link","oneway":"yes","name":"首都高速神奈川6号川崎線","name_en":"Kanagawa Route 6 Kawasaki Line","ref":"K6","destination":"","maxspeed":"40","bridge":"yes","tunnel":"","layer":"2"},"geometry":{"type":"LineString","coordinates":[[139.74135,35.5365088],[139.7412559,35.5370953],[139.7412433,35.5372465],[139.741236,35.5374545]]}},{"type":"Feature","id":38093188,"properties":{"osm_id":38093188,"highway":"motorway","oneway":"yes","name":"首都高速神奈川6号川崎線","name_en":"Kanagawa Route 6 Kawasaki Line","ref":"K6","destination":"","maxspeed":"80","bridge":"","tunnel":"yes","layer":"-2"},"geometry":{"type":"LineString","coordinates":[[139.746895,35.5371228],[139.745846,35.5370531],[139.7454336,35.5370349],[139.7450164,35.5370288],[139.7447488,35.5370413],[139.7444226,35.5370657],[139.7439941,35.5371067]]}},{"type":"Feature","id":38093213,"properties":{"osm_id":38093213,"highway":"motorway_link","oneway":"yes","name":"首都高速神奈川6号川崎線","name_en":"Kanagawa Route 6 Kawasaki Line","ref":"K6","destination":"","maxspeed":"40","bridge":"yes","tunnel":"","layer":"3"},"geometry":{"type":"LineString","coordinates":[[139.7382782,35.5379221],[139.7382176,35.5379965],[139.7381731,35.5380731],[139.738138,35.5381578],[139.7381203,35.5382415],[139.7381161,35.5383309],[139.738128,35.5384225],[139.7381586,35.5385139],[139.7381987,35.5385922],[139.738252,35.5386659],[139.7383104,35.5387316],[139.7383782,35.5387875],[139.7384516,35.5388342],[139.7385343,35.5388776],[139.7386167,35.5389121],[139.7386985,35.5389402],[139.7387789,35.5389607],[139.7388734,35.5389765],[139.7389706,35.5389825],[139.7390598,35.5389823],[139.7391477,35.5389777],[139.7392679,35.5389623],[139.7394427,35.5389331],[139.7399292,35.5388276],[139.7404207,35.538724],[139.7407568,35.5386511],[139.7408715,35.5386222],[139.7409728,35.5385871],[139.7410755,35.5385454],[139.741159,35.5385025],[139.7412456,35.5384482],[139.7413176,35.5383874],[139.7413741,35.5383267],[139.7414346,35.5382388],[139.741459,35.5381873],[139.7414875,35.5381074],[139.7415037,35.5380315],[139.7415119,35.5379502],[139.7415306,35.5367072]]}},{"type":"Feature","id":38093215,"properties":{"osm_id":38093215,"highway":"motorway","oneway":"yes","name":"首都高速神奈川1号横羽線","name_en":"Kanagawa Route 1 Yokohane Line","ref":"K1","destination":"","maxspeed":"60","bridge":"yes","tunnel":"","layer":"2"},"geometry":{"type":"LineString","coordinates":[[139.7434932,35.5456115],[139.7434578,35.5454101],[139.743415,35.5452074],[139.7433697,35.5450315],[139.7433204,35.5448671],[139.7432473,35.5446509],[139.7431175,35.5443389],[139.742951,35.5439813],[139.7418665,35.541601],[139.7416799,35.5411921],[139.7416068,35.5410228],[139.7415533,35.540893],[139.7415096,35.5407644],[139.7414686,35.5406171],[139.7414402,35.5404964],[139.7414118,35.5403509],[139.7413913,35.5402061],[139.7413755,35.5399963],[139.7413688,35.539762],[139.7413768,35.5392199],[139.7414048,35.5381332],[139.7414728,35.5354467],[139.7414995,35.5348623],[139.7415066,35.5344995],[139.7415017,35.5344021],[139.7414972,35.5343098],[139.7414885,35.5342249],[139.7414765,35.534147],[139.7414554,35.5340435],[139.7414265,35.5339343],[139.741394,35.5338219],[139.741363,35.5337349],[139.7413252,35.5336379],[139.7412545,35.5334902],[139.7411771,35.5333457],[139.7410808,35.5331812],[139.7405781,35.5323982],[139.7400839,35.5316258],[139.7392964,35.5303898],[139.7382838,35.5287882],[139.7377336,35.5279302],[139.7372508,35.5271756],[139.7370141,35.5268571],[139.7368425,35.5266546],[139.736715,35.526514],[139.7365691,35.5263733],[139.7363478,35.5261832],[139.7361213,35.5259959],[139.735367,35.5254562],[139.7344013,35.5247809],[139.7324445,35.523394],[139.7315972,35.5227951],[139.7307599,35.5222044],[139.7290237,35.520972],[139.7281691,35.5203734],[139.7273369,35.519785],[139.7264813,35.5191863],[139.7260706,35.5188933],[139.7256634,35.5185825],[139.7256188,35.5185461],[139.7254298,35.5183921],[139.7251947,35.5181839],[139.725002,35.5179889],[139.7247402,35.5176976],[139.7239069,35.5166825],[139.7231872,35.5157948],[139.7224242,35.5148763],[139.7222631,35.5147112],[139.7221055,35.5145739],[139.7219666,35.5144636],[139.7217906,35.514346],[139.7215966,35.5142319],[139.7214131,35.5141381],[139.7212245,35.5140581],[139.7209595,35.5139576],[139.7205354,35.5138118],[139.7197536,35.5135526],[139.7181447,35.5130019],[139.7148725,35.5119024],[139.7145557,35.5117809],[139.7143985,35.5117171],[139.7142579,35.5116521],[139.7141391,35.5115909],[139.7140365,35.5115311],[139.7139397,35.5114697],[139.7138444,35.5114068],[139.7137284,35.5113231],[139.7135439,35.5111749],[139.7129996,35.5107064],[139.7123332,35.5101287],[139.7118639,35.5097167],[139.7116183,35.5095268],[139.711517,35.5094493],[139.7113913,35.5093598],[139.7112628,35.5092805],[139.7111314,35.5092052],[139.7109803,35.5091284],[139.7108456,35.509064],[139.7101271,35.5087435],[139.7092903,35.5083623],[139.7089465,35.5082],[139.7087015,35.5080725],[139.7084666,35.507933],[139.7038852,35.5050634],[139.7031329,35.5045961],[139.7026763,35.5043392],[139.7025045,35.5042525],[139.7023247,35.5041649],[139.7013685,35.503783],[139.7010568,35.5036405],[139.7008732,35.5035495],[139.7006992,35.5034549],[139.7005201,35.5033425],[139.6991686,35.5024143],[139.6988856,35.5022167],[139.6986017,35.5020224],[139.6980396,35.501651],[139.6978717,35.5015494],[139.6976729,35.5014392],[139.6974734,35.5013347],[139.6966875,35.5009667],[139.6946344,35.5000572],[139.6920718,35.4989202],[139.691833,35.4988134],[139.6915928,35.4987114],[139.6913404,35.4986127],[139.6910808,35.4985223],[139.6908015,35.4984377],[139.6905349,35.4983664],[139.6902625,35.498297],[139.6899591,35.4982221],[139.6879044,35.4977391],[139.687612,35.4976687],[139.687311,35.4975921],[139.6870209,35.4975137],[139.686639,35.4973958],[139.6862668,35.4972733],[139.6859112,35.4971489],[139.6850582,35.4968389],[139.6762182,35.4935879],[139.6745758,35.4929526],[139.6721871,35.4920211],[139.6719979,35.4919429],[139.6718261,35.4918696],[139.671682,35.4918005],[139.6715266,35.4917178],[139.6713779,35.4916322],[139.6712275,35.4915404],[139.6709743,35.4913897],[139.6707274,35.4912549],[139.6704979,35.4911381],[139.6703013,35.4910495],[139.6700949,35.4909608],[139.6689512,35.4904906],[139.6670116,35.4897163],[139.6663403,35.4894532],[139.6658283,35.4892678],[139.6651067,35.4890538],[139.6649475,35.4890041],[139.6648082,35.4889642],[139.6646678,35.488926],[139.6645033,35.4888907],[139.6643495,35.4888611],[139.6641798,35.4888384],[139.664033,35.4888249],[139.6638729,35.4888163],[139.6637177,35.4888158],[139.6635509,35.4888179],[139.6633697,35.4888276],[139.6628258,35.4888674],[139.6626457,35.4888752],[139.6624974,35.4888776],[139.662363,35.4888725],[139.6622204,35.4888631],[139.6620765,35.4888475],[139.6619305,35.4888223],[139.6617819,35.4887887],[139.6616441,35.4887506],[139.6615129,35.4887049],[139.6614078,35.4886578],[139.6612843,35.4885993],[139.6611604,35.4885309],[139.6610287,35.4884484],[139.6608715,35.488342],[139.6606694,35.4881995],[139.6589768,35.486939],[139.6588336,35.4868393],[139.6586904,35.4867461],[139.6585414,35.4866581],[139.6583903,35.4865814],[139.6582086,35.4864998],[139.6580224,35.4864239],[139.6578206,35.4863556],[139.6576509,35.4863011],[139.6572375,35.486186],[139.6556673,35.4857145],[139.6544825,35.4853751]]}},{"type":"Feature","id":38913574,"properties":{"osm_id":38913574,"highway":"motorway_link","oneway":"yes","name":"首都高速神奈川1号横羽線","name_en":"Kanagawa Route 1 Yokohane Line","ref":"K1","destination":"","maxspeed":"","bridge":"","tunnel":"yes","layer":"-1"},"geometry":{"type":"LineString","coordinates":[[139.6403225,35.4415965],[139.6418893,35.4407957],[139.6421826,35.4406563]]}},{"type":"Feature","id":39744126,"properties":{"osm_id":39744126,"highway":"motorway_link","oneway":"yes","name":"","name_en":"","ref":"","destination":"","maxspeed":"","bridge":"","tunnel":"","layer":"0"},"geometry":{"type":"LineString","coordinates":[[139.6153827,35.4688707],[139.6154914,35.4688018],[139.6156418,35.4686166],[139.615699,35.4685423],[139.6157539,35.46849],[139.6158049,35.4684634],[139.6158545,35.4684534],[139.6159028,35.4684522]]}},{"type":"Feature","id":39744127,"properties":{"osm_id":39744127,"highway":"motorway_link","oneway":"yes","name":"","name_en":"","ref":"","destination":"","maxspeed":"","bridge":"","tunnel":"","layer":"0"},"geometry":{"type":"LineString","coordinates":[[139.6158155,35.4688379],[139.6157624,35.4688045],[139.6157356,35.4687826],[139.6156999,35.4687606],[139.6156773,35.4687367],[139.6156557,35.4687051],[139.6156443,35.4686585],[139.6156418,35.4686166]]}},{"type":"Feature","id":39744128,"properties":{"osm_id":39744128,"highway":"motorway","oneway":"yes","name":"首都高速神奈川1号横羽線","name_en":"Kanagawa Route 1 Yokohane Line","ref":"K1","destination":"","maxspeed":"","bridge":"yes","tunnel":"","layer":"2"},"geometry":{"type":"LineString","coordinates":[[139.6250359,35.4670655],[139.6244739,35.4664022],[139.6243631,35.4662597],[139.6242367,35.4660858],[139.6241271,35.465915],[139.6240585,35.4657759],[139.6240189,35.465666],[139.6239808,35.46553],[139.623957,35.4653719],[139.6239468,35.4652138],[139.6239684,35.4638965]]}},{"type":"Feature","id":39744129,"properties":{"osm_id":39744129,"highway":"motorway","oneway":"yes","name":"首都高速神奈川1号横羽線","name_en":"Kanagawa Route 1 Yokohane Line","ref":"K1","destination":"","maxspeed":"","bridge":"yes","tunnel":"","layer":"3"},"geometry":{"type":"LineString","coordinates":[[139.6270755,35.4687604],[139.6269302,35.4687023],[139.626798,35.4686431],[139.6266604,35.4685741],[139.6265234,35.4684989],[139.6263783,35.4684096],[139.6262357,35.4683162],[139.6261001,35.4682126],[139.6259758,35.4681114],[139.6258562,35.468005],[139.6257348,35.4678844],[139.6255493,35.4676804],[139.6250359,35.4670655]]}},{"type":"Feature","id":39744130,"properties":{"osm_id":39744130,"highway":"motorway_link","oneway":"yes","name":"首都高速神奈川2号三ツ沢線","name_en":"Kanagawa Route 2 Mitsuzawa Line","ref":"K2","destination":"","maxspeed":"","bridge":"yes","tunnel":"","layer":"3"},"geometry":{"type":"LineString","coordinates":[[139.6242233,35.4673099],[139.6241533,35.4673816],[139.62408,35.4674396],[139.6239968,35.4674903],[139.6239111,35.4675324],[139.6238101,35.467573],[139.6237081,35.4676056],[139.62359,35.4676341],[139.6234592,35.4676571],[139.6232288,35.4676895],[139.622966,35.4677248],[139.6212049,35.467921]]}},{"type":"Feature","id":39744131,"properties":{"osm_id":39744131,"highway":"motorway","oneway":"yes","name":"首都高速神奈川2号三ツ沢線","name_en":"Kanagawa Route 2 Mitsuzawa Line","ref":"K2","destination":"","maxspeed":"60","bridge":"yes","tunnel":"","layer":"2"},"geometry":{"type":"LineString","coordinates":[[139.6136369,35.4697297],[139.6152593,35.4688969],[139.6154943,35.4687878],[139.6156131,35.4687388],[139.615736,35.468693],[139.6158568,35.468651],[139.615979,35.4686145],[139.6161079,35.4685802],[139.6162368,35.4685525],[139.6163541,35.4685298],[139.6164741,35.4685092],[139.6167058,35.4684739],[139.6172262,35.4684047],[139.617834,35.468338],[139.6199692,35.4681288]]}},{"type":"Feature","id":39744132,"properties":{"osm_id":39744132,"highway":"motorway_link","oneway":"yes","name":"首都高速神奈川2号三ツ沢線","name_en":"Kanagawa Route 2 Mitsuzawa Line","ref":"K2","destination":"横浜公園;湾岸線","maxspeed":"40","bridge":"yes","tunnel":"","layer":"2"},"geometry":{"type":"LineString","coordinates":[[139.62185,35.4679211],[139.6231039,35.4677522],[139.6234641,35.4676962],[139.6236065,35.4676713],[139.6237301,35.4676409],[139.6238337,35.4676059],[139.6239348,35.4675654],[139.6240239,35.4675227],[139.624111,35.4674676],[139.6241963,35.4674018],[139.6242659,35.467327],[139.6243241,35.4672494],[139.6243654,35.4671666],[139.6243964,35.4670754],[139.6244157,35.4669778],[139.6244178,35.4668853],[139.6244068,35.4667955],[139.6243776,35.4666969],[139.6243412,35.4666077],[139.6241421,35.4662203],[139.6239698,35.4659313],[139.6239347,35.4658653],[139.6239109,35.4658049],[139.623885,35.4657185],[139.6238698,35.46563],[139.6238589,35.4654915],[139.6238552,35.4653681],[139.6238608,35.4650871],[139.6238713,35.4644491],[139.6239684,35.4638965]]}},{"type":"Feature","id":39744133,"properties":{"osm_id":39744133,"highway":"motorway","oneway":"yes","name":"首都高速神奈川1号横羽線","name_en":"Kanagawa Route 1 Yokohane Line","ref":"K1","destination":"","maxspeed":"","bridge":"yes","tunnel":"","layer":"3"},"geometry":{"type":"LineString","coordinates":[[139.6239656,35.465793],[139.6240517,35.4659599],[139.624103,35.4660483],[139.6241466,35.4661195],[139.6243167,35.4663431],[139.6249846,35.4671409]]}},{"type":"Feature","id":39744134,"properties":{"osm_id":39744134,"highway":"motorway","oneway":"yes","name":"首都高速神奈川1号横羽線","name_en":"Kanagawa Route 1 Yokohane Line","ref":"K1","destination":"","maxspeed":"60","bridge":"yes","tunnel":"","layer":"2"},"geometry":{"type":"LineString","coordinates":[[139.6249846,35.4671409],[139.6254642,35.467717],[139.6256225,35.4678854],[139.6257702,35.468045],[139.6259,35.4681754],[139.6259838,35.4682509],[139.6260873,35.4683359],[139.6261689,35.4683979],[139.6262467,35.4684527],[139.626324,35.4685017],[139.6264154,35.4685517],[139.6265314,35.4686076],[139.6266399,35.4686543],[139.6267801,35.4687058],[139.6269206,35.468754],[139.6270548,35.4687966],[139.6284803,35.4692588],[139.6289115,35.4694025],[139.6290906,35.469472],[139.629281,35.469555],[139.6294621,35.469646],[139.6296262,35.4697322],[139.6297687,35.4698156],[139.6299166,35.4699146],[139.630033,35.4700065],[139.6301587,35.4701121],[139.6302777,35.470222],[139.6306538,35.4706096],[139.6313669,35.4713689],[139.6321305,35.4721448]]}},{"type":"Feature","id":39744534,"properties":{"osm_id":39744534,"highway":"motorway_link","oneway":"yes","name":"","name_en":"","ref":"","destination":"","maxspeed":"","bridge":"yes","tunnel":"","layer":"2"},"geometry":{"type":"LineString","coordinates":[[139.6172726,35.4684915],[139.6190706,35.4682399],[139.6199692,35.4681288]]}},{"type":"Feature","id":39744536,"properties":{"osm_id":39744536,"highway":"motorway_link","oneway":"yes","name":"","name_en":"","ref":"","destination":"","maxspeed":"","bridge":"yes","tunnel":"","layer":"3"},"geometry":{"type":"LineString","coordinates":[[139.6205312,35.4679909],[139.619994,35.4680144],[139.6196652,35.4680435],[139.6172115,35.4683215],[139.6171048,35.4683304],[139.6169983,35.4683344],[139.6168945,35.4683352],[139.6167948,35.4683292],[139.6166978,35.4683167],[139.6166016,35.4683008],[139.6165001,35.4682784]]}},{"type":"Feature","id":39744538,"properties":{"osm_id":39744538,"highway":"motorway_link","oneway":"yes","name":"","name_en":"","ref":"","destination":"","maxspeed":"","bridge":"","tunnel":"","layer":"0"},"geometry":{"type":"LineString","coordinates":[[139.6165001,35.4682784],[139.6164009,35.4682541],[139.616291,35.46822],[139.6161883,35.4681837],[139.6160859,35.4681373],[139.6158938,35.4680306],[139.6156802,35.4679076],[139.6155007,35.4677934]]}},{"type":"Feature","id":40636701,"properties":{"osm_id":40636701,"highway":"motorway_link","oneway":"yes","name":"首都高速10号晴海線","name_en":"Harumi Route","ref":"10","destination":"","maxspeed":"","bridge":"","tunnel":"","layer":"0"},"geometry":{"type":"LineString","coordinates":[[139.7920685,35.6355274],[139.79265,35.6359248],[139.7930678,35.6361657],[139.7935251,35.6364263]]}},{"type":"Feature","id":40911760,"properties":{"osm_id":40911760,"highway":"motorway_link","oneway":"yes","name":"首都高速10号晴海線;豊洲入口","name_en":"Harumi Route","ref":"","destination":"","maxspeed":"","bridge":"","tunnel":"","layer":"0"},"geometry":{"type":"LineString","coordinates":[[139.78947,35.6478512],[139.7900438,35.6470965]]}},{"type":"Feature","id":40971846,"properties":{"osm_id":40971846,"highway":"motorway_link","oneway":"yes","name":"首都高速湾岸線","name_en":"Bayshore Route","ref":"B","destination":"","maxspeed":"","bridge":"yes","tunnel":"","layer":"2"},"geometry":{"type":"LineString","coordinates":[[139.7953701,35.6404326],[139.7957934,35.6399802],[139.7961523,35.6395987],[139.7962572,35.6394966],[139.7963714,35.6393998],[139.7964895,35.6393139],[139.7966313,35.6392275],[139.7967796,35.6391603],[139.7969305,35.6391062],[139.7970461,35.6390749],[139.7971613,35.6390561],[139.7972764,35.639045],[139.7974017,35.6390436],[139.7975189,35.6390478],[139.7976397,35.6390569],[139.7977538,35.6390726],[139.7978606,35.6390958],[139.7979641,35.6391242],[139.7980663,35.6391571],[139.7981746,35.6391944],[139.7982669,35.6392306],[139.7984338,35.6393023],[139.7986034,35.6393784],[139.7987999,35.639465],[139.8001192,35.6400767],[139.8006657,35.6403207],[139.8012496,35.6405712],[139.8017403,35.6407735],[139.8020267,35.6408514],[139.8023681,35.6409388]]}},{"type":"Feature","id":40971852,"properties":{"osm_id":40971852,"highway":"motorway_link","oneway":"yes","name":"","name_en":"","ref":"","destination":"銀座;横浜;レインボーブリッジ","maxspeed":"40","bridge":"yes","tunnel":"","layer":"3"},"geometry":{"type":"LineString","coordinates":[[139.7807498,35.6810898],[139.7804992,35.6813019],[139.7804034,35.6813851],[139.7803076,35.6814799],[139.7802263,35.6815812],[139.7801571,35.6816825],[139.7800966,35.6817886],[139.7800387,35.68191],[139.779987,35.6820447],[139.7799361,35.6821962],[139.7797465,35.6829115],[139.7796573,35.6832113],[139.7796193,35.6833067],[139.77958,35.6833857],[139.7795302,35.6834599],[139.7794739,35.6835234],[139.7794092,35.6835774],[139.7793404,35.6836187],[139.7792528,35.6836578],[139.7791535,35.6836866],[139.7790528,35.683705],[139.7789515,35.6837129],[139.7788531,35.6837101],[139.7787556,35.6836959],[139.7786531,35.6836692],[139.7785605,35.6836304],[139.7784734,35.6835774],[139.7783895,35.6835118],[139.778306,35.6834289],[139.7782305,35.6833438],[139.7778964,35.6828814]]}},{"type":"Feature","id":41009552,"properties":{"osm_id":41009552,"highway":"motorway","oneway":"yes","name":"首都高速都心環状線","name_en":"Circle 1","ref":"C1","destination":"","maxspeed":"50","bridge":"yes","tunnel":"","layer":"2"},"geometry":{"type":"LineString","coordinates":[[139.7766773,35.6811136],[139.777213,35.6820034],[139.7773914,35.6822965]]}},{"type":"Feature","id":41384967,"properties":{"osm_id":41384967,"highway":"motorway_link","oneway":"yes","name":"東名高速道路","name_en":"Tomei Expressway","ref":"","destination":"横浜;静岡","maxspeed":"40","bridge":"","tunnel":"","layer":"0"},"geometry":{"type":"LineString","coordinates":[[139.6259759,35.6272432],[139.624788,35.6273883],[139.6241326,35.6274595]]}},{"type":"Feature","id":41520088,"properties":{"osm_id":41520088,"highway":"motorway","oneway":"yes","name":"首都高速1号上野線","name_en":"Route 1 Ueno Line","ref":"1","destination":"","maxspeed":"40","bridge":"yes","tunnel":"","layer":"2"},"geometry":{"type":"LineString","coordinates":[[139.7777949,35.6829144],[139.7781489,35.6834047],[139.7782595,35.6835798],[139.7782973,35.683658],[139.7783257,35.6837373],[139.7783434,35.6838015],[139.7783533,35.683865],[139.7783563,35.683912],[139.7783542,35.6839553],[139.7783488,35.6839944],[139.7783391,35.6840353],[139.778325,35.6840764],[139.7783063,35.6841179],[139.778284,35.6841574]]}},{"type":"Feature","id":41568400,"properties":{"osm_id":41568400,"highway":"motorway","oneway":"yes","name":"首都高速4号新宿線","name_en":"Route 4 Shinjuku Line","ref":"4","destination":"","maxspeed":"50","bridge":"yes","tunnel":"","layer":"3"},"geometry":{"type":"LineString","coordinates":[[139.6961693,35.6800501],[139.6960444,35.6799871],[139.6959234,35.6799393],[139.6958016,35.6799008],[139.6956623,35.6798665],[139.6955233,35.6798373],[139.6947966,35.6796988],[139.6946619,35.6796798],[139.6945274,35.679667],[139.6943982,35.6796651],[139.6942615,35.679673],[139.6941637,35.6796869],[139.6940783,35.6797052],[139.6939944,35.67973],[139.6939219,35.6797577],[139.6938723,35.6797795],[139.6938169,35.6798077],[139.6937735,35.679834],[139.6937091,35.6798792],[139.693645,35.6799312],[139.6935719,35.6799997],[139.6935127,35.6800675],[139.6934353,35.6801681],[139.6933472,35.6802927],[139.6929644,35.6808496],[139.6928134,35.6810578],[139.6921566,35.6818853],[139.6920289,35.6820572],[139.6916551,35.6825967],[139.6913848,35.6829913],[139.6912494,35.6831771],[139.6911725,35.6832688],[139.6911248,35.6833175],[139.691069,35.6833665],[139.6910064,35.6834127],[139.6909378,35.6834541],[139.6908798,35.6834845],[139.6908196,35.6835119],[139.6907638,35.6835347],[139.6906939,35.6835571],[139.6906211,35.6835736],[139.6905417,35.683586],[139.6904688,35.6835927],[139.6903966,35.6835943],[139.690327,35.6835917],[139.6902528,35.6835844],[139.6901926,35.6835744],[139.6901336,35.683562],[139.6900726,35.6835463],[139.6900052,35.683523],[139.6899402,35.6834969],[139.6898708,35.6834627],[139.6897819,35.683411],[139.6885609,35.6825931]]}},{"type":"Feature","id":41568401,"properties":{"osm_id":41568401,"highway":"motorway_link","oneway":"yes","name":"初台入口","name_en":"","ref":"","destination":"","maxspeed":"","bridge":"yes","tunnel":"","layer":"2"},"geometry":{"type":"LineString","coordinates":[[139.6834509,35.6796563],[139.6821969,35.6791089],[139.6811143,35.6786144],[139.680542,35.6783641],[139.6802759,35.6782463],[139.6800876,35.678172]]}},{"type":"Feature","id":41568462,"properties":{"osm_id":41568462,"highway":"motorway_link","oneway":"yes","name":"","name_en":"","ref":"","destination":"","maxspeed":"","bridge":"","tunnel":"","layer":"0"},"geometry":{"type":"LineString","coordinates":[[139.6834239,35.6796972],[139.6836001,35.6797825],[139.6838638,35.6799178],[139.6841115,35.6800509]]}},{"type":"Feature","id":41568463,"properties":{"osm_id":41568463,"highway":"motorway_link","oneway":"yes","name":"","name_en":"","ref":"","destination":"","maxspeed":"","bridge":"yes","tunnel":"","layer":"2"},"geometry":{"type":"LineString","coordinates":[[139.6752017,35.6767899],[139.676673,35.6772211],[139.6779775,35.6775956],[139.6783282,35.6776991],[139.6791484,35.6779536]]}},{"type":"Feature","id":42750916,"properties":{"osm_id":42750916,"highway":"motorway_link","oneway":"yes","name":"","name_en":"","ref":"","destination":"","maxspeed":"","bridge":"yes","tunnel":"","layer":"1"},"geometry":{"type":"LineString","coordinates":[[139.7835333,35.5543542],[139.7840225,35.5536558],[139.7841291,35.5535075],[139.7842304,35.5534177],[139.7843503,35.5533416],[139.7844308,35.5533013],[139.7845027,35.5532759],[139.7845867,35.5532573],[139.7846888,35.5532465],[139.7847741,35.5532455],[139.7848594,35.5532538],[139.7849466,35.553272],[139.7850481,35.5533054]]}},{"type":"Feature","id":42750917,"properties":{"osm_id":42750917,"highway":"motorway_link","oneway":"yes","name":"","name_en":"","ref":"","destination":"","maxspeed":"","bridge":"","tunnel":"","layer":"-1"},"geometry":{"type":"LineString","coordinates":[[139.7937737,35.5398712],[139.7939176,35.539629],[139.7940466,35.539419],[139.7941058,35.5392888],[139.7942139,35.5390634],[139.7943344,35.5388103],[139.7944097,35.538652],[139.7945889,35.5382535],[139.7947721,35.537813],[139.7948545,35.5374046]]}},{"type":"Feature","id":42750918,"properties":{"osm_id":42750918,"highway":"motorway_link","oneway":"yes","name":"","name_en":"","ref":"","destination":"","maxspeed":"40","bridge":"","tunnel":"","layer":"-1"},"geometry":{"type":"LineString","coordinates":[[139.792928,35.540358],[139.792897,35.5404279],[139.7928064,35.5405683],[139.7924377,35.5410858]]}},{"type":"Feature","id":42751319,"properties":{"osm_id":42751319,"highway":"motorway_link","oneway":"yes","name":"","name_en":"","ref":"","destination":"","maxspeed":"40","bridge":"","tunnel":"","layer":"1"},"geometry":{"type":"LineString","coordinates":[[139.7855857,35.5534783],[139.7856697,35.553479],[139.7857891,35.5534714],[139.7858883,35.5534474],[139.7859614,35.5534222],[139.7860278,35.5533929],[139.7861029,35.5533568],[139.7861603,35.5533174],[139.7862156,35.5532619],[139.7862665,35.5532063],[139.7863483,35.5530895],[139.7864277,35.5529673]]}},{"type":"Feature","id":42751326,"properties":{"osm_id":42751326,"highway":"motorway_link","oneway":"yes","name":"","name_en":"","ref":"","destination":"","maxspeed":"","bridge":"yes","tunnel":"","layer":"1"},"geometry":{"type":"LineString","coordinates":[[139.7831933,35.5522827],[139.7833604,35.5523409],[139.7835561,35.5524187],[139.783785,35.5525039],[139.7839012,35.5525457],[139.7840061,35.5525814],[139.7841167,35.5526078],[139.784234,35.5526235],[139.7843451,35.5526284],[139.7844596,35.5526203],[139.784558,35.5525962],[139.7846499,35.5525628],[139.7847369,35.5525166],[139.7848128,35.5524614],[139.7848845,35.5523978],[139.7849899,35.5522777],[139.7852997,35.5518599]]}},{"type":"Feature","id":42751354,"properties":{"osm_id":42751354,"highway":"motorway_link","oneway":"yes","name":"","name_en":"","ref":"","destination":"","maxspeed":"40","bridge":"","tunnel":"","layer":"0"},"geometry":{"type":"LineString","coordinates":[[139.7831143,35.5513208],[139.782641,35.5519687],[139.7825969,35.552046],[139.7825629,35.5521341]]}},{"type":"Feature","id":42751355,"properties":{"osm_id":42751355,"highway":"motorway_link","oneway":"yes","name":"","name_en":"","ref":"","destination":"","maxspeed":"40","bridge":"yes","tunnel":"","layer":"1"},"geometry":{"type":"LineString","coordinates":[[139.7827009,35.5520041],[139.7827202,35.5520894],[139.7827542,35.552161],[139.7827894,35.55222],[139.782899,35.5523708],[139.7829567,35.5524436],[139.7833377,35.5528396],[139.7834109,35.5529275],[139.7834462,35.552981],[139.7834683,35.5530184],[139.783488,35.5530618],[139.7835099,35.5531377],[139.7835226,35.5532085],[139.7835233,35.5532723],[139.7835206,35.5533194],[139.7835074,35.553388],[139.7834815,35.5534641],[139.7834495,35.5535272],[139.7833851,35.5536337],[139.7832948,35.5537709],[139.7831507,35.5539405]]}},{"type":"Feature","id":42751388,"properties":{"osm_id":42751388,"highway":"motorway_link","oneway":"yes","name":"","name_en":"","ref":"","destination":"","maxspeed":"40","bridge":"yes","tunnel":"","layer":"1"},"geometry":{"type":"LineString","coordinates":[[139.7825629,35.5521341],[139.7825534,35.5522079],[139.7825624,35.5522996],[139.7825868,35.552381],[139.7826394,35.552463],[139.7827059,35.5525278],[139.7828005,35.5526039],[139.782892,35.5526551],[139.7830567,35.5527452],[139.7831356,35.5527914],[139.7832022,35.5528341],[139.7832705,35.5528864],[139.7833449,35.5529711],[139.7833891,35.5530306],[139.7834214,35.5530961],[139.7834368,35.5531506],[139.7834435,35.5532104],[139.7834449,35.5532696],[139.7834407,35.5533293],[139.7834355,35.5533664],[139.783416,35.5534256],[139.7833899,35.5534872],[139.7832502,35.5537542],[139.7831507,35.5539405]]}},{"type":"Feature","id":42751390,"properties":{"osm_id":42751390,"highway":"motorway_link","oneway":"yes","name":"","name_en":"","ref":"","destination":"","maxspeed":"40","bridge":"","tunnel":"","layer":"-1"},"geometry":{"type":"LineString","coordinates":[[139.7826303,35.5547969],[139.7824658,35.5550437],[139.7821581,35.5554908],[139.7818057,35.5559815]]}},{"type":"Feature","id":42751497,"properties":{"osm_id":42751497,"highway":"motorway_link","oneway":"yes","name":"","name_en":"","ref":"","destination":"","maxspeed":"","bridge":"","tunnel":"","layer":"0"},"geometry":{"type":"LineString","coordinates":[[139.786047,35.550291],[139.7858865,35.550424],[139.7848848,35.5517214],[139.7847656,35.551879],[139.7842747,35.5525653],[139.7840416,35.5528659],[139.7835184,35.5536216]]}},{"type":"Feature","id":42751498,"properties":{"osm_id":42751498,"highway":"motorway_link","oneway":"yes","name":"","name_en":"","ref":"","destination":"","maxspeed":"","bridge":"yes","tunnel":"","layer":"1"},"geometry":{"type":"LineString","coordinates":[[139.7835184,35.5536216],[139.7831089,35.554202],[139.7830134,35.5543446],[139.7829572,35.5544441],[139.782925,35.554523],[139.782903,35.5546111],[139.7829024,35.5547092],[139.7829173,35.5548105],[139.7829488,35.5548949],[139.7829972,35.5549702],[139.7830614,35.5550436],[139.7831468,35.5551218],[139.7832677,35.5552071],[139.7834415,35.5553234]]}},{"type":"Feature","id":42751503,"properties":{"osm_id":42751503,"highway":"motorway","oneway":"yes","name":"首都高速湾岸線","name_en":"Bayshore Route","ref":"B","destination":"","maxspeed":"80","bridge":"","tunnel":"yes","layer":"-1"},"geometry":{"type":"LineString","coordinates":[[139.7895514,35.5456127],[139.7909631,35.5436472]]}},{"type":"Feature","id":42751504,"properties":{"osm_id":42751504,"highway":"motorway","oneway":"yes","name":"首都高速湾岸線","name_en":"Bayshore Route","ref":"B","destination":"","maxspeed":"80","bridge":"","tunnel":"","layer":"0"},"geometry":{"type":"LineString","coordinates":[[139.786047,35.550291],[139.7841811,35.5529182],[139.7832429,35.5542447],[139.7826321,35.5551184],[139.7823237,35.5555401],[139.7820474,35.5559045],[139.7818054,35.5562201],[139.7814184,35.5566874],[139.781224,35.5569104],[139.7810149,35.557139],[139.7807722,35.5573986],[139.7805741,35.5575974],[139.780371,35.5577821],[139.7799466,35.5581766],[139.7796171,35.5584426]]}},{"type":"Feature","id":42751507,"properties":{"osm_id":42751507,"highway":"motorway","oneway":"yes","name":"首都高速湾岸線","name_en":"Bayshore Route","ref":"B","destination":"","maxspeed":"80","bridge":"","tunnel":"yes","layer":"-1"},"geometry":{"type":"LineString","coordinates":[[139.7908235,35.5435813],[139.7894144,35.545548]]}},{"type":"Feature","id":42751508,"properties":{"osm_id":42751508,"highway":"motorway","oneway":"yes","name":"首都高速湾岸線","name_en":"Bayshore Route","ref":"B","destination":"","maxspeed":"80","bridge":"","tunnel":"","layer":"0"},"geometry":{"type":"LineString","coordinates":[[139.7909631,35.5436472],[139.7919837,35.5421975],[139.7931913,35.5404914],[139.7935116,35.5400107],[139.7937838,35.5395786],[139.7939824,35.5392403],[139.794108,35.5390307],[139.7942391,35.5387844],[139.7943158,35.5386356],[139.794509,35.5382428],[139.7946699,35.5378728],[139.7948545,35.5374046]]}},{"type":"Feature","id":42752387,"properties":{"osm_id":42752387,"highway":"motorway_link","oneway":"yes","name":"","name_en":"","ref":"","destination":"","maxspeed":"40","bridge":"yes","tunnel":"","layer":"1"},"geometry":{"type":"LineString","coordinates":[[139.7924377,35.5410858],[139.7919085,35.541832],[139.791873,35.5418706],[139.7918411,35.5418929],[139.7918052,35.5419079],[139.7917653,35.5419149],[139.7917253,35.5419143],[139.7916856,35.541908],[139.7916499,35.5418977],[139.791549,35.5418571],[139.7914254,35.5418115]]}},{"type":"Feature","id":44129864,"properties":{"osm_id":44129864,"highway":"motorway","oneway":"yes","name":"首都高速湾岸線","name_en":"Bayshore Route","ref":"B","destination":"","maxspeed":"80","bridge":"","tunnel":"","layer":"1"},"geometry":{"type":"LineString","coordinates":[[139.8356131,35.6473863],[139.8346699,35.647295],[139.8316479,35.6469944],[139.8283546,35.6466755]]}},{"type":"Feature","id":44129865,"properties":{"osm_id":44129865,"highway":"motorway_link","oneway":"yes","name":"","name_en":"","ref":"","destination":"","maxspeed":"","bridge":"","tunnel":"","layer":"0"},"geometry":{"type":"LineString","coordinates":[[139.8356338,35.6472918],[139.8346761,35.6471651],[139.8342514,35.6471087],[139.8336484,35.6470058],[139.8331513,35.6468992],[139.8330205,35.6468646],[139.8329322,35.646831]]}},{"type":"Feature","id":44422828,"properties":{"osm_id":44422828,"highway":"motorway","oneway":"yes","name":"首都高速6号向島線","name_en":"Metropolitan Expressway Route 6 Mukojima Line","ref":"6","destination":"","maxspeed":"60","bridge":"yes","tunnel":"","layer":"4"},"geometry":{"type":"LineString","coordinates":[[139.8183304,35.7423053],[139.8178727,35.742122],[139.8177414,35.7420607],[139.8176199,35.7419941],[139.81749,35.7419155],[139.8173691,35.7418275],[139.8172596,35.7417396],[139.8171601,35.7416498],[139.8170699,35.7415503],[139.8169356,35.7413876],[139.8162173,35.7404389],[139.8161159,35.7402952],[139.8159437,35.7400451],[139.8158358,35.7398505],[139.8157474,35.7396466],[139.8156849,35.7394708],[139.8156451,35.7393089],[139.8156193,35.7391485],[139.8156062,35.7389972],[139.8156035,35.7388469],[139.8156062,35.7386852],[139.8156168,35.7385223],[139.8156953,35.7378046],[139.8157047,35.7376398],[139.8157048,35.7374725],[139.8156956,35.7372992],[139.8156763,35.7371294],[139.8156431,35.7369523],[139.8155955,35.7367891],[139.815535,35.7366115],[139.8154346,35.736375],[139.8151076,35.7357289],[139.8149285,35.7354266],[139.8147609,35.7351627],[139.8145702,35.7349063],[139.814343,35.734641],[139.8139138,35.7342013],[139.813545,35.7338564],[139.813125,35.7334701],[139.8128469,35.7331946],[139.8126987,35.733026],[139.8125668,35.7328537],[139.8124332,35.7326741],[139.8123229,35.7325018],[139.8121515,35.7321911],[139.8119779,35.7318484],[139.8117393,35.7313098],[139.8115416,35.7309014],[139.8114577,35.7306955],[139.8113944,35.7305087],[139.8112643,35.7300959],[139.8112155,35.7299091],[139.8111395,35.7295541],[139.8110779,35.7291946],[139.8109662,35.728394],[139.8108063,35.7269525],[139.8106925,35.7260049],[139.8106004,35.725243],[139.8105653,35.7249733],[139.8104898,35.7243722],[139.8104153,35.7239739],[139.8103395,35.7236393],[139.8101091,35.7227869],[139.8098431,35.7218142],[139.8096015,35.7209501],[139.8093086,35.7198426],[139.8091826,35.7193857],[139.8090091,35.7188501],[139.808869,35.7185153],[139.8087047,35.7181876],[139.8084982,35.717855],[139.808182,35.717432],[139.8077749,35.7169228],[139.8076636,35.7167857],[139.8075622,35.7166716],[139.8071399,35.7162187],[139.8066041,35.7156652],[139.8060404,35.7151012],[139.8054697,35.7145461],[139.8034582,35.7126551],[139.8031781,35.7124059],[139.8029868,35.7122572],[139.8027656,35.7121052],[139.8025085,35.7119588],[139.8018474,35.7116248],[139.8016409,35.7115197],[139.8014312,35.7114079],[139.8012314,35.7112873],[139.8010543,35.7111684],[139.8008987,35.7110453],[139.8007408,35.7108995],[139.8006034,35.7107585],[139.8000657,35.7101997],[139.7996992,35.7097781],[139.7993848,35.7093859],[139.7986604,35.7084676],[139.7982966,35.7080165],[139.7980111,35.7076168],[139.7978231,35.7072954],[139.7973144,35.7062502],[139.7971351,35.7058938],[139.7970494,35.7057458],[139.796642,35.7051026],[139.7957411,35.7038269],[139.7956576,35.7036856],[139.7955535,35.7035095],[139.7953821,35.7031927],[139.795219,35.7028684],[139.7950785,35.7025446],[139.7946828,35.7015267],[139.7945498,35.7012559],[139.7943721,35.7009305],[139.7935041,35.699437],[139.7933959,35.6992741],[139.7932777,35.6991177],[139.7927832,35.6985082],[139.7920497,35.697608],[139.7919247,35.6974556],[139.7917952,35.6973072],[139.7916614,35.6971637],[139.790938,35.6964488],[139.7908344,35.6963432],[139.7907214,35.6962141],[139.7906134,35.6960874],[139.790486,35.6959253],[139.7903844,35.6957693],[139.7902804,35.6956132],[139.7901962,35.6954688],[139.7901306,35.6953525],[139.7900711,35.695221],[139.7899659,35.694947],[139.7899277,35.6948365],[139.7898686,35.6946816],[139.7898126,35.6945286],[139.7897578,35.6943483],[139.7897053,35.6941413],[139.7896815,35.6939949],[139.7896729,35.6938642],[139.7896625,35.693382],[139.7896579,35.6931452],[139.7896684,35.6929111]]}},{"type":"Feature","id":44506762,"properties":{"osm_id":44506762,"highway":"motorway","oneway":"yes","name":"首都高速7号小松川線","name_en":"Shuto Expressway Route 7 Komatsugawa Line","ref":"7","destination":"京葉道路","maxspeed":"60","bridge":"yes","tunnel":"","layer":"2"},"geometry":{"type":"LineString","coordinates":[[139.7886322,35.6899716],[139.7886435,35.6900202],[139.7886609,35.690083],[139.7887019,35.6901909],[139.78875,35.6902874],[139.7887961,35.6903609],[139.7888412,35.6904194],[139.7888926,35.6904749],[139.7889522,35.6905316],[139.7890382,35.6906022]]}},{"type":"Feature","id":44507171,"properties":{"osm_id":44507171,"highway":"motorway","oneway":"yes","name":"首都高速7号小松川線","name_en":"Shuto Expressway Route 7 Komatsugawa Line","ref":"7","destination":"","maxspeed":"60","bridge":"yes","tunnel":"","layer":"2"},"geometry":{"type":"LineString","coordinates":[[139.7891488,35.6905667],[139.7890452,35.6904747],[139.7889793,35.6904157],[139.788926,35.6903591],[139.788887,35.6903083],[139.7888476,35.6902486],[139.7888129,35.6901827],[139.7887798,35.6901061],[139.7887575,35.6900343],[139.7887456,35.6899685],[139.7887395,35.6898911],[139.7887425,35.6898108],[139.7887517,35.68974],[139.7887684,35.6896683],[139.788794,35.6895931],[139.7888246,35.6895214],[139.7888649,35.6894493],[139.7889194,35.6893693],[139.7889868,35.6892827],[139.7894062,35.6887848],[139.7897834,35.6884051]]}},{"type":"Feature","id":44507172,"properties":{"osm_id":44507172,"highway":"motorway","oneway":"yes","name":"首都高速7号小松川線","name_en":"Shuto Expressway Route 7 Komatsugawa Line","ref":"7","destination":"","maxspeed":"60","bridge":"yes","tunnel":"","layer":"3"},"geometry":{"type":"LineString","coordinates":[[139.7890382,35.6906022],[139.789468,35.6909426],[139.7897836,35.6911899],[139.7900805,35.6914112],[139.7901885,35.6914849],[139.7903118,35.6915578],[139.7904446,35.6916239],[139.7905801,35.6916807],[139.7907199,35.6917329],[139.7908465,35.6917725],[139.7909798,35.6918088],[139.7911297,35.69184],[139.7912756,35.6918634],[139.7914372,35.6918816],[139.7916157,35.6918937],[139.7917861,35.6919014],[139.7956914,35.6921067],[139.8060473,35.6926458],[139.8070431,35.6927096],[139.8087131,35.6928377],[139.8095367,35.6928746],[139.8100489,35.6929022],[139.8114528,35.6929334],[139.8127159,35.6929822],[139.8150595,35.6931059],[139.8171712,35.6932125],[139.8183475,35.6932721],[139.8187921,35.6932959],[139.8199398,35.6933648]]}},{"type":"Feature","id":44778905,"properties":{"osm_id":44778905,"highway":"motorway","oneway":"yes","name":"首都高速5号池袋線","name_en":"Route 5 Ikebukuro Line","ref":"5","destination":"","maxspeed":"","bridge":"","tunnel":"","layer":"0"},"geometry":{"type":"LineString","coordinates":[[139.7541659,35.6907449],[139.7532112,35.6903634]]}},{"type":"Feature","id":44779171,"properties":{"osm_id":44779171,"highway":"motorway","oneway":"yes","name":"首都高速5号池袋線","name_en":"Route 5 Ikebukuro Line","ref":"5","destination":"北池袋;関越道","maxspeed":"60","bridge":"yes","tunnel":"","layer":"3"},"geometry":{"type":"LineString","coordinates":[[139.7577811,35.6916181],[139.7576955,35.6916773],[139.7576152,35.6917381],[139.7575335,35.6918038],[139.7574552,35.6918723],[139.7573079,35.6920087],[139.7560802,35.6932124],[139.7558688,35.6934195],[139.7557868,35.6934994],[139.7557054,35.6935701],[139.7556167,35.693637],[139.7555212,35.6937018],[139.7554239,35.6937571],[139.7553227,35.6938058],[139.7552174,35.6938501],[139.7551171,35.6938883],[139.7550128,35.6939216],[139.7549058,35.693952],[139.7546443,35.6940211]]}},{"type":"Feature","id":44779562,"properties":{"osm_id":44779562,"highway":"motorway","oneway":"yes","name":"首都高速都心環状線","name_en":"Shuto Expressway Inner Circular Route","ref":"C1","destination":"羽田;銀座","maxspeed":"40","bridge":"yes","tunnel":"","layer":"3"},"geometry":{"type":"LineString","coordinates":[[139.7752829,35.6841277],[139.7754145,35.6841362],[139.7755461,35.6841448],[139.7756796,35.6841561],[139.775808,35.6841718],[139.775939,35.6841919],[139.7769958,35.6843842],[139.7770837,35.6843997],[139.7771621,35.6844119],[139.7772346,35.6844195],[139.7773138,35.6844233],[139.7773857,35.6844234],[139.7774651,35.6844217],[139.7775411,35.6844155],[139.7776184,35.6844032],[139.7776948,35.6843883],[139.7777668,35.6843682],[139.7778251,35.6843456],[139.7778766,35.6843221],[139.7779234,35.6842971],[139.7779732,35.6842635],[139.7780215,35.6842256],[139.7780737,35.68418],[139.7781178,35.6841351],[139.7781515,35.6840917],[139.7781756,35.6840549],[139.7781959,35.6840181],[139.778211,35.68398],[139.7782247,35.6839337],[139.7782366,35.6838866],[139.7782419,35.6838438],[139.7782432,35.6838007],[139.7782397,35.683748],[139.7782337,35.6836995],[139.7782209,35.683643],[139.7782042,35.6835874],[139.7781749,35.6835192],[139.7781452,35.6834543],[139.7778259,35.6829195],[139.7777818,35.6828403],[139.7777408,35.6827621],[139.7774898,35.682251]]}},{"type":"Feature","id":44779770,"properties":{"osm_id":44779770,"highway":"motorway","oneway":"yes","name":"首都高速都心環状線","name_en":"Shuto Expressway Inner Circular Route","ref":"C1","destination":"","maxspeed":"50","bridge":"","tunnel":"","layer":"0"},"geometry":{"type":"LineString","coordinates":[[139.7541859,35.6907044],[139.7532112,35.6903634]]}},{"type":"Feature","id":44779773,"properties":{"osm_id":44779773,"highway":"motorway","oneway":"yes","name":"首都高速5号池袋線","name_en":"Route 5 Ikebukuro Line","ref":"5","destination":"","maxspeed":"","bridge":"yes","tunnel":"","layer":"2"},"geometry":{"type":"LineString","coordinates":[[139.7560564,35.6926205],[139.7560378,35.6925057],[139.7559474,35.6919657],[139.7559312,35.6918939],[139.7559092,35.6918174],[139.7558778,35.6917331],[139.7558378,35.6916527],[139.7557943,35.6915828],[139.7557583,35.6915333],[139.7557154,35.69148],[139.7556732,35.6914332],[139.7556157,35.6913788],[139.7555517,35.6913282],[139.7554955,35.6912878],[139.7554319,35.6912506],[139.7553596,35.6912164],[139.7552183,35.6911576],[139.7541659,35.6907449]]}},{"type":"Feature","id":44779774,"properties":{"osm_id":44779774,"highway":"motorway","oneway":"yes","name":"首都高速都心環状線","name_en":"Circle 1","ref":"C1","destination":"霞が関;中央道;東名","maxspeed":"50","bridge":"yes","tunnel":"","layer":"2"},"geometry":{"type":"LineString","coordinates":[[139.7611383,35.6909785],[139.7610088,35.6910282],[139.7609056,35.6910579],[139.7607776,35.691087],[139.7606507,35.6911067],[139.7605245,35.6911177],[139.7604023,35.6911223],[139.7591063,35.6911272],[139.7589739,35.6911295],[139.7588307,35.6911378],[139.7587023,35.6911498],[139.7585742,35.6911681],[139.7584351,35.6911928],[139.7582671,35.6912235],[139.7580801,35.6912537],[139.7578928,35.6912791],[139.7576948,35.6913028],[139.7567677,35.6914103],[139.7566605,35.69142],[139.7565508,35.6914241],[139.7564324,35.6914206],[139.7563107,35.6914102],[139.7561965,35.6913921],[139.7560884,35.6913675],[139.7559871,35.6913398],[139.7558832,35.691306],[139.7549636,35.6909788],[139.754878,35.6909471],[139.7541859,35.6907044]]}},{"type":"Feature","id":44779775,"properties":{"osm_id":44779775,"highway":"motorway_link","oneway":"yes","name":"","name_en":"","ref":"","destination":"","maxspeed":"","bridge":"","tunnel":"","layer":"0"},"geometry":{"type":"LineString","coordinates":[[139.754216,35.690653],[139.7537576,35.6904885],[139.7536689,35.690455],[139.753599,35.6904211],[139.7535479,35.6903835],[139.7535018,35.6903356],[139.7534712,35.6902878],[139.7534514,35.6902337],[139.7534409,35.6901765],[139.7534457,35.6901193],[139.7534597,35.690062],[139.7534848,35.6900094],[139.7535669,35.6898756],[139.7535902,35.6898406],[139.753617,35.6898105],[139.7536516,35.6897833],[139.7536934,35.6897598],[139.7537579,35.6897376]]}},{"type":"Feature","id":44803854,"properties":{"osm_id":44803854,"highway":"motorway","oneway":"yes","name":"首都高速6号向島線","name_en":"Shuto Expressway Route 6 Mukojima Line","ref":"6","destination":"","maxspeed":"","bridge":"yes","tunnel":"","layer":"3"},"geometry":{"type":"LineString","coordinates":[[139.7752829,35.6841277],[139.7753798,35.6841437],[139.7759193,35.6842513]]}},{"type":"Feature","id":44803855,"properties":{"osm_id":44803855,"highway":"motorway","oneway":"yes","name":"首都高速6号向島線","name_en":"Shuto Expressway Route 6 Mukojima Line","ref":"6","destination":"神田橋;北池袋;中央道|神田橋;北池袋;中央道","maxspeed":"60","bridge":"yes","tunnel":"","layer":"3"},"geometry":{"type":"LineString","coordinates":[[139.7807498,35.6810898],[139.780517,35.6813133],[139.7804283,35.6814107],[139.7803544,35.6815035],[139.7802816,35.6816062],[139.7802182,35.6817108],[139.7801641,35.6818197],[139.7801204,35.6819265],[139.7800808,35.6820398],[139.7799226,35.6825954]]}},{"type":"Feature","id":44804029,"properties":{"osm_id":44804029,"highway":"motorway_link","oneway":"yes","name":"首都高速9号深川線","name_en":"Fukagawa Route","ref":"9","destination":"湾岸線;成田空港;東関東道","maxspeed":"40","bridge":"yes","tunnel":"","layer":"3"},"geometry":{"type":"LineString","coordinates":[[139.7821513,35.6801912],[139.78231,35.6801604],[139.7824228,35.6801412],[139.7825357,35.6801318],[139.7826348,35.6801338],[139.7827298,35.6801413],[139.7828275,35.6801604],[139.7829196,35.6801874],[139.78301,35.6802239],[139.7831151,35.6802724],[139.7835649,35.6805005]]}},{"type":"Feature","id":44804205,"properties":{"osm_id":44804205,"highway":"motorway_link","oneway":"yes","name":"首都高速9号深川線","name_en":"Fukagawa Route","ref":"9","destination":"","maxspeed":"40","bridge":"yes","tunnel":"","layer":"5"},"geometry":{"type":"LineString","coordinates":[[139.7872852,35.6803643],[139.7871229,35.6806118],[139.7868507,35.6810158],[139.7867882,35.6811227],[139.7867535,35.6811959],[139.7867322,35.681265],[139.7867167,35.6813599],[139.7867129,35.681438]]}},{"type":"Feature","id":44804206,"properties":{"osm_id":44804206,"highway":"motorway_link","oneway":"yes","name":"首都高速9号深川線","name_en":"Fukagawa Route","ref":"9","destination":"湾岸線;東関東道","maxspeed":"60","bridge":"yes","tunnel":"","layer":"4"},"geometry":{"type":"LineString","coordinates":[[139.7887553,35.6827111],[139.7885477,35.6825419],[139.7884169,35.6824524],[139.7882137,35.6823362],[139.7880185,35.6822332]]}},{"type":"Feature","id":44804208,"properties":{"osm_id":44804208,"highway":"motorway_link","oneway":"yes","name":"首都高速9号深川線","name_en":"Fukagawa Route","ref":"","destination":"湾岸線;成田空港;東関東道","maxspeed":"40","bridge":"yes","tunnel":"","layer":"3"},"geometry":{"type":"LineString","coordinates":[[139.7821513,35.6801912],[139.7822912,35.6801395],[139.7823959,35.6801114],[139.7824938,35.680091],[139.782586,35.6800813],[139.7826739,35.6800765],[139.7827551,35.6800812],[139.7828497,35.6800913],[139.7829483,35.6801103],[139.7830588,35.6801383],[139.7831706,35.6801772],[139.7833016,35.6802296],[139.7836462,35.6803874]]}},{"type":"Feature","id":44804643,"properties":{"osm_id":44804643,"highway":"motorway_link","oneway":"yes","name":"","name_en":"","ref":"","destination":"","maxspeed":"40","bridge":"yes","tunnel":"","layer":"2"},"geometry":{"type":"LineString","coordinates":[[139.7773914,35.6822965],[139.7778553,35.6828942],[139.778084,35.6832356],[139.7782001,35.6833864],[139.7783681,35.6835696],[139.7784849,35.6836871],[139.778564,35.6837609],[139.7786284,35.683811],[139.7786933,35.6838508],[139.7787568,35.6838809]]}},{"type":"Feature","id":44805844,"properties":{"osm_id":44805844,"highway":"motorway","oneway":"yes","name":"首都高速都心環状線","name_en":"Circle 1","ref":"C1","destination":"","maxspeed":"50","bridge":"yes","tunnel":"","layer":"3"},"geometry":{"type":"LineString","coordinates":[[139.7774898,35.682251],[139.776791,35.6810712]]}},{"type":"Feature","id":44805845,"properties":{"osm_id":44805845,"highway":"motorway","oneway":"yes","name":"首都高速都心環状線","name_en":"Shuto Expressway Inner Circular Route","ref":"C1","destination":"","maxspeed":"50","bridge":"yes","tunnel":"","layer":"3"},"geometry":{"type":"LineString","coordinates":[[139.7742509,35.6839757],[139.774076,35.6839964],[139.7738912,35.6840233],[139.7737092,35.6840545],[139.7719699,35.6843722],[139.7718048,35.6844068],[139.7716606,35.6844446],[139.7715577,35.6844785],[139.7714493,35.6845195],[139.7713721,35.6845544],[139.7713152,35.6845841],[139.7712586,35.6846171],[139.7712038,35.6846539],[139.7711409,35.6847048],[139.7710783,35.6847662],[139.7710194,35.6848298],[139.7709676,35.6848956],[139.7709092,35.6849829],[139.7708568,35.6850741],[139.7708052,35.6851765],[139.7705512,35.6857914],[139.770374,35.6861679],[139.7702935,35.6863098],[139.7701916,35.6864553],[139.769357,35.6874354],[139.7690776,35.6877214],[139.7689718,35.6878135],[139.7689082,35.6878651],[139.7688108,35.6879317],[139.768708,35.6879974],[139.7685973,35.6880588],[139.7684983,35.688111],[139.7683668,35.688173],[139.7676692,35.6884684],[139.7675141,35.6885327],[139.767354,35.6885892],[139.7671555,35.6886458],[139.766934,35.6886994],[139.766701,35.6887461],[139.7665881,35.6887741],[139.7665087,35.6887956],[139.7662165,35.6888879],[139.7661299,35.68891],[139.7660033,35.688941],[139.7647421,35.6891717],[139.7646333,35.6891928],[139.7645325,35.6892145],[139.7644249,35.6892404],[139.764329,35.68927],[139.7642365,35.6893021],[139.7641519,35.6893398],[139.7640688,35.6893857],[139.7639956,35.689431],[139.7639185,35.6894824],[139.763836,35.6895427],[139.7636791,35.6896673],[139.7634234,35.6898837],[139.7633608,35.6899307],[139.7632981,35.6899756],[139.7632321,35.6900188],[139.7631648,35.6900598],[139.7630956,35.6900995],[139.7630245,35.6901365],[139.76295,35.6901692],[139.7628694,35.6902007]]}},{"type":"Feature","id":44805846,"properties":{"osm_id":44805846,"highway":"motorway","oneway":"yes","name":"首都高速6号向島線","name_en":"Shuto Expressway Route 6 Mukojima Line","ref":"6","destination":"","maxspeed":"60","bridge":"yes","tunnel":"","layer":"2"},"geometry":{"type":"LineString","coordinates":[[139.7759193,35.6842513],[139.7771123,35.6844912],[139.7772938,35.6845251],[139.77743,35.6845439],[139.7775595,35.6845563],[139.7776675,35.6845622],[139.7777742,35.6845649],[139.7778595,35.6845638],[139.7779352,35.6845582],[139.7779991,35.68455],[139.7780573,35.6845393],[139.7781126,35.6845254],[139.7781952,35.6844977],[139.7782878,35.6844613],[139.7783926,35.6844139],[139.7785028,35.6843588],[139.7791014,35.6840286],[139.779206,35.6839644],[139.7793227,35.6838848],[139.7794061,35.6838161],[139.7795016,35.6837316],[139.7795837,35.6836531],[139.7796437,35.6835842],[139.7796837,35.6835327],[139.7797229,35.6834707],[139.7797628,35.6833976],[139.7798079,35.6832979],[139.7798429,35.6831985],[139.7798699,35.6831067],[139.7800102,35.6826119]]}},{"type":"Feature","id":44805847,"properties":{"osm_id":44805847,"highway":"motorway","oneway":"yes","name":"首都高速6号向島線","name_en":"Shuto Expressway Route 6 Mukojima Line","ref":"6","destination":"","maxspeed":"","bridge":"yes","tunnel":"","layer":"3"},"geometry":{"type":"LineString","coordinates":[[139.7800102,35.6826119],[139.7800769,35.6823759],[139.7801258,35.6822269],[139.780176,35.6820845],[139.780232,35.6819496],[139.7802908,35.6818267],[139.7803566,35.6817064],[139.7804318,35.6815926],[139.7805254,35.6814812],[139.7806405,35.6813605],[139.7808879,35.6811381]]}},{"type":"Feature","id":44805848,"properties":{"osm_id":44805848,"highway":"motorway","oneway":"yes","name":"首都高速6号向島線","name_en":"Shuto Expressway Route 6 Mukojima Line","ref":"6","destination":"","maxspeed":"60","bridge":"yes","tunnel":"","layer":"2"},"geometry":{"type":"LineString","coordinates":[[139.7799226,35.6825954],[139.7797801,35.6830846],[139.7797509,35.6831816],[139.7797157,35.6832807],[139.7796765,35.6833721],[139.7796388,35.6834411],[139.7796019,35.6834969],[139.779563,35.6835465],[139.7795041,35.6836102],[139.779425,35.6836843],[139.7793379,35.6837583],[139.7792272,35.6838442],[139.7791168,35.683916],[139.7790263,35.6839691],[139.7784527,35.6842724],[139.7783761,35.6843082],[139.7783062,35.684338],[139.778232,35.6843647],[139.7781531,35.6843875],[139.778091,35.6844015],[139.7780281,35.6844112],[139.7779699,35.6844171],[139.7779156,35.6844201],[139.7778567,35.6844197],[139.7778045,35.684417],[139.7777492,35.6844116],[139.7776053,35.6843928],[139.777459,35.6843708],[139.7773153,35.6843461],[139.7760438,35.6841002]]}},{"type":"Feature","id":44805849,"properties":{"osm_id":44805849,"highway":"motorway","oneway":"yes","name":"首都高速1号上野線","name_en":"Route 1 Ueno Line","ref":"1","destination":"","maxspeed":"40","bridge":"yes","tunnel":"","layer":"3"},"geometry":{"type":"LineString","coordinates":[[139.778284,35.6841574],[139.7782573,35.6841934],[139.7782269,35.6842274],[139.7781884,35.6842648],[139.778135,35.6843085],[139.7780918,35.6843407],[139.778041,35.6843733],[139.7779878,35.6844018],[139.7779134,35.6844345],[139.7778459,35.6844596],[139.7777561,35.6844856],[139.7774247,35.6845583],[139.777327,35.6845834],[139.7772389,35.6846135],[139.7771551,35.6846465],[139.7770962,35.6846765],[139.7770361,35.6847145],[139.7769783,35.6847612],[139.7769399,35.6848003],[139.776903,35.6848423],[139.7768696,35.6848892],[139.7768389,35.6849454],[139.7768106,35.6850116],[139.7767881,35.6850827],[139.7767734,35.6851569],[139.7767599,35.6852597],[139.7767135,35.6857345],[139.7766646,35.6863618]]}},{"type":"Feature","id":44805850,"properties":{"osm_id":44805850,"highway":"motorway_link","oneway":"yes","name":"","name_en":"","ref":"","destination":"","maxspeed":"40","bridge":"yes","tunnel":"","layer":"3"},"geometry":{"type":"LineString","coordinates":[[139.7787568,35.6838809],[139.7788265,35.6839053],[139.7789032,35.6839235],[139.7789832,35.6839342],[139.7790679,35.6839364],[139.7791379,35.6839325],[139.7791993,35.6839261],[139.7792539,35.6839156],[139.7793339,35.683895],[139.7794093,35.6838671],[139.7794974,35.6838202],[139.7795894,35.6837606],[139.7796637,35.6836938],[139.779729,35.683623],[139.779784,35.6835424],[139.7798255,35.6834655],[139.7798905,35.6833314],[139.7799589,35.6831302],[139.780156,35.6823984],[139.7802441,35.6821098],[139.7802944,35.6819686],[139.7803477,35.6818464],[139.7804105,35.6817265],[139.7804835,35.6816137],[139.7805632,35.6815086],[139.7806693,35.6813822],[139.7808879,35.6811381]]}},{"type":"Feature","id":44805851,"properties":{"osm_id":44805851,"highway":"motorway","oneway":"yes","name":"首都高速6号向島線","name_en":"Shuto Expressway Route 6 Mukojima Line","ref":"6","destination":"箱崎;東北道;京王道路","maxspeed":"60","bridge":"yes","tunnel":"","layer":"3"},"geometry":{"type":"LineString","coordinates":[[139.7821513,35.6801912],[139.7822967,35.6801504],[139.7824046,35.680128],[139.7825101,35.6801151],[139.7825928,35.6801106],[139.7826562,35.6801109],[139.7827131,35.6801127],[139.782776,35.6801192],[139.7828472,35.6801301],[139.7829146,35.6801443],[139.782978,35.6801624],[139.7830435,35.6801866],[139.7831528,35.6802344],[139.7836022,35.6804437]]}},{"type":"Feature","id":44805853,"properties":{"osm_id":44805853,"highway":"motorway","oneway":"yes","name":"首都高速6号向島線","name_en":"Shuto Expressway Route 6 Mukojima Line","ref":"6","destination":"","maxspeed":"60","bridge":"yes","tunnel":"","layer":"4"},"geometry":{"type":"LineString","coordinates":[[139.7860218,35.6815214],[139.7867738,35.6818387],[139.7881502,35.682485],[139.7884362,35.6826275],[139.7887087,35.6827879],[139.7889881,35.6829796],[139.7895049,35.6833585],[139.790091,35.6837911],[139.7912171,35.6846655],[139.7915637,35.6849416],[139.7916527,35.6850161],[139.791703,35.6850662],[139.7917557,35.6851257],[139.7918272,35.6852126],[139.7918575,35.6852526],[139.791889,35.6853009],[139.7919299,35.6853746],[139.7919617,35.6854493],[139.7919856,35.685525],[139.7920034,35.6855947],[139.792017,35.6857017],[139.7920181,35.6857786],[139.7920129,35.6858579],[139.7920011,35.6859357],[139.7919831,35.6860118],[139.7919505,35.6861038],[139.7919083,35.686197],[139.7918592,35.6862831],[139.7915933,35.6866844],[139.7915198,35.6867858],[139.7914398,35.6868925]]}},{"type":"Feature","id":44805857,"properties":{"osm_id":44805857,"highway":"motorway_link","oneway":"yes","name":"首都高速9号深川線","name_en":"Shuto Expressway Route 9 Fukagawa Line","ref":"9","destination":"","maxspeed":"60","bridge":"yes","tunnel":"","layer":"4"},"geometry":{"type":"LineString","coordinates":[[139.7863718,35.6812474],[139.7864529,35.6812213],[139.7865341,35.6811851],[139.7866184,35.6811374],[139.786712,35.6810814],[139.7867826,35.6810294],[139.7869369,35.6808882],[139.7871122,35.6806956],[139.7877847,35.6798439]]}},{"type":"Feature","id":44805858,"properties":{"osm_id":44805858,"highway":"motorway","oneway":"yes","name":"首都高速6号向島線","name_en":"Shuto Expressway Route 6 Mukojima Line","ref":"6","destination":"","maxspeed":"60","bridge":"yes","tunnel":"","layer":"3"},"geometry":{"type":"LineString","coordinates":[[139.7840759,35.6804788],[139.7836674,35.680288],[139.7832782,35.6801149],[139.7831672,35.6800689],[139.7830387,35.6800277],[139.7828954,35.6799922],[139.7827848,35.6799725],[139.7826984,35.6799629],[139.7826132,35.6799599],[139.7825139,35.6799623],[139.7823851,35.679975],[139.7822831,35.6799939],[139.7821794,35.6800202],[139.7820965,35.6800454],[139.7820082,35.6800788],[139.7819145,35.6801211],[139.7818191,35.6801726],[139.7817434,35.6802218],[139.7816411,35.6802969],[139.781483,35.6804208],[139.7807498,35.6810898]]}},{"type":"Feature","id":44805859,"properties":{"osm_id":44805859,"highway":"motorway","oneway":"yes","name":"首都高速6号向島線","name_en":"Shuto Expressway Route 6 Mukojima Line","ref":"6","destination":"","maxspeed":"60","bridge":"yes","tunnel":"","layer":"3"},"geometry":{"type":"LineString","coordinates":[[139.7853496,35.6811002],[139.7840759,35.6804788]]}},{"type":"Feature","id":44806051,"properties":{"osm_id":44806051,"highway":"motorway_link","oneway":"yes","name":"首都高速9号深川線","name_en":"Shuto Expressway Route 9 Fukagawa Line","ref":"9","destination":"","maxspeed":"60","bridge":"yes","tunnel":"","layer":"4"},"geometry":{"type":"LineString","coordinates":[[139.7871364,35.680771],[139.7876458,35.6800719],[139.7877847,35.6798439]]}},{"type":"Feature","id":44806052,"properties":{"osm_id":44806052,"highway":"motorway_link","oneway":"yes","name":"首都高速9号深川線","name_en":"Fukagawa Route","ref":"9","destination":"","maxspeed":"40","bridge":"yes","tunnel":"","layer":"3"},"geometry":{"type":"LineString","coordinates":[[139.7859737,35.6811427],[139.7858761,35.6811401],[139.7857765,35.6811289],[139.7856725,35.6811097],[139.7855188,35.6810709],[139.7853509,35.6810166],[139.7840759,35.6804788]]}},{"type":"Feature","id":44806053,"properties":{"osm_id":44806053,"highway":"motorway_link","oneway":"yes","name":"首都高速9号深川線","name_en":"Fukagawa Route","ref":"9","destination":"","maxspeed":"40","bridge":"yes","tunnel":"","layer":"5"},"geometry":{"type":"LineString","coordinates":[[139.7867129,35.681438],[139.7867216,35.681517],[139.7867425,35.681589],[139.7867575,35.6816361],[139.7867806,35.6816934],[139.7868125,35.6817498],[139.7868502,35.6818068],[139.7869129,35.6818793],[139.7869909,35.6819473],[139.787081,35.6820135],[139.7873046,35.6821391],[139.787427,35.6821998],[139.7880442,35.6825024],[139.7883518,35.6826535],[139.7885731,35.6827771]]}},{"type":"Feature","id":44806482,"properties":{"osm_id":44806482,"highway":"motorway","oneway":"yes","name":"首都高速9号深川線","name_en":"Shuto Expressway Route 9 Fukagawa Line","ref":"9","destination":"","maxspeed":"60","bridge":"yes","tunnel":"","layer":"5"},"geometry":{"type":"LineString","coordinates":[[139.7885774,35.6790963],[139.788438,35.6791684],[139.7882837,35.6792616],[139.7881517,35.6793548],[139.7880287,35.6794612],[139.7879092,35.6795795],[139.7877888,35.6797134],[139.7876709,35.6798497],[139.7872852,35.6803643]]}},{"type":"Feature","id":44822420,"properties":{"osm_id":44822420,"highway":"motorway_link","oneway":"yes","name":"","name_en":"","ref":"","destination":"","maxspeed":"","bridge":"yes","tunnel":"","layer":"1"},"geometry":{"type":"LineString","coordinates":[[139.604462,35.4719024],[139.604052,35.4721551],[139.6037946,35.4722791],[139.6035198,35.4723836],[139.6029245,35.472559],[139.6023773,35.4726639],[139.6019983,35.4727595]]}},{"type":"Feature","id":44823308,"properties":{"osm_id":44823308,"highway":"motorway","oneway":"yes","name":"第三京浜道路","name_en":"Daisan Keihin","ref":"E83;466","destination":"","maxspeed":"60","bridge":"yes","tunnel":"","layer":"1"},"geometry":{"type":"LineString","coordinates":[[139.6005979,35.4741697],[139.6003152,35.4744061],[139.5998652,35.4747341],[139.5994874,35.4750098]]}},{"type":"Feature","id":44823309,"properties":{"osm_id":44823309,"highway":"motorway","oneway":"yes","name":"第三京浜道路","name_en":"Daisan Keihin","ref":"E83;466","destination":"","maxspeed":"","bridge":"yes","tunnel":"","layer":"1"},"geometry":{"type":"LineString","coordinates":[[139.5995537,35.4750747],[139.599932,35.4747972],[139.6003746,35.4744911]]}},{"type":"Feature","id":44823311,"properties":{"osm_id":44823311,"highway":"motorway_link","oneway":"yes","name":"","name_en":"","ref":"","destination":"三ツ沢;桜木町","maxspeed":"","bridge":"yes","tunnel":"","layer":"1"},"geometry":{"type":"LineString","coordinates":[[139.6016256,35.4733856],[139.6018456,35.4731816],[139.6020083,35.4730679],[139.6022183,35.4729658],[139.6025811,35.4728327],[139.6030005,35.472705],[139.6033737,35.4726017]]}},{"type":"Feature","id":44823312,"properties":{"osm_id":44823312,"highway":"motorway","oneway":"yes","name":"第三京浜道路","name_en":"Daisan Keihin","ref":"E83;466","destination":"","maxspeed":"60","bridge":"yes","tunnel":"","layer":"1"},"geometry":{"type":"LineString","coordinates":[[139.6016256,35.4733856],[139.6017502,35.4732945],[139.6018714,35.4732141],[139.6019815,35.4731455],[139.6021089,35.4730774],[139.6022441,35.4730178],[139.6023826,35.4729655],[139.6025168,35.4729208],[139.6026735,35.4728748],[139.6028996,35.4728191],[139.6030452,35.4727865]]}},{"type":"Feature","id":44823939,"properties":{"osm_id":44823939,"highway":"motorway","oneway":"yes","name":"首都高速神奈川2号三ツ沢線","name_en":"Kanagawa Route 2 Mitsuzawa Line","ref":"K2","destination":"","maxspeed":"60","bridge":"yes","tunnel":"","layer":"1"},"geometry":{"type":"LineString","coordinates":[[139.6047404,35.4716514],[139.604462,35.4719024],[139.6042185,35.4720845],[139.6040333,35.4722066],[139.6038621,35.4723001],[139.6036918,35.4723796],[139.6034894,35.4724602],[139.6031168,35.4725844],[139.6029804,35.4726288]]}},{"type":"Feature","id":44823940,"properties":{"osm_id":44823940,"highway":"motorway_link","oneway":"yes","name":"","name_en":"","ref":"","destination":"","maxspeed":"","bridge":"","tunnel":"","layer":"0"},"geometry":{"type":"LineString","coordinates":[[139.6019983,35.4727595],[139.6018204,35.4728345],[139.6017037,35.4728964],[139.6016044,35.472959],[139.6015013,35.473034],[139.6012885,35.4732101],[139.6011443,35.4734263],[139.6005158,35.4741187]]}},{"type":"Feature","id":44823941,"properties":{"osm_id":44823941,"highway":"motorway_link","oneway":"yes","name":"","name_en":"","ref":"","destination":"","maxspeed":"","bridge":"","tunnel":"","layer":"0"},"geometry":{"type":"LineString","coordinates":[[139.6033737,35.4726017],[139.6036245,35.4725022],[139.6038031,35.4724153],[139.6039619,35.4723163],[139.6040328,35.4722505],[139.6040935,35.4721541],[139.604204,35.4720079],[139.6043042,35.4718927],[139.604373,35.4717814]]}},{"type":"Feature","id":44823942,"properties":{"osm_id":44823942,"highway":"motorway","oneway":"yes","name":"首都高速神奈川2号三ツ沢線","name_en":"Kanagawa Route 2 Mitsuzawa Line","ref":"K2","destination":"","maxspeed":"60","bridge":"","tunnel":"","layer":"0"},"geometry":{"type":"LineString","coordinates":[[139.6034233,35.4727017],[139.6035732,35.4726581],[139.6037246,35.4726088],[139.6038735,35.4725497],[139.6040123,35.4724835],[139.604137,35.4724145],[139.6042622,35.4723353],[139.6044317,35.4722152],[139.6046502,35.4720339],[139.604815,35.4718754],[139.6050774,35.4716004],[139.6052656,35.4714169]]}},{"type":"Feature","id":44823943,"properties":{"osm_id":44823943,"highway":"motorway","oneway":"yes","name":"第三京浜道路","name_en":"Daisan Keihin","ref":"E83;466","destination":"","maxspeed":"","bridge":"yes","tunnel":"","layer":"1"},"geometry":{"type":"LineString","coordinates":[[139.6014629,35.4735136],[139.6016256,35.4733856]]}},{"type":"Feature","id":44823944,"properties":{"osm_id":44823944,"highway":"motorway","oneway":"yes","name":"第三京浜道路","name_en":"Daisan Keihin","ref":"E83;466","destination":"","maxspeed":"60","bridge":"","tunnel":"","layer":"0"},"geometry":{"type":"LineString","coordinates":[[139.6017321,35.4731515],[139.6015826,35.4732609],[139.6013993,35.4734079],[139.6012521,35.4735382],[139.6009681,35.4738123]]}},{"type":"Feature","id":44823948,"properties":{"osm_id":44823948,"highway":"motorway_link","oneway":"yes","name":"","name_en":"","ref":"","destination":"","maxspeed":"","bridge":"yes","tunnel":"","layer":"1"},"geometry":{"type":"LineString","coordinates":[[139.6005158,35.4741187],[139.6002203,35.4743763],[139.5994157,35.4749572]]}},{"type":"Feature","id":44823949,"properties":{"osm_id":44823949,"highway":"motorway_link","oneway":"yes","name":"","name_en":"","ref":"","destination":"","maxspeed":"","bridge":"yes","tunnel":"","layer":"1"},"geometry":{"type":"LineString","coordinates":[[139.5996101,35.4751591],[139.6003746,35.4744911]]}},{"type":"Feature","id":44882519,"properties":{"osm_id":44882519,"highway":"motorway_link","oneway":"yes","name":"首都高速10号晴海線;豊洲出口","name_en":"Harumi Route","ref":"","destination":"","maxspeed":"40","bridge":"yes","tunnel":"","layer":"3"},"geometry":{"type":"LineString","coordinates":[[139.7929483,35.6430947],[139.7922318,35.6439334]]}},{"type":"Feature","id":44882520,"properties":{"osm_id":44882520,"highway":"motorway","oneway":"yes","name":"首都高速10号晴海線","name_en":"Harumi Route","ref":"10","destination":"","maxspeed":"","bridge":"yes","tunnel":"","layer":"3"},"geometry":{"type":"LineString","coordinates":[[139.7861767,35.6510014],[139.7870229,35.650168],[139.7884487,35.6487299],[139.7887259,35.6484331],[139.7892586,35.6478395],[139.7899404,35.6470307],[139.7911252,35.6455627],[139.791762,35.6447952],[139.7924031,35.6439896],[139.7931092,35.6431705]]}},{"type":"Feature","id":44882521,"properties":{"osm_id":44882521,"highway":"motorway_link","oneway":"yes","name":"首都高速湾岸線","name_en":"Bayshore Route","ref":"B","destination":"","maxspeed":"","bridge":"","tunnel":"","layer":"0"},"geometry":{"type":"LineString","coordinates":[[139.7939162,35.6362327],[139.7931306,35.6358124],[139.7920139,35.6352464],[139.7908911,35.6346832]]}},{"type":"Feature","id":44882522,"properties":{"osm_id":44882522,"highway":"motorway_link","oneway":"yes","name":"首都高速10号晴海線","name_en":"Harumi Route","ref":"10","destination":"","maxspeed":"","bridge":"yes","tunnel":"","layer":"2"},"geometry":{"type":"LineString","coordinates":[[139.7935251,35.6364263],[139.7950869,35.6373329],[139.7952973,35.6374619],[139.7954716,35.6375767],[139.7956135,35.6376756],[139.7957173,35.6377569],[139.7958109,35.6378385],[139.7958971,35.6379268],[139.7959658,35.6380108],[139.7960152,35.63809],[139.7960641,35.6381827],[139.7960974,35.6382717],[139.7961209,35.6383742],[139.7961365,35.6384778],[139.7961391,35.6385817],[139.7961323,35.638686],[139.796115,35.6387875],[139.7960855,35.6388869],[139.7960482,35.6389762],[139.7960016,35.639066],[139.7959483,35.6391535],[139.7951219,35.6402971]]}},{"type":"Feature","id":44882717,"properties":{"osm_id":44882717,"highway":"motorway_link","oneway":"yes","name":"首都高速10号晴海線","name_en":"Harumi Route","ref":"10","destination":"","maxspeed":"","bridge":"yes","tunnel":"","layer":"2"},"geometry":{"type":"LineString","coordinates":[[139.8028708,35.6409698],[139.802379,35.6406771],[139.8013867,35.6402236],[139.8008472,35.6399603],[139.8004078,35.6397266],[139.7993236,35.6391088],[139.7986301,35.6387092],[139.7984316,35.6385983],[139.7982953,35.6385247],[139.7981784,35.6384713],[139.7980627,35.638424],[139.7979501,35.6383884],[139.7978295,35.6383612],[139.7977021,35.6383433],[139.797565,35.6383347],[139.7974286,35.6383357],[139.7973078,35.6383449],[139.7971837,35.6383644],[139.7970711,35.6383909],[139.7969503,35.63843],[139.7968334,35.6384792],[139.7967138,35.638539],[139.7965921,35.6386152],[139.7964959,35.6386864],[139.7964026,35.6387668],[139.79632,35.6388504],[139.7962136,35.6389663],[139.7961088,35.6390889],[139.7960194,35.6391977],[139.7951219,35.6402971]]}},{"type":"Feature","id":44882718,"properties":{"osm_id":44882718,"highway":"motorway","oneway":"yes","name":"首都高速湾岸線","name_en":"Bayshore Route","ref":"B","destination":"","maxspeed":"80","bridge":"yes","tunnel":"","layer":"2"},"geometry":{"type":"LineString","coordinates":[[139.8023681,35.6409388],[139.8028117,35.6410993],[139.8033623,35.6413126],[139.8037275,35.6414363],[139.8043746,35.6416556]]}},{"type":"Feature","id":44882720,"properties":{"osm_id":44882720,"highway":"motorway_link","oneway":"yes","name":"","name_en":"","ref":"","destination":"","maxspeed":"","bridge":"","tunnel":"","layer":"0"},"geometry":{"type":"LineString","coordinates":[[139.8276648,35.6469006],[139.828094,35.6469456],[139.8284198,35.6469943],[139.8288116,35.6470671],[139.8291992,35.647141],[139.8295082,35.6472164],[139.8296048,35.6472564]]}},{"type":"Feature","id":44882721,"properties":{"osm_id":44882721,"highway":"motorway","oneway":"yes","name":"首都高速湾岸線","name_en":"Bayshore Route","ref":"B","destination":"","maxspeed":"80","bridge":"","tunnel":"","layer":"1"},"geometry":{"type":"LineString","coordinates":[[139.8283242,35.6468296],[139.8352245,35.6475173],[139.8354279,35.6475361],[139.8356015,35.6475522]]}},{"type":"Feature","id":44882722,"properties":{"osm_id":44882722,"highway":"motorway","oneway":"yes","name":"首都高速湾岸線","name_en":"Bayshore Route","ref":"B","destination":"","maxspeed":"80","bridge":"yes","tunnel":"","layer":"2"},"geometry":{"type":"LineString","coordinates":[[139.8283546,35.6466755],[139.8252565,35.6463803],[139.8252472,35.6463794],[139.824509,35.6463087]]}},{"type":"Feature","id":44882724,"properties":{"osm_id":44882724,"highway":"motorway_link","oneway":"yes","name":"首都高速湾岸線","name_en":"Bayshore Route","ref":"","destination":"","maxspeed":"","bridge":"yes","tunnel":"","layer":"3"},"geometry":{"type":"LineString","coordinates":[[139.7963658,35.6392029],[139.7964545,35.6390875],[139.7965258,35.6389785],[139.7965791,35.6388897],[139.7966313,35.6387814],[139.7966695,35.6386786],[139.7966946,35.6385802],[139.7967083,35.6384889],[139.7967159,35.6384109],[139.7967149,35.6382975],[139.7966974,35.6381694],[139.7966671,35.6380563],[139.7966128,35.6379335],[139.7965418,35.6378129],[139.7964463,35.6377],[139.7963304,35.6375886],[139.7961973,35.6374888],[139.7960616,35.6374012],[139.7958985,35.6373055],[139.7957159,35.6372043],[139.7939162,35.6362327]]}},{"type":"Feature","id":44883824,"properties":{"osm_id":44883824,"highway":"motorway","oneway":"yes","name":"首都高速9号深川線","name_en":"Shuto Expressway Route 9 Fukagawa Line","ref":"9","destination":"","maxspeed":"60","bridge":"yes","tunnel":"","layer":"3"},"geometry":{"type":"LineString","coordinates":[[139.8053474,35.6677827],[139.8053199,35.6651515],[139.8053216,35.6649704],[139.8053275,35.6648096],[139.8053411,35.6645956],[139.8053611,35.6644517],[139.8053964,35.6642073],[139.8054588,35.6637603],[139.805498,35.663502],[139.8055444,35.6632484],[139.8056001,35.6630469],[139.8056639,35.6628595],[139.8057104,35.6627456],[139.8058032,35.6625496],[139.8059765,35.6622429],[139.8063571,35.661636],[139.8065504,35.6613093],[139.8067656,35.6609297],[139.8069047,35.6606815],[139.8071938,35.6601715],[139.8073824,35.6598305],[139.8074572,35.6597128],[139.8075534,35.6595831],[139.807653,35.6594455],[139.807746,35.6593278],[139.8078695,35.659195],[139.8085318,35.6585094],[139.8097058,35.6573002],[139.8104905,35.6565043],[139.8105565,35.6564318],[139.8106502,35.6563149],[139.8107513,35.6561865],[139.8108111,35.6560944],[139.8108775,35.6559889],[139.8109391,35.6558754],[139.8110103,35.6557307],[139.8110617,35.6555997],[139.8111119,35.6554453],[139.8111501,35.6552919],[139.8112257,35.6549619],[139.8122455,35.6480517]]}},{"type":"Feature","id":44883987,"properties":{"osm_id":44883987,"highway":"motorway","oneway":"yes","name":"首都高速9号深川線","name_en":"Shuto Expressway Route 9 Fukagawa Line","ref":"9","destination":"","maxspeed":"60","bridge":"yes","tunnel":"","layer":"2"},"geometry":{"type":"LineString","coordinates":[[139.8122455,35.6480517],[139.8124101,35.6471785]]}},{"type":"Feature","id":44883988,"properties":{"osm_id":44883988,"highway":"motorway_link","oneway":"yes","name":"首都高速湾岸線","name_en":"Bayshore Route","ref":"B","destination":"","maxspeed":"","bridge":"yes","tunnel":"","layer":"3"},"geometry":{"type":"LineString","coordinates":[[139.8125661,35.6447995],[139.8125279,35.6446758],[139.8124861,35.6445804],[139.8124393,35.6444807],[139.8123888,35.6444064],[139.8123271,35.6443205],[139.8122378,35.6442136],[139.8121572,35.6441198],[139.8120967,35.6440664],[139.8119728,35.643971],[139.8118779,35.6439023],[139.8117314,35.6438153],[139.8115965,35.6437472],[139.8109193,35.643499]]}},{"type":"Feature","id":44884553,"properties":{"osm_id":44884553,"highway":"motorway_link","oneway":"yes","name":"首都高速9号深川線","name_en":"Shuto Expressway Route 9 Fukagawa Line","ref":"9","destination":"","maxspeed":"60","bridge":"yes","tunnel":"","layer":"3"},"geometry":{"type":"LineString","coordinates":[[139.8124936,35.6455085],[139.8124465,35.6459615],[139.8121416,35.6480355]]}},{"type":"Feature","id":44884556,"properties":{"osm_id":44884556,"highway":"motorway_link","oneway":"yes","name":"首都高速湾岸線","name_en":"Bayshore Route","ref":"B","destination":"","maxspeed":"","bridge":"yes","tunnel":"","layer":"3"},"geometry":{"type":"LineString","coordinates":[[139.8109193,35.643499],[139.8071468,35.6422816]]}},{"type":"Feature","id":44884558,"properties":{"osm_id":44884558,"highway":"motorway_link","oneway":"yes","name":"首都高速9号深川線","name_en":"Shuto Expressway Route 9 Fukagawa Line","ref":"","destination":"","maxspeed":"60","bridge":"yes","tunnel":"","layer":"3"},"geometry":{"type":"LineString","coordinates":[[139.817855,35.6455728],[139.8176786,35.6455484],[139.8174889,35.6455186],[139.8172929,35.6454847],[139.8170812,35.6454433],[139.816868,35.645397],[139.8166347,35.6453374],[139.8163833,35.6452674],[139.8161047,35.6451817],[139.8158077,35.6450863],[139.8152327,35.6448973],[139.8150066,35.6448228],[139.8147408,35.6447374],[139.8145643,35.6446906],[139.8144349,35.6446675],[139.8143025,35.6446454],[139.8141913,35.644633],[139.8140617,35.6446271],[139.8139654,35.6446302],[139.8138354,35.6446456],[139.8137237,35.6446637],[139.8136023,35.6446898],[139.8135,35.64472],[139.8134056,35.6447542],[139.8133085,35.6447972],[139.8132114,35.6448515],[139.8131046,35.6449269],[139.8130211,35.6449924],[139.8129553,35.6450562],[139.8128909,35.6451308],[139.8128244,35.6452238],[139.8127718,35.6453121],[139.8126748,35.645508],[139.8126314,35.645617],[139.8125903,35.6457465],[139.8125555,35.64588],[139.8125113,35.6461175],[139.8123051,35.6471754],[139.8121416,35.6480355]]}},{"type":"Feature","id":45019019,"properties":{"osm_id":45019019,"highway":"motorway_link","oneway":"yes","name":"首都高速湾岸線","name_en":"Bayshore Route","ref":"11","destination":"","maxspeed":"","bridge":"","tunnel":"","layer":"0"},"geometry":{"type":"LineString","coordinates":[[139.7803322,35.628853],[139.7798087,35.6285715],[139.7787786,35.628038],[139.7777246,35.627518],[139.7772036,35.6272792]]}},{"type":"Feature","id":45019020,"properties":{"osm_id":45019020,"highway":"motorway_link","oneway":"yes","name":"首都高速11号台場線","name_en":"Daiba Route","ref":"11","destination":"","maxspeed":"","bridge":"yes","tunnel":"","layer":"3"},"geometry":{"type":"LineString","coordinates":[[139.7801,35.6291454],[139.7823106,35.6303525],[139.7824611,35.63044],[139.7825906,35.6305316],[139.7826865,35.6306113],[139.7827742,35.6306977],[139.7828503,35.6307897],[139.7829211,35.6308966],[139.7829691,35.6309768],[139.7830049,35.6310632],[139.7830341,35.6311624],[139.7830539,35.631266],[139.783062,35.6313647],[139.7830608,35.6314699],[139.7830456,35.6315693],[139.7830179,35.6316684],[139.7829824,35.6317649],[139.7829347,35.6318632],[139.7828746,35.6319623],[139.782805,35.6320633],[139.7827172,35.6321678],[139.7826268,35.6322614],[139.7818787,35.6329868],[139.7812724,35.6337307]]}},{"type":"Feature","id":45019021,"properties":{"osm_id":45019021,"highway":"motorway_link","oneway":"yes","name":"首都高速11号台場線","name_en":"Daiba Route","ref":"11","destination":"","maxspeed":"","bridge":"yes","tunnel":"","layer":"3"},"geometry":{"type":"LineString","coordinates":[[139.7880413,35.6330482],[139.7856325,35.6317273],[139.7854774,35.6316436],[139.7853049,35.6315676],[139.7851329,35.631502],[139.7849653,35.6314496],[139.7848145,35.6314168],[139.7846843,35.6314015],[139.7845491,35.6313944],[139.7844195,35.6314016],[139.7843136,35.6314081],[139.784209,35.6314197],[139.7841107,35.6314387],[139.7839879,35.6314674],[139.783867,35.6315027],[139.7837571,35.631541],[139.7836544,35.6315895],[139.7835361,35.6316507],[139.7834259,35.6317137],[139.7833508,35.6317619],[139.7832652,35.6318201],[139.7831886,35.6318791],[139.7831179,35.6319423],[139.7830346,35.6320101],[139.7829512,35.6320831],[139.7827426,35.6322717],[139.7819429,35.6330369],[139.7812724,35.6337307]]}},{"type":"Feature","id":45019022,"properties":{"osm_id":45019022,"highway":"motorway","oneway":"yes","name":"首都高速湾岸線","name_en":"Bayshore Route","ref":"B","destination":"","maxspeed":"80","bridge":"yes","tunnel":"","layer":"1"},"geometry":{"type":"LineString","coordinates":[[139.787981,35.6331155],[139.7840756,35.6310093],[139.7818355,35.6297895]]}},{"type":"Feature","id":45019023,"properties":{"osm_id":45019023,"highway":"motorway_link","oneway":"yes","name":"首都高速湾岸線","name_en":"Bayshore Route","ref":"11","destination":"","maxspeed":"","bridge":"","tunnel":"","layer":"0"},"geometry":{"type":"LineString","coordinates":[[139.7878117,35.6333102],[139.788164,35.6334732],[139.7885934,35.6336238]]}},{"type":"Feature","id":45019024,"properties":{"osm_id":45019024,"highway":"motorway","oneway":"yes","name":"首都高速湾岸線","name_en":"Bayshore Route","ref":"B","destination":"","maxspeed":"80","bridge":"yes","tunnel":"","layer":"1"},"geometry":{"type":"LineString","coordinates":[[139.7817309,35.6299205],[139.7839988,35.6311364],[139.7878799,35.63324]]}},{"type":"Feature","id":45019025,"properties":{"osm_id":45019025,"highway":"motorway","oneway":"yes","name":"首都高速11号台場線","name_en":"Daiba Route","ref":"11","destination":"","maxspeed":"","bridge":"yes","tunnel":"","layer":"2"},"geometry":{"type":"LineString","coordinates":[[139.7804049,35.6349057],[139.7809667,35.6342677],[139.7815555,35.6335737]]}},{"type":"Feature","id":45021970,"properties":{"osm_id":45021970,"highway":"motorway","oneway":"yes","name":"首都高速都心環状線","name_en":"Shuto Expressway Inner Circular Route","ref":"C1","destination":"","maxspeed":"50","bridge":"yes","tunnel":"","layer":"2"},"geometry":{"type":"LineString","coordinates":[[139.7600898,35.6550386],[139.7600932,35.6560522],[139.7600925,35.6574584],[139.7600882,35.6575507],[139.7600784,35.6576386],[139.7600627,35.6577309],[139.7600415,35.6578144],[139.760008,35.657901],[139.7599718,35.6579842],[139.7599255,35.6580697],[139.7598765,35.6581486],[139.7595868,35.658578],[139.7595509,35.658638],[139.7595191,35.6586959],[139.7594926,35.6587564],[139.7594701,35.6588181],[139.7594524,35.6588737],[139.7594359,35.6589457],[139.7594289,35.659009],[139.7594272,35.6590745],[139.7594319,35.6591367],[139.7594433,35.6592032],[139.7594614,35.6592709],[139.7594822,35.659332],[139.7595097,35.6593958],[139.7595426,35.6594575],[139.7595794,35.659518],[139.7596324,35.659596],[139.7597187,35.6597032],[139.7600832,35.6601507]]}},{"type":"Feature","id":45021972,"properties":{"osm_id":45021972,"highway":"motorway","oneway":"yes","name":"首都高速1号羽田線","name_en":"Shuto Expressway Route 1 Haneda Line","ref":"1","destination":"","maxspeed":"","bridge":"yes","tunnel":"","layer":"3"},"geometry":{"type":"LineString","coordinates":[[139.7602257,35.6550338],[139.7602738,35.6539116],[139.7602857,35.6533795],[139.7602839,35.65324],[139.7602758,35.6531204],[139.7602619,35.6530082],[139.7602348,35.6528801],[139.7602001,35.6527554],[139.7601591,35.6526412],[139.7601125,35.6525252],[139.7600592,35.6524048],[139.7599865,35.6522525],[139.7599018,35.6520796]]}},{"type":"Feature","id":45021973,"properties":{"osm_id":45021973,"highway":"motorway","oneway":"yes","name":"首都高速都心環状線","name_en":"Circle 1","ref":"C1","destination":"","maxspeed":"","bridge":"yes","tunnel":"","layer":"2"},"geometry":{"type":"LineString","coordinates":[[139.7595006,35.6529324],[139.7595754,35.6529622],[139.7596528,35.6530006],[139.7597202,35.6530422],[139.7597771,35.6530847],[139.759824,35.6531265],[139.7598588,35.6531655],[139.7598931,35.6532112],[139.7599234,35.6532592],[139.7599475,35.6533044],[139.7599706,35.6533558],[139.7599895,35.6534111],[139.7600026,35.6534568],[139.7600186,35.6535346],[139.7600275,35.6536119],[139.7600315,35.6536885],[139.7600422,35.6540588],[139.7600898,35.6550386]]}},{"type":"Feature","id":45021974,"properties":{"osm_id":45021974,"highway":"motorway","oneway":"yes","name":"","name_en":"","ref":"","destination":"","maxspeed":"40","bridge":"yes","tunnel":"","layer":"2"},"geometry":{"type":"LineString","coordinates":[[139.7589153,35.6499668],[139.7576876,35.6475613]]}},{"type":"Feature","id":45021975,"properties":{"osm_id":45021975,"highway":"motorway","oneway":"yes","name":"首都高速都心環状線","name_en":"Shuto Expressway Inner Circular Route","ref":"C1","destination":"","maxspeed":"50","bridge":"yes","tunnel":"","layer":"2"},"geometry":{"type":"LineString","coordinates":[[139.7545678,35.6531261],[139.7549786,35.6530857],[139.7563131,35.6529687],[139.7573991,35.6528795]]}},{"type":"Feature","id":45021976,"properties":{"osm_id":45021976,"highway":"motorway","oneway":"yes","name":"首都高速都心環状線","name_en":"Shuto Expressway Inner Circular Route","ref":"C1","destination":"","maxspeed":"","bridge":"yes","tunnel":"","layer":"1"},"geometry":{"type":"LineString","coordinates":[[139.7613059,35.6615043],[139.7608267,35.6609021]]}},{"type":"Feature","id":45021991,"properties":{"osm_id":45021991,"highway":"motorway","oneway":"yes","name":"首都高速1号羽田線","name_en":"Shuto Expressway Route 1 Haneda Line","ref":"1","destination":"","maxspeed":"60","bridge":"yes","tunnel":"","layer":"2"},"geometry":{"type":"LineString","coordinates":[[139.7574236,35.6471924],[139.7568929,35.6461283],[139.755837,35.6439893],[139.7554452,35.6432034],[139.7552598,35.6427659],[139.7545699,35.6414479],[139.7542355,35.6407687],[139.7528655,35.6380556],[139.7518411,35.6360552],[139.7512912,35.6350664],[139.7509163,35.6343504],[139.750861,35.6342218],[139.7508012,35.634075],[139.750757,35.6339301],[139.7507153,35.6337726],[139.7506745,35.6335887],[139.7506542,35.6334177],[139.7503655,35.629945]]}},{"type":"Feature","id":45021992,"properties":{"osm_id":45021992,"highway":"motorway","oneway":"yes","name":"首都高速11号台場線","name_en":"Daiba Route","ref":"11","destination":"","maxspeed":"40","bridge":"yes","tunnel":"","layer":"3"},"geometry":{"type":"LineString","coordinates":[[139.7572382,35.6461803],[139.7571946,35.6462963],[139.7571578,35.6464156],[139.7571338,35.6465389],[139.7571253,35.6466665],[139.7571237,35.6467792],[139.7571361,35.6468912],[139.7571637,35.6470066],[139.7571968,35.6471125],[139.7572461,35.6472269],[139.7572956,35.6473292],[139.758027,35.6487804]]}},{"type":"Feature","id":45068168,"properties":{"osm_id":45068168,"highway":"motorway_link","oneway":"yes","name":"汐留出口","name_en":"","ref":"","destination":"","maxspeed":"","bridge":"yes","tunnel":"","layer":"2"},"geometry":{"type":"LineString","coordinates":[[139.7612268,35.6616622],[139.7615155,35.6619279],[139.7616372,35.6620788]]}},{"type":"Feature","id":45068169,"properties":{"osm_id":45068169,"highway":"motorway","oneway":"yes","name":"首都高速都心環状線","name_en":"Shuto Expressway Inner Circular Route","ref":"C1","destination":"","maxspeed":"","bridge":"","tunnel":"","layer":"0"},"geometry":{"type":"LineString","coordinates":[[139.7624045,35.6628695],[139.7613059,35.6615043]]}},{"type":"Feature","id":45068170,"properties":{"osm_id":45068170,"highway":"motorway","oneway":"yes","name":"首都高速都心環状線","name_en":"Shuto Expressway Inner Circular Route","ref":"C1","destination":"","maxspeed":"","bridge":"","tunnel":"","layer":"0"},"geometry":{"type":"LineString","coordinates":[[139.7612307,35.661539],[139.7623315,35.6629035]]}},{"type":"Feature","id":45068171,"properties":{"osm_id":45068171,"highway":"motorway_link","oneway":"yes","name":"汐留出口","name_en":"Shiodome Exit","ref":"","destination":"","maxspeed":"","bridge":"","tunnel":"","layer":"0"},"geometry":{"type":"LineString","coordinates":[[139.7623457,35.6629542],[139.7623817,35.6630434],[139.7623936,35.6631762]]}},{"type":"Feature","id":45068172,"properties":{"osm_id":45068172,"highway":"motorway_link","oneway":"yes","name":"汐留入口","name_en":"Shiodome Entrance","ref":"","destination":"","maxspeed":"","bridge":"yes","tunnel":"","layer":"1"},"geometry":{"type":"LineString","coordinates":[[139.7624914,35.6629479],[139.7624696,35.6629139],[139.7624389,35.6628728],[139.7617549,35.662027]]}},{"type":"Feature","id":45138860,"properties":{"osm_id":45138860,"highway":"motorway_link","oneway":"yes","name":"首都高速都心環状線","name_en":"Circle 1","ref":"","destination":"","maxspeed":"","bridge":"yes","tunnel":"","layer":"2"},"geometry":{"type":"LineString","coordinates":[[139.7735894,35.6759038],[139.7726514,35.674381]]}},{"type":"Feature","id":45180327,"properties":{"osm_id":45180327,"highway":"motorway_link","oneway":"yes","name":"","name_en":"","ref":"","destination":"","maxspeed":"","bridge":"","tunnel":"","layer":"0"},"geometry":{"type":"LineString","coordinates":[[139.6923206,35.6754929],[139.6924814,35.6757606],[139.6927328,35.676201],[139.6929395,35.6765191],[139.6932183,35.6769055],[139.6934484,35.6772549],[139.6935502,35.6774556],[139.6936574,35.677702],[139.6939734,35.6785179]]}},{"type":"Feature","id":45180399,"properties":{"osm_id":45180399,"highway":"motorway_link","oneway":"yes","name":"","name_en":"","ref":"","destination":"","maxspeed":"","bridge":"","tunnel":"yes","layer":"-1"},"geometry":{"type":"LineString","coordinates":[[139.6939734,35.6785179],[139.6941794,35.6790697],[139.6942651,35.6792581],[139.6943798,35.6794336]]}},{"type":"Feature","id":45180400,"properties":{"osm_id":45180400,"highway":"motorway_link","oneway":"yes","name":"","name_en":"","ref":"","destination":"","maxspeed":"","bridge":"","tunnel":"","layer":"0"},"geometry":{"type":"LineString","coordinates":[[139.69404,35.6784992],[139.6937413,35.6776804],[139.6936411,35.6774319],[139.6935582,35.6772577]]}},{"type":"Feature","id":45180402,"properties":{"osm_id":45180402,"highway":"motorway_link","oneway":"yes","name":"","name_en":"","ref":"","destination":"","maxspeed":"","bridge":"","tunnel":"yes","layer":"-1"},"geometry":{"type":"LineString","coordinates":[[139.6944395,35.6793282],[139.6943349,35.6791739],[139.694208,35.6789221],[139.69404,35.6784992]]}},{"type":"Feature","id":45248411,"properties":{"osm_id":45248411,"highway":"motorway","oneway":"yes","name":"首都高速2号目黒線","name_en":"Route 2 Meguro Line","ref":"","destination":"","maxspeed":"","bridge":"yes","tunnel":"","layer":"3"},"geometry":{"type":"LineString","coordinates":[[139.7364593,35.6580565],[139.7364669,35.6579916],[139.736477,35.657933],[139.7364915,35.6578667],[139.7365127,35.6577877],[139.7365431,35.6576891],[139.7365947,35.6575464],[139.7366865,35.6573409],[139.7369938,35.6567301],[139.737453,35.6558451]]}},{"type":"Feature","id":45248412,"properties":{"osm_id":45248412,"highway":"motorway","oneway":"yes","name":"首都高速2号目黒線","name_en":"Route 2 Meguro Line","ref":"2","destination":"","maxspeed":"","bridge":"yes","tunnel":"","layer":"2"},"geometry":{"type":"LineString","coordinates":[[139.7375234,35.6540519],[139.7374479,35.6536629],[139.7373871,35.6534658],[139.737184,35.6529777],[139.7371531,35.6528803],[139.7371313,35.6527758],[139.7371202,35.6526726],[139.737121,35.6525695],[139.7371324,35.6524454],[139.7371521,35.6523226],[139.7371904,35.6521549],[139.7374503,35.6511055],[139.7376732,35.6502401]]}},{"type":"Feature","id":45248631,"properties":{"osm_id":45248631,"highway":"motorway","oneway":"yes","name":"首都高速2号目黒線","name_en":"Route 2 Meguro Line","ref":"","destination":"","maxspeed":"","bridge":"yes","tunnel":"","layer":"2"},"geometry":{"type":"LineString","coordinates":[[139.7373692,35.6558146],[139.7369231,35.6567078],[139.7366916,35.6572481],[139.736552,35.6575667],[139.7364992,35.6577309]]}},{"type":"Feature","id":45332351,"properties":{"osm_id":45332351,"highway":"motorway","oneway":"yes","name":"首都高速3号渋谷線","name_en":"Route 3 Shibuya Line","ref":"3","destination":"","maxspeed":"","bridge":"yes","tunnel":"","layer":"3"},"geometry":{"type":"LineString","coordinates":[[139.7400895,35.668088],[139.7395849,35.667585],[139.7392387,35.6672215],[139.7390031,35.6670029],[139.7387062,35.6667756],[139.738384,35.6665435]]}},{"type":"Feature","id":45332352,"properties":{"osm_id":45332352,"highway":"motorway","oneway":"yes","name":"首都高速都心環状線","name_en":"Circle 1","ref":"3","destination":"","maxspeed":"","bridge":"yes","tunnel":"","layer":"2"},"geometry":{"type":"LineString","coordinates":[[139.7383225,35.6666058],[139.7386402,35.6668283],[139.7389349,35.6670495],[139.73917,35.6672553],[139.7395238,35.6676162],[139.7398817,35.6679864]]}},{"type":"Feature","id":45332353,"properties":{"osm_id":45332353,"highway":"motorway","oneway":"yes","name":"首都高速3号渋谷線","name_en":"Route 3 Shibuya Line","ref":"3","destination":"","maxspeed":"","bridge":"yes","tunnel":"","layer":"1"},"geometry":{"type":"LineString","coordinates":[[139.738384,35.6665435],[139.7379457,35.6662365],[139.7375163,35.6659543],[139.7367361,35.6654776]]}},{"type":"Feature","id":45332354,"properties":{"osm_id":45332354,"highway":"motorway","oneway":"yes","name":"首都高速3号渋谷線","name_en":"Route 3 Shibuya Line","ref":"3","destination":"","maxspeed":"","bridge":"yes","tunnel":"","layer":"1"},"geometry":{"type":"LineString","coordinates":[[139.7347503,35.6645444],[139.7358308,35.6650822],[139.7368775,35.6656398]]}},{"type":"Feature","id":45362349,"properties":{"osm_id":45362349,"highway":"motorway_link","oneway":"yes","name":"","name_en":"","ref":"","destination":"","maxspeed":"40","bridge":"yes","tunnel":"","layer":"2"},"geometry":{"type":"LineString","coordinates":[[139.6909769,35.6839313],[139.6909843,35.6840272],[139.6910038,35.6841101],[139.6910299,35.6841729],[139.691079,35.6842577],[139.6911404,35.684336],[139.6912098,35.6844034],[139.6912965,35.6844688],[139.6914747,35.684597],[139.6916089,35.6847068]]}},{"type":"Feature","id":45392758,"properties":{"osm_id":45392758,"highway":"motorway_link","oneway":"yes","name":"霞が関入口","name_en":"Inner Circular Route","ref":"C1","destination":"","maxspeed":"","bridge":"","tunnel":"yes","layer":"-1"},"geometry":{"type":"LineString","coordinates":[[139.7488154,35.6755209],[139.7489599,35.675741],[139.7490287,35.6758746],[139.7490752,35.6759616],[139.7491206,35.6760656],[139.7491382,35.6761141],[139.7491506,35.6761564],[139.7491633,35.6762226],[139.7491695,35.6763129],[139.7491665,35.6764011]]}},{"type":"Feature","id":45392759,"properties":{"osm_id":45392759,"highway":"motorway_link","oneway":"yes","name":"霞が関出口","name_en":"Circle 1","ref":"C1","destination":"","maxspeed":"","bridge":"","tunnel":"","layer":"0"},"geometry":{"type":"LineString","coordinates":[[139.7461347,35.6723673],[139.7462888,35.6724515],[139.7464249,35.6725437],[139.7465546,35.6726443],[139.7466762,35.6727579],[139.7472872,35.6733504],[139.7474391,35.6735019],[139.7475792,35.6736616],[139.7477273,35.6738497],[139.7477518,35.6738872]]}},{"type":"Feature","id":45392764,"properties":{"osm_id":45392764,"highway":"motorway_link","oneway":"yes","name":"霞が関入口","name_en":"Circle 1","ref":"","destination":"","maxspeed":"","bridge":"","tunnel":"yes","layer":"-1"},"geometry":{"type":"LineString","coordinates":[[139.7461857,35.6723048],[139.7460954,35.6722669],[139.7459872,35.6722236],[139.7457993,35.6721594],[139.7456493,35.6721129],[139.7454105,35.6720455],[139.7451617,35.6719827]]}},{"type":"Feature","id":45392984,"properties":{"osm_id":45392984,"highway":"motorway","oneway":"yes","name":"首都高速都心環状線","name_en":"Shuto Expressway Inner Circular Route","ref":"C1","destination":"","maxspeed":"50","bridge":"yes","tunnel":"","layer":"0"},"geometry":{"type":"LineString","coordinates":[[139.7488139,35.6772662],[139.7483918,35.6777376]]}},{"type":"Feature","id":45392985,"properties":{"osm_id":45392985,"highway":"motorway","oneway":"yes","name":"首都高速都心環状線","name_en":"Circle 1","ref":"C1","destination":"","maxspeed":"","bridge":"","tunnel":"yes","layer":"-1"},"geometry":{"type":"LineString","coordinates":[[139.7488902,35.6773068],[139.7489873,35.6772039],[139.749079,35.6770967],[139.7491217,35.6770361],[139.7491614,35.6769707],[139.7491962,35.6769063],[139.749229,35.6768333],[139.7492552,35.6767618],[139.7492754,35.6766867],[139.7492912,35.6765949],[139.7492975,35.6765051],[139.7492989,35.6764713],[139.7492977,35.6764402],[139.7492937,35.6764066]]}},{"type":"Feature","id":45392986,"properties":{"osm_id":45392986,"highway":"motorway","oneway":"yes","name":"首都高速都心環状線","name_en":"Circle 1","ref":"C1","destination":"","maxspeed":"","bridge":"","tunnel":"yes","layer":"-2"},"geometry":{"type":"LineString","coordinates":[[139.7445234,35.6812337],[139.7443035,35.6816121],[139.7442345,35.6817612],[139.744183,35.6818961],[139.7441418,35.6820272],[139.7441115,35.6821659],[139.744089,35.6823434],[139.7440812,35.6825557],[139.7440817,35.6827025],[139.7440928,35.6828455],[139.7441131,35.6829907],[139.7441387,35.6831446],[139.744299,35.683879],[139.7449057,35.6865292]]}},{"type":"Feature","id":45392987,"properties":{"osm_id":45392987,"highway":"motorway","oneway":"yes","name":"首都高速4号新宿線","name_en":"Route 4 Shinjuku Line","ref":"4","destination":"","maxspeed":"","bridge":"yes","tunnel":"","layer":"2"},"geometry":{"type":"LineString","coordinates":[[139.7463481,35.6792079],[139.7453906,35.6795],[139.745279,35.6795315],[139.7451727,35.6795586],[139.745067,35.6795813],[139.7449574,35.6795995],[139.7448527,35.6796097],[139.7447393,35.6796145],[139.7446238,35.679612],[139.7444963,35.6796025],[139.7443669,35.6795845],[139.7442314,35.6795597],[139.7401017,35.678789]]}},{"type":"Feature","id":45420940,"properties":{"osm_id":45420940,"highway":"motorway","oneway":"yes","name":"首都高速4号新宿線","name_en":"Route 4 Shinjuku Line","ref":"4","destination":"","maxspeed":"","bridge":"","tunnel":"","layer":"0"},"geometry":{"type":"LineString","coordinates":[[139.732452,35.6802051],[139.7323578,35.6802997],[139.7322529,35.6804009],[139.7321189,35.6805248],[139.7320113,35.6806159],[139.7319043,35.68069],[139.73178,35.6807621]]}},{"type":"Feature","id":45554540,"properties":{"osm_id":45554540,"highway":"motorway","oneway":"yes","name":"首都高速1号羽田線","name_en":"Shuto Expressway Route 1 Haneda Line","ref":"1","destination":"","maxspeed":"","bridge":"yes","tunnel":"","layer":"2"},"geometry":{"type":"LineString","coordinates":[[139.7407655,35.5875499],[139.7391967,35.5888785],[139.7390939,35.5889704],[139.7389977,35.5890673],[139.7389101,35.5891638],[139.7388347,35.5892612],[139.7387656,35.5893707],[139.7387042,35.5894812],[139.7386563,35.5895942],[139.7386188,35.5897049],[139.7385841,35.5898382],[139.738568,35.589959],[139.7385566,35.5900884],[139.7385592,35.5902248],[139.7385696,35.5903318],[139.738582,35.5904248],[139.7386018,35.5905116],[139.7386339,35.5906096],[139.7386823,35.5907302],[139.7387523,35.5908785],[139.738818,35.5909979],[139.738905,35.5911382],[139.7390654,35.591381],[139.7393546,35.5917955],[139.7401311,35.5928855],[139.7409832,35.5940679],[139.7411901,35.5943606],[139.7413462,35.5945848],[139.7415045,35.5948384],[139.7418573,35.5954928],[139.7419381,35.5956708],[139.742002,35.5958397],[139.7420623,35.5960351],[139.7421081,35.5962132],[139.7423144,35.5970567],[139.7426608,35.59834],[139.7426947,35.5984578],[139.7427333,35.5985684],[139.7427872,35.5986945],[139.7428625,35.5988312],[139.7429478,35.5989574],[139.7430545,35.5990948],[139.7431758,35.5992271],[139.7433041,35.5993402],[139.7434555,35.5994524],[139.7436275,35.5995615],[139.7444218,35.6000172],[139.7449157,35.6003304],[139.7454932,35.6007483],[139.746195,35.6012904],[139.7469045,35.6018565],[139.7477831,35.6025047],[139.7480477,35.6027383]]}},{"type":"Feature","id":45554541,"properties":{"osm_id":45554541,"highway":"motorway","oneway":"yes","name":"首都高速1号羽田線","name_en":"Shuto Expressway Route 1 Haneda Line","ref":"1","destination":"","maxspeed":"60","bridge":"","tunnel":"","layer":"0"},"geometry":{"type":"LineString","coordinates":[[139.7475812,35.576499],[139.7473328,35.57699],[139.7468786,35.5778837],[139.7464938,35.5786301],[139.7460658,35.5794631],[139.7456789,35.5802136],[139.745313,35.5809313],[139.7450651,35.5813825],[139.7444602,35.5825662],[139.7435819,35.5842848],[139.7433743,35.5846882],[139.7431189,35.5851558],[139.7428691,35.585545],[139.7427123,35.5857406],[139.7424645,35.5860498],[139.7422748,35.5862524],[139.7420553,35.586457],[139.7414346,35.5869809],[139.7411613,35.5872316],[139.7407655,35.5875499]]}},{"type":"Feature","id":45554542,"properties":{"osm_id":45554542,"highway":"motorway","oneway":"yes","name":"首都高速1号羽田線","name_en":"Shuto Expressway Route 1 Haneda Line","ref":"1","destination":"","maxspeed":"","bridge":"yes","tunnel":"","layer":"2"},"geometry":{"type":"LineString","coordinates":[[139.7478537,35.5762081],[139.7480762,35.5757911],[139.7484157,35.5751266],[139.74881,35.5743518]]}},{"type":"Feature","id":45554543,"properties":{"osm_id":45554543,"highway":"motorway","oneway":"yes","name":"首都高速1号羽田線","name_en":"Shuto Expressway Route 1 Haneda Line","ref":"1","destination":"","maxspeed":"","bridge":"yes","tunnel":"","layer":"2"},"geometry":{"type":"LineString","coordinates":[[139.7487152,35.5743197],[139.7476334,35.5763958]]}},{"type":"Feature","id":45554544,"properties":{"osm_id":45554544,"highway":"motorway","oneway":"yes","name":"首都高速1号羽田線","name_en":"Shuto Expressway Route 1 Haneda Line","ref":"1","destination":"","maxspeed":"","bridge":"","tunnel":"","layer":"0"},"geometry":{"type":"LineString","coordinates":[[139.74881,35.5743518],[139.7489885,35.5740035],[139.7491455,35.573611],[139.7492072,35.5734269],[139.7492524,35.573245],[139.7492892,35.5730462],[139.7493085,35.5728467],[139.7493137,35.5726348],[139.7493037,35.5724285],[139.7492804,35.5721841],[139.7492326,35.5719112],[139.7491391,35.5714883],[139.7490241,35.5710431]]}},{"type":"Feature","id":45657161,"properties":{"osm_id":45657161,"highway":"motorway_link","oneway":"yes","name":"","name_en":"","ref":"","destination":"","maxspeed":"","bridge":"","tunnel":"","layer":"0"},"geometry":{"type":"LineString","coordinates":[[139.6357981,35.4762719],[139.6364621,35.4767931]]}},{"type":"Feature","id":45657162,"properties":{"osm_id":45657162,"highway":"motorway_link","oneway":"yes","name":"","name_en":"","ref":"","destination":"","maxspeed":"40","bridge":"yes","tunnel":"","layer":"2"},"geometry":{"type":"LineString","coordinates":[[139.6364621,35.4767931],[139.6373658,35.4776895],[139.6376125,35.477923],[139.6376737,35.4779764],[139.6377232,35.4780139],[139.6378002,35.4780616],[139.6378981,35.4781065],[139.6379717,35.4781325],[139.6380492,35.4781472],[139.6381309,35.4781602],[139.6382338,35.4781636],[139.6387271,35.4781427],[139.6388508,35.47815],[139.6389377,35.4781641],[139.6390145,35.4781862],[139.6390952,35.4782147],[139.639174,35.4782672],[139.6393968,35.4784732],[139.6396664,35.4787397],[139.6402168,35.4792467],[139.6404056,35.4794069],[139.6407626,35.4796565]]}},{"type":"Feature","id":45661180,"properties":{"osm_id":45661180,"highway":"motorway","oneway":"yes","name":"首都高速1号羽田線","name_en":"Shuto Expressway Route 1 Haneda Line","ref":"1","destination":"","maxspeed":"60","bridge":"","tunnel":"","layer":"0"},"geometry":{"type":"LineString","coordinates":[[139.7538114,35.5578845],[139.7538719,35.5580165],[139.7540504,35.5585236],[139.7542374,35.5591396],[139.7543085,35.5593974],[139.7543814,35.5596816],[139.7544249,35.5599149],[139.7544571,35.5601193],[139.7544673,35.5603228],[139.7544631,35.5605379],[139.7544395,35.560777]]}},{"type":"Feature","id":45661183,"properties":{"osm_id":45661183,"highway":"motorway","oneway":"yes","name":"首都高速1号羽田線","name_en":"Shuto Expressway Route 1 Haneda Line","ref":"1","destination":"","maxspeed":"60","bridge":"yes","tunnel":"","layer":"2"},"geometry":{"type":"LineString","coordinates":[[139.7538939,35.5578422],[139.7538437,35.5577525],[139.75379,35.5576709],[139.7537137,35.5575693],[139.7536202,35.5574647],[139.7535399,35.5573863],[139.7534619,35.5573179],[139.7533705,35.5572488],[139.7532716,35.5571828],[139.7531713,35.5571241],[139.7530489,35.5570579],[139.7528881,35.5569801],[139.7527135,35.5569001],[139.7498707,35.5557318],[139.749354,35.5555105],[139.7488639,35.5552957],[139.7481149,35.5549492],[139.747493,35.554663],[139.7472969,35.5545684],[139.7471361,35.5544893],[139.747059,35.5544493],[139.7469891,35.554409],[139.7469233,35.5543677],[139.7468588,35.554323],[139.7467995,35.5542777],[139.7467447,35.5542327],[139.7466926,35.5541809],[139.7466259,35.5541084],[139.7465717,35.5540412],[139.7465214,35.5539722],[139.7464738,35.5538958],[139.7464329,35.5538191],[139.7463922,35.5537391],[139.7463384,35.5536175],[139.7462091,35.5532959],[139.7454375,35.5512573],[139.7451015,35.5504695],[139.7447856,35.5497879],[139.7443966,35.549061],[139.744131,35.5485164],[139.744014,35.5482562],[139.7438703,35.5478938],[139.7437702,35.5475845],[139.7436992,35.5472693],[139.743653,35.5469614],[139.7435359,35.5459679],[139.7435124,35.5457737],[139.7434932,35.5456115]]}},{"type":"Feature","id":45683107,"properties":{"osm_id":45683107,"highway":"motorway_link","oneway":"yes","name":"","name_en":"","ref":"","destination":"","maxspeed":"","bridge":"","tunnel":"","layer":"0"},"geometry":{"type":"LineString","coordinates":[[139.7550687,35.5882094],[139.7550476,35.5895771],[139.7550317,35.5903204],[139.7549379,35.591044],[139.7549305,35.5914734],[139.7548469,35.5917832]]}},{"type":"Feature","id":45683109,"properties":{"osm_id":45683109,"highway":"motorway","oneway":"yes","name":"首都高速湾岸線","name_en":"Bayshore Route","ref":"B","destination":"","maxspeed":"80","bridge":"","tunnel":"","layer":"1"},"geometry":{"type":"LineString","coordinates":[[139.7551953,35.5881937],[139.7551834,35.5901898],[139.7551607,35.594014]]}},{"type":"Feature","id":45683111,"properties":{"osm_id":45683111,"highway":"motorway","oneway":"yes","name":"首都高速湾岸線","name_en":"Bayshore Route","ref":"B","destination":"","maxspeed":"80","bridge":"yes","tunnel":"","layer":"2"},"geometry":{"type":"LineString","coordinates":[[139.7553567,35.5882017],[139.7553487,35.5870665],[139.7553618,35.5857739],[139.7553739,35.5853715],[139.7553999,35.5850751],[139.7554285,35.5848659],[139.7554967,35.5844515],[139.7555788,35.5840473],[139.7556697,35.5836805],[139.755816,35.5831628],[139.7559638,35.5826669],[139.7563217,35.5815412],[139.7563769,35.5813426],[139.7569119,35.5796752],[139.7576621,35.577271],[139.7577819,35.5769141],[139.759085,35.5727291],[139.7593055,35.572045],[139.7595965,35.5711452],[139.7596819,35.5708847]]}},{"type":"Feature","id":45683112,"properties":{"osm_id":45683112,"highway":"motorway_link","oneway":"yes","name":"","name_en":"","ref":"","destination":"","maxspeed":"","bridge":"yes","tunnel":"","layer":"2"},"geometry":{"type":"LineString","coordinates":[[139.755438,35.588188],[139.7553922,35.5871971],[139.7553487,35.5870665]]}},{"type":"Feature","id":45683113,"properties":{"osm_id":45683113,"highway":"motorway","oneway":"yes","name":"首都高速湾岸線","name_en":"Bayshore Route","ref":"B","destination":"","maxspeed":"80","bridge":"yes","tunnel":"","layer":"2"},"geometry":{"type":"LineString","coordinates":[[139.7595137,35.570827],[139.7594372,35.5710694],[139.759148,35.572016],[139.7589199,35.572726],[139.7576133,35.5768771],[139.7574931,35.5772717],[139.7567522,35.5796345],[139.7562261,35.5813337],[139.7561665,35.5815112],[139.7558077,35.5826372],[139.7555031,35.5837105],[139.7553783,35.5842454],[139.7553109,35.5845839],[139.7552685,35.5848539],[139.7552325,35.5851567],[139.7551902,35.5857704],[139.7551815,35.587111],[139.7551953,35.5881937]]}},{"type":"Feature","id":45683220,"properties":{"osm_id":45683220,"highway":"motorway","oneway":"yes","name":"首都高速1号羽田線","name_en":"Shuto Expressway Route 1 Haneda Line","ref":"1","destination":"","maxspeed":"","bridge":"","tunnel":"","layer":"0"},"geometry":{"type":"LineString","coordinates":[[139.7489421,35.5710572],[139.7491401,35.5719217],[139.749192,35.5721948],[139.7492173,35.5724255],[139.7492273,35.5726457],[139.7492141,35.572845],[139.7491923,35.5730414],[139.7491571,35.5732344],[139.7491055,35.573421],[139.7490489,35.5735864],[139.7489029,35.5739456],[139.7487152,35.5743197]]}},{"type":"Feature","id":45683221,"properties":{"osm_id":45683221,"highway":"motorway","oneway":"yes","name":"首都高速1号羽田線","name_en":"Shuto Expressway Route 1 Haneda Line","ref":"1","destination":"","maxspeed":"","bridge":"","tunnel":"","layer":"2"},"geometry":{"type":"LineString","coordinates":[[139.7516867,35.5645485],[139.7526619,35.5634483]]}},{"type":"Feature","id":46151740,"properties":{"osm_id":46151740,"highway":"motorway_link","oneway":"yes","name":"","name_en":"","ref":"","destination":"","maxspeed":"","bridge":"yes","tunnel":"","layer":"1"},"geometry":{"type":"LineString","coordinates":[[139.7725618,35.6733334],[139.772545,35.6732801],[139.7724836,35.6730734],[139.7723296,35.6725611]]}},{"type":"Feature","id":46151743,"properties":{"osm_id":46151743,"highway":"motorway_link","oneway":"yes","name":"","name_en":"","ref":"","destination":"","maxspeed":"","bridge":"","tunnel":"","layer":"0"},"geometry":{"type":"LineString","coordinates":[[139.7723296,35.6725611],[139.7722424,35.6722257],[139.7721512,35.6719274],[139.7719975,35.6715036]]}},{"type":"Feature","id":46240403,"properties":{"osm_id":46240403,"highway":"motorway_link","oneway":"yes","name":"神田橋入口","name_en":"Metropolitan Expressway","ref":"","destination":"","maxspeed":"","bridge":"yes","tunnel":"","layer":"3"},"geometry":{"type":"LineString","coordinates":[[139.762656,35.6902203],[139.7622303,35.6903745],[139.7621513,35.6904076],[139.7620763,35.6904418],[139.7620057,35.6904773],[139.7619365,35.6905161],[139.7618062,35.6906045],[139.7616741,35.6906944]]}},{"type":"Feature","id":46874653,"properties":{"osm_id":46874653,"highway":"motorway","oneway":"yes","name":"第三京浜道路","name_en":"Daisan Keihin","ref":"E83;466","destination":"","maxspeed":"80","bridge":"yes","tunnel":"","layer":"2"},"geometry":{"type":"LineString","coordinates":[[139.6056397,35.5517618],[139.606726,35.553134],[139.6070433,35.5535838],[139.6073438,35.5540493],[139.6077549,35.5547398],[139.6080235,35.5552823],[139.608313,35.5559759],[139.6085225,35.5565844],[139.6086374,35.5569932]]}},{"type":"Feature","id":46874654,"properties":{"osm_id":46874654,"highway":"motorway","oneway":"yes","name":"第三京浜道路","name_en":"Daisan Keihin","ref":"E83;466","destination":"","maxspeed":"80","bridge":"","tunnel":"","layer":"0"},"geometry":{"type":"LineString","coordinates":[[139.6057942,35.5516772],[139.6051871,35.5509084],[139.6046379,35.5501851],[139.6041327,35.5494652],[139.6037187,35.5488152],[139.6035015,35.5484363],[139.6032983,35.5480337],[139.6030366,35.5474364],[139.6028122,35.5468969],[139.6026544,35.5464357]]}},{"type":"Feature","id":46874655,"properties":{"osm_id":46874655,"highway":"motorway","oneway":"yes","name":"第三京浜道路","name_en":"Daisan Keihin","ref":"E83;466","destination":"","maxspeed":"80","bridge":"","tunnel":"","layer":"0"},"geometry":{"type":"LineString","coordinates":[[139.6086374,35.5569932],[139.6087724,35.5575651],[139.6088546,35.5580019],[139.6090393,35.5592693],[139.6092788,35.5610438],[139.6094461,35.5620046],[139.6096319,35.5628184]]}},{"type":"Feature","id":46874656,"properties":{"osm_id":46874656,"highway":"motorway","oneway":"yes","name":"第三京浜道路","name_en":"Daisan Keihin","ref":"E83;466","destination":"","maxspeed":"80","bridge":"yes","tunnel":"","layer":"2"},"geometry":{"type":"LineString","coordinates":[[139.6088231,35.5569598],[139.6086741,35.5564455],[139.6084868,35.555904],[139.6081845,35.5552094],[139.6078787,35.5546053],[139.6075152,35.5539952],[139.6072236,35.5535506],[139.6068799,35.5530831],[139.6063462,35.552379],[139.6057942,35.5516772]]}},{"type":"Feature","id":46875281,"properties":{"osm_id":46875281,"highway":"motorway","oneway":"yes","name":"第三京浜道路","name_en":"Daisan Keihin","ref":"E83;466","destination":"","maxspeed":"80","bridge":"","tunnel":"","layer":"0"},"geometry":{"type":"LineString","coordinates":[[139.6106956,35.5654515],[139.610915,35.5658359],[139.6113852,35.566583],[139.6119138,35.5673354],[139.6125583,35.5681964],[139.6131495,35.5689659],[139.6134515,35.5693613],[139.6138505,35.5698768],[139.6143975,35.5706369],[139.6146957,35.571084]]}},{"type":"Feature","id":46875282,"properties":{"osm_id":46875282,"highway":"motorway","oneway":"yes","name":"第三京浜道路","name_en":"Daisan Keihin","ref":"E83;466","destination":"","maxspeed":"80","bridge":"yes","tunnel":"","layer":"2"},"geometry":{"type":"LineString","coordinates":[[139.610869,35.5653986],[139.6106447,35.5649728],[139.6103021,35.5642105],[139.6101648,35.5638689],[139.6100249,35.5634799],[139.6098047,35.5627385]]}},{"type":"Feature","id":46875284,"properties":{"osm_id":46875284,"highway":"motorway","oneway":"yes","name":"第三京浜道路","name_en":"Daisan Keihin","ref":"E83;466","destination":"","maxspeed":"80","bridge":"","tunnel":"","layer":"0"},"geometry":{"type":"LineString","coordinates":[[139.6098047,35.5627385],[139.6096276,35.5619587],[139.6094626,35.5610105],[139.6092429,35.5592356],[139.6090432,35.5579768],[139.608958,35.5575503],[139.6088231,35.5569598]]}},{"type":"Feature","id":46875285,"properties":{"osm_id":46875285,"highway":"motorway","oneway":"yes","name":"第三京浜道路","name_en":"Daisan Keihin","ref":"E83;466","destination":"","maxspeed":"80","bridge":"yes","tunnel":"","layer":"2"},"geometry":{"type":"LineString","coordinates":[[139.6096319,35.5628184],[139.6098433,35.563512],[139.6099985,35.5639524],[139.6101159,35.5642518],[139.6104952,35.5650604],[139.6106956,35.5654515]]}},{"type":"Feature","id":46875286,"properties":{"osm_id":46875286,"highway":"motorway","oneway":"yes","name":"第三京浜道路","name_en":"Daisan Keihin","ref":"E83;466","destination":"","maxspeed":"80","bridge":"yes","tunnel":"","layer":"2"},"geometry":{"type":"LineString","coordinates":[[139.6181105,35.5818645],[139.6182661,35.582279],[139.6184597,35.5827599],[139.618733,35.5833948],[139.6189536,35.5838555],[139.619329,35.5845806],[139.6196912,35.5852396],[139.6200232,35.585779],[139.6204133,35.5863725],[139.6210072,35.5872242],[139.6212629,35.5875716],[139.6216441,35.5880751],[139.622079,35.5886453],[139.622437,35.5891027],[139.6227595,35.5895039]]}},{"type":"Feature","id":46875287,"properties":{"osm_id":46875287,"highway":"motorway","oneway":"yes","name":"第三京浜道路","name_en":"Daisan Keihin","ref":"E83;466","destination":"","maxspeed":"80","bridge":"","tunnel":"","layer":"0"},"geometry":{"type":"LineString","coordinates":[[139.6182723,35.5817973],[139.6180669,35.5811926],[139.617819,35.5803562],[139.6176129,35.5795476],[139.6173569,35.5783052],[139.6170467,35.5766403],[139.6167717,35.575337],[139.616636,35.5748452],[139.6164825,35.5743278],[139.6162507,35.5736704],[139.6161021,35.5732987]]}},{"type":"Feature","id":46875288,"properties":{"osm_id":46875288,"highway":"motorway","oneway":"yes","name":"第三京浜道路","name_en":"Daisan Keihin","ref":"E83;466","destination":"","maxspeed":"40","bridge":"","tunnel":"","layer":"1"},"geometry":{"type":"LineString","coordinates":[[139.6333696,35.5999052],[139.6336322,35.6001746],[139.633881,35.6004677],[139.6342328,35.6008758],[139.6343372,35.6009838],[139.6343871,35.6010321]]}},{"type":"Feature","id":46875289,"properties":{"osm_id":46875289,"highway":"motorway","oneway":"yes","name":"第三京浜道路","name_en":"Daisan Keihin","ref":"E83;466","destination":"","maxspeed":"80","bridge":"yes","tunnel":"","layer":"2"},"geometry":{"type":"LineString","coordinates":[[139.6320959,35.5986122],[139.6318139,35.5983472],[139.6313729,35.5979402],[139.6309124,35.5975322],[139.6302508,35.5969511],[139.6294488,35.5962876],[139.6287768,35.5957213],[139.6283388,35.59535],[139.6277031,35.5947942],[139.6272972,35.5944239],[139.6269938,35.5941232],[139.6266992,35.5938286],[139.6263705,35.5934893],[139.6260498,35.5931363],[139.6256155,35.5926594]]}},{"type":"Feature","id":46875296,"properties":{"osm_id":46875296,"highway":"motorway_link","oneway":"yes","name":"","name_en":"","ref":"","destination":"","maxspeed":"40","bridge":"yes","tunnel":"","layer":"2"},"geometry":{"type":"LineString","coordinates":[[139.6231106,35.5900986],[139.6231979,35.5902131],[139.6232626,35.590284],[139.6235333,35.5906191]]}},{"type":"Feature","id":46875297,"properties":{"osm_id":46875297,"highway":"motorway_link","oneway":"yes","name":"","name_en":"","ref":"","destination":"","maxspeed":"80","bridge":"yes","tunnel":"","layer":"2"},"geometry":{"type":"LineString","coordinates":[[139.6269642,35.5944483],[139.6274142,35.5948502],[139.6277262,35.5951089],[139.6282445,35.5954773]]}},{"type":"Feature","id":46875299,"properties":{"osm_id":46875299,"highway":"motorway_link","oneway":"yes","name":"","name_en":"","ref":"","destination":"川崎;溝口","maxspeed":"80","bridge":"yes","tunnel":"","layer":"2"},"geometry":{"type":"LineString","coordinates":[[139.6277031,35.5947942],[139.6273355,35.5943411],[139.6271458,35.5941161]]}},{"type":"Feature","id":46875300,"properties":{"osm_id":46875300,"highway":"motorway_link","oneway":"yes","name":"","name_en":"","ref":"","destination":"","maxspeed":"40","bridge":"yes","tunnel":"","layer":"2"},"geometry":{"type":"LineString","coordinates":[[139.6244739,35.5911518],[139.6238462,35.5904309],[139.6233374,35.5898394]]}},{"type":"Feature","id":47097301,"properties":{"osm_id":47097301,"highway":"motorway","oneway":"yes","name":"首都高速3号渋谷線","name_en":"Route 3 Shibuya Line","ref":"3","destination":"","maxspeed":"","bridge":"yes","tunnel":"","layer":"2"},"geometry":{"type":"LineString","coordinates":[[139.6297981,35.6267125],[139.630097,35.6266449],[139.6302218,35.6266128],[139.6303359,35.6265786],[139.6304509,35.626537],[139.6312574,35.6262242],[139.6313621,35.6261782],[139.6319209,35.6259138],[139.6332744,35.625359],[139.6350309,35.6246524],[139.6352834,35.6245534],[139.6355064,35.624474],[139.6357411,35.6243974],[139.6359007,35.6243513],[139.6360685,35.6243077],[139.6361998,35.624281],[139.6363154,35.6242602],[139.6364431,35.6242406],[139.6365579,35.6242291],[139.6366831,35.6242192],[139.6368044,35.624214],[139.6369394,35.6242117],[139.6370948,35.624215],[139.6372792,35.6242251],[139.6374656,35.6242436],[139.6376274,35.6242664],[139.6377839,35.6242972],[139.6379468,35.6243386],[139.6380948,35.6243811],[139.6382677,35.624434],[139.6384361,35.6244955],[139.6386208,35.6245683],[139.638819,35.6246531],[139.6395563,35.6249835],[139.6416148,35.6259344],[139.6428525,35.6264702],[139.6440677,35.6269776],[139.645192,35.6274454],[139.6457165,35.6276595],[139.6462384,35.6278649],[139.6467191,35.6280398],[139.6471774,35.6282015],[139.6529951,35.6301674],[139.6534038,35.6303017],[139.6538259,35.6304251],[139.6573901,35.6313148],[139.657611,35.6313734],[139.6578482,35.6314424],[139.6580563,35.6315147],[139.6582446,35.6315913],[139.6584358,35.6316797],[139.6586332,35.6317805],[139.658823,35.6318904],[139.6618033,35.6335985],[139.6620638,35.6337561],[139.6623418,35.6339398],[139.6625718,35.6341024],[139.6644468,35.6354207],[139.6647147,35.6356199],[139.6649348,35.6357955],[139.6651469,35.6359777],[139.665325,35.6361455],[139.6654964,35.636335],[139.6656893,35.6365764],[139.6681155,35.6398735],[139.6696774,35.641996],[139.6698074,35.6421652],[139.6699454,35.6423356],[139.6701207,35.6425464],[139.6704913,35.642971],[139.6706572,35.643152],[139.6708285,35.64332],[139.670925,35.643404],[139.6710242,35.6434799]]}},{"type":"Feature","id":52457514,"properties":{"osm_id":52457514,"highway":"motorway_link","oneway":"yes","name":"第三京浜道路","name_en":"Daisan Keihin","ref":"E83;466","destination":"瀬田","maxspeed":"40","bridge":"","tunnel":"","layer":"0"},"geometry":{"type":"LineString","coordinates":[[139.6387115,35.6052759],[139.6389444,35.6055679],[139.6404354,35.6071139],[139.6404663,35.6071961],[139.6404703,35.6072676],[139.6404641,35.6073408]]}},{"type":"Feature","id":52457515,"properties":{"osm_id":52457515,"highway":"motorway_link","oneway":"yes","name":"第三京浜道路","name_en":"Daisan Keihin","ref":"E83;466","destination":"蒲田","maxspeed":"40","bridge":"","tunnel":"","layer":"0"},"geometry":{"type":"LineString","coordinates":[[139.6388521,35.6053893],[139.6391338,35.6056165],[139.6398957,35.6063863],[139.6406012,35.6070897]]}},{"type":"Feature","id":52457517,"properties":{"osm_id":52457517,"highway":"motorway_link","oneway":"yes","name":"第三京浜道路","name_en":"Daisan Keihin","ref":"E83;466","destination":"","maxspeed":"40","bridge":"","tunnel":"","layer":"0"},"geometry":{"type":"LineString","coordinates":[[139.64073,35.6068205],[139.64067,35.6067979],[139.6406141,35.6067729],[139.6405627,35.606742],[139.6405157,35.6067085],[139.6402346,35.6064288],[139.640077,35.6062827],[139.639111,35.6053507],[139.6388025,35.6051513]]}},{"type":"Feature","id":58187371,"properties":{"osm_id":58187371,"highway":"motorway_link","oneway":"yes","name":"","name_en":"","ref":"","destination":"","maxspeed":"","bridge":"","tunnel":"","layer":"0"},"geometry":{"type":"LineString","coordinates":[[139.6021967,35.472816],[139.6020197,35.4728424],[139.601683,35.4729876],[139.6014511,35.4731531],[139.6011443,35.4734263]]}},{"type":"Feature","id":58187441,"properties":{"osm_id":58187441,"highway":"motorway_link","oneway":"yes","name":"第三京浜道路","name_en":"","ref":"","destination":"","maxspeed":"","bridge":"yes","tunnel":"","layer":"1"},"geometry":{"type":"LineString","coordinates":[[139.5996718,35.4751937],[139.600456,35.4745768],[139.600784,35.4743207]]}},{"type":"Feature","id":58187442,"properties":{"osm_id":58187442,"highway":"motorway_link","oneway":"yes","name":"","name_en":"","ref":"","destination":"","maxspeed":"","bridge":"","tunnel":"","layer":"0"},"geometry":{"type":"LineString","coordinates":[[139.600784,35.4743207],[139.6012324,35.473864],[139.6016713,35.473498],[139.6019945,35.4732855],[139.6022487,35.4730794],[139.6023704,35.4730002],[139.602548,35.4729086],[139.6027214,35.4728187],[139.6029348,35.4727138],[139.6031855,35.4726418]]}},{"type":"Feature","id":59538453,"properties":{"osm_id":59538453,"highway":"motorway_link","oneway":"yes","name":"","name_en":"","ref":"","destination":"","maxspeed":"","bridge":"yes","tunnel":"","layer":"2"},"geometry":{"type":"LineString","coordinates":[[139.6812548,35.4643157],[139.6811176,35.4643404],[139.6809759,35.4643459],[139.6807243,35.4643278],[139.6802896,35.4642707],[139.6796867,35.4641819],[139.6794423,35.4641547],[139.6792435,35.4641416],[139.679044,35.4641405],[139.6788772,35.4641492],[139.6787288,35.4641715],[139.6785923,35.464202]]}},{"type":"Feature","id":59538454,"properties":{"osm_id":59538454,"highway":"motorway_link","oneway":"yes","name":"","name_en":"","ref":"","destination":"","maxspeed":"","bridge":"yes","tunnel":"","layer":"3"},"geometry":{"type":"LineString","coordinates":[[139.6786623,35.4640725],[139.6788265,35.4640421],[139.6789944,35.4640279],[139.6791517,35.4640259],[139.6793032,35.4640352],[139.6794648,35.4640611],[139.6796307,35.4641028],[139.6797947,35.4641493],[139.6802161,35.4642921],[139.6805423,35.4643891]]}},{"type":"Feature","id":59538455,"properties":{"osm_id":59538455,"highway":"motorway_link","oneway":"yes","name":"","name_en":"","ref":"","destination":"","maxspeed":"","bridge":"yes","tunnel":"","layer":"3"},"geometry":{"type":"LineString","coordinates":[[139.6785923,35.464202],[139.6784556,35.4642424],[139.6783247,35.4642942],[139.6782023,35.4643561],[139.6780938,35.4644224],[139.6779872,35.4644979],[139.6778885,35.4645822],[139.6777968,35.4646731],[139.6777187,35.4647684],[139.6776519,35.4648742],[139.6775947,35.4649872],[139.6775382,35.4651292],[139.677491,35.4652806],[139.6774519,35.4654278],[139.6772943,35.466105],[139.677094,35.4667803]]}},{"type":"Feature","id":59538456,"properties":{"osm_id":59538456,"highway":"motorway_link","oneway":"yes","name":"","name_en":"","ref":"","destination":"","maxspeed":"","bridge":"yes","tunnel":"","layer":"2"},"geometry":{"type":"LineString","coordinates":[[139.6773435,35.465746],[139.6774821,35.4652207],[139.6775324,35.465043],[139.6775872,35.464897],[139.6776659,35.4647499],[139.6777594,35.4646225],[139.6778661,35.4644988],[139.677984,35.4643956],[139.6780997,35.4643082],[139.6782254,35.464231],[139.6783549,35.4641712],[139.6784994,35.4641188],[139.6786623,35.4640725]]}},{"type":"Feature","id":59608204,"properties":{"osm_id":59608204,"highway":"motorway","oneway":"yes","name":"首都高速神奈川5号大黒線","name_en":"Kanagawa Route 5 Daikoku Line","ref":"K5","destination":"","maxspeed":"","bridge":"yes","tunnel":"","layer":"5"},"geometry":{"type":"LineString","coordinates":[[139.6813319,35.4607331],[139.681235,35.460725],[139.681138,35.4607219],[139.6810331,35.460723],[139.6809286,35.4607296],[139.68084,35.460739],[139.6807466,35.4607542],[139.6806456,35.4607749],[139.680555,35.4607972]]}},{"type":"Feature","id":59611719,"properties":{"osm_id":59611719,"highway":"motorway","oneway":"yes","name":"第三京浜道路","name_en":"Daisan Keihin","ref":"E83;466","destination":"","maxspeed":"80","bridge":"","tunnel":"","layer":"0"},"geometry":{"type":"LineString","coordinates":[[139.5978159,35.529896],[139.5989144,35.5316017],[139.599433,35.5324264],[139.5999053,35.5332535],[139.6002136,35.5338403],[139.600409,35.5342454],[139.6007094,35.5349387],[139.6009134,35.5354665],[139.6010449,35.5358558],[139.6011843,35.5363301],[139.6012875,35.536729],[139.6014144,35.5373053],[139.6015393,35.5379945],[139.6015966,35.5384314]]}},{"type":"Feature","id":59613945,"properties":{"osm_id":59613945,"highway":"motorway_link","oneway":"yes","name":"","name_en":"","ref":"","destination":"","maxspeed":"","bridge":"","tunnel":"","layer":"0"},"geometry":{"type":"LineString","coordinates":[[139.7897752,35.5195244],[139.7898527,35.5195452],[139.7899414,35.5195584],[139.7900287,35.5195607],[139.7901184,35.5195504],[139.7902054,35.5195325],[139.7902962,35.5195058],[139.7903737,35.5194739],[139.7904419,35.5194343],[139.7905221,35.5193796],[139.7906174,35.5193076],[139.7907887,35.5191768],[139.7909784,35.5190562]]}},{"type":"Feature","id":59613948,"properties":{"osm_id":59613948,"highway":"motorway_link","oneway":"yes","name":"","name_en":"","ref":"","destination":"","maxspeed":"","bridge":"yes","tunnel":"","layer":"3"},"geometry":{"type":"LineString","coordinates":[[139.7892003,35.5167431],[139.7898352,35.5175181],[139.7899912,35.5177023],[139.7901026,35.5178459],[139.7901705,35.5179536],[139.7902319,35.5180917],[139.7902591,35.5182098],[139.7902678,35.518361],[139.7902503,35.5185177],[139.790198,35.5186763],[139.7901542,35.5187625],[139.7900913,35.5188583]]}},{"type":"Feature","id":59613950,"properties":{"osm_id":59613950,"highway":"motorway_link","oneway":"yes","name":"首都高速神奈川6号川崎線","name_en":"Kanagawa Route 6 Kawasaki Line","ref":"K6","destination":"","maxspeed":"","bridge":"yes","tunnel":"","layer":"3"},"geometry":{"type":"LineString","coordinates":[[139.788138,35.5150783],[139.7886696,35.5157397],[139.7892128,35.5164234],[139.7893114,35.5165559],[139.7894545,35.5167552],[139.7899855,35.5174961],[139.7901943,35.5177958],[139.7902633,35.5179235],[139.7903194,35.5180687],[139.7903481,35.5181994],[139.7903487,35.5183659],[139.7903109,35.5185262],[139.790228,35.51869],[139.790172,35.5187684],[139.7900913,35.5188583],[139.7900004,35.5189451],[139.7899148,35.5190116],[139.7897352,35.519135],[139.7895414,35.5192548],[139.7893,35.5193842]]}},{"type":"Feature","id":59613953,"properties":{"osm_id":59613953,"highway":"motorway_link","oneway":"yes","name":"","name_en":"","ref":"","destination":"","maxspeed":"","bridge":"","tunnel":"","layer":"0"},"geometry":{"type":"LineString","coordinates":[[139.7901151,35.5176393],[139.7901068,35.5177627],[139.7900847,35.5178501],[139.7900515,35.517937],[139.7900047,35.5180352],[139.7899414,35.5181412],[139.7898462,35.5182807],[139.7897484,35.5184158],[139.7896227,35.5185817],[139.7895145,35.5187105],[139.7893095,35.5189499],[139.789203,35.5190642],[139.7890884,35.5191774]]}},{"type":"Feature","id":59613955,"properties":{"osm_id":59613955,"highway":"motorway_link","oneway":"yes","name":"","name_en":"","ref":"","destination":"","maxspeed":"","bridge":"","tunnel":"yes","layer":"-1"},"geometry":{"type":"LineString","coordinates":[[139.7900475,35.5173284],[139.7900831,35.5174381],[139.7901079,35.5175602],[139.7901151,35.5176393]]}},{"type":"Feature","id":59613958,"properties":{"osm_id":59613958,"highway":"motorway_link","oneway":"yes","name":"首都高速神奈川6号川崎線","name_en":"Kanagawa Route 6 Kawasaki Line","ref":"K6","destination":"","maxspeed":"","bridge":"","tunnel":"","layer":"0"},"geometry":{"type":"LineString","coordinates":[[139.7911112,35.5150666],[139.790911,35.5148543],[139.7904973,35.5144479],[139.7901471,35.5141248],[139.7899358,35.5139646],[139.7897105,35.5138325],[139.789537,35.5137509],[139.7894143,35.5137074]]}},{"type":"Feature","id":59613959,"properties":{"osm_id":59613959,"highway":"motorway_link","oneway":"yes","name":"","name_en":"","ref":"","destination":"","maxspeed":"","bridge":"yes","tunnel":"","layer":"1"},"geometry":{"type":"LineString","coordinates":[[139.7898524,35.5198361],[139.7900212,35.519788],[139.7901392,35.5197482],[139.7902739,35.5196991],[139.790418,35.519638],[139.7905544,35.5195724],[139.7906616,35.5195135],[139.7907701,35.5194465],[139.7909149,35.5193512],[139.7909933,35.5192912],[139.7911075,35.5192149],[139.7912321,35.5191207],[139.7913379,35.5190167],[139.7914493,35.5188598],[139.7916012,35.5186397],[139.7916773,35.5184942],[139.7917372,35.5183718],[139.7917733,35.5182497],[139.7917813,35.5181275],[139.7917685,35.5179884],[139.7917274,35.5178148],[139.79165,35.5176026],[139.7915003,35.5172686],[139.7912222,35.5167501],[139.7907778,35.5160548]]}},{"type":"Feature","id":59613962,"properties":{"osm_id":59613962,"highway":"motorway_link","oneway":"yes","name":"","name_en":"","ref":"","destination":"","maxspeed":"","bridge":"","tunnel":"","layer":"1"},"geometry":{"type":"LineString","coordinates":[[139.7907778,35.5160548],[139.7903703,35.5154854],[139.7901086,35.5151714]]}},{"type":"Feature","id":59613968,"properties":{"osm_id":59613968,"highway":"motorway_link","oneway":"yes","name":"首都高速神奈川6号川崎線","name_en":"Kanagawa Route 6 Kawasaki Line","ref":"K6","destination":"","maxspeed":"","bridge":"","tunnel":"","layer":"0"},"geometry":{"type":"LineString","coordinates":[[139.7895704,35.5184901],[139.7894958,35.5186152],[139.7893596,35.5188167],[139.7892595,35.5189577],[139.7890884,35.5191774]]}},{"type":"Feature","id":59613969,"properties":{"osm_id":59613969,"highway":"motorway_link","oneway":"yes","name":"首都高速神奈川6号川崎線","name_en":"Kanagawa Route 6 Kawasaki Line","ref":"K6","destination":"","maxspeed":"","bridge":"","tunnel":"","layer":"0"},"geometry":{"type":"LineString","coordinates":[[139.7884179,35.5134908],[139.7882791,35.513453],[139.7881286,35.5133988],[139.7879674,35.5133221],[139.7878652,35.5132624],[139.7876959,35.5131441],[139.787376,35.5129133]]}},{"type":"Feature","id":59613971,"properties":{"osm_id":59613971,"highway":"motorway_link","oneway":"yes","name":"","name_en":"","ref":"","destination":"","maxspeed":"","bridge":"","tunnel":"","layer":"1"},"geometry":{"type":"LineString","coordinates":[[139.7884189,35.5144777],[139.7883909,35.5145557],[139.7883816,35.5146367],[139.7883875,35.5147229],[139.7884192,35.514838],[139.7884783,35.5149506]]}},{"type":"Feature","id":59613973,"properties":{"osm_id":59613973,"highway":"motorway_link","oneway":"yes","name":"","name_en":"","ref":"","destination":"","maxspeed":"","bridge":"yes","tunnel":"","layer":"1"},"geometry":{"type":"LineString","coordinates":[[139.7889095,35.5141874],[139.7887979,35.5142049],[139.7886985,35.5142343],[139.7885871,35.5142935],[139.7884884,35.5143778],[139.7884189,35.5144777]]}},{"type":"Feature","id":59613975,"properties":{"osm_id":59613975,"highway":"motorway_link","oneway":"yes","name":"","name_en":"","ref":"","destination":"","maxspeed":"","bridge":"yes","tunnel":"","layer":"1"},"geometry":{"type":"LineString","coordinates":[[139.7888682,35.5141074],[139.7887446,35.5141364],[139.788621,35.5141801],[139.7885383,35.5142259],[139.7884663,35.5142833],[139.7884023,35.514353],[139.7883454,35.5144431]]}},{"type":"Feature","id":59613977,"properties":{"osm_id":59613977,"highway":"motorway_link","oneway":"yes","name":"","name_en":"","ref":"","destination":"","maxspeed":"","bridge":"","tunnel":"","layer":"1"},"geometry":{"type":"LineString","coordinates":[[139.7883454,35.5144431],[139.788318,35.5145088],[139.7883068,35.5145994],[139.7883085,35.51467],[139.7883294,35.5147502],[139.7883559,35.5148048],[139.7883865,35.5148499],[139.7884783,35.5149506]]}},{"type":"Feature","id":59613979,"properties":{"osm_id":59613979,"highway":"motorway_link","oneway":"yes","name":"首都高速神奈川6号川崎線","name_en":"Kanagawa Route 6 Kawasaki Line","ref":"K6","destination":"","maxspeed":"","bridge":"yes","tunnel":"","layer":"1"},"geometry":{"type":"LineString","coordinates":[[139.7883083,35.5135602],[139.7882084,35.5135375],[139.7880989,35.5135304],[139.7879932,35.5135365],[139.7878886,35.5135599],[139.787784,35.5136017],[139.787715,35.513644],[139.7876388,35.5137107]]}},{"type":"Feature","id":59613980,"properties":{"osm_id":59613980,"highway":"motorway_link","oneway":"yes","name":"首都高速神奈川6号川崎線","name_en":"Kanagawa Route 6 Kawasaki Line","ref":"K6","destination":"","maxspeed":"","bridge":"","tunnel":"","layer":"0"},"geometry":{"type":"LineString","coordinates":[[139.7876388,35.5137107],[139.7875797,35.5137821],[139.787536,35.5138623],[139.7875146,35.5139448],[139.7875099,35.5140339],[139.7875192,35.5141137],[139.7875386,35.5141826],[139.7875664,35.5142441]]}},{"type":"Feature","id":59613982,"properties":{"osm_id":59613982,"highway":"motorway_link","oneway":"yes","name":"","name_en":"","ref":"","destination":"","maxspeed":"","bridge":"","tunnel":"yes","layer":"-1"},"geometry":{"type":"LineString","coordinates":[[139.7894806,35.5190169],[139.7894683,35.5190782],[139.7894635,35.5191339],[139.7894657,35.5191902],[139.7894734,35.5192399],[139.7894914,35.519296],[139.7895162,35.5193434],[139.7895448,35.519382],[139.78959,35.5194232],[139.7896526,35.5194665],[139.7897312,35.519508],[139.7897752,35.5195244]]}},{"type":"Feature","id":59613984,"properties":{"osm_id":59613984,"highway":"motorway","oneway":"yes","name":"首都高速神奈川6号川崎線","name_en":"Kanagawa Route 6 Kawasaki Line","ref":"K6","destination":"","maxspeed":"80","bridge":"yes","tunnel":"","layer":"2"},"geometry":{"type":"LineString","coordinates":[[139.7894968,35.5194417],[139.7891267,35.5196384],[139.7886742,35.5199189],[139.7881767,35.5202298],[139.7880313,35.5203206],[139.787415,35.5206858]]}},{"type":"Feature","id":59613986,"properties":{"osm_id":59613986,"highway":"motorway_link","oneway":"yes","name":"","name_en":"","ref":"","destination":"","maxspeed":"","bridge":"","tunnel":"yes","layer":"-1"},"geometry":{"type":"LineString","coordinates":[[139.7905622,35.5169442],[139.7909669,35.5174573]]}},{"type":"Feature","id":59613988,"properties":{"osm_id":59613988,"highway":"motorway","oneway":"yes","name":"首都高速神奈川6号川崎線","name_en":"Kanagawa Route 6 Kawasaki Line","ref":"K6","destination":"","maxspeed":"","bridge":"","tunnel":"","layer":"0"},"geometry":{"type":"LineString","coordinates":[[139.7895896,35.5195587],[139.7902781,35.5192231],[139.7911626,35.5188054],[139.79156,35.5186274]]}},{"type":"Feature","id":59613990,"properties":{"osm_id":59613990,"highway":"motorway_link","oneway":"yes","name":"","name_en":"","ref":"","destination":"","maxspeed":"","bridge":"","tunnel":"","layer":"0"},"geometry":{"type":"LineString","coordinates":[[139.791987,35.5178573],[139.7920074,35.5177639],[139.7920412,35.5174849],[139.7920397,35.5171603],[139.7920115,35.5169057],[139.7919695,35.5167333],[139.7919086,35.516547],[139.7917899,35.5162732],[139.7917049,35.5160967],[139.7915718,35.5158857],[139.7914046,35.5156633],[139.7910923,35.5153117]]}},{"type":"Feature","id":59616834,"properties":{"osm_id":59616834,"highway":"motorway","oneway":"yes","name":"首都高速湾岸線","name_en":"Bayshore Route","ref":"B","destination":"","maxspeed":"80","bridge":"","tunnel":"","layer":"0"},"geometry":{"type":"LineString","coordinates":[[139.756944,35.4974676],[139.7475211,35.4932803]]}},{"type":"Feature","id":59616835,"properties":{"osm_id":59616835,"highway":"motorway","oneway":"yes","name":"首都高速湾岸線","name_en":"Bayshore Route","ref":"B","destination":"","maxspeed":"80","bridge":"","tunnel":"","layer":"0"},"geometry":{"type":"LineString","coordinates":[[139.7607557,35.4992709],[139.767554,35.5022921],[139.7678267,35.5023889],[139.7693029,35.503061]]}},{"type":"Feature","id":59616837,"properties":{"osm_id":59616837,"highway":"motorway","oneway":"yes","name":"首都高速湾岸線","name_en":"Bayshore Route","ref":"B","destination":"","maxspeed":"80","bridge":"yes","tunnel":"","layer":"1"},"geometry":{"type":"LineString","coordinates":[[139.756889,35.4975637],[139.7607557,35.4992709]]}},{"type":"Feature","id":59616838,"properties":{"osm_id":59616838,"highway":"motorway","oneway":"yes","name":"首都高速湾岸線","name_en":"Bayshore Route","ref":"B","destination":"","maxspeed":"80","bridge":"yes","tunnel":"","layer":"1"},"geometry":{"type":"LineString","coordinates":[[139.7607959,35.4991667],[139.756944,35.4974676]]}},{"type":"Feature","id":59719085,"properties":{"osm_id":59719085,"highway":"motorway_link","oneway":"yes","name":"","name_en":"","ref":"","destination":"","maxspeed":"40","bridge":"","tunnel":"","layer":"0"},"geometry":{"type":"LineString","coordinates":[[139.6037778,35.5451414],[139.6037947,35.5452702],[139.6037648,35.5454557],[139.6037601,35.5454675],[139.6037125,35.545588],[139.6036281,35.5457655]]}},{"type":"Feature","id":59719675,"properties":{"osm_id":59719675,"highway":"motorway_link","oneway":"yes","name":"","name_en":"","ref":"","destination":"","maxspeed":"40","bridge":"","tunnel":"","layer":"0"},"geometry":{"type":"LineString","coordinates":[[139.6033674,35.5456847],[139.6031768,35.5457178],[139.603069,35.545712],[139.6029717,35.5456891],[139.6028757,35.5456585],[139.602789,35.5456066],[139.6026801,35.5455244],[139.6026023,35.5454312],[139.6025432,35.545326]]}},{"type":"Feature","id":59719676,"properties":{"osm_id":59719676,"highway":"motorway_link","oneway":"yes","name":"","name_en":"","ref":"","destination":"","maxspeed":"40","bridge":"","tunnel":"","layer":"1"},"geometry":{"type":"LineString","coordinates":[[139.6034118,35.5460595],[139.6033354,35.5461249]]}},{"type":"Feature","id":59719677,"properties":{"osm_id":59719677,"highway":"motorway_link","oneway":"yes","name":"","name_en":"","ref":"","destination":"","maxspeed":"40","bridge":"yes","tunnel":"","layer":"1"},"geometry":{"type":"LineString","coordinates":[[139.6025587,35.5471179],[139.6026551,35.5475101],[139.6028833,35.5480397],[139.6030869,35.5483864],[139.6032872,35.5486957]]}},{"type":"Feature","id":59719678,"properties":{"osm_id":59719678,"highway":"motorway_link","oneway":"yes","name":"","name_en":"","ref":"","destination":"","maxspeed":"40","bridge":"yes","tunnel":"","layer":"2"},"geometry":{"type":"LineString","coordinates":[[139.6033354,35.5461249],[139.6030026,35.5463924],[139.6028154,35.5465525],[139.6026718,35.5467238],[139.6026248,35.5468104],[139.6025672,35.5469604],[139.6025587,35.5471179]]}},{"type":"Feature","id":59719679,"properties":{"osm_id":59719679,"highway":"motorway_link","oneway":"yes","name":"","name_en":"","ref":"","destination":"","maxspeed":"40","bridge":"","tunnel":"","layer":"0"},"geometry":{"type":"LineString","coordinates":[[139.603529,35.5418636],[139.603504,35.5419701],[139.6035039,35.5420207],[139.6035129,35.5420721],[139.6035382,35.5422663],[139.6035905,35.542436],[139.6036054,35.5425139],[139.6036533,35.542863],[139.6036777,35.5431392],[139.6036758,35.5432508],[139.6036465,35.5435649]]}},{"type":"Feature","id":59719680,"properties":{"osm_id":59719680,"highway":"motorway_link","oneway":"yes","name":"","name_en":"","ref":"","destination":"","maxspeed":"30","bridge":"","tunnel":"","layer":"0"},"geometry":{"type":"LineString","coordinates":[[139.6033219,35.5424685],[139.603398,35.5425623],[139.6034432,35.5426836],[139.6034603,35.5427929],[139.6034841,35.5431772],[139.6035159,35.5432749],[139.6035558,35.5434471],[139.6036465,35.5435649]]}},{"type":"Feature","id":59719682,"properties":{"osm_id":59719682,"highway":"motorway_link","oneway":"yes","name":"","name_en":"","ref":"","destination":"","maxspeed":"40","bridge":"","tunnel":"yes","layer":"-1"},"geometry":{"type":"LineString","coordinates":[[139.6036173,35.5455211],[139.6035183,35.5456286],[139.6033674,35.5456847]]}},{"type":"Feature","id":59719683,"properties":{"osm_id":59719683,"highway":"motorway_link","oneway":"yes","name":"","name_en":"","ref":"","destination":"","maxspeed":"40","bridge":"","tunnel":"yes","layer":"-1"},"geometry":{"type":"LineString","coordinates":[[139.6036281,35.5457655],[139.6035485,35.5459237],[139.6034118,35.5460595]]}},{"type":"Feature","id":61177334,"properties":{"osm_id":61177334,"highway":"motorway_link","oneway":"yes","name":"枝川出口","name_en":"","ref":"","destination":"","maxspeed":"","bridge":"","tunnel":"","layer":"1"},"geometry":{"type":"LineString","coordinates":[[139.8049658,35.6593423],[139.8046802,35.6593168],[139.8044272,35.6592942]]}},{"type":"Feature","id":61730115,"properties":{"osm_id":61730115,"highway":"motorway_link","oneway":"yes","name":"","name_en":"","ref":"","destination":"","maxspeed":"","bridge":"","tunnel":"","layer":"0"},"geometry":{"type":"LineString","coordinates":[[139.7859585,35.5509357],[139.7868479,35.5496457],[139.7871584,35.5491386],[139.7877957,35.5482337],[139.7880113,35.547793]]}},{"type":"Feature","id":61886522,"properties":{"osm_id":61886522,"highway":"motorway","oneway":"yes","name":"首都高速神奈川6号川崎線","name_en":"Kanagawa Route 6 Kawasaki Line","ref":"K6","destination":"","maxspeed":"80","bridge":"yes","tunnel":"","layer":"3"},"geometry":{"type":"LineString","coordinates":[[139.752341,35.5376312],[139.752003,35.5375795],[139.7512588,35.537448],[139.75092,35.537396],[139.7505849,35.5373568],[139.750223,35.5373186],[139.7498774,35.5372924],[139.7490438,35.5372502]]}},{"type":"Feature","id":61886806,"properties":{"osm_id":61886806,"highway":"motorway_link","oneway":"yes","name":"","name_en":"","ref":"","destination":"","maxspeed":"50","bridge":"","tunnel":"yes","layer":"-1"},"geometry":{"type":"LineString","coordinates":[[139.7905514,35.5434528],[139.7894579,35.5449781],[139.7893294,35.5451283]]}},{"type":"Feature","id":61886808,"properties":{"osm_id":61886808,"highway":"motorway_link","oneway":"yes","name":"","name_en":"","ref":"","destination":"","maxspeed":"40","bridge":"","tunnel":"","layer":"-1"},"geometry":{"type":"LineString","coordinates":[[139.792928,35.540358],[139.7928501,35.5404298],[139.7927408,35.5405441],[139.7926251,35.5406409],[139.7925487,35.5407099]]}},{"type":"Feature","id":65601788,"properties":{"osm_id":65601788,"highway":"motorway_link","oneway":"yes","name":"","name_en":"","ref":"","destination":"","maxspeed":"","bridge":"yes","tunnel":"","layer":"3"},"geometry":{"type":"LineString","coordinates":[[139.6886166,35.6818952],[139.6885765,35.6819548],[139.6885455,35.682],[139.6885175,35.6820371],[139.6884813,35.6820733],[139.6884387,35.6821074],[139.6883944,35.6821333],[139.6883407,35.6821571],[139.6882878,35.6821707],[139.688227,35.6821753],[139.688158,35.6821707],[139.6880886,35.6821535],[139.6880198,35.6821265],[139.6879487,35.6820914],[139.6877445,35.6819737]]}},{"type":"Feature","id":68237038,"properties":{"osm_id":68237038,"highway":"motorway_link","oneway":"yes","name":"","name_en":"","ref":"","destination":"","maxspeed":"","bridge":"","tunnel":"","layer":"0"},"geometry":{"type":"LineString","coordinates":[[139.7885834,35.5202505],[139.7888808,35.5200694],[139.7890186,35.5199963],[139.7891588,35.5199342],[139.789306,35.519881],[139.7894779,35.5198309],[139.7896606,35.519784],[139.7898099,35.5197485],[139.7899553,35.5197076],[139.7901047,35.5196554],[139.7902488,35.5195989],[139.7903453,35.5195518],[139.7904358,35.5195003],[139.7905169,35.51945],[139.7905884,35.5193969],[139.7906537,35.5193452],[139.7908065,35.5192154],[139.7909784,35.5190562]]}},{"type":"Feature","id":71365233,"properties":{"osm_id":71365233,"highway":"motorway_link","oneway":"yes","name":"","name_en":"","ref":"","destination":"","maxspeed":"","bridge":"yes","tunnel":"","layer":"3"},"geometry":{"type":"LineString","coordinates":[[139.8162191,35.6932222],[139.8173934,35.6932886],[139.8175963,35.6933318],[139.8177255,35.6933459],[139.8179797,35.693358],[139.8181703,35.6933652],[139.8183899,35.6933643],[139.8185606,35.6933522],[139.8190273,35.6933682],[139.8192941,35.6933704],[139.8199398,35.6933648]]}},{"type":"Feature","id":71365235,"properties":{"osm_id":71365235,"highway":"motorway_link","oneway":"yes","name":"","name_en":"","ref":"","destination":"四ッ目通り;東陽;東京スカイツリー","maxspeed":"","bridge":"yes","tunnel":"","layer":"3"},"geometry":{"type":"LineString","coordinates":[[139.8193681,35.6932529],[139.8190874,35.6931853],[139.8183549,35.6931421],[139.8164746,35.6930401]]}},{"type":"Feature","id":71365236,"properties":{"osm_id":71365236,"highway":"motorway_link","oneway":"yes","name":"","name_en":"","ref":"","destination":"","maxspeed":"","bridge":"","tunnel":"","layer":"0"},"geometry":{"type":"LineString","coordinates":[[139.8164746,35.6930401],[139.8158863,35.6930109],[139.8156423,35.6929984],[139.8155106,35.6929807],[139.8154535,35.6929628],[139.8153971,35.6929312]]}},{"type":"Feature","id":71366318,"properties":{"osm_id":71366318,"highway":"motorway_link","oneway":"yes","name":"","name_en":"","ref":"","destination":"","maxspeed":"","bridge":"","tunnel":"","layer":"0"},"geometry":{"type":"LineString","coordinates":[[139.8154175,35.693213],[139.8154631,35.6932019],[139.8155125,35.6931942],[139.8156163,35.6931901],[139.8162191,35.6932222]]}},{"type":"Feature","id":71488887,"properties":{"osm_id":71488887,"highway":"motorway_link","oneway":"yes","name":"","name_en":"","ref":"","destination":"四ッ目通り;押上;東京スカイツリー","maxspeed":"40","bridge":"yes","tunnel":"","layer":"3"},"geometry":{"type":"LineString","coordinates":[[139.8114528,35.6929334],[139.8116302,35.6929699],[139.8120884,35.6930064],[139.8127142,35.6930448],[139.8142694,35.6931218]]}},{"type":"Feature","id":71488890,"properties":{"osm_id":71488890,"highway":"motorway_link","oneway":"yes","name":"","name_en":"","ref":"","destination":"","maxspeed":"","bridge":"yes","tunnel":"","layer":"3"},"geometry":{"type":"LineString","coordinates":[[139.8109958,35.6928276],[139.8102514,35.6928417],[139.8098459,35.6928289],[139.8095301,35.6928091],[139.8094613,35.6928048],[139.8093654,35.692799],[139.8084914,35.6927466],[139.807831,35.6926857]]}},{"type":"Feature","id":71488892,"properties":{"osm_id":71488892,"highway":"motorway_link","oneway":"yes","name":"","name_en":"","ref":"","destination":"","maxspeed":"","bridge":"yes","tunnel":"","layer":"3"},"geometry":{"type":"LineString","coordinates":[[139.8144415,35.6929296],[139.8127343,35.6928493],[139.811621,35.692806],[139.8111999,35.6928305]]}},{"type":"Feature","id":71488895,"properties":{"osm_id":71488895,"highway":"motorway_link","oneway":"yes","name":"","name_en":"","ref":"","destination":"","maxspeed":"","bridge":"","tunnel":"","layer":"0"},"geometry":{"type":"LineString","coordinates":[[139.8151498,35.6929215],[139.8151048,35.6929451],[139.8150345,35.6929568],[139.8149394,35.6929529],[139.8144415,35.6929296]]}},{"type":"Feature","id":71488896,"properties":{"osm_id":71488896,"highway":"motorway_link","oneway":"yes","name":"","name_en":"","ref":"","destination":"","maxspeed":"","bridge":"","tunnel":"","layer":"0"},"geometry":{"type":"LineString","coordinates":[[139.8142694,35.6931218],[139.8149705,35.6931587],[139.8150819,35.6931689],[139.8151507,35.6931794],[139.8152153,35.6931908]]}},{"type":"Feature","id":78334071,"properties":{"osm_id":78334071,"highway":"motorway_link","oneway":"yes","name":"首都高速中央環状線","name_en":"Central Circular Route","ref":"C2","destination":"","maxspeed":"","bridge":"","tunnel":"yes","layer":"-2"},"geometry":{"type":"LineString","coordinates":[[139.6895067,35.6530434],[139.6895225,35.6531252],[139.6895325,35.6532016],[139.6895373,35.653333],[139.6895425,35.653541],[139.6895516,35.653679],[139.6895778,35.653855],[139.6896076,35.6539942],[139.6896531,35.6541464],[139.6897115,35.6543036],[139.6898274,35.6545437],[139.6899723,35.654814]]}},{"type":"Feature","id":78334072,"properties":{"osm_id":78334072,"highway":"motorway_link","oneway":"yes","name":"首都高速中央環状線","name_en":"Central Circular Route","ref":"C2","destination":"","maxspeed":"","bridge":"","tunnel":"yes","layer":"1"},"geometry":{"type":"LineString","coordinates":[[139.6879668,35.6513686],[139.6880513,35.6512917],[139.6881339,35.6512142],[139.6881738,35.6511729],[139.6882123,35.65113],[139.6882368,35.6510984],[139.6882549,35.6510723],[139.6882713,35.6510453],[139.6882861,35.6510168],[139.6882991,35.6509879],[139.6883134,35.6509518],[139.6883258,35.6509059],[139.6883328,35.6508545],[139.6883337,35.6508085],[139.6883293,35.6507604],[139.6883191,35.6507133],[139.6883034,35.6506687],[139.6882887,35.6506379],[139.6882734,35.6506118],[139.6882585,35.650589],[139.6882377,35.6505631],[139.6882114,35.6505356],[139.6881779,35.6505065],[139.6881421,35.6504806],[139.6881051,35.6504592],[139.6880686,35.6504417],[139.6880301,35.6504272],[139.6879928,35.6504154],[139.6879504,35.6504056],[139.6878993,35.6503976],[139.6878344,35.6503938],[139.6877683,35.650393],[139.6877023,35.6503977],[139.6876375,35.6504089],[139.6875754,35.6504256],[139.6875166,35.6504442],[139.6874592,35.6504682],[139.6874028,35.650493],[139.6873464,35.6505222],[139.6872917,35.6505536],[139.6872383,35.6505883],[139.6871848,35.6506279],[139.6871407,35.6506618],[139.6870941,35.6506999],[139.6870501,35.6507393]]}},{"type":"Feature","id":78334073,"properties":{"osm_id":78334073,"highway":"motorway_link","oneway":"yes","name":"首都高速中央環状線","name_en":"Central Circular Route","ref":"C2","destination":"","maxspeed":"","bridge":"","tunnel":"yes","layer":"3"},"geometry":{"type":"LineString","coordinates":[[139.6882035,35.6512504],[139.6882429,35.6512076],[139.6882797,35.6511627],[139.6883148,35.6511194],[139.6883458,35.6510717],[139.688371,35.6510241],[139.6883921,35.6509721],[139.6884066,35.6509214],[139.688417,35.6508642],[139.688418,35.6508103],[139.6884137,35.6507554],[139.6884041,35.6507062],[139.688387,35.6506537],[139.6883632,35.6506043],[139.6883426,35.6505703],[139.6883169,35.6505339],[139.6882866,35.6504988],[139.6882542,35.6504689],[139.6882169,35.650441],[139.6881863,35.6504209],[139.6881503,35.6504013],[139.6881104,35.6503837],[139.6880576,35.6503648],[139.6879886,35.6503456],[139.6879146,35.6503342],[139.6878393,35.6503282],[139.687765,35.6503268],[139.6876927,35.6503325],[139.6876206,35.6503449],[139.6875518,35.6503621],[139.6874857,35.6503837],[139.6874209,35.6504107],[139.6873595,35.6504398],[139.6872995,35.6504711],[139.6872404,35.650504],[139.6871827,35.6505401],[139.6871303,35.650577],[139.6870793,35.6506173],[139.6870312,35.6506579],[139.6869842,35.6506995]]}},{"type":"Feature","id":78334074,"properties":{"osm_id":78334074,"highway":"motorway_link","oneway":"yes","name":"首都高速中央環状線","name_en":"Central Circular Route","ref":"C2","destination":"","maxspeed":"","bridge":"","tunnel":"yes","layer":"-2"},"geometry":{"type":"LineString","coordinates":[[139.6870501,35.6507393],[139.6870048,35.650787],[139.6869648,35.650838],[139.6869401,35.6508708],[139.6869194,35.6509014],[139.6869012,35.6509334],[139.6868823,35.650971],[139.6868668,35.6510102],[139.6868562,35.6510483],[139.6868445,35.6511024],[139.6868405,35.6511613],[139.6868423,35.6511958],[139.6868484,35.6512332],[139.6868561,35.6512688],[139.6868738,35.6513212],[139.6868976,35.6513731],[139.6869236,35.6514159],[139.6869464,35.6514471],[139.6869707,35.6514761],[139.6870006,35.6515062],[139.68705,35.6515465],[139.6871105,35.6515871],[139.687184,35.6516327],[139.6872586,35.6516758],[139.6873246,35.6517106],[139.6874068,35.6517531],[139.6875595,35.6518223],[139.6877927,35.6519165]]}},{"type":"Feature","id":78334075,"properties":{"osm_id":78334075,"highway":"motorway_link","oneway":"yes","name":"首都高速中央環状線","name_en":"Central Circular Route","ref":"C2","destination":"","maxspeed":"40","bridge":"yes","tunnel":"","layer":"3"},"geometry":{"type":"LineString","coordinates":[[139.6899211,35.652831],[139.6896569,35.65271],[139.6893255,35.6525888],[139.6883234,35.6522377],[139.6882504,35.6522083],[139.6881801,35.6521735],[139.6881181,35.6521355]]}},{"type":"Feature","id":78334076,"properties":{"osm_id":78334076,"highway":"motorway_link","oneway":"yes","name":"首都高速中央環状線","name_en":"Central Circular Route","ref":"C2","destination":"","maxspeed":"","bridge":"yes","tunnel":"","layer":"1"},"geometry":{"type":"LineString","coordinates":[[139.6881181,35.6521355],[139.6880738,35.6521063],[139.6880308,35.6520716],[139.6879993,35.6520396],[139.6879678,35.6520017],[139.687951,35.6519753],[139.6879341,35.6519414],[139.6879171,35.6518924],[139.6879089,35.6518449],[139.6879047,35.6518021],[139.6879051,35.6517538],[139.6879107,35.6517087],[139.6879237,35.6516581],[139.6879409,35.651612],[139.6879635,35.651566],[139.6879871,35.6515272],[139.6880234,35.6514795],[139.6880966,35.6513904]]}},{"type":"Feature","id":78334077,"properties":{"osm_id":78334077,"highway":"motorway_link","oneway":"yes","name":"","name_en":"","ref":"","destination":"","maxspeed":"","bridge":"yes","tunnel":"","layer":"3"},"geometry":{"type":"LineString","coordinates":[[139.6845169,35.6507233],[139.6848298,35.6508599],[139.6852903,35.6510924],[139.685612,35.6512478],[139.6857201,35.6512882],[139.6858687,35.6513283]]}},{"type":"Feature","id":78334078,"properties":{"osm_id":78334078,"highway":"motorway_link","oneway":"yes","name":"","name_en":"","ref":"","destination":"","maxspeed":"","bridge":"","tunnel":"","layer":"0"},"geometry":{"type":"LineString","coordinates":[[139.6879187,35.6773455],[139.6879512,35.6774876],[139.688008,35.6776525],[139.6880912,35.6778749],[139.6882576,35.6783012]]}},{"type":"Feature","id":78334079,"properties":{"osm_id":78334079,"highway":"motorway_link","oneway":"yes","name":"","name_en":"","ref":"","destination":"","maxspeed":"","bridge":"yes","tunnel":"","layer":"4"},"geometry":{"type":"LineString","coordinates":[[139.6875306,35.6821106],[139.6878043,35.6822601],[139.687885,35.6822934],[139.6879533,35.6823135],[139.6880306,35.6823268],[139.688105,35.6823267],[139.6881779,35.682316],[139.688257,35.6822943],[139.6883221,35.6822634],[139.6883808,35.6822218],[139.6884383,35.682175],[139.6884853,35.6821265],[139.688524,35.6820801],[139.6885721,35.6820188],[139.6886476,35.6819098]]}},{"type":"Feature","id":79234061,"properties":{"osm_id":79234061,"highway":"motorway_link","oneway":"yes","name":"","name_en":"","ref":"","destination":"","maxspeed":"40","bridge":"yes","tunnel":"","layer":"2"},"geometry":{"type":"LineString","coordinates":[[139.7183,35.5131501],[139.7191096,35.5134369],[139.7196267,35.5136201],[139.7201197,35.5137933],[139.720237,35.513837],[139.7205267,35.5139794]]}},{"type":"Feature","id":79234063,"properties":{"osm_id":79234063,"highway":"motorway_link","oneway":"yes","name":"","name_en":"","ref":"","destination":"南幸町;浅田町","maxspeed":"40","bridge":"yes","tunnel":"","layer":"2"},"geometry":{"type":"LineString","coordinates":[[139.7205354,35.5138118],[139.7199944,35.5136893],[139.7197646,35.5136198],[139.7191157,35.5133974],[139.7183189,35.5131242]]}},{"type":"Feature","id":79449031,"properties":{"osm_id":79449031,"highway":"motorway_link","oneway":"yes","name":"","name_en":"","ref":"","destination":"","maxspeed":"40","bridge":"yes","tunnel":"","layer":"1"},"geometry":{"type":"LineString","coordinates":[[139.6275564,35.6272519],[139.6278325,35.6272126],[139.6281086,35.6271689],[139.628367,35.6271241],[139.6286089,35.6270759],[139.6288371,35.6270276],[139.6290423,35.6269784],[139.6292503,35.6269248],[139.6295188,35.6268558],[139.6296612,35.6268217],[139.6298248,35.6267887]]}},{"type":"Feature","id":79449035,"properties":{"osm_id":79449035,"highway":"motorway_link","oneway":"yes","name":"","name_en":"","ref":"","destination":"","maxspeed":"40","bridge":"","tunnel":"","layer":"0"},"geometry":{"type":"LineString","coordinates":[[139.626782,35.6273492],[139.6275564,35.6272519]]}},{"type":"Feature","id":80581127,"properties":{"osm_id":80581127,"highway":"motorway","oneway":"yes","name":"首都高速中央環状線","name_en":"Central Circular Route","ref":"C2","destination":"","maxspeed":"","bridge":"","tunnel":"yes","layer":"-2"},"geometry":{"type":"LineString","coordinates":[[139.6883089,35.678029],[139.6881841,35.6777115],[139.6881188,35.6775285],[139.6880705,35.6773856],[139.6880317,35.6772188],[139.6880031,35.6769558],[139.6879813,35.6767463],[139.6879669,35.6762919],[139.6879597,35.6760632],[139.6879246,35.6751949],[139.6878977,35.6745187],[139.6878358,35.6728783],[139.6878019,35.671842],[139.6878067,35.671388],[139.6878484,35.6710331],[139.6879288,35.6701534],[139.6879612,35.6696865],[139.6880352,35.6678778],[139.6880534,35.6668292],[139.6880522,35.6663418],[139.6880295,35.6659486],[139.6880025,35.6654974],[139.6879883,35.6652848],[139.6879648,35.6649813],[139.6878587,35.6639569],[139.6877774,35.6632732],[139.6877593,35.6631401],[139.6877429,35.6630175],[139.6877311,35.6628994],[139.6877247,35.6627856],[139.687721,35.6626413],[139.6877253,35.6625036],[139.6877343,35.6623795],[139.6877486,35.6622445],[139.6877656,35.6621193],[139.6877961,35.661992],[139.6878273,35.6618824],[139.6878661,35.6617791],[139.6879097,35.6616731],[139.6879576,35.6615732],[139.688013,35.6614662],[139.6880738,35.6613628],[139.6881357,35.6612685],[139.6882101,35.6611678],[139.6882832,35.6610735],[139.6904537,35.6584593],[139.6905917,35.6582901],[139.6906815,35.6581712],[139.6907236,35.65811],[139.6907624,35.658048],[139.6907971,35.657986],[139.6908308,35.6579223],[139.6908635,35.6578597],[139.6908936,35.6577939],[139.6909195,35.6577289],[139.6909425,35.6576625],[139.6909611,35.6575999],[139.6909774,35.6575349],[139.6909902,35.6574699],[139.6910009,35.6574016],[139.691008,35.6573369],[139.691014,35.6572718],[139.6910176,35.6572058],[139.6910194,35.6571384],[139.6910174,35.6570659],[139.6910117,35.6569923],[139.691007,35.6569274],[139.6909997,35.6568598],[139.6909883,35.6567873],[139.6909729,35.6567109],[139.6909561,35.6566444],[139.6909357,35.6565748],[139.6909105,35.6565094],[139.6908817,35.6564415],[139.6907584,35.6561831],[139.6901391,35.6549623],[139.6899315,35.6544802],[139.6898457,35.6542546],[139.6898005,35.6541266],[139.6897659,35.6540132]]}},{"type":"Feature","id":80581128,"properties":{"osm_id":80581128,"highway":"motorway_link","oneway":"yes","name":"","name_en":"","ref":"","destination":"","maxspeed":"","bridge":"yes","tunnel":"","layer":"4"},"geometry":{"type":"LineString","coordinates":[[139.6880847,35.6513256],[139.6880475,35.6513667],[139.6878898,35.6515595]]}},{"type":"Feature","id":80581130,"properties":{"osm_id":80581130,"highway":"motorway_link","oneway":"yes","name":"","name_en":"","ref":"","destination":"","maxspeed":"","bridge":"","tunnel":"yes","layer":"3"},"geometry":{"type":"LineString","coordinates":[[139.6879447,35.6513537],[139.6879002,35.6513939],[139.6878564,35.651432],[139.6878106,35.6514684],[139.6877663,35.6514983],[139.6877083,35.6515353],[139.6876708,35.6515558],[139.6876328,35.6515736],[139.6875919,35.6515894],[139.687532,35.6516076],[139.6874676,35.6516226],[139.6874019,35.6516322],[139.6873676,35.6516349],[139.6873338,35.6516355],[139.6873018,35.6516344],[139.6872698,35.6516323],[139.6872024,35.6516226],[139.6871363,35.6516079],[139.6870735,35.651586],[139.6870293,35.6515658],[139.6869922,35.6515435],[139.6869645,35.6515226],[139.6869316,35.6514948],[139.6869038,35.6514658],[139.6868767,35.6514309],[139.6868587,35.6514033],[139.6868435,35.6513733],[139.6868271,35.6513349],[139.686806,35.6512746],[139.6867933,35.651214],[139.6867887,35.6511513],[139.6867925,35.6510967],[139.6868037,35.651041],[139.6868171,35.6509959],[139.6868326,35.6509563],[139.6868525,35.6509166],[139.6868716,35.6508836],[139.6868947,35.6508505],[139.6869219,35.6508152],[139.6869623,35.6507641],[139.687008,35.6507151]]}},{"type":"Feature","id":80581131,"properties":{"osm_id":80581131,"highway":"motorway_link","oneway":"yes","name":"首都高速中央環状線","name_en":"Central Circular Route","ref":"C2","destination":"","maxspeed":"","bridge":"","tunnel":"yes","layer":"2"},"geometry":{"type":"LineString","coordinates":[[139.6870756,35.6507545],[139.6871194,35.6507156],[139.687164,35.6506782],[139.6872064,35.6506454],[139.687262,35.6506055],[139.6873117,35.6505732],[139.687364,35.6505442],[139.6874187,35.650516],[139.6874747,35.6504911],[139.6875317,35.6504673],[139.6875887,35.6504467],[139.6876484,35.6504313],[139.6877095,35.6504203],[139.6877708,35.6504165],[139.6878321,35.6504181],[139.6878947,35.6504227],[139.6879425,35.6504306],[139.6879815,35.6504397],[139.6880174,35.6504511],[139.6880538,35.6504648],[139.6880891,35.6504811],[139.688122,35.6504996],[139.6881569,35.6505244],[139.6881868,35.6505505],[139.6882121,35.6505767],[139.6882308,35.6505999],[139.6882456,35.6506222],[139.6882594,35.6506464],[139.6882723,35.6506752],[139.6882879,35.6507205],[139.6882955,35.6507648],[139.6883011,35.6508096],[139.6882999,35.6508533],[139.688294,35.6508996],[139.6882813,35.6509426],[139.6882678,35.6509794],[139.6882557,35.6510078],[139.6882418,35.6510349],[139.6882256,35.6510616],[139.6882058,35.65109],[139.6881815,35.6511201],[139.6881459,35.6511618],[139.6881089,35.6512002],[139.6880275,35.6512775],[139.6879447,35.6513537]]}},{"type":"Feature","id":80581132,"properties":{"osm_id":80581132,"highway":"motorway_link","oneway":"yes","name":"首都高速中央環状線","name_en":"Central Circular Route","ref":"C2","destination":"","maxspeed":"","bridge":"","tunnel":"yes","layer":"-1"},"geometry":{"type":"LineString","coordinates":[[139.689513,35.6528512],[139.68949,35.6528106],[139.6894616,35.6527667],[139.6894339,35.652731],[139.689387,35.6526807],[139.6893385,35.652635],[139.6892912,35.6525943],[139.6892385,35.6525547],[139.6891728,35.6525119],[139.6891049,35.6524699],[139.6888727,35.6523448],[139.6884458,35.6521306],[139.6881875,35.6520242],[139.6878198,35.6518728]]}},{"type":"Feature","id":80581133,"properties":{"osm_id":80581133,"highway":"motorway_link","oneway":"yes","name":"首都高速中央環状線","name_en":"Central Circular Route","ref":"C2","destination":"","maxspeed":"","bridge":"","tunnel":"yes","layer":"-1"},"geometry":{"type":"LineString","coordinates":[[139.6878198,35.6518728],[139.6875805,35.6517801],[139.6874467,35.6517236],[139.6873664,35.6516875],[139.6872861,35.6516481],[139.6872053,35.6516032],[139.6871518,35.6515717],[139.6871071,35.6515443],[139.6870679,35.6515177],[139.6870373,35.6514917],[139.6870063,35.6514619],[139.6869778,35.6514306],[139.6869517,35.6513986],[139.6869286,35.6513629],[139.6869067,35.6513168],[139.6868898,35.6512662],[139.6868802,35.6512296],[139.6868744,35.6511948],[139.6868726,35.6511551],[139.6868768,35.6511037],[139.6868877,35.6510555],[139.6868979,35.6510195],[139.686912,35.6509815],[139.6869309,35.6509431],[139.6869567,35.6508997],[139.6869922,35.65085],[139.6870326,35.6508001],[139.6870756,35.6507545]]}},{"type":"Feature","id":80581134,"properties":{"osm_id":80581134,"highway":"motorway_link","oneway":"yes","name":"","name_en":"","ref":"","destination":"","maxspeed":"","bridge":"","tunnel":"","layer":"0"},"geometry":{"type":"LineString","coordinates":[[139.6883047,35.6782931],[139.6880479,35.6776301],[139.6879733,35.6773404]]}},{"type":"Feature","id":82592226,"properties":{"osm_id":82592226,"highway":"motorway_link","oneway":"yes","name":"","name_en":"","ref":"","destination":"","maxspeed":"40","bridge":"","tunnel":"","layer":"0"},"geometry":{"type":"LineString","coordinates":[[139.7925487,35.5407099],[139.7924172,35.5407951],[139.792268,35.5409273],[139.7921316,35.541049],[139.7919946,35.5412208],[139.7918816,35.5413586],[139.7916811,35.5416129],[139.7916132,35.5416772]]}},{"type":"Feature","id":82596767,"properties":{"osm_id":82596767,"highway":"motorway_link","oneway":"yes","name":"首都高速神奈川6号川崎線","name_en":"Kanagawa Route 6 Kawasaki Line","ref":"K6","destination":"","maxspeed":"40","bridge":"","tunnel":"yes","layer":"-1"},"geometry":{"type":"LineString","coordinates":[[139.7380981,35.5396401],[139.738086,35.5394901],[139.7380765,35.5393392],[139.7380321,35.5381731],[139.7380389,35.5380674],[139.7380535,35.5379784],[139.7380774,35.5378869],[139.7381119,35.5377942],[139.7381551,35.5377137],[139.7382158,35.5376388],[139.73829,35.5375791],[139.7383887,35.5375198],[139.7385048,35.5374749],[139.7386036,35.5374479],[139.7387211,35.5374252],[139.7388677,35.5374082],[139.7390145,35.5373957],[139.7391769,35.537388],[139.7396802,35.5373784]]}},{"type":"Feature","id":82596768,"properties":{"osm_id":82596768,"highway":"motorway_link","oneway":"yes","name":"首都高速神奈川6号川崎線","name_en":"Kanagawa Route 6 Kawasaki Line","ref":"K6","destination":"","maxspeed":"40","bridge":"","tunnel":"","layer":"0"},"geometry":{"type":"LineString","coordinates":[[139.738149,35.5401037],[139.7382331,35.5401675],[139.738315,35.5402159],[139.7383988,35.5402544],[139.738488,35.540283],[139.7385948,35.5403087],[139.7387082,35.5403234],[139.7388156,35.5403253],[139.7389313,35.5403158],[139.7390498,35.5402921],[139.73916,35.5402553],[139.7392573,35.5402083],[139.7393452,35.5401559],[139.739416,35.5401004],[139.7394764,35.540043],[139.7395261,35.5399802],[139.7395667,35.5399157],[139.7395993,35.5398413],[139.7396237,35.5397596],[139.7396401,35.5396736],[139.7396504,35.5395898],[139.7396591,35.5394897],[139.7396869,35.5383968]]}},{"type":"Feature","id":82596769,"properties":{"osm_id":82596769,"highway":"motorway","oneway":"yes","name":"首都高速神奈川6号川崎線","name_en":"Kanagawa Route 6 Kawasaki Line","ref":"K6","destination":"","maxspeed":"80","bridge":"yes","tunnel":"","layer":"1"},"geometry":{"type":"LineString","coordinates":[[139.7490438,35.5372502],[139.746895,35.5371228]]}},{"type":"Feature","id":82596770,"properties":{"osm_id":82596770,"highway":"motorway","oneway":"yes","name":"首都高速神奈川6号川崎線","name_en":"Kanagawa Route 6 Kawasaki Line","ref":"K6","destination":"","maxspeed":"","bridge":"yes","tunnel":"","layer":"3"},"geometry":{"type":"LineString","coordinates":[[139.7490389,35.5373412],[139.749882,35.5373802],[139.7502305,35.5374061],[139.750575,35.5374375],[139.7509501,35.537485],[139.7512679,35.53753],[139.7516071,35.5375881],[139.7519664,35.5376564],[139.7523206,35.5377089],[139.7526638,35.5377471],[139.7529944,35.5377798],[139.7533367,35.5378093],[139.753738,35.5378421],[139.7554013,35.5379622],[139.7557824,35.5379862],[139.7561615,35.5380085],[139.7565006,35.5380113],[139.7568022,35.5379998],[139.7570977,35.5379754],[139.7573797,35.5379391],[139.7576321,35.5379014],[139.7579,35.5378498],[139.7581692,35.5377914],[139.7584304,35.5377232],[139.758701,35.5376349],[139.7589479,35.5375465],[139.7591881,35.5374477],[139.7594227,35.5373424],[139.7596568,35.5372191],[139.7599563,35.5370567],[139.7611465,35.5363711],[139.7618943,35.5359323],[139.7742127,35.5286192],[139.7858936,35.5217169],[139.7871653,35.520942]]}},{"type":"Feature","id":82596771,"properties":{"osm_id":82596771,"highway":"motorway_link","oneway":"yes","name":"","name_en":"","ref":"","destination":"","maxspeed":"40","bridge":"","tunnel":"","layer":"0"},"geometry":{"type":"LineString","coordinates":[[139.7396141,35.5380815],[139.7395592,35.5380063],[139.7394999,35.5379379],[139.7394331,35.537874],[139.7393494,35.5378187],[139.7392519,35.5377719],[139.7391583,35.5377431],[139.7390585,35.5377215],[139.7389613,35.53771],[139.7388567,35.5377104],[139.7387597,35.5377229],[139.738678,35.5377469],[139.7386117,35.5377779],[139.7385558,35.5378189],[139.7385074,35.5378659],[139.7384738,35.5379179],[139.7384492,35.5379764],[139.7384393,35.5380371],[139.7384389,35.5380967],[139.7384471,35.5381521],[139.7384679,35.5382113],[139.7385015,35.5382634],[139.7385465,35.5383167],[139.7386004,35.5383611],[139.7386611,35.5384007],[139.7387285,35.538441],[139.7388046,35.5384899],[139.7388666,35.5385301],[139.7389251,35.5385785],[139.7389742,35.5386307],[139.7390157,35.5386857],[139.7390431,35.5387428],[139.7390602,35.538799],[139.7390619,35.5388569],[139.7390554,35.5389174],[139.7390365,35.5389749],[139.7390042,35.5390235],[139.7389636,35.5390717],[139.7389109,35.5391121],[139.7388474,35.5391471],[139.7387772,35.5391706],[139.7386987,35.539182],[139.7386222,35.5391841],[139.7385386,35.5391798],[139.738442,35.5391692],[139.7383475,35.5391526],[139.7382698,35.5391331],[139.7381914,35.539107],[139.7381269,35.5390745],[139.7380647,35.5390274],[139.7380065,35.5389677],[139.7379621,35.5389099],[139.7378856,35.5388313]]}},{"type":"Feature","id":82596772,"properties":{"osm_id":82596772,"highway":"motorway_link","oneway":"yes","name":"首都高速神奈川6号川崎線","name_en":"Kanagawa Route 6 Kawasaki Line","ref":"K6","destination":"","maxspeed":"40","bridge":"","tunnel":"","layer":"0"},"geometry":{"type":"LineString","coordinates":[[139.7394266,35.5380037],[139.7394622,35.5380537],[139.7394927,35.5381046],[139.7395192,35.5381599],[139.7395412,35.5382182],[139.7395566,35.538276],[139.739568,35.538342],[139.7395738,35.5384169],[139.7395775,35.538493],[139.739582,35.5389945],[139.7395708,35.5394015],[139.7395621,35.5394881],[139.739552,35.5395681],[139.739534,35.5396437],[139.7395126,35.5397198],[139.7394823,35.5397915],[139.73944,35.5398621],[139.7394006,35.5399203],[139.7393524,35.539979],[139.739301,35.5400283],[139.7392446,35.5400719],[139.7391822,35.5401106],[139.7391124,35.5401454],[139.7390325,35.5401748],[139.7389513,35.540195],[139.7388766,35.5402058],[139.7387865,35.5402084],[139.738697,35.5402039],[139.7386188,35.5401918],[139.7385341,35.5401726],[139.7384535,35.5401441],[139.7383838,35.540112],[139.7383147,35.540068],[139.7382553,35.5400183]]}},{"type":"Feature","id":82596773,"properties":{"osm_id":82596773,"highway":"motorway_link","oneway":"yes","name":"","name_en":"","ref":"","destination":"","maxspeed":"40","bridge":"","tunnel":"","layer":"0"},"geometry":{"type":"LineString","coordinates":[[139.7377402,35.5387325],[139.7378005,35.5390775],[139.7378161,35.5391341],[139.7378371,35.5391929],[139.7378688,35.539246],[139.7379092,35.5392916],[139.7379536,35.5393323],[139.7380128,35.5393709],[139.7380753,35.5393992],[139.7381391,35.5394178],[139.7382083,35.5394287],[139.7382799,35.5394316],[139.7383516,35.5394261],[139.7384944,35.5393999],[139.7386007,35.5393797],[139.7386862,35.5393644],[139.7387624,35.5393547],[139.7388467,35.5393487],[139.7389329,35.5393499],[139.7390071,35.5393615],[139.7390733,35.5393816],[139.7391339,35.539408],[139.7391911,35.5394426],[139.7392397,35.5394848],[139.7392797,35.5395324],[139.7393082,35.5395852],[139.7393276,35.5396408],[139.7393357,35.5396996],[139.7393362,35.5397585],[139.7393227,35.5398163],[139.7392958,35.539872],[139.7392609,35.5399189],[139.7392128,35.5399656],[139.7391606,35.5400086],[139.7391016,35.5400456],[139.7390292,35.540081],[139.7389425,35.5401147],[139.7388699,35.5401343],[139.7387954,35.5401465],[139.7387242,35.5401505],[139.7386566,35.5401467],[139.7385935,35.5401364],[139.738528,35.5401184],[139.7384653,35.5400922],[139.7384051,35.5400632],[139.7383504,35.5400276],[139.7382976,35.539985]]}},{"type":"Feature","id":82596774,"properties":{"osm_id":82596774,"highway":"motorway_link","oneway":"yes","name":"","name_en":"","ref":"","destination":"","maxspeed":"40","bridge":"","tunnel":"","layer":"0"},"geometry":{"type":"LineString","coordinates":[[139.7395775,35.538493],[139.7395447,35.5388596],[139.739537,35.5389285],[139.7395231,35.5389933],[139.7395039,35.5390489],[139.7394811,35.5390966],[139.7394427,35.5391468],[139.7393983,35.5391893],[139.7393497,35.5392221],[139.739293,35.5392494],[139.7392228,35.5392695],[139.7391431,35.5392835],[139.7390656,35.5392887],[139.738984,35.5392884],[139.7389044,35.5392832],[139.7387881,35.5392717],[139.7386194,35.5392499],[139.7384963,35.5392302],[139.7383645,35.5392046],[139.7382781,35.5391826],[139.7381891,35.5391514],[139.7381149,35.5391156],[139.7380548,35.5390717],[139.7380064,35.5390229],[139.73797,35.5389698],[139.7379224,35.5389072],[139.7378856,35.5388313],[139.7378636,35.5387722],[139.7378524,35.5387143],[139.7378245,35.5377175]]}},{"type":"Feature","id":84530018,"properties":{"osm_id":84530018,"highway":"motorway_link","oneway":"yes","name":"","name_en":"","ref":"","destination":"","maxspeed":"40","bridge":"yes","tunnel":"","layer":"2"},"geometry":{"type":"LineString","coordinates":[[139.6192797,35.432915],[139.6199839,35.4328679],[139.6203583,35.4328471],[139.6207481,35.4328368],[139.6209688,35.4328402],[139.6211618,35.4328492],[139.6213185,35.4328643],[139.6214691,35.4328906],[139.6216077,35.432928],[139.6217187,35.4329735],[139.6218164,35.4330287],[139.6218987,35.4330885],[139.6219617,35.4331423],[139.6220321,35.4332204],[139.6220827,35.433296],[139.6221316,35.4333814],[139.622186,35.4334924],[139.6222468,35.4336411],[139.6223625,35.4340071],[139.6224266,35.4342036],[139.6227897,35.4353154],[139.6231764,35.4366332],[139.6232433,35.4367367],[139.6233326,35.436818],[139.6234636,35.4369124],[139.6238465,35.4371299],[139.6243642,35.4373633]]}},{"type":"Feature","id":84530019,"properties":{"osm_id":84530019,"highway":"motorway_link","oneway":"yes","name":"","name_en":"","ref":"","destination":"","maxspeed":"","bridge":"","tunnel":"","layer":"0"},"geometry":{"type":"LineString","coordinates":[[139.625216,35.4373741],[139.6250886,35.4373659],[139.6247363,35.4373867],[139.6245833,35.4373691],[139.6244026,35.4373066]]}},{"type":"Feature","id":84530107,"properties":{"osm_id":84530107,"highway":"motorway_link","oneway":"yes","name":"","name_en":"","ref":"","destination":"","maxspeed":"","bridge":"yes","tunnel":"","layer":"2"},"geometry":{"type":"LineString","coordinates":[[139.6244026,35.4373066],[139.6238818,35.4370593],[139.623511,35.4368524],[139.6234059,35.4367767],[139.6233215,35.436685],[139.6233131,35.4366695],[139.6232732,35.4365963],[139.6231095,35.436095],[139.6229225,35.4355046],[139.6228523,35.4353047]]}},{"type":"Feature","id":84530108,"properties":{"osm_id":84530108,"highway":"motorway_link","oneway":"yes","name":"","name_en":"","ref":"","destination":"","maxspeed":"","bridge":"","tunnel":"","layer":"0"},"geometry":{"type":"LineString","coordinates":[[139.6243642,35.4373633],[139.6247382,35.4375691],[139.6248807,35.4376856],[139.6249639,35.4377537]]}},{"type":"Feature","id":84530205,"properties":{"osm_id":84530205,"highway":"motorway","oneway":"yes","name":"首都高速神奈川3号狩場線","name_en":"Kanagawa Route 3 Kariba Line","ref":"K3","destination":"","maxspeed":"50","bridge":"yes","tunnel":"","layer":"3"},"geometry":{"type":"LineString","coordinates":[[139.6427763,35.4385769],[139.6435253,35.4387874],[139.6438005,35.4388848],[139.644127,35.4390226],[139.6449262,35.4394062],[139.6472284,35.4404952],[139.6481855,35.4409515],[139.6490275,35.4413274],[139.6498361,35.4416557],[139.6507814,35.4420157]]}},{"type":"Feature","id":84530206,"properties":{"osm_id":84530206,"highway":"motorway_link","oneway":"yes","name":"","name_en":"","ref":"","destination":"","maxspeed":"","bridge":"yes","tunnel":"","layer":"3"},"geometry":{"type":"LineString","coordinates":[[139.6228523,35.4353047],[139.6225057,35.4342261],[139.6223062,35.4336305],[139.6222431,35.4334769],[139.6221878,35.4333688],[139.6221256,35.4332806],[139.6220598,35.4332035],[139.6219843,35.4331303],[139.6219127,35.4330751],[139.6218269,35.4330165],[139.6217268,35.4329624],[139.6216122,35.4329168],[139.6214738,35.4328764],[139.6213228,35.4328495],[139.6211632,35.4328347],[139.6209705,35.4328245],[139.6207493,35.4328221],[139.6203579,35.4328302],[139.6199833,35.4328527],[139.6192765,35.4329032]]}},{"type":"Feature","id":84530208,"properties":{"osm_id":84530208,"highway":"motorway","oneway":"yes","name":"首都高速神奈川3号狩場線","name_en":"Kanagawa Route 3 Kariba Line","ref":"K3","destination":"","maxspeed":"50","bridge":"yes","tunnel":"","layer":"3"},"geometry":{"type":"LineString","coordinates":[[139.6426485,35.4384685],[139.6418369,35.4382747],[139.6414568,35.4381851],[139.6412386,35.4381325],[139.6410004,35.4380674],[139.6407971,35.4380005],[139.6406021,35.4379254],[139.6402837,35.4377978],[139.6399644,35.4376585],[139.6395381,35.4374792],[139.639021,35.4372761],[139.6388265,35.4372111],[139.638621,35.437155],[139.6383284,35.4370986],[139.6379663,35.4370559]]}},{"type":"Feature","id":84530623,"properties":{"osm_id":84530623,"highway":"motorway","oneway":"yes","name":"首都高速神奈川3号狩場線","name_en":"Kanagawa Route 3 Kariba Line","ref":"K3","destination":"","maxspeed":"50","bridge":"yes","tunnel":"","layer":"3"},"geometry":{"type":"LineString","coordinates":[[139.6558692,35.4432968],[139.6561267,35.4432816],[139.6563906,35.4432477],[139.6568535,35.443156],[139.6571336,35.4430793],[139.657342,35.4430033],[139.6575393,35.4429184],[139.6577748,35.4427962],[139.6580251,35.4426412],[139.6582497,35.4424824],[139.6585058,35.4422841],[139.6594152,35.44152],[139.6603375,35.4407296],[139.6612276,35.4400134]]}},{"type":"Feature","id":84530627,"properties":{"osm_id":84530627,"highway":"motorway_link","oneway":"yes","name":"首都高速神奈川1号横羽線","name_en":"Kanagawa Route 1 Yokohane Line","ref":"K1","destination":"","maxspeed":"50","bridge":"yes","tunnel":"","layer":"3"},"geometry":{"type":"LineString","coordinates":[[139.6416928,35.4405629],[139.6417475,35.4404914],[139.6418111,35.4403949],[139.6418789,35.4402739],[139.6419524,35.4401278],[139.6420216,35.4399572],[139.642054,35.4398287],[139.6420715,35.4396812],[139.6420687,35.4395209],[139.6420516,35.4394001],[139.6420067,35.4392177],[139.6419287,35.439034],[139.6418461,35.4389064],[139.6417372,35.4387635],[139.6416034,35.4386265],[139.6414556,35.4385041],[139.6412741,35.4383844],[139.6410314,35.4382394],[139.6408124,35.4381183],[139.6405657,35.4379949],[139.6402471,35.4378462],[139.6395755,35.4375514],[139.6391707,35.4373948],[139.6387831,35.4372586],[139.6385184,35.4371815],[139.6383204,35.4371304],[139.6379663,35.4370559]]}},{"type":"Feature","id":84530629,"properties":{"osm_id":84530629,"highway":"motorway","oneway":"yes","name":"首都高速神奈川3号狩場線","name_en":"Kanagawa Route 3 Kariba Line","ref":"K3","destination":"","maxspeed":"50","bridge":"yes","tunnel":"","layer":"3"},"geometry":{"type":"LineString","coordinates":[[139.6558813,35.443214],[139.6554146,35.4432236],[139.6550066,35.443207],[139.6546376,35.443162],[139.6542643,35.4430907],[139.653916,35.4429995],[139.6534422,35.4428519],[139.6519693,35.4423446],[139.6510721,35.4420159],[139.650646,35.4418692],[139.6502011,35.4417051],[139.6495157,35.4414195],[139.6489049,35.4411551],[139.6482506,35.4408562],[139.6471555,35.4403382]]}},{"type":"Feature","id":84530632,"properties":{"osm_id":84530632,"highway":"motorway_link","oneway":"yes","name":"首都高速神奈川1号横羽線","name_en":"Kanagawa Route 1 Yokohane Line","ref":"K1","destination":"","maxspeed":"50","bridge":"yes","tunnel":"","layer":"2"},"geometry":{"type":"LineString","coordinates":[[139.6387681,35.4373193],[139.6397319,35.4377462],[139.6401796,35.4379332],[139.6407696,35.438199],[139.6410366,35.4383338],[139.6412327,35.4384535],[139.6414477,35.4386057],[139.6415914,35.4387418],[139.6417096,35.4388803],[139.6417971,35.4390117],[139.6418871,35.4392059],[139.6419407,35.4393929],[139.6419631,35.4395606],[139.6419605,35.4397263],[139.6419367,35.4398856],[139.6419003,35.4400224],[139.6418694,35.4401014]]}},{"type":"Feature","id":84530633,"properties":{"osm_id":84530633,"highway":"motorway_link","oneway":"yes","name":"首都高速神奈川1号横羽線","name_en":"Kanagawa Route 1 Yokohane Line","ref":"K1","destination":"","maxspeed":"50","bridge":"","tunnel":"yes","layer":"-2"},"geometry":{"type":"LineString","coordinates":[[139.6418694,35.4401014],[139.6417647,35.4403163],[139.6416224,35.4405346],[139.6415183,35.4406614],[139.6414046,35.4407787],[139.6412954,35.4408747],[139.641203,35.4409414],[139.6410066,35.4410623],[139.6405811,35.4412903]]}},{"type":"Feature","id":84530636,"properties":{"osm_id":84530636,"highway":"motorway_link","oneway":"yes","name":"首都高速神奈川1号横羽線","name_en":"Kanagawa Route 1 Yokohane Line","ref":"K1","destination":"保土ヶ谷バイパス","maxspeed":"","bridge":"","tunnel":"yes","layer":"-1"},"geometry":{"type":"LineString","coordinates":[[139.6403225,35.4415965],[139.6406874,35.4413867],[139.6410098,35.4412093],[139.6411532,35.441122],[139.6412585,35.441041],[139.641343,35.4409653],[139.6414453,35.4408609],[139.6415519,35.4407365],[139.6416928,35.4405629]]}},{"type":"Feature","id":84619191,"properties":{"osm_id":84619191,"highway":"motorway_link","oneway":"yes","name":"","name_en":"","ref":"","destination":"","maxspeed":"","bridge":"yes","tunnel":"","layer":"4"},"geometry":{"type":"LineString","coordinates":[[139.6880847,35.6513256],[139.6880429,35.6513622],[139.687949,35.6514316],[139.6878556,35.6515027],[139.687782,35.6515548],[139.687714,35.6515971],[139.6876447,35.6516347],[139.6875767,35.6516674],[139.6875334,35.6516858],[139.6874878,35.6517012],[139.6874382,35.651714],[139.687376,35.6517262],[139.6873159,35.6517339],[139.6872503,35.651739],[139.6871915,35.6517403],[139.6871332,35.6517377],[139.6870632,35.6517315],[139.6869841,35.6517189],[139.6868961,35.6517005],[139.6868125,35.6516749],[139.6867029,35.6516342],[139.6865791,35.6515834],[139.6864338,35.6515205]]}},{"type":"Feature","id":84619193,"properties":{"osm_id":84619193,"highway":"motorway_link","oneway":"yes","name":"","name_en":"","ref":"","destination":"","maxspeed":"","bridge":"yes","tunnel":"","layer":"3"},"geometry":{"type":"LineString","coordinates":[[139.6886786,35.652579],[139.6891819,35.6527336],[139.690007,35.6529743],[139.6905686,35.6531095]]}},{"type":"Feature","id":87661635,"properties":{"osm_id":87661635,"highway":"motorway_link","oneway":"yes","name":"","name_en":"","ref":"","destination":"","maxspeed":"","bridge":"","tunnel":"","layer":"0"},"geometry":{"type":"LineString","coordinates":[[139.6159028,35.4684522],[139.6159575,35.4684621],[139.6160042,35.4684775],[139.616056,35.4684986],[139.6161046,35.4685235],[139.6161758,35.4685513],[139.6162523,35.4685725],[139.6163202,35.4685829],[139.6163971,35.468587],[139.6164847,35.4685868],[139.6165974,35.4685817],[139.6167196,35.468571],[139.6172726,35.4684915]]}},{"type":"Feature","id":90184161,"properties":{"osm_id":90184161,"highway":"motorway","oneway":"yes","name":"首都高速中央環状線","name_en":"Central Circular Route","ref":"C2","destination":"","maxspeed":"","bridge":"","tunnel":"yes","layer":"-3"},"geometry":{"type":"LineString","coordinates":[[139.6884286,35.6791106],[139.6884681,35.679306],[139.6886932,35.6808239],[139.6887031,35.6809363],[139.6887071,35.6810572],[139.6887109,35.6811911],[139.6887084,35.6813178],[139.6886945,35.6814632],[139.6886648,35.6815753],[139.6886227,35.681698],[139.6885738,35.681805],[139.6885222,35.6818986],[139.6884677,35.6819813],[139.688398,35.682072],[139.68832,35.6821612],[139.6882164,35.6822678],[139.688051,35.6824343],[139.6875515,35.6829479],[139.6864505,35.6840947],[139.6859582,35.6846654],[139.6855126,35.6852495],[139.685238,35.685613],[139.6848587,35.6861178],[139.6847061,35.6863015],[139.6845447,35.6864914],[139.6843749,35.6866742],[139.6839515,35.687081],[139.6828037,35.6882046],[139.6824326,35.688562],[139.6822428,35.6887729],[139.6821736,35.6888556],[139.6820503,35.6890008],[139.6819392,35.689151],[139.6818675,35.689269],[139.6817876,35.6894144],[139.6817238,35.6895575],[139.6816707,35.6896898],[139.6816263,35.6898298],[139.6815855,35.6900224],[139.6815553,35.6902128],[139.6815404,35.6904482],[139.681545,35.6906617],[139.6815782,35.690898],[139.6816198,35.6911967],[139.6818483,35.6922777],[139.6819645,35.6928917],[139.6820799,35.6935098],[139.6823301,35.6948015],[139.6827378,35.6967561],[139.6828016,35.6971256],[139.6828669,35.6976462],[139.6829225,35.6982831],[139.682972,35.6991299],[139.6829912,35.699442],[139.6830083,35.6996509],[139.6830136,35.6997517],[139.6830201,35.69994],[139.6830192,35.700043],[139.6830014,35.7002629],[139.6829913,35.7003537],[139.6829769,35.7004475],[139.6829428,35.7006092],[139.6829065,35.7007508],[139.6828666,35.7008769],[139.6827739,35.701098],[139.682501,35.7017154],[139.6824264,35.7019103],[139.6823714,35.7020761],[139.6823292,35.7022449],[139.6822998,35.7024281],[139.6822822,35.7026067],[139.6822749,35.7028067],[139.6822788,35.7029924],[139.6822853,35.7031551],[139.6825616,35.7054675],[139.6826216,35.7058915],[139.682645,35.7060083],[139.6826736,35.7061195],[139.6827641,35.7063811],[139.6828149,35.7065269],[139.6829208,35.7067667],[139.6853017,35.7119188]]}},{"type":"Feature","id":92243921,"properties":{"osm_id":92243921,"highway":"motorway_link","oneway":"yes","name":"神田橋入口","name_en":"Shuto Expressway","ref":"","destination":"","maxspeed":"","bridge":"","tunnel":"","layer":"0"},"geometry":{"type":"LineString","coordinates":[[139.7644248,35.6896727],[139.7644935,35.6895755],[139.7645212,35.6895363]]}},{"type":"Feature","id":92243922,"properties":{"osm_id":92243922,"highway":"motorway_link","oneway":"yes","name":"神田橋出口","name_en":"","ref":"","destination":"大手町;日比谷通り","maxspeed":"","bridge":"yes","tunnel":"","layer":"3"},"geometry":{"type":"LineString","coordinates":[[139.766701,35.6887461],[139.7652874,35.688993],[139.7647714,35.6890849],[139.7646418,35.689103],[139.7645192,35.6891008]]}},{"type":"Feature","id":93325434,"properties":{"osm_id":93325434,"highway":"motorway_link","oneway":"yes","name":"","name_en":"","ref":"","destination":"","maxspeed":"60","bridge":"yes","tunnel":"","layer":"3"},"geometry":{"type":"LineString","coordinates":[[139.7559984,35.6934076],[139.7563863,35.6931267],[139.7565027,35.6930502],[139.7566259,35.6929786],[139.7567857,35.6928968],[139.7569161,35.6928325],[139.7570057,35.6927859],[139.7570921,35.6927322]]}},{"type":"Feature","id":93325438,"properties":{"osm_id":93325438,"highway":"motorway_link","oneway":"yes","name":"","name_en":"","ref":"","destination":"","maxspeed":"","bridge":"","tunnel":"","layer":"0"},"geometry":{"type":"LineString","coordinates":[[139.7588896,35.6908991],[139.7587381,35.6909293],[139.7587207,35.6909355]]}},{"type":"Feature","id":93713570,"properties":{"osm_id":93713570,"highway":"motorway_link","oneway":"yes","name":"","name_en":"","ref":"","destination":"","maxspeed":"","bridge":"yes","tunnel":"","layer":"1"},"geometry":{"type":"LineString","coordinates":[[139.7578133,35.6914019],[139.7576327,35.6915817],[139.7573617,35.691852],[139.7568779,35.6923358]]}},{"type":"Feature","id":93713595,"properties":{"osm_id":93713595,"highway":"motorway_link","oneway":"yes","name":"","name_en":"","ref":"","destination":"","maxspeed":"","bridge":"yes","tunnel":"","layer":"1"},"geometry":{"type":"LineString","coordinates":[[139.7570921,35.6927322],[139.7571754,35.6926645],[139.7572598,35.6925838],[139.7578825,35.6919226],[139.7579538,35.6918493],[139.7580258,35.6917836]]}},{"type":"Feature","id":93902127,"properties":{"osm_id":93902127,"highway":"motorway_link","oneway":"yes","name":"","name_en":"","ref":"","destination":"","maxspeed":"","bridge":"","tunnel":"","layer":"0"},"geometry":{"type":"LineString","coordinates":[[139.7358693,35.5883667],[139.7359006,35.5885766],[139.7359007,35.5886246],[139.7359018,35.5886743],[139.7358908,35.588867]]}},{"type":"Feature","id":94938038,"properties":{"osm_id":94938038,"highway":"motorway_link","oneway":"yes","name":"","name_en":"","ref":"","destination":"","maxspeed":"","bridge":"yes","tunnel":"","layer":"2"},"geometry":{"type":"LineString","coordinates":[[139.6858687,35.6513283],[139.6859847,35.6513512],[139.6860511,35.6513622],[139.6861556,35.6513787],[139.6862429,35.6513928],[139.6863485,35.6514122],[139.6864397,35.6514283],[139.6867925,35.6514797],[139.6871381,35.6515354],[139.6872861,35.6515457],[139.6873684,35.6515477],[139.6874468,35.6515473],[139.6875252,35.6515441],[139.6876,35.6515362],[139.6876728,35.651525],[139.6877624,35.6515055],[139.6878527,35.6514792],[139.6879262,35.6514534],[139.687978,35.6514304],[139.6880224,35.6514063],[139.6880491,35.6513892],[139.6880736,35.6513718]]}},{"type":"Feature","id":98440859,"properties":{"osm_id":98440859,"highway":"motorway_link","oneway":"yes","name":"","name_en":"","ref":"","destination":"","maxspeed":"","bridge":"","tunnel":"yes","layer":"-1"},"geometry":{"type":"LineString","coordinates":[[139.6821217,35.6931102],[139.6821553,35.6932681],[139.6822071,35.6935686],[139.6823301,35.6948015]]}},{"type":"Feature","id":106228677,"properties":{"osm_id":106228677,"highway":"motorway_link","oneway":"yes","name":"","name_en":"","ref":"","destination":"","maxspeed":"","bridge":"yes","tunnel":"","layer":"2"},"geometry":{"type":"LineString","coordinates":[[139.6061017,35.6804266],[139.6063679,35.6803773],[139.6065869,35.6803294],[139.6069599,35.6802253],[139.6074308,35.680084],[139.6080769,35.6798807],[139.6082926,35.6798069]]}},{"type":"Feature","id":106909100,"properties":{"osm_id":106909100,"highway":"motorway","oneway":"yes","name":"首都高速2号目黒線","name_en":"Route 2 Meguro Line","ref":"2","destination":"","maxspeed":"","bridge":"","tunnel":"","layer":"0"},"geometry":{"type":"LineString","coordinates":[[139.7174282,35.6169862],[139.7175668,35.6172398],[139.7177486,35.6175973]]}},{"type":"Feature","id":106911692,"properties":{"osm_id":106911692,"highway":"motorway","oneway":"yes","name":"首都高速2号目黒線","name_en":"Route 2 Meguro Line","ref":"2","destination":"","maxspeed":"","bridge":"","tunnel":"","layer":"0"},"geometry":{"type":"LineString","coordinates":[[139.717825,35.6175737],[139.717675,35.6172535],[139.7175451,35.6169469]]}},{"type":"Feature","id":107771260,"properties":{"osm_id":107771260,"highway":"motorway_link","oneway":"yes","name":"","name_en":"","ref":"","destination":"","maxspeed":"","bridge":"","tunnel":"","layer":"0"},"geometry":{"type":"LineString","coordinates":[[139.6986631,35.681085],[139.6988598,35.6809943],[139.6990142,35.6809155],[139.6992498,35.6807807]]}},{"type":"Feature","id":125747710,"properties":{"osm_id":125747710,"highway":"motorway_link","oneway":"yes","name":"第三京浜道路","name_en":"","ref":"","destination":"","maxspeed":"30","bridge":"","tunnel":"","layer":"0"},"geometry":{"type":"LineString","coordinates":[[139.600784,35.4743207],[139.6009568,35.4742348],[139.6011046,35.4742018],[139.6012519,35.4742135],[139.6014176,35.4742896],[139.6015445,35.4744026],[139.6015995,35.4745463],[139.6016052,35.4747019],[139.6015602,35.4748219],[139.6014882,35.4749099],[139.6013772,35.4749845],[139.6012661,35.47503],[139.6011702,35.4750502],[139.6010284,35.4750604],[139.6008911,35.4750493],[139.6007375,35.4750298],[139.6005608,35.4749977],[139.6003747,35.4749504],[139.6002276,35.474913]]}},{"type":"Feature","id":129647458,"properties":{"osm_id":129647458,"highway":"motorway_link","oneway":"yes","name":"","name_en":"","ref":"","destination":"","maxspeed":"","bridge":"","tunnel":"","layer":"0"},"geometry":{"type":"LineString","coordinates":[[139.607708,35.4706541],[139.607384,35.470695]]}},{"type":"Feature","id":129647461,"properties":{"osm_id":129647461,"highway":"motorway_link","oneway":"yes","name":"","name_en":"","ref":"","destination":"","maxspeed":"","bridge":"","tunnel":"yes","layer":"-1"},"geometry":{"type":"LineString","coordinates":[[139.6087796,35.4708646],[139.6078885,35.4706632],[139.607708,35.4706541]]}},{"type":"Feature","id":129647464,"properties":{"osm_id":129647464,"highway":"motorway_link","oneway":"yes","name":"","name_en":"","ref":"","destination":"","maxspeed":"","bridge":"","tunnel":"","layer":"0"},"geometry":{"type":"LineString","coordinates":[[139.610478,35.4711018],[139.6099958,35.4710844],[139.6096059,35.4710415],[139.6087796,35.4708646]]}},{"type":"Feature","id":129647465,"properties":{"osm_id":129647465,"highway":"motorway","oneway":"yes","name":"首都高速神奈川2号三ツ沢線","name_en":"Kanagawa Route 2 Mitsuzawa Line","ref":"K2","destination":"","maxspeed":"","bridge":"","tunnel":"","layer":"0"},"geometry":{"type":"LineString","coordinates":[[139.6050829,35.4713554],[139.6049953,35.4714311],[139.6047404,35.4716514]]}},{"type":"Feature","id":129647471,"properties":{"osm_id":129647471,"highway":"motorway","oneway":"yes","name":"首都高速神奈川2号三ツ沢線","name_en":"Kanagawa Route 2 Mitsuzawa Line","ref":"K2","destination":"","maxspeed":"60","bridge":"","tunnel":"yes","layer":"-1"},"geometry":{"type":"LineString","coordinates":[[139.6109522,35.4710615],[139.6111558,35.4709801],[139.6113189,35.470916],[139.6114795,35.4708439],[139.6116146,35.4707802],[139.6136369,35.4697297]]}},{"type":"Feature","id":129647473,"properties":{"osm_id":129647473,"highway":"motorway","oneway":"yes","name":"首都高速神奈川2号三ツ沢線","name_en":"Kanagawa Route 2 Mitsuzawa Line","ref":"K2","destination":"","maxspeed":"","bridge":"","tunnel":"","layer":"0"},"geometry":{"type":"LineString","coordinates":[[139.6102645,35.4712072],[139.6103881,35.4711973],[139.6105352,35.4711767],[139.6106724,35.4711486],[139.6108174,35.4711086],[139.6109522,35.4710615]]}},{"type":"Feature","id":129647477,"properties":{"osm_id":129647477,"highway":"motorway","oneway":"yes","name":"首都高速神奈川2号三ツ沢線","name_en":"Kanagawa Route 2 Mitsuzawa Line","ref":"K2","destination":"","maxspeed":"60","bridge":"","tunnel":"","layer":"0"},"geometry":{"type":"LineString","coordinates":[[139.6127097,35.4701698],[139.6114734,35.4708001],[139.611274,35.4708857],[139.6110654,35.4709643],[139.610899,35.4710163],[139.6106808,35.4710683],[139.610478,35.4711018],[139.6102776,35.4711232],[139.610079,35.4711348],[139.6098972,35.4711377],[139.6097063,35.471128],[139.609524,35.4711057],[139.6092818,35.4710627],[139.6090762,35.4710158],[139.6087533,35.4709326]]}},{"type":"Feature","id":129647481,"properties":{"osm_id":129647481,"highway":"motorway","oneway":"yes","name":"首都高速神奈川2号三ツ沢線","name_en":"Kanagawa Route 2 Mitsuzawa Line","ref":"K2","destination":"","maxspeed":"60","bridge":"","tunnel":"yes","layer":"-1"},"geometry":{"type":"LineString","coordinates":[[139.6052656,35.4714169],[139.6053543,35.4713337],[139.6054424,35.4712615],[139.6055422,35.471188],[139.6056467,35.4711162],[139.6058094,35.4710243],[139.6059849,35.4709356],[139.6061118,35.4708824],[139.6062524,35.4708326],[139.6064108,35.4707894],[139.6065326,35.4707619],[139.6066637,35.4707366],[139.6067801,35.4707212],[139.6069912,35.4707072],[139.6072311,35.4707058],[139.6073964,35.4707163],[139.6075757,35.4707314],[139.607786,35.4707627],[139.6080517,35.4708188],[139.6087327,35.4709863],[139.6094353,35.471164],[139.6095893,35.4711911],[139.6097628,35.4712099],[139.6099445,35.4712166],[139.6100846,35.4712128],[139.6102645,35.4712072]]}},{"type":"Feature","id":129647484,"properties":{"osm_id":129647484,"highway":"motorway","oneway":"yes","name":"首都高速神奈川2号三ツ沢線","name_en":"Kanagawa Route 2 Mitsuzawa Line","ref":"K2","destination":"","maxspeed":"60","bridge":"","tunnel":"yes","layer":"-1"},"geometry":{"type":"LineString","coordinates":[[139.6087533,35.4709326],[139.6079738,35.4707346],[139.6077587,35.4706879],[139.6075724,35.4706602],[139.6073936,35.4706392],[139.6072062,35.4706277],[139.6069931,35.4706259],[139.6067738,35.4706403],[139.6065645,35.4706652],[139.6063878,35.4706996],[139.6062111,35.4707412],[139.6060526,35.4707877],[139.605905,35.4708443],[139.6057426,35.4709194],[139.6055492,35.4710233],[139.6053973,35.4711122],[139.6052511,35.4712163],[139.6050829,35.4713554]]}},{"type":"Feature","id":133037880,"properties":{"osm_id":133037880,"highway":"motorway_link","oneway":"yes","name":"首都高速都心環状線","name_en":"Inner Circular Route","ref":"","destination":"","maxspeed":"","bridge":"yes","tunnel":"","layer":"1"},"geometry":{"type":"LineString","coordinates":[[139.7486635,35.6894225],[139.7493054,35.6893986],[139.7495737,35.6893768],[139.7498848,35.6893637]]}},{"type":"Feature","id":135176137,"properties":{"osm_id":135176137,"highway":"motorway_link","oneway":"yes","name":"","name_en":"","ref":"","destination":"","maxspeed":"","bridge":"","tunnel":"","layer":"0"},"geometry":{"type":"LineString","coordinates":[[139.6282256,35.4551822],[139.6283255,35.4551021],[139.6284141,35.4550482],[139.6285235,35.4549972],[139.6286399,35.4549628],[139.6287454,35.4549495],[139.6288554,35.4549473],[139.6289699,35.4549592],[139.6290686,35.4549792],[139.6291738,35.4550127],[139.6292872,35.4550595],[139.6293963,35.4551121],[139.6295032,35.4551686],[139.6296177,35.4552291]]}},{"type":"Feature","id":135176138,"properties":{"osm_id":135176138,"highway":"motorway_link","oneway":"yes","name":"","name_en":"","ref":"","destination":"","maxspeed":"","bridge":"","tunnel":"","layer":"0"},"geometry":{"type":"LineString","coordinates":[[139.6296849,35.4551522],[139.6295658,35.4550892],[139.6293423,35.4549708],[139.6291787,35.4548812],[139.6291237,35.4548523],[139.6289951,35.4547871],[139.6288949,35.4547462],[139.6287915,35.4547127],[139.6286883,35.454688]]}},{"type":"Feature","id":135176139,"properties":{"osm_id":135176139,"highway":"motorway_link","oneway":"yes","name":"","name_en":"","ref":"","destination":"","maxspeed":"40","bridge":"yes","tunnel":"","layer":"2"},"geometry":{"type":"LineString","coordinates":[[139.6273826,35.4555221],[139.6266704,35.4563319],[139.6261296,35.4570386]]}},{"type":"Feature","id":135176141,"properties":{"osm_id":135176141,"highway":"motorway_link","oneway":"yes","name":"","name_en":"","ref":"","destination":"","maxspeed":"","bridge":"yes","tunnel":"","layer":"2"},"geometry":{"type":"LineString","coordinates":[[139.625857,35.4575329],[139.6262861,35.45711],[139.6266672,35.4567267],[139.6271798,35.4562774],[139.6273592,35.4561067],[139.627685,35.4557461]]}},{"type":"Feature","id":135176142,"properties":{"osm_id":135176142,"highway":"motorway_link","oneway":"yes","name":"","name_en":"","ref":"","destination":"","maxspeed":"","bridge":"","tunnel":"","layer":"0"},"geometry":{"type":"LineString","coordinates":[[139.6288575,35.4540958],[139.6286532,35.4542457],[139.6283968,35.4544698],[139.6282749,35.4545831],[139.6281571,35.4546898],[139.6280631,35.4547594],[139.6279849,35.4548193],[139.6278809,35.4549106],[139.6273421,35.4554976],[139.626703,35.4562196],[139.6266787,35.456255],[139.6266692,35.4562915],[139.6266799,35.4563397],[139.626702,35.456371],[139.6267502,35.4564107],[139.6268817,35.4564997],[139.6271431,35.4566427]]}},{"type":"Feature","id":135176143,"properties":{"osm_id":135176143,"highway":"motorway_link","oneway":"yes","name":"","name_en":"","ref":"","destination":"","maxspeed":"","bridge":"yes","tunnel":"","layer":"2"},"geometry":{"type":"LineString","coordinates":[[139.6286883,35.454688],[139.6285684,35.4546744],[139.6284578,35.4546772],[139.6283502,35.4546914],[139.6282819,35.4547065],[139.62821,35.4547332],[139.6281485,35.4547627],[139.6281049,35.4547887],[139.6280141,35.4548576],[139.6279225,35.4549398],[139.6276921,35.4551883],[139.6273826,35.4555221]]}},{"type":"Feature","id":151175275,"properties":{"osm_id":151175275,"highway":"motorway_link","oneway":"yes","name":"首都高速道路","name_en":"Shuto Expressway","ref":"","destination":"","maxspeed":"","bridge":"","tunnel":"","layer":"0"},"geometry":{"type":"LineString","coordinates":[[139.8063846,35.6719615],[139.8062456,35.6719231],[139.8061639,35.6719345],[139.8052765,35.6720422]]}},{"type":"Feature","id":151175279,"properties":{"osm_id":151175279,"highway":"motorway_link","oneway":"yes","name":"","name_en":"","ref":"","destination":"辰巳;三つ目通り","maxspeed":"","bridge":"yes","tunnel":"","layer":"2"},"geometry":{"type":"LineString","coordinates":[[139.8010579,35.6728741],[139.8011951,35.6729074],[139.8013246,35.6729046],[139.8016432,35.6728587],[139.8023056,35.6727402],[139.8031636,35.6725944]]}},{"type":"Feature","id":152013412,"properties":{"osm_id":152013412,"highway":"motorway_link","oneway":"yes","name":"花之木出口","name_en":"Hanokiki exit","ref":"","destination":"","maxspeed":"","bridge":"yes","tunnel":"","layer":"3"},"geometry":{"type":"LineString","coordinates":[[139.6162213,35.433747],[139.6158499,35.4339142],[139.6152891,35.4342108],[139.6144709,35.4346664]]}},{"type":"Feature","id":152013415,"properties":{"osm_id":152013415,"highway":"motorway_link","oneway":"yes","name":"花之木入口","name_en":"","ref":"","destination":"","maxspeed":"40","bridge":"yes","tunnel":"","layer":"1"},"geometry":{"type":"LineString","coordinates":[[139.6130964,35.4357211],[139.6139031,35.4352473],[139.6140159,35.4351886],[139.6146264,35.4348711],[139.6151488,35.434566]]}},{"type":"Feature","id":154971210,"properties":{"osm_id":154971210,"highway":"motorway_link","oneway":"yes","name":"","name_en":"","ref":"","destination":"","maxspeed":"40","bridge":"","tunnel":"","layer":"1"},"geometry":{"type":"LineString","coordinates":[[139.7975075,35.7064688],[139.7973206,35.7060959],[139.7971324,35.7057059],[139.7968731,35.7051994],[139.7967396,35.7049391],[139.7966619,35.7048129],[139.7964757,35.7045378],[139.7963454,35.7043792]]}},{"type":"Feature","id":155035360,"properties":{"osm_id":155035360,"highway":"motorway_link","oneway":"yes","name":"","name_en":"","ref":"","destination":"","maxspeed":"","bridge":"","tunnel":"","layer":"0"},"geometry":{"type":"LineString","coordinates":[[139.8158781,35.6930902],[139.8155385,35.6930682],[139.8154337,35.6930703],[139.8153883,35.6930791],[139.8153789,35.6930815],[139.8153503,35.6930925],[139.8152804,35.6931368],[139.8152482,35.6931635],[139.8152153,35.6931908]]}},{"type":"Feature","id":155035409,"properties":{"osm_id":155035409,"highway":"motorway_link","oneway":"yes","name":"","name_en":"","ref":"","destination":"","maxspeed":"","bridge":"yes","tunnel":"","layer":"3"},"geometry":{"type":"LineString","coordinates":[[139.8109958,35.6928276],[139.8104717,35.6927409],[139.8101081,35.6926856],[139.8095367,35.6926471],[139.8094686,35.6926425],[139.8093768,35.6926394],[139.8091031,35.6926302],[139.8088007,35.6926387],[139.8084809,35.6926586],[139.807831,35.6926857]]}},{"type":"Feature","id":157249373,"properties":{"osm_id":157249373,"highway":"motorway_link","oneway":"yes","name":"首都高速道路","name_en":"Metropolitan Expressway","ref":"","destination":"","maxspeed":"40","bridge":"yes","tunnel":"","layer":"2"},"geometry":{"type":"LineString","coordinates":[[139.7870663,35.6815034],[139.7869264,35.6813823],[139.786897,35.6813471],[139.7868696,35.6813071],[139.7868555,35.6812701],[139.7868526,35.6812281],[139.786856,35.6811919],[139.7868729,35.6811418],[139.7869144,35.6810411],[139.7869423,35.6809913],[139.7878421,35.679878],[139.7879255,35.6797858],[139.7879943,35.6797167],[139.7880751,35.6796285],[139.7881655,35.6795408],[139.7882644,35.6794622],[139.7883737,35.6793882],[139.7884592,35.6793323],[139.7885797,35.6792683],[139.7887378,35.6791866],[139.7890575,35.679048]]}},{"type":"Feature","id":157249374,"properties":{"osm_id":157249374,"highway":"motorway_link","oneway":"yes","name":"首都高速6号向島線","name_en":"Shuto Expressway Route 6 Mukojima Line","ref":"","destination":"箱崎","maxspeed":"40","bridge":"yes","tunnel":"","layer":"4"},"geometry":{"type":"LineString","coordinates":[[139.7919308,35.6851845],[139.7918521,35.685049],[139.7917889,35.6849554],[139.7916871,35.6848481],[139.7915949,35.6847688],[139.7913451,35.6845712]]}},{"type":"Feature","id":157249376,"properties":{"osm_id":157249376,"highway":"motorway_link","oneway":"yes","name":"","name_en":"","ref":"","destination":"","maxspeed":"40","bridge":"yes","tunnel":"","layer":"1"},"geometry":{"type":"LineString","coordinates":[[139.7834302,35.6802426],[139.7836154,35.6803297],[139.7847871,35.6808806],[139.7857579,35.6813572]]}},{"type":"Feature","id":157249377,"properties":{"osm_id":157249377,"highway":"motorway_link","oneway":"yes","name":"","name_en":"","ref":"","destination":"","maxspeed":"40","bridge":"yes","tunnel":"","layer":"1"},"geometry":{"type":"LineString","coordinates":[[139.78848,35.6821823],[139.7875377,35.6817005]]}},{"type":"Feature","id":157249379,"properties":{"osm_id":157249379,"highway":"motorway_link","oneway":"yes","name":"","name_en":"","ref":"","destination":"","maxspeed":"","bridge":"","tunnel":"","layer":"0"},"geometry":{"type":"LineString","coordinates":[[139.7872552,35.6846468],[139.7871103,35.6848335],[139.7870255,35.6848966],[139.7869413,35.6849669]]}},{"type":"Feature","id":157249382,"properties":{"osm_id":157249382,"highway":"motorway_link","oneway":"yes","name":"Mukojima Route","name_en":"Mukojima Route","ref":"","destination":"清洲橋通り","maxspeed":"40","bridge":"yes","tunnel":"","layer":"2"},"geometry":{"type":"LineString","coordinates":[[139.7887769,35.6828845],[139.7891208,35.6830691],[139.789242,35.6831466]]}},{"type":"Feature","id":157249384,"properties":{"osm_id":157249384,"highway":"motorway_link","oneway":"yes","name":"","name_en":"","ref":"","destination":"","maxspeed":"40","bridge":"yes","tunnel":"","layer":"2"},"geometry":{"type":"LineString","coordinates":[[139.7887769,35.6828845],[139.7894001,35.6833597],[139.7899196,35.6837413],[139.7911341,35.6846838]]}},{"type":"Feature","id":157249387,"properties":{"osm_id":157249387,"highway":"motorway_link","oneway":"yes","name":"","name_en":"","ref":"","destination":"","maxspeed":"40","bridge":"","tunnel":"","layer":"0"},"geometry":{"type":"LineString","coordinates":[[139.7834446,35.6802125],[139.783248,35.6801216],[139.7831909,35.6800702],[139.7831675,35.6800293],[139.783146,35.6799769]]}},{"type":"Feature","id":157249388,"properties":{"osm_id":157249388,"highway":"motorway_link","oneway":"yes","name":"","name_en":"","ref":"","destination":"","maxspeed":"60","bridge":"yes","tunnel":"","layer":"2"},"geometry":{"type":"LineString","coordinates":[[139.787656,35.6797654],[139.7874165,35.6800645],[139.78724,35.6803368],[139.7870032,35.6807159],[139.786864,35.6808592],[139.7868036,35.6809071],[139.7867378,35.6809517],[139.7866479,35.681],[139.7865586,35.6810379],[139.786468,35.6810622],[139.7863544,35.6810785],[139.7862495,35.6810862],[139.7861486,35.6810927]]}},{"type":"Feature","id":157249390,"properties":{"osm_id":157249390,"highway":"motorway_link","oneway":"yes","name":"首都高速道路","name_en":"Metropolitan Expressway","ref":"","destination":"","maxspeed":"40","bridge":"","tunnel":"","layer":"0"},"geometry":{"type":"LineString","coordinates":[[139.7890939,35.6828433],[139.7890236,35.682664],[139.7889728,35.6824942],[139.7889547,35.6824665],[139.7889315,35.6824466],[139.7887069,35.6822868],[139.7886228,35.6822441],[139.78848,35.6821823]]}},{"type":"Feature","id":161271579,"properties":{"osm_id":161271579,"highway":"motorway","oneway":"yes","name":"首都高速2号目黒線","name_en":"Route 2 Meguro Line","ref":"2","destination":"","maxspeed":"","bridge":"yes","tunnel":"","layer":"4"},"geometry":{"type":"LineString","coordinates":[[139.7181478,35.6216953],[139.7182108,35.6213046],[139.7182802,35.6208141],[139.7183003,35.6206561],[139.7183088,35.6205307],[139.7183065,35.6204736],[139.7182992,35.6204196],[139.7182805,35.6203511],[139.7182634,35.6203044],[139.7182256,35.620233],[139.7181924,35.6201843],[139.7181354,35.620119],[139.7180718,35.6200631],[139.7179782,35.6199982],[139.7177989,35.619897]]}},{"type":"Feature","id":161307287,"properties":{"osm_id":161307287,"highway":"motorway","oneway":"yes","name":"首都高速湾岸線","name_en":"Bayshore Route","ref":"B","destination":"","maxspeed":"80","bridge":"yes","tunnel":"","layer":"4"},"geometry":{"type":"LineString","coordinates":[[139.7202578,35.481308],[139.7130884,35.4781516],[139.7055171,35.4747814]]}},{"type":"Feature","id":161307288,"properties":{"osm_id":161307288,"highway":"motorway","oneway":"yes","name":"首都高速湾岸線","name_en":"Bayshore Route","ref":"B","destination":"","maxspeed":"80","bridge":"","tunnel":"","layer":"0"},"geometry":{"type":"LineString","coordinates":[[139.7335531,35.4871018],[139.7261424,35.4838748],[139.7202578,35.481308]]}},{"type":"Feature","id":161307289,"properties":{"osm_id":161307289,"highway":"motorway","oneway":"yes","name":"首都高速湾岸線","name_en":"Bayshore Route","ref":"B","destination":"","maxspeed":"80","bridge":"yes","tunnel":"","layer":"4"},"geometry":{"type":"LineString","coordinates":[[139.7334927,35.4872182],[139.7415264,35.4907368],[139.7428258,35.491321]]}},{"type":"Feature","id":161307290,"properties":{"osm_id":161307290,"highway":"motorway","oneway":"yes","name":"首都高速湾岸線","name_en":"Bayshore Route","ref":"B","destination":"","maxspeed":"80","bridge":"","tunnel":"","layer":"0"},"geometry":{"type":"LineString","coordinates":[[139.7202062,35.4814221],[139.7260638,35.4840021],[139.7334927,35.4872182]]}},{"type":"Feature","id":161462639,"properties":{"osm_id":161462639,"highway":"motorway_link","oneway":"yes","name":"首都高速神奈川１号横羽線","name_en":"","ref":"","destination":"","maxspeed":"","bridge":"yes","tunnel":"","layer":"2"},"geometry":{"type":"LineString","coordinates":[[139.7411766,35.540052],[139.7411911,35.5401631],[139.7412207,35.5403004],[139.7412588,35.5404663],[139.7412828,35.5405433],[139.7413148,35.540627],[139.7413472,35.5407056],[139.7413942,35.5407997],[139.7414614,35.5409211]]}},{"type":"Feature","id":161462642,"properties":{"osm_id":161462642,"highway":"motorway_link","oneway":"yes","name":"","name_en":"","ref":"","destination":"","maxspeed":"","bridge":"","tunnel":"","layer":"0"},"geometry":{"type":"LineString","coordinates":[[139.7412629,35.537638],[139.7412169,35.5382981]]}},{"type":"Feature","id":161462644,"properties":{"osm_id":161462644,"highway":"motorway_link","oneway":"yes","name":"首都高速神奈川１号横羽線","name_en":"","ref":"","destination":"浮島;川崎市街","maxspeed":"","bridge":"yes","tunnel":"","layer":"2"},"geometry":{"type":"LineString","coordinates":[[139.7418665,35.541601],[139.7417327,35.5411582],[139.7416801,35.5409638]]}},{"type":"Feature","id":161685349,"properties":{"osm_id":161685349,"highway":"motorway_link","oneway":"yes","name":"外苑入口","name_en":"","ref":"","destination":"","maxspeed":"","bridge":"","tunnel":"","layer":"0"},"geometry":{"type":"LineString","coordinates":[[139.7132749,35.680488],[139.7123701,35.680753]]}},{"type":"Feature","id":162828421,"properties":{"osm_id":162828421,"highway":"motorway_link","oneway":"yes","name":"","name_en":"","ref":"","destination":"","maxspeed":"","bridge":"yes","tunnel":"","layer":"1"},"geometry":{"type":"LineString","coordinates":[[139.6708839,35.4903036],[139.6709442,35.4903331],[139.6709943,35.4903664],[139.6710402,35.4904041],[139.6710803,35.4904454],[139.6711157,35.4904932],[139.6711434,35.4905451],[139.671161,35.490595],[139.6711711,35.490643],[139.671173,35.4906948],[139.6711656,35.4907455],[139.6711445,35.4907954],[139.6711183,35.490841],[139.6710847,35.4908838],[139.6710457,35.4909243],[139.6709987,35.4909632],[139.6709471,35.4909968],[139.6708916,35.4910238],[139.6708281,35.4910443],[139.670752,35.4910571],[139.6706794,35.491061],[139.6706096,35.4910583],[139.6705485,35.4910485],[139.6704932,35.4910382],[139.6704258,35.4910192],[139.6703572,35.4909955],[139.6700309,35.4908694]]}},{"type":"Feature","id":165913317,"properties":{"osm_id":165913317,"highway":"motorway_link","oneway":"yes","name":"外苑入口","name_en":"","ref":"","destination":"","maxspeed":"","bridge":"","tunnel":"yes","layer":"-1"},"geometry":{"type":"LineString","coordinates":[[139.7188214,35.6800701],[139.7200097,35.679884]]}},{"type":"Feature","id":165913321,"properties":{"osm_id":165913321,"highway":"motorway_link","oneway":"yes","name":"外苑入口","name_en":"","ref":"","destination":"","maxspeed":"","bridge":"yes","tunnel":"","layer":"2"},"geometry":{"type":"LineString","coordinates":[[139.7119104,35.6808734],[139.7113217,35.6809681],[139.7107336,35.681085],[139.7102528,35.6811975]]}},{"type":"Feature","id":165913323,"properties":{"osm_id":165913323,"highway":"motorway","oneway":"yes","name":"首都高速4号新宿線","name_en":"Route 4 Shinjuku Line","ref":"4","destination":"","maxspeed":"50","bridge":"yes","tunnel":"","layer":"1"},"geometry":{"type":"LineString","coordinates":[[139.7200097,35.679884],[139.7210747,35.6797583],[139.7213201,35.6797296],[139.7215909,35.6797089],[139.7218215,35.6796993],[139.722054,35.6797011],[139.7222998,35.6797159],[139.7225471,35.679748],[139.7227877,35.6797953],[139.7230233,35.6798532],[139.7232589,35.6799241],[139.7234826,35.6800102],[139.7237196,35.6801127],[139.7244463,35.6804483],[139.7247588,35.6805849],[139.7251277,35.6807416],[139.7263596,35.6812654]]}},{"type":"Feature","id":165913324,"properties":{"osm_id":165913324,"highway":"motorway","oneway":"yes","name":"首都高速4号新宿線","name_en":"Route 4 Shinjuku Line","ref":"4","destination":"","maxspeed":"50","bridge":"yes","tunnel":"","layer":"2"},"geometry":{"type":"LineString","coordinates":[[139.7011843,35.6800632],[139.7013306,35.6800816],[139.7028305,35.680302],[139.7043186,35.6805237],[139.7045159,35.6805582],[139.7046378,35.6805859],[139.7047372,35.6806109],[139.7048324,35.6806411],[139.7049331,35.6806794],[139.7050355,35.6807232],[139.7051854,35.6808021],[139.7056341,35.6810757],[139.705791,35.6811581],[139.7058872,35.6812005],[139.7059985,35.6812425],[139.7061046,35.6812727],[139.7062177,35.6812973],[139.7063702,35.6813177],[139.7065201,35.6813294],[139.708992,35.6814474],[139.709199,35.6814459],[139.7093921,35.681432],[139.7095852,35.6814029],[139.7102772,35.6812667],[139.7107474,35.6811792],[139.7110154,35.6811403],[139.7112928,35.6811015],[139.7139224,35.6807458],[139.7142327,35.6807021],[139.7146771,35.6806399]]}},{"type":"Feature","id":165913325,"properties":{"osm_id":165913325,"highway":"motorway","oneway":"yes","name":"首都高速4号新宿線","name_en":"Route 4 Shinjuku Line","ref":"4","destination":"","maxspeed":"50","bridge":"","tunnel":"","layer":"0"},"geometry":{"type":"LineString","coordinates":[[139.7011989,35.6799865],[139.7011003,35.6799758],[139.7009773,35.6799708],[139.7008878,35.6799722],[139.7008019,35.6799796],[139.7007215,35.6799917],[139.7006337,35.6800116],[139.7005522,35.6800352],[139.7004446,35.6800766],[139.7003273,35.6801317],[139.7002112,35.6801902],[139.6994134,35.6806063],[139.6991962,35.6807086],[139.6990457,35.6807746],[139.6989041,35.680824],[139.6987773,35.6808625],[139.6986314,35.6809009],[139.6984942,35.6809291],[139.6983681,35.6809467],[139.6982394,35.6809545],[139.6981097,35.6809556],[139.6979866,35.680948],[139.6978646,35.6809317],[139.6977428,35.6809066],[139.6976086,35.6808715],[139.6974783,35.6808309],[139.6973545,35.6807826],[139.6972352,35.680727],[139.6971213,35.680666],[139.696982,35.6805776]]}},{"type":"Feature","id":165913326,"properties":{"osm_id":165913326,"highway":"motorway","oneway":"yes","name":"首都高速4号新宿線","name_en":"Route 4 Shinjuku Line","ref":"4","destination":"","maxspeed":"60","bridge":"yes","tunnel":"","layer":"2"},"geometry":{"type":"LineString","coordinates":[[139.7146578,35.6805612],[139.7112918,35.681033],[139.7107492,35.6811123],[139.7102528,35.6811975],[139.7097865,35.6812926],[139.7095682,35.6813332],[139.7093807,35.6813607],[139.7091984,35.6813747],[139.7089905,35.6813755],[139.7065225,35.6812568],[139.706379,35.6812451],[139.7062356,35.6812224],[139.7061304,35.6812011],[139.7060299,35.6811732],[139.7059291,35.6811353],[139.7058294,35.6810908],[139.7056893,35.6810173],[139.7052284,35.6807442],[139.7050759,35.6806642],[139.7049747,35.6806183],[139.7048684,35.6805772],[139.7047663,35.6805442],[139.7046539,35.6805157],[139.7045323,35.6804913],[139.704337,35.6804592],[139.7028438,35.6802339],[139.7011989,35.6799865]]}},{"type":"Feature","id":165913327,"properties":{"osm_id":165913327,"highway":"motorway","oneway":"yes","name":"首都高速4号新宿線","name_en":"Route 4 Shinjuku Line","ref":"4","destination":"","maxspeed":"50","bridge":"","tunnel":"yes","layer":"-1"},"geometry":{"type":"LineString","coordinates":[[139.7188098,35.6800104],[139.7200097,35.679884]]}},{"type":"Feature","id":165913328,"properties":{"osm_id":165913328,"highway":"motorway","oneway":"yes","name":"首都高速4号新宿線","name_en":"Route 4 Shinjuku Line","ref":"4","destination":"","maxspeed":"60","bridge":"","tunnel":"","layer":"0"},"geometry":{"type":"LineString","coordinates":[[139.718799,35.6799415],[139.7185097,35.6799817],[139.7146578,35.6805612]]}},{"type":"Feature","id":165913329,"properties":{"osm_id":165913329,"highway":"motorway","oneway":"yes","name":"首都高速4号新宿線","name_en":"Route 4 Shinjuku Line","ref":"4","destination":"","maxspeed":"60","bridge":"","tunnel":"yes","layer":"-1"},"geometry":{"type":"LineString","coordinates":[[139.7199979,35.6798152],[139.718799,35.6799415]]}},{"type":"Feature","id":165913330,"properties":{"osm_id":165913330,"highway":"motorway","oneway":"yes","name":"首都高速4号新宿線","name_en":"Route 4 Shinjuku Line","ref":"4","destination":"","maxspeed":"50","bridge":"","tunnel":"","layer":"0"},"geometry":{"type":"LineString","coordinates":[[139.7146771,35.6806399],[139.7150414,35.6805843],[139.7185267,35.6800493],[139.7188098,35.6800104]]}},{"type":"Feature","id":169227779,"properties":{"osm_id":169227779,"highway":"motorway_link","oneway":"yes","name":"","name_en":"","ref":"","destination":"","maxspeed":"40","bridge":"","tunnel":"","layer":"0"},"geometry":{"type":"LineString","coordinates":[[139.6028383,35.4725305],[139.6026624,35.4726419],[139.6021967,35.472816],[139.6016949,35.473079],[139.6014772,35.4732426],[139.6012379,35.473473],[139.6009681,35.4738123]]}},{"type":"Feature","id":169227780,"properties":{"osm_id":169227780,"highway":"motorway_link","oneway":"yes","name":"","name_en":"","ref":"","destination":"","maxspeed":"","bridge":"","tunnel":"yes","layer":"-1"},"geometry":{"type":"LineString","coordinates":[[139.6052507,35.4714042],[139.6053543,35.4713337]]}},{"type":"Feature","id":169227782,"properties":{"osm_id":169227782,"highway":"motorway_link","oneway":"yes","name":"","name_en":"","ref":"","destination":"","maxspeed":"","bridge":"","tunnel":"yes","layer":"0"},"geometry":{"type":"LineString","coordinates":[[139.6031229,35.4727021],[139.6033787,35.4726413],[139.6037261,35.4725331]]}},{"type":"Feature","id":169227784,"properties":{"osm_id":169227784,"highway":"motorway_link","oneway":"yes","name":"","name_en":"","ref":"","destination":"","maxspeed":"","bridge":"","tunnel":"","layer":"0"},"geometry":{"type":"LineString","coordinates":[[139.6037261,35.4725331],[139.6041186,35.4723265],[139.6044597,35.4720864],[139.6052507,35.4714042]]}},{"type":"Feature","id":169674664,"properties":{"osm_id":169674664,"highway":"motorway_link","oneway":"yes","name":"外苑出口","name_en":"","ref":"4","destination":"信濃町","maxspeed":"","bridge":"","tunnel":"","layer":"0"},"geometry":{"type":"LineString","coordinates":[[139.7201965,35.6790738],[139.7202459,35.6789342],[139.7202502,35.6789064],[139.7202403,35.6788805],[139.7202224,35.6788689],[139.7202084,35.6788599],[139.7201705,35.6788504],[139.7201464,35.6788486]]}},{"type":"Feature","id":169674665,"properties":{"osm_id":169674665,"highway":"motorway_link","oneway":"yes","name":"外苑出口","name_en":"","ref":"4","destination":"","maxspeed":"","bridge":"","tunnel":"","layer":"0"},"geometry":{"type":"LineString","coordinates":[[139.7201559,35.6791784],[139.7201768,35.6791217],[139.7201965,35.6790738]]}},{"type":"Feature","id":172358460,"properties":{"osm_id":172358460,"highway":"motorway_link","oneway":"yes","name":"天現寺出口","name_en":"","ref":"","destination":"","maxspeed":"","bridge":"","tunnel":"","layer":"0"},"geometry":{"type":"LineString","coordinates":[[139.7270297,35.646466],[139.7269785,35.6464658],[139.7260447,35.6464631],[139.725993,35.6464769],[139.725907,35.6465315],[139.7258894,35.6465758],[139.7258799,35.6466223]]}},{"type":"Feature","id":172358461,"properties":{"osm_id":172358461,"highway":"motorway_link","oneway":"yes","name":"天現寺出口","name_en":"","ref":"","destination":"","maxspeed":"","bridge":"yes","tunnel":"","layer":"3"},"geometry":{"type":"LineString","coordinates":[[139.7295074,35.6469499],[139.7292787,35.646905],[139.7291102,35.6468673],[139.7288267,35.6467847],[139.7283801,35.6466283],[139.7281903,35.6465667],[139.727987,35.6465131]]}},{"type":"Feature","id":172358466,"properties":{"osm_id":172358466,"highway":"motorway_link","oneway":"yes","name":"","name_en":"","ref":"","destination":"","maxspeed":"","bridge":"","tunnel":"","layer":"0"},"geometry":{"type":"LineString","coordinates":[[139.7258799,35.6466223],[139.7259561,35.6467715]]}},{"type":"Feature","id":172358470,"properties":{"osm_id":172358470,"highway":"motorway_link","oneway":"yes","name":"天現寺入口","name_en":"","ref":"","destination":"","maxspeed":"","bridge":"","tunnel":"","layer":"0"},"geometry":{"type":"LineString","coordinates":[[139.7259561,35.6467715],[139.7262073,35.646726]]}},{"type":"Feature","id":172358487,"properties":{"osm_id":172358487,"highway":"motorway_link","oneway":"yes","name":"天現寺入口","name_en":"","ref":"","destination":"","maxspeed":"","bridge":"yes","tunnel":"","layer":"1"},"geometry":{"type":"LineString","coordinates":[[139.7262073,35.646726],[139.7266599,35.6467495],[139.7277967,35.6467617],[139.7279093,35.646763],[139.728058,35.646772],[139.7282508,35.6467966]]}},{"type":"Feature","id":172598647,"properties":{"osm_id":172598647,"highway":"motorway_link","oneway":"yes","name":"","name_en":"","ref":"","destination":"","maxspeed":"","bridge":"","tunnel":"","layer":"0"},"geometry":{"type":"LineString","coordinates":[[139.7708677,35.6701365],[139.7701215,35.6696219]]}},{"type":"Feature","id":172598654,"properties":{"osm_id":172598654,"highway":"motorway_link","oneway":"yes","name":"新富町出口","name_en":"","ref":"","destination":"","maxspeed":"","bridge":"","tunnel":"yes","layer":"-2"},"geometry":{"type":"LineString","coordinates":[[139.7716224,35.671044],[139.7716655,35.6710774],[139.7717173,35.6711082],[139.7717836,35.6711349],[139.7718487,35.6711501],[139.7719158,35.671158],[139.7719922,35.6711595],[139.7720684,35.6711556],[139.7721319,35.6711433]]}},{"type":"Feature","id":172598656,"properties":{"osm_id":172598656,"highway":"motorway_link","oneway":"yes","name":"新富町出口","name_en":"","ref":"","destination":"","maxspeed":"","bridge":"","tunnel":"","layer":"0"},"geometry":{"type":"LineString","coordinates":[[139.7721319,35.6711433],[139.7721919,35.6711241],[139.773433,35.6706122],[139.7738136,35.6704685]]}},{"type":"Feature","id":174480816,"properties":{"osm_id":174480816,"highway":"motorway","oneway":"yes","name":"首都高速神奈川3号狩場線","name_en":"Kanagawa Route 3 Kariba Line","ref":"K3","destination":"","maxspeed":"50","bridge":"yes","tunnel":"","layer":"2"},"geometry":{"type":"LineString","coordinates":[[139.6107551,35.4367114],[139.6111486,35.4366083],[139.6114732,35.4364981],[139.6116926,35.4364064],[139.6119644,35.436277],[139.612765,35.4358239],[139.6152325,35.4344037],[139.615803,35.4340702],[139.6161131,35.4338952],[139.6164569,35.4337138],[139.6167298,35.4335817],[139.6169637,35.4334789],[139.6172532,35.4333624],[139.6175342,35.4332665],[139.6178274,35.4331837],[139.6182421,35.4330882],[139.6185703,35.4330276],[139.6188819,35.4329776],[139.6192797,35.432915],[139.6194803,35.4328831],[139.6196813,35.4328527],[139.6198742,35.4328285],[139.6200879,35.432807],[139.620262,35.432791],[139.6204422,35.4327776],[139.6206038,35.4327708],[139.6208404,35.4327658],[139.6210442,35.4327684],[139.621272,35.432775],[139.6214865,35.4327903],[139.6218369,35.43282],[139.6222225,35.4328625],[139.6241643,35.4330768],[139.6245493,35.4331211],[139.6249638,35.4331799],[139.6253729,35.4332519],[139.6256914,35.4333254],[139.6259676,35.4333979],[139.6263337,35.4335011],[139.626694,35.4336137],[139.627323,35.433831],[139.6286411,35.4343032],[139.629913,35.4347683],[139.6306717,35.4350739],[139.6312289,35.4353024],[139.6324943,35.4358303],[139.6329421,35.436007],[139.6334864,35.4362151],[139.634243,35.4364896],[139.6348587,35.4367155],[139.6351701,35.4368187],[139.6354458,35.4369027],[139.6356547,35.4369544],[139.6358582,35.4369924],[139.6360742,35.4370224],[139.6362847,35.4370408],[139.636541,35.4370551],[139.6367789,35.4370627],[139.6370583,35.4370766],[139.6372853,35.4370905],[139.6374738,35.4371051],[139.6376806,35.4371262],[139.6379723,35.4371623],[139.6382445,35.4372047],[139.6384736,35.4372445],[139.6386357,35.4372821],[139.6387681,35.4373193],[139.6389261,35.4373712],[139.6391607,35.4374561],[139.6395075,35.437586],[139.6402177,35.4378841],[139.6405253,35.4379989],[139.6407772,35.4380797],[139.6410716,35.4381735],[139.6411343,35.4381901],[139.6414487,35.4382698],[139.6417937,35.4383473],[139.6427763,35.4385769]]}},{"type":"Feature","id":174480817,"properties":{"osm_id":174480817,"highway":"motorway","oneway":"yes","name":"首都高速神奈川3号狩場線","name_en":"Kanagawa Route 3 Kariba Line","ref":"K3","destination":"","maxspeed":"","bridge":"","tunnel":"","layer":"0"},"geometry":{"type":"LineString","coordinates":[[139.6107275,35.4366337],[139.6105268,35.4366752],[139.610325,35.436706],[139.6101164,35.4367265],[139.6098863,35.4367434],[139.6097523,35.4367443],[139.6095632,35.436741],[139.6093366,35.4367312],[139.6091274,35.4367115],[139.6089463,35.4366885],[139.6077697,35.4364794],[139.6075994,35.4364547],[139.607419,35.4364369]]}},{"type":"Feature","id":174484889,"properties":{"osm_id":174484889,"highway":"motorway","oneway":"yes","name":"首都高速神奈川3号狩場線","name_en":"Kanagawa Route 3 Kariba Line","ref":"K3","destination":"","maxspeed":"","bridge":"yes","tunnel":"","layer":"1"},"geometry":{"type":"LineString","coordinates":[[139.6012866,35.4390637],[139.6009245,35.4390692],[139.6004068,35.439102]]}},{"type":"Feature","id":174484890,"properties":{"osm_id":174484890,"highway":"motorway","oneway":"yes","name":"首都高速神奈川3号狩場線","name_en":"Kanagawa Route 3 Kariba Line","ref":"K3","destination":"","maxspeed":"","bridge":"","tunnel":"","layer":"0"},"geometry":{"type":"LineString","coordinates":[[139.6046548,35.4376217],[139.6042055,35.4381363],[139.6040727,35.438274],[139.6039153,35.4384119],[139.6037144,35.4385614],[139.6035847,35.4386458],[139.6034766,35.438706],[139.6033183,35.438781],[139.6031653,35.4388395],[139.6029862,35.4388993],[139.6028625,35.4389327],[139.6027334,35.4389618],[139.6025879,35.4389914],[139.6024555,35.43901],[139.6023387,35.4390215],[139.6021778,35.4390356],[139.6020745,35.4390426],[139.6018471,35.4390503],[139.6012866,35.4390637]]}},{"type":"Feature","id":174484891,"properties":{"osm_id":174484891,"highway":"motorway","oneway":"yes","name":"首都高速神奈川3号狩場線","name_en":"Kanagawa Route 3 Kariba Line","ref":"K3","destination":"","maxspeed":"60","bridge":"","tunnel":"","layer":"0"},"geometry":{"type":"LineString","coordinates":[[139.605438,35.437012],[139.6055278,35.4369553],[139.6056459,35.4368875],[139.605825,35.4367954],[139.6059722,35.436732],[139.6061567,35.4366639],[139.6063197,35.4366176],[139.6064692,35.4365818],[139.6066044,35.4365576]]}},{"type":"Feature","id":174484894,"properties":{"osm_id":174484894,"highway":"motorway","oneway":"yes","name":"首都高速神奈川3号狩場線","name_en":"Kanagawa Route 3 Kariba Line","ref":"K3","destination":"","maxspeed":"60","bridge":"yes","tunnel":"","layer":"1"},"geometry":{"type":"LineString","coordinates":[[139.6004122,35.4391785],[139.6009299,35.4391479],[139.6012879,35.4391435]]}},{"type":"Feature","id":174484900,"properties":{"osm_id":174484900,"highway":"motorway","oneway":"yes","name":"首都高速神奈川3号狩場線","name_en":"Kanagawa Route 3 Kariba Line","ref":"K3","destination":"","maxspeed":"","bridge":"","tunnel":"yes","layer":"-1"},"geometry":{"type":"LineString","coordinates":[[139.6053613,35.4369382],[139.6052757,35.4370015],[139.6051827,35.4370808],[139.6047585,35.4375109],[139.6046548,35.4376217]]}},{"type":"Feature","id":174484901,"properties":{"osm_id":174484901,"highway":"motorway","oneway":"yes","name":"首都高速神奈川3号狩場線","name_en":"Kanagawa Route 3 Kariba Line","ref":"K3","destination":"","maxspeed":"","bridge":"","tunnel":"","layer":"0"},"geometry":{"type":"LineString","coordinates":[[139.6065962,35.4364686],[139.6064553,35.4364957],[139.606294,35.4365318],[139.6061225,35.4365788],[139.6059324,35.436645],[139.6057738,35.436715],[139.6055841,35.4368094],[139.6054602,35.4368767],[139.6053613,35.4369382]]}},{"type":"Feature","id":174484903,"properties":{"osm_id":174484903,"highway":"motorway","oneway":"yes","name":"首都高速神奈川3号狩場線","name_en":"Kanagawa Route 3 Kariba Line","ref":"K3","destination":"","maxspeed":"60","bridge":"","tunnel":"","layer":"0"},"geometry":{"type":"LineString","coordinates":[[139.6074206,35.4365239],[139.6075824,35.4365383],[139.607746,35.4365582],[139.6090362,35.4367792],[139.6091823,35.4367956],[139.6094003,35.4368117],[139.6096262,35.4368208],[139.6098912,35.4368212],[139.6101674,35.4367997]]}},{"type":"Feature","id":174484912,"properties":{"osm_id":174484912,"highway":"motorway","oneway":"yes","name":"首都高速神奈川3号狩場線","name_en":"Kanagawa Route 3 Kariba Line","ref":"K3","destination":"","maxspeed":"","bridge":"yes","tunnel":"","layer":"1"},"geometry":{"type":"LineString","coordinates":[[139.607419,35.4364369],[139.6072538,35.4364278],[139.6070927,35.4364273],[139.606948,35.4364316],[139.6067923,35.4364434],[139.6065962,35.4364686]]}},{"type":"Feature","id":174484915,"properties":{"osm_id":174484915,"highway":"motorway","oneway":"yes","name":"首都高速神奈川3号狩場線","name_en":"Kanagawa Route 3 Kariba Line","ref":"K3","destination":"","maxspeed":"60","bridge":"","tunnel":"","layer":"0"},"geometry":{"type":"LineString","coordinates":[[139.5966599,35.4399773],[139.5973598,35.4397161],[139.5976978,35.4396068],[139.5980653,35.4395063],[139.5984434,35.4394211],[139.598827,35.4393468],[139.5991328,35.4393009],[139.5995539,35.4392462],[139.5999267,35.4392113],[139.6004122,35.4391785]]}},{"type":"Feature","id":174484916,"properties":{"osm_id":174484916,"highway":"motorway","oneway":"yes","name":"首都高速神奈川3号狩場線","name_en":"Kanagawa Route 3 Kariba Line","ref":"K3","destination":"","maxspeed":"","bridge":"","tunnel":"","layer":"0"},"geometry":{"type":"LineString","coordinates":[[139.6004068,35.439102],[139.5999187,35.4391348],[139.5993956,35.4391894],[139.5990523,35.4392309],[139.5986071,35.4393096],[139.5983496,35.439362],[139.5980223,35.4394363],[139.5976656,35.4395347],[139.5972552,35.439668],[139.5966249,35.4399004]]}},{"type":"Feature","id":174484920,"properties":{"osm_id":174484920,"highway":"motorway","oneway":"yes","name":"首都高速神奈川3号狩場線","name_en":"Kanagawa Route 3 Kariba Line","ref":"K3","destination":"","maxspeed":"60","bridge":"","tunnel":"","layer":"0"},"geometry":{"type":"LineString","coordinates":[[139.6012879,35.4391435],[139.6017037,35.439143],[139.6018627,35.4391398],[139.6020731,35.4391307],[139.6022565,35.4391192],[139.6024283,35.4391017],[139.6026103,35.4390801],[139.602778,35.4390483],[139.6029489,35.4390083],[139.6031199,35.4389566],[139.6033405,35.4388728],[139.6035075,35.4387949],[139.6036444,35.4387195],[139.603775,35.4386378],[139.603952,35.4385078],[139.6040446,35.4384281],[139.6042001,35.4382838],[139.604298,35.4381757],[139.60464,35.4377725],[139.6047191,35.4376818]]}},{"type":"Feature","id":174484923,"properties":{"osm_id":174484923,"highway":"motorway","oneway":"yes","name":"首都高速神奈川3号狩場線","name_en":"Kanagawa Route 3 Kariba Line","ref":"K3","destination":"","maxspeed":"60","bridge":"","tunnel":"yes","layer":"-1"},"geometry":{"type":"LineString","coordinates":[[139.6047191,35.4376818],[139.6048341,35.4375573],[139.605269,35.4371414],[139.6053561,35.4370696],[139.605438,35.437012]]}},{"type":"Feature","id":174484926,"properties":{"osm_id":174484926,"highway":"motorway","oneway":"yes","name":"首都高速神奈川3号狩場線","name_en":"Kanagawa Route 3 Kariba Line","ref":"K3","destination":"","maxspeed":"60","bridge":"yes","tunnel":"","layer":"1"},"geometry":{"type":"LineString","coordinates":[[139.6066044,35.4365576],[139.606805,35.4365308],[139.6069517,35.4365208],[139.6071204,35.436516],[139.6072533,35.4365167],[139.6074206,35.4365239]]}},{"type":"Feature","id":174489007,"properties":{"osm_id":174489007,"highway":"motorway_link","oneway":"yes","name":"","name_en":"","ref":"","destination":"","maxspeed":"","bridge":"yes","tunnel":"","layer":"1"},"geometry":{"type":"LineString","coordinates":[[139.6004149,35.4392419],[139.600935,35.4392213],[139.6012917,35.4392071]]}},{"type":"Feature","id":174489008,"properties":{"osm_id":174489008,"highway":"motorway_link","oneway":"yes","name":"","name_en":"","ref":"","destination":"","maxspeed":"","bridge":"","tunnel":"","layer":"0"},"geometry":{"type":"LineString","coordinates":[[139.5992528,35.4393513],[139.5995048,35.4393269],[139.6000005,35.439279]]}},{"type":"Feature","id":174489009,"properties":{"osm_id":174489009,"highway":"motorway_link","oneway":"yes","name":"","name_en":"","ref":"","destination":"","maxspeed":"","bridge":"","tunnel":"","layer":"0"},"geometry":{"type":"LineString","coordinates":[[139.6024555,35.43901],[139.6021739,35.4390005],[139.6018076,35.439005],[139.6012812,35.4390025]]}},{"type":"Feature","id":174489012,"properties":{"osm_id":174489012,"highway":"motorway_link","oneway":"yes","name":"","name_en":"","ref":"","destination":"","maxspeed":"40","bridge":"","tunnel":"yes","layer":"0"},"geometry":{"type":"LineString","coordinates":[[139.6000005,35.439279],[139.6003888,35.4392433],[139.6004149,35.4392419]]}},{"type":"Feature","id":174489016,"properties":{"osm_id":174489016,"highway":"motorway_link","oneway":"yes","name":"","name_en":"","ref":"","destination":"","maxspeed":"","bridge":"","tunnel":"","layer":"0"},"geometry":{"type":"LineString","coordinates":[[139.6012917,35.4392071],[139.6018472,35.4391894],[139.6022388,35.4391632],[139.6024373,35.4391304],[139.6026103,35.4390801]]}},{"type":"Feature","id":174498971,"properties":{"osm_id":174498971,"highway":"motorway_link","oneway":"yes","name":"","name_en":"","ref":"","destination":"","maxspeed":"","bridge":"yes","tunnel":"","layer":"1"},"geometry":{"type":"LineString","coordinates":[[139.6012812,35.4390025],[139.6008749,35.4390069],[139.6004055,35.4390309]]}},{"type":"Feature","id":174498974,"properties":{"osm_id":174498974,"highway":"motorway_link","oneway":"yes","name":"","name_en":"","ref":"","destination":"","maxspeed":"","bridge":"","tunnel":"","layer":"0"},"geometry":{"type":"LineString","coordinates":[[139.6004055,35.4390309],[139.5997383,35.4390869],[139.5991985,35.43915],[139.598827,35.4392068],[139.5981846,35.4393412]]}},{"type":"Feature","id":174976691,"properties":{"osm_id":174976691,"highway":"motorway","oneway":"yes","name":"首都高速10号晴海線","name_en":"Harumi Route","ref":"10","destination":"","maxspeed":"","bridge":"yes","tunnel":"","layer":"2"},"geometry":{"type":"LineString","coordinates":[[139.7951219,35.6402971],[139.7940022,35.6417128],[139.7929483,35.6430947]]}},{"type":"Feature","id":174976692,"properties":{"osm_id":174976692,"highway":"motorway_link","oneway":"yes","name":"首都高速湾岸線","name_en":"Bayshore Route","ref":"B","destination":"","maxspeed":"","bridge":"yes","tunnel":"","layer":"2"},"geometry":{"type":"LineString","coordinates":[[139.7953701,35.6404326],[139.7963658,35.6392029]]}},{"type":"Feature","id":175027613,"properties":{"osm_id":175027613,"highway":"motorway_link","oneway":"yes","name":"","name_en":"","ref":"","destination":"","maxspeed":"","bridge":"","tunnel":"","layer":"0"},"geometry":{"type":"LineString","coordinates":[[139.7455652,35.5517565],[139.7455346,35.5516791],[139.7453809,35.5512675]]}},{"type":"Feature","id":176046280,"properties":{"osm_id":176046280,"highway":"motorway_link","oneway":"yes","name":"首都高速道路","name_en":"Shuto Expressway","ref":"","destination":"","maxspeed":"","bridge":"","tunnel":"","layer":"0"},"geometry":{"type":"LineString","coordinates":[[139.7518741,35.6896205],[139.7518572,35.6895816],[139.751823,35.6895216]]}},{"type":"Feature","id":176046420,"properties":{"osm_id":176046420,"highway":"motorway_link","oneway":"yes","name":"","name_en":"","ref":"","destination":"","maxspeed":"","bridge":"yes","tunnel":"","layer":"1"},"geometry":{"type":"LineString","coordinates":[[139.7587207,35.6909355],[139.7584898,35.6910096],[139.7582924,35.6910766],[139.7581794,35.6911292],[139.7580891,35.6911823],[139.7580065,35.69124],[139.7578133,35.6914019]]}},{"type":"Feature","id":181579910,"properties":{"osm_id":181579910,"highway":"motorway_link","oneway":"yes","name":"飯田橋出口","name_en":"","ref":"","destination":"","maxspeed":"","bridge":"","tunnel":"","layer":"0"},"geometry":{"type":"LineString","coordinates":[[139.7446553,35.703965],[139.7447142,35.7038322],[139.7448821,35.7035777]]}},{"type":"Feature","id":181579921,"properties":{"osm_id":181579921,"highway":"motorway_link","oneway":"yes","name":"飯田橋出口","name_en":"","ref":"","destination":"","maxspeed":"","bridge":"yes","tunnel":"","layer":"3"},"geometry":{"type":"LineString","coordinates":[[139.7436263,35.7067552],[139.7438407,35.7061154],[139.7440651,35.7055106],[139.7442922,35.7049247],[139.7445702,35.7041711],[139.7446553,35.703965]]}},{"type":"Feature","id":184293856,"properties":{"osm_id":184293856,"highway":"motorway_link","oneway":"yes","name":"","name_en":"","ref":"","destination":"","maxspeed":"60","bridge":"yes","tunnel":"","layer":"1"},"geometry":{"type":"LineString","coordinates":[[139.8052406,35.6656088],[139.8052367,35.6649556],[139.8052418,35.6648081],[139.8052541,35.6645801],[139.8052706,35.6643921],[139.8052893,35.6642125],[139.8053139,35.6640414],[139.8053495,35.6637715],[139.8053974,35.6635115],[139.8054481,35.6633151],[139.8055046,35.6631084]]}},{"type":"Feature","id":186583188,"properties":{"osm_id":186583188,"highway":"motorway_link","oneway":"yes","name":"","name_en":"","ref":"","destination":"","maxspeed":"","bridge":"","tunnel":"","layer":"0"},"geometry":{"type":"LineString","coordinates":[[139.6915294,35.6873176],[139.6915814,35.6869626]]}},{"type":"Feature","id":190617333,"properties":{"osm_id":190617333,"highway":"motorway","oneway":"yes","name":"首都高速中央環状線","name_en":"Central Circular Route","ref":"C2","destination":"","maxspeed":"60","bridge":"","tunnel":"yes","layer":"-3"},"geometry":{"type":"LineString","coordinates":[[139.6858207,35.7127098],[139.6854969,35.7120181],[139.6848865,35.710761],[139.6844075,35.7098042],[139.6841671,35.7092801],[139.683955,35.7088038],[139.6831799,35.7070789],[139.6828892,35.7064369],[139.6828397,35.7063203],[139.6827983,35.7062125],[139.6827697,35.7061072],[139.6827425,35.7059954],[139.6827218,35.7058785],[139.6827028,35.7057297],[139.6826658,35.7053862],[139.6825095,35.7041467],[139.6824093,35.7032497],[139.6823858,35.7029954],[139.6823791,35.7028082],[139.6823803,35.7026108],[139.682396,35.7024352],[139.6824229,35.7022558],[139.6824626,35.7020945],[139.6825194,35.7019317],[139.6825956,35.7017479],[139.682886,35.7011262],[139.6829749,35.7009026],[139.6830167,35.7007723],[139.6830577,35.7006243],[139.6830943,35.7004333],[139.6831173,35.7002688],[139.6831316,35.7000487],[139.6831359,35.6998043],[139.6831326,35.6993998],[139.6830326,35.6976409],[139.6829864,35.6971169],[139.68294,35.6967393],[139.6828501,35.6961609],[139.6823361,35.693492],[139.6822256,35.6928773],[139.682093,35.692264],[139.6818835,35.6911839],[139.6818332,35.6908875],[139.6818006,35.6906745],[139.6818016,35.6904607],[139.6818167,35.6902374],[139.6818435,35.6900485],[139.6818897,35.6898536],[139.681929,35.6897269],[139.6819728,35.6896012],[139.6820209,35.6894843],[139.6820947,35.6893458],[139.6821721,35.6892153],[139.6822677,35.6890842],[139.6823751,35.6889467],[139.6826412,35.6886594],[139.6829909,35.688303],[139.6841381,35.6871752],[139.6845611,35.6867692],[139.6847519,35.6865941],[139.6849283,35.6864129],[139.6850924,35.6862147],[139.6852567,35.6859956],[139.6854873,35.6857116],[139.6862012,35.6847734],[139.6865643,35.6843523],[139.687533,35.6832776],[139.6884801,35.6822536],[139.6885522,35.6821795],[139.6886485,35.6820673],[139.6887106,35.6819824],[139.6887701,35.6818906],[139.688817,35.681805],[139.6888544,35.6817203],[139.6888868,35.6816235],[139.6889194,35.6814816],[139.6889354,35.6813189],[139.6889282,35.6811548],[139.6889119,35.6809665],[139.6888912,35.6807352],[139.6888198,35.6802038],[139.6886773,35.6791924],[139.6885993,35.6788551],[139.6885078,35.6785776],[139.6883089,35.678029]]}},{"type":"Feature","id":199152174,"properties":{"osm_id":199152174,"highway":"motorway","oneway":"yes","name":"首都高速3号渋谷線","name_en":"Route 3 Shibuya Line","ref":"3","destination":"","maxspeed":"60","bridge":"yes","tunnel":"","layer":"3"},"geometry":{"type":"LineString","coordinates":[[139.6811468,35.6487788],[139.6790433,35.6476674],[139.6769397,35.6465407],[139.6755077,35.6457623],[139.6742884,35.6451026],[139.6740822,35.6449841],[139.6734452,35.6445782],[139.6730782,35.6443583],[139.6729183,35.6442715]]}},{"type":"Feature","id":199152228,"properties":{"osm_id":199152228,"highway":"motorway_link","oneway":"yes","name":"池尻入口","name_en":"","ref":"","destination":"","maxspeed":"","bridge":"yes","tunnel":"","layer":"3"},"geometry":{"type":"LineString","coordinates":[[139.6843636,35.6505511],[139.6829325,35.6497902],[139.682586,35.6496065],[139.6824322,35.6495251]]}},{"type":"Feature","id":199152232,"properties":{"osm_id":199152232,"highway":"motorway_link","oneway":"yes","name":"池尻入口","name_en":"","ref":"","destination":"","maxspeed":"","bridge":"yes","tunnel":"","layer":"3"},"geometry":{"type":"LineString","coordinates":[[139.6824322,35.6495251],[139.6820346,35.6493121],[139.6818,35.6491772],[139.6813738,35.6489227],[139.6811468,35.6487788]]}},{"type":"Feature","id":199311749,"properties":{"osm_id":199311749,"highway":"motorway","oneway":"yes","name":"首都高速都心環状線","name_en":"Circle 1","ref":"C1","destination":"","maxspeed":"","bridge":"yes","tunnel":"","layer":"3"},"geometry":{"type":"LineString","coordinates":[[139.7388128,35.6649649],[139.7387699,35.6647523],[139.7387242,35.6645626],[139.7385945,35.6640486],[139.7384328,35.6634149]]}},{"type":"Feature","id":199311752,"properties":{"osm_id":199311752,"highway":"motorway","oneway":"yes","name":"首都高速都心環状線","name_en":"Circle 1","ref":"3","destination":"","maxspeed":"","bridge":"yes","tunnel":"","layer":"1"},"geometry":{"type":"LineString","coordinates":[[139.7368775,35.6656398],[139.7371635,35.665809],[139.7374469,35.6659974],[139.7383225,35.6666058]]}},{"type":"Feature","id":199311811,"properties":{"osm_id":199311811,"highway":"motorway_link","oneway":"yes","name":"","name_en":"","ref":"","destination":"","maxspeed":"40","bridge":"","tunnel":"","layer":"0"},"geometry":{"type":"LineString","coordinates":[[139.7762349,35.6881405],[139.7761169,35.6884025]]}},{"type":"Feature","id":199311812,"properties":{"osm_id":199311812,"highway":"motorway","oneway":"yes","name":"首都高速1号上野線","name_en":"Route 1 Ueno Line","ref":"","destination":"","maxspeed":"40","bridge":"yes","tunnel":"","layer":"3"},"geometry":{"type":"LineString","coordinates":[[139.7778964,35.6828814],[139.7774898,35.682251]]}},{"type":"Feature","id":199311840,"properties":{"osm_id":199311840,"highway":"motorway_link","oneway":"yes","name":"","name_en":"","ref":"","destination":"","maxspeed":"40","bridge":"yes","tunnel":"","layer":"1"},"geometry":{"type":"LineString","coordinates":[[139.7766771,35.6870055],[139.7766653,35.6870885],[139.7766401,35.6871859],[139.7766067,35.6872846],[139.7765767,35.687362],[139.7764515,35.6876459],[139.7763905,35.6877884],[139.7762349,35.6881405]]}},{"type":"Feature","id":199311841,"properties":{"osm_id":199311841,"highway":"motorway","oneway":"yes","name":"首都高速1号上野線","name_en":"Route 1 Ueno Line","ref":"1","destination":"","maxspeed":"60","bridge":"yes","tunnel":"","layer":"3"},"geometry":{"type":"LineString","coordinates":[[139.7762752,35.7069536],[139.7756225,35.7008033],[139.7755924,35.700453],[139.7755854,35.7000611],[139.7755398,35.6972981],[139.7755311,35.6970203],[139.7755126,35.6967475],[139.7754784,35.6964265],[139.7754432,35.6961719],[139.7753293,35.6953234],[139.7752417,35.69448],[139.7750799,35.6933391],[139.7749968,35.6927385],[139.7749322,35.6922451],[139.7749042,35.6919911],[139.7749026,35.6918006],[139.774913,35.6916825],[139.7749301,35.6915795],[139.7749606,35.6914525],[139.7750179,35.6912781],[139.7751049,35.6910664],[139.7757472,35.6895692],[139.7761597,35.6886215],[139.7762676,35.6883662]]}},{"type":"Feature","id":199311842,"properties":{"osm_id":199311842,"highway":"motorway","oneway":"yes","name":"首都高速1号上野線","name_en":"Route 1 Ueno Line","ref":"1","destination":"","maxspeed":"60","bridge":"yes","tunnel":"","layer":"3"},"geometry":{"type":"LineString","coordinates":[[139.7766646,35.6863618],[139.776637,35.6866777],[139.7766064,35.68696],[139.7765896,35.6870731],[139.7765652,35.6871759],[139.7765305,35.6872822],[139.7764764,35.6874186],[139.775987,35.6885615],[139.7755618,35.6895492],[139.7748482,35.6912344],[139.7747612,35.6914977],[139.7747346,35.6916173],[139.7747203,35.6917387],[139.7747196,35.6918716],[139.7747309,35.6920262],[139.7747508,35.6922187],[139.7749076,35.693345],[139.7750614,35.6944172],[139.77523,35.6953368],[139.7753585,35.6961705],[139.775392,35.6964339],[139.7754234,35.6967507],[139.7754386,35.6970216],[139.7754483,35.6973005],[139.7754671,35.6983438],[139.7754934,35.7000011],[139.775502,35.7004558]]}},{"type":"Feature","id":199311843,"properties":{"osm_id":199311843,"highway":"motorway","oneway":"yes","name":"首都高速7号小松川線","name_en":"Shuto Expressway Route 7 Komatsugawa Line","ref":"7","destination":"","maxspeed":"","bridge":"yes","tunnel":"","layer":"3"},"geometry":{"type":"LineString","coordinates":[[139.8193681,35.6932529],[139.818351,35.6931983],[139.81718,35.6931373],[139.815071,35.6930323],[139.8133339,35.6929394],[139.8127293,35.6929071],[139.8111999,35.6928305],[139.8109958,35.6928276],[139.8095335,35.6927249],[139.8094644,35.69272],[139.8093711,35.6927185],[139.807831,35.6926857],[139.8074753,35.6926637],[139.8060601,35.6925656],[139.7956984,35.6920287],[139.7937643,35.6919275]]}},{"type":"Feature","id":199311844,"properties":{"osm_id":199311844,"highway":"motorway","oneway":"yes","name":"首都高速7号小松川線","name_en":"Shuto Expressway Route 7 Komatsugawa Line","ref":"7","destination":"","maxspeed":"","bridge":"yes","tunnel":"","layer":"3"},"geometry":{"type":"LineString","coordinates":[[139.8199398,35.6933648],[139.822981,35.6935077],[139.8236934,35.6935451],[139.8265604,35.6936934],[139.8336865,35.6940612],[139.8380709,35.694277],[139.8391681,35.6943305],[139.8455918,35.6945461],[139.8459355,35.6945699],[139.8461446,35.6945914],[139.8463919,35.6946308],[139.84658,35.6946752],[139.8467452,35.6947228],[139.8469181,35.6947882],[139.8470614,35.6948518],[139.8472003,35.6949288],[139.8475914,35.695174],[139.8502904,35.6971089],[139.8505501,35.6972877],[139.8508007,35.6974496],[139.8510466,35.6975946]]}},{"type":"Feature","id":199311846,"properties":{"osm_id":199311846,"highway":"motorway","oneway":"yes","name":"首都高速神奈川3号狩場線","name_en":"Kanagawa Route 3 Kariba Line","ref":"K3","destination":"","maxspeed":"50","bridge":"yes","tunnel":"","layer":"3"},"geometry":{"type":"LineString","coordinates":[[139.6379663,35.4370559],[139.6377003,35.4370257],[139.637489,35.437009],[139.6372929,35.4369991],[139.6370715,35.4369926],[139.6367837,35.4369855],[139.6365358,35.4369772],[139.6362956,35.4369655],[139.6360933,35.4369465],[139.635889,35.4369173],[139.6356858,35.4368791],[139.6354769,35.4368279],[139.6352012,35.4367498],[139.6348925,35.4366458],[139.6342819,35.4364281],[139.6335206,35.4361536],[139.6329824,35.4359502],[139.6325312,35.4357702],[139.6312676,35.4352429],[139.6307071,35.4350108],[139.6299475,35.4347077],[139.6286805,35.4342424],[139.6273565,35.4337632],[139.6267245,35.433558],[139.6263542,35.4334539],[139.625986,35.4333593],[139.6257016,35.433296],[139.6253826,35.4332328],[139.6249691,35.4331598],[139.6245549,35.4331042],[139.6241684,35.4330595],[139.6222251,35.4328479],[139.6218385,35.4328104],[139.6214888,35.4327791],[139.6212724,35.4327636],[139.6210425,35.4327545],[139.6208408,35.432753],[139.620602,35.4327572],[139.6204422,35.4327638],[139.6202607,35.4327776],[139.6200872,35.4327948],[139.6198726,35.4328182],[139.6196785,35.432843],[139.6194775,35.4328731],[139.6192765,35.4329032],[139.6188799,35.4329649],[139.6185672,35.4330151],[139.618237,35.433078],[139.6178219,35.4331711],[139.6175287,35.433247],[139.6172384,35.4333339],[139.6169503,35.4334367],[139.616707,35.4335317],[139.6164767,35.4336295],[139.6162213,35.433747],[139.6158722,35.4339412],[139.6155787,35.4341046],[139.6152541,35.4342968],[139.61429,35.4348472],[139.6140987,35.4349604],[139.6125916,35.4358271],[139.6118058,35.4362564],[139.6115921,35.4363579],[139.6113605,35.4364521],[139.6110439,35.4365571],[139.6107275,35.4366337]]}},{"type":"Feature","id":199311847,"properties":{"osm_id":199311847,"highway":"motorway","oneway":"yes","name":"首都高速都心環状線","name_en":"Shuto Expressway Inner Circular Route","ref":"C1","destination":"","maxspeed":"50","bridge":"yes","tunnel":"","layer":"2"},"geometry":{"type":"LineString","coordinates":[[139.7777949,35.6829144],[139.7779339,35.68312],[139.7780404,35.683286],[139.7781867,35.6835093],[139.7782202,35.6835765],[139.7782427,35.6836379],[139.7782557,35.6836963],[139.7782615,35.6837464],[139.7782648,35.6837973],[139.7782629,35.6838432],[139.7782554,35.6838898],[139.7782434,35.6839401],[139.7782306,35.6839851],[139.778215,35.6840246],[139.7781949,35.6840617],[139.7781678,35.6841014],[139.7781328,35.6841415],[139.7780941,35.6841786],[139.7780592,35.6842055],[139.7780184,35.6842329],[139.7779698,35.6842587],[139.777925,35.6842773],[139.7778819,35.6842919],[139.7778366,35.6843033],[139.7777919,35.6843113],[139.7777279,35.6843196],[139.7776702,35.6843236],[139.7776103,35.684325],[139.7775323,35.684324],[139.7774306,35.6843152],[139.7773302,35.6843004],[139.7763223,35.6841367],[139.7760438,35.6841002]]}},{"type":"Feature","id":201278187,"properties":{"osm_id":201278187,"highway":"motorway_link","oneway":"yes","name":"","name_en":"","ref":"","destination":"","maxspeed":"","bridge":"","tunnel":"","layer":"0"},"geometry":{"type":"LineString","coordinates":[[139.6278156,35.627008],[139.627622,35.6270374],[139.6274091,35.6270656]]}},{"type":"Feature","id":201278188,"properties":{"osm_id":201278188,"highway":"motorway_link","oneway":"yes","name":"","name_en":"","ref":"","destination":"","maxspeed":"40","bridge":"yes","tunnel":"","layer":"2"},"geometry":{"type":"LineString","coordinates":[[139.6307484,35.6262845],[139.6302773,35.6264133],[139.6297258,35.6265748]]}},{"type":"Feature","id":202801662,"properties":{"osm_id":202801662,"highway":"motorway_link","oneway":"yes","name":"","name_en":"","ref":"","destination":"","maxspeed":"40","bridge":"","tunnel":"","layer":"-1"},"geometry":{"type":"LineString","coordinates":[[139.7752122,35.6906669],[139.7752558,35.6905716],[139.7752838,35.6905103]]}},{"type":"Feature","id":202801663,"properties":{"osm_id":202801663,"highway":"motorway_link","oneway":"yes","name":"","name_en":"","ref":"","destination":"","maxspeed":"40","bridge":"yes","tunnel":"","layer":"3"},"geometry":{"type":"LineString","coordinates":[[139.7749968,35.6927385],[139.7749192,35.6924674],[139.7748607,35.692261],[139.7748392,35.6921538],[139.7748271,35.6920643],[139.7748177,35.6919725]]}},{"type":"Feature","id":202805893,"properties":{"osm_id":202805893,"highway":"motorway_link","oneway":"yes","name":"首都高速湾岸線","name_en":"Bayshore Route","ref":"11","destination":"","maxspeed":"","bridge":"yes","tunnel":"","layer":"2"},"geometry":{"type":"LineString","coordinates":[[139.7815555,35.6335737],[139.7818835,35.6332741],[139.7821597,35.6330353],[139.7825883,35.6326642],[139.782946,35.632338],[139.7830889,35.6322043],[139.783221,35.6320903],[139.7833495,35.6319967],[139.7834633,35.6319249],[139.7835669,35.6318685],[139.7836888,35.6318136],[139.7838205,35.631771],[139.7839539,35.6317403],[139.7840881,35.6317175],[139.7842363,35.6317064],[139.7843933,35.6317061],[139.7845367,35.6317187],[139.7846766,35.6317409],[139.7848092,35.6317731],[139.7849483,35.6318197],[139.7850873,35.6318757],[139.7852238,35.6319346],[139.7853629,35.6320045],[139.7878117,35.6333102]]}},{"type":"Feature","id":202805895,"properties":{"osm_id":202805895,"highway":"motorway","oneway":"yes","name":"首都高速11号台場線","name_en":"Daiba Route","ref":"11","destination":"","maxspeed":"","bridge":"yes","tunnel":"","layer":"4"},"geometry":{"type":"LineString","coordinates":[[139.7812724,35.6337307],[139.7808675,35.6342194],[139.7805249,35.6346375],[139.7803246,35.6348696],[139.7801548,35.6350466],[139.7799635,35.6352203],[139.779797,35.6353588],[139.7796466,35.6354768],[139.7794855,35.6355893],[139.7793017,35.6357095],[139.7791188,35.6358107],[139.7789432,35.6359016],[139.7787338,35.635997],[139.7785286,35.6360841],[139.7783273,35.6361573],[139.7781515,35.636215],[139.777973,35.6362683],[139.7777697,35.6363195],[139.7775692,35.6363604],[139.7773755,35.6363932],[139.777156,35.6364245],[139.7769779,35.636444],[139.7767849,35.6364569],[139.7766035,35.6364626],[139.7764114,35.6364639],[139.7762057,35.6364582],[139.7759947,35.6364488],[139.7757569,35.6364286],[139.7755236,35.6363994],[139.7752641,35.6363622],[139.7749983,35.6363175],[139.7747197,35.6362618],[139.7744668,35.6362054],[139.7742214,35.6361457],[139.7739745,35.6360772],[139.7737096,35.6359982],[139.7734084,35.6359017],[139.7730667,35.6357875],[139.7714797,35.6352125],[139.771295,35.6351468],[139.7711371,35.6350925],[139.770974,35.6350396],[139.7707717,35.6349788],[139.7705607,35.6349213],[139.7703744,35.6348744],[139.7702235,35.6348429],[139.770074,35.6348157],[139.7699222,35.6347953],[139.7697731,35.6347809],[139.7696136,35.6347706],[139.7694529,35.6347664],[139.7692844,35.6347691],[139.7691213,35.6347773],[139.7689571,35.6347904],[139.7688019,35.6348102],[139.7686534,35.6348355]]}},{"type":"Feature","id":202809278,"properties":{"osm_id":202809278,"highway":"motorway_link","oneway":"yes","name":"高樹町出口","name_en":"","ref":"","destination":"","maxspeed":"","bridge":"yes","tunnel":"","layer":"3"},"geometry":{"type":"LineString","coordinates":[[139.722272,35.6595528],[139.7219272,35.659473],[139.721458,35.6594267]]}},{"type":"Feature","id":202809279,"properties":{"osm_id":202809279,"highway":"motorway_link","oneway":"yes","name":"高樹町入口","name_en":"Shuto Expressway","ref":"","destination":"都心環状","maxspeed":"60","bridge":"","tunnel":"","layer":"0"},"geometry":{"type":"LineString","coordinates":[[139.7195452,35.6595211],[139.7201954,35.6595716]]}},{"type":"Feature","id":202903719,"properties":{"osm_id":202903719,"highway":"motorway_link","oneway":"yes","name":"首都高速道路","name_en":"Metropolitan Expressway","ref":"","destination":"","maxspeed":"40","bridge":"","tunnel":"","layer":"0"},"geometry":{"type":"LineString","coordinates":[[139.7768608,35.6868733],[139.7768128,35.6867794],[139.776777,35.6866761],[139.7767555,35.6865704],[139.776751,35.6864655],[139.7767546,35.686365]]}},{"type":"Feature","id":202903723,"properties":{"osm_id":202903723,"highway":"motorway_link","oneway":"yes","name":"首都高速道路","name_en":"Metropolitan Expressway","ref":"","destination":"","maxspeed":"60","bridge":"yes","tunnel":"","layer":"1"},"geometry":{"type":"LineString","coordinates":[[139.7767546,35.686365],[139.7768346,35.6853981]]}},{"type":"Feature","id":202905131,"properties":{"osm_id":202905131,"highway":"motorway_link","oneway":"yes","name":"","name_en":"","ref":"","destination":"","maxspeed":"","bridge":"","tunnel":"","layer":"0"},"geometry":{"type":"LineString","coordinates":[[139.774692,35.6921667],[139.7748175,35.6923768],[139.7748541,35.6924508],[139.7748827,35.6925347],[139.7748996,35.6926153],[139.774939,35.6929305]]}},{"type":"Feature","id":202905132,"properties":{"osm_id":202905132,"highway":"motorway_link","oneway":"yes","name":"","name_en":"","ref":"","destination":"","maxspeed":"","bridge":"yes","tunnel":"","layer":"2"},"geometry":{"type":"LineString","coordinates":[[139.7749667,35.693123],[139.7750391,35.69373],[139.7751423,35.6944463]]}},{"type":"Feature","id":203035343,"properties":{"osm_id":203035343,"highway":"motorway_link","oneway":"yes","name":"神田橋出口","name_en":"Inner Circular Route","ref":"C1","destination":"錦町有楽町線","maxspeed":"","bridge":"","tunnel":"","layer":"0"},"geometry":{"type":"LineString","coordinates":[[139.764012,35.6900722],[139.7638612,35.690183],[139.7631658,35.6904557]]}},{"type":"Feature","id":203035370,"properties":{"osm_id":203035370,"highway":"motorway_link","oneway":"yes","name":"","name_en":"","ref":"","destination":"","maxspeed":"","bridge":"","tunnel":"","layer":"0"},"geometry":{"type":"LineString","coordinates":[[139.7580258,35.6917836],[139.7580875,35.6917416],[139.7581433,35.691709],[139.7582044,35.6916815],[139.7582689,35.69166]]}},{"type":"Feature","id":203035371,"properties":{"osm_id":203035371,"highway":"motorway_link","oneway":"yes","name":"神田橋入口","name_en":"Metropolitan Expressway","ref":"","destination":"","maxspeed":"","bridge":"yes","tunnel":"","layer":"0"},"geometry":{"type":"LineString","coordinates":[[139.7640136,35.6891822],[139.7638133,35.6893367],[139.7635753,35.6895773],[139.7633221,35.6898085]]}},{"type":"Feature","id":203035373,"properties":{"osm_id":203035373,"highway":"motorway_link","oneway":"yes","name":"","name_en":"","ref":"","destination":"","maxspeed":"","bridge":"yes","tunnel":"","layer":"3"},"geometry":{"type":"LineString","coordinates":[[139.7527594,35.6954386],[139.7527024,35.6955911],[139.7526739,35.6956838],[139.7526501,35.6957851],[139.7525594,35.6961688],[139.7524897,35.6964725]]}},{"type":"Feature","id":203035376,"properties":{"osm_id":203035376,"highway":"motorway_link","oneway":"yes","name":"","name_en":"","ref":"","destination":"","maxspeed":"","bridge":"yes","tunnel":"","layer":"3"},"geometry":{"type":"LineString","coordinates":[[139.7527354,35.6965119],[139.752761,35.6963465],[139.7527765,35.6962234],[139.7527826,35.6960939],[139.7527875,35.6959568],[139.7528105,35.6956532]]}},{"type":"Feature","id":203035380,"properties":{"osm_id":203035380,"highway":"motorway_link","oneway":"yes","name":"神田橋入口","name_en":"Shuto Expressway","ref":"","destination":"","maxspeed":"","bridge":"yes","tunnel":"","layer":"3"},"geometry":{"type":"LineString","coordinates":[[139.7645212,35.6895363],[139.7645742,35.6894655],[139.7646047,35.6894231],[139.7646479,35.6893852],[139.7646987,35.6893544],[139.7647528,35.6893312],[139.7648155,35.689312],[139.7648824,35.6892968],[139.766939,35.6889325]]}},{"type":"Feature","id":203301443,"properties":{"osm_id":203301443,"highway":"motorway_link","oneway":"yes","name":"","name_en":"","ref":"","destination":"","maxspeed":"","bridge":"","tunnel":"","layer":"1"},"geometry":{"type":"LineString","coordinates":[[139.7697376,35.6743146],[139.7696956,35.674259]]}},{"type":"Feature","id":203832842,"properties":{"osm_id":203832842,"highway":"motorway_link","oneway":"yes","name":"飯倉出口","name_en":"","ref":"","destination":"","maxspeed":"","bridge":"","tunnel":"","layer":"0"},"geometry":{"type":"LineString","coordinates":[[139.736573,35.6592791],[139.736613,35.6594683],[139.7366413,35.6595846],[139.7366749,35.6596922],[139.7367099,35.6597829],[139.7367583,35.6598801]]}},{"type":"Feature","id":203832844,"properties":{"osm_id":203832844,"highway":"motorway_link","oneway":"yes","name":"飯倉入口","name_en":"","ref":"","destination":"","maxspeed":"","bridge":"yes","tunnel":"","layer":"1"},"geometry":{"type":"LineString","coordinates":[[139.738374,35.6630551],[139.7380961,35.6618611]]}},{"type":"Feature","id":203832845,"properties":{"osm_id":203832845,"highway":"motorway","oneway":"yes","name":"首都高速3号渋谷線","name_en":"Route 3 Shibuya Line","ref":"3","destination":"","maxspeed":"","bridge":"yes","tunnel":"","layer":"1"},"geometry":{"type":"LineString","coordinates":[[139.7233846,35.6597877],[139.7235645,35.6598194],[139.7239079,35.6598876],[139.7241813,35.6599489],[139.7244332,35.6600156],[139.7246772,35.6600924],[139.7270041,35.660889],[139.7278321,35.6611885],[139.7280603,35.6612833],[139.7282151,35.6613556]]}},{"type":"Feature","id":203832846,"properties":{"osm_id":203832846,"highway":"motorway","oneway":"yes","name":"首都高速3号渋谷線","name_en":"Route 3 Shibuya Line","ref":"3","destination":"","maxspeed":"","bridge":"","tunnel":"","layer":"0"},"geometry":{"type":"LineString","coordinates":[[139.7087292,35.6584269],[139.7101838,35.6585673]]}},{"type":"Feature","id":203832847,"properties":{"osm_id":203832847,"highway":"motorway","oneway":"yes","name":"首都高速3号渋谷線","name_en":"Route 3 Shibuya Line","ref":"3","destination":"","maxspeed":"","bridge":"","tunnel":"","layer":"0"},"geometry":{"type":"LineString","coordinates":[[139.7081185,35.6583154],[139.7070633,35.6582587]]}},{"type":"Feature","id":203832848,"properties":{"osm_id":203832848,"highway":"motorway","oneway":"yes","name":"首都高速3号渋谷線","name_en":"Route 3 Shibuya Line","ref":"3","destination":"","maxspeed":"","bridge":"","tunnel":"yes","layer":"-1"},"geometry":{"type":"LineString","coordinates":[[139.7081159,35.6583866],[139.7087292,35.6584269]]}},{"type":"Feature","id":203832849,"properties":{"osm_id":203832849,"highway":"motorway","oneway":"yes","name":"首都高速3号渋谷線","name_en":"Route 3 Shibuya Line","ref":"3","destination":"","maxspeed":"","bridge":"","tunnel":"","layer":"0"},"geometry":{"type":"LineString","coordinates":[[139.7070622,35.6583359],[139.7081159,35.6583866]]}},{"type":"Feature","id":203832850,"properties":{"osm_id":203832850,"highway":"motorway","oneway":"yes","name":"首都高速3号渋谷線","name_en":"Route 3 Shibuya Line","ref":"3","destination":"","maxspeed":"60","bridge":"","tunnel":"yes","layer":"-1"},"geometry":{"type":"LineString","coordinates":[[139.711358,35.6586098],[139.7102504,35.6585038]]}},{"type":"Feature","id":203832851,"properties":{"osm_id":203832851,"highway":"motorway","oneway":"yes","name":"首都高速3号渋谷線","name_en":"Route 3 Shibuya Line","ref":"3","destination":"","maxspeed":"","bridge":"","tunnel":"yes","layer":"-1"},"geometry":{"type":"LineString","coordinates":[[139.7087372,35.6583575],[139.7081185,35.6583154]]}},{"type":"Feature","id":203832852,"properties":{"osm_id":203832852,"highway":"motorway","oneway":"yes","name":"首都高速3号渋谷線","name_en":"Route 3 Shibuya Line","ref":"3","destination":"","maxspeed":"60","bridge":"yes","tunnel":"","layer":"3"},"geometry":{"type":"LineString","coordinates":[[139.7070633,35.6582587],[139.7046002,35.6581531],[139.7041718,35.6581287],[139.7038521,35.6581009],[139.703578,35.6580734],[139.7033237,35.6580446],[139.7031567,35.6580189],[139.7029725,35.657982],[139.7027984,35.6579383],[139.7026083,35.6578784],[139.7011605,35.6573826],[139.6996126,35.656872],[139.6978168,35.6562928],[139.6976493,35.6562422],[139.6974549,35.6561884],[139.6972309,35.6561386],[139.6961487,35.6559279],[139.6959734,35.6558924],[139.6958035,35.6558526],[139.6956315,35.6558056],[139.6954689,35.6557544],[139.6953246,35.6557022],[139.6951695,35.6556348],[139.695042,35.655571],[139.6949158,35.6554964],[139.6948056,35.6554214],[139.694706,35.655342],[139.6946126,35.6552561],[139.6945083,35.6551494],[139.6943757,35.6549975],[139.6940099,35.6545518],[139.6939396,35.6544674],[139.693856,35.6543776],[139.6937609,35.6542877],[139.6936712,35.6542055],[139.693561,35.6541161],[139.6934498,35.6540355],[139.6933279,35.6539572],[139.6931767,35.6538713],[139.6930217,35.6537948],[139.6928524,35.6537227],[139.692675,35.6536561],[139.692465,35.6535902],[139.6919323,35.653432],[139.6910863,35.6531903],[139.6899211,35.652831],[139.6890787,35.6525738],[139.6876308,35.6520954],[139.687206,35.6519418]]}},{"type":"Feature","id":203832854,"properties":{"osm_id":203832854,"highway":"motorway_link","oneway":"yes","name":"高樹町出口","name_en":"","ref":"","destination":"","maxspeed":"60","bridge":"","tunnel":"","layer":"0"},"geometry":{"type":"LineString","coordinates":[[139.7202079,35.6593372],[139.7200199,35.6593273],[139.719534,35.6592935]]}},{"type":"Feature","id":203832857,"properties":{"osm_id":203832857,"highway":"motorway_link","oneway":"yes","name":"高樹町入口","name_en":"","ref":"","destination":"","maxspeed":"","bridge":"yes","tunnel":"","layer":"3"},"geometry":{"type":"LineString","coordinates":[[139.7213626,35.6596409],[139.7220936,35.6596722],[139.7226877,35.6596756]]}},{"type":"Feature","id":203873821,"properties":{"osm_id":203873821,"highway":"motorway_link","oneway":"yes","name":"芝公園出口","name_en":"","ref":"","destination":"","maxspeed":"","bridge":"","tunnel":"","layer":"0"},"geometry":{"type":"LineString","coordinates":[[139.7478199,35.6537485],[139.7478315,35.653977],[139.7478338,35.6540224],[139.7478421,35.6540886]]}},{"type":"Feature","id":203873824,"properties":{"osm_id":203873824,"highway":"motorway_link","oneway":"yes","name":"芝公園出口","name_en":"","ref":"","destination":"","maxspeed":"","bridge":"","tunnel":"","layer":"0"},"geometry":{"type":"LineString","coordinates":[[139.7470056,35.6530641],[139.7469649,35.6529968]]}},{"type":"Feature","id":203873831,"properties":{"osm_id":203873831,"highway":"motorway_link","oneway":"yes","name":"芝公園入口","name_en":"","ref":"","destination":"","maxspeed":"","bridge":"yes","tunnel":"","layer":"1"},"geometry":{"type":"LineString","coordinates":[[139.7442969,35.6548422],[139.7442411,35.6548243],[139.7441674,35.6548159],[139.7440911,35.654814],[139.7437675,35.6548428],[139.7436831,35.6548419],[139.7436072,35.6548279],[139.7435243,35.6548023],[139.7434455,35.6547855],[139.7433482,35.6547747],[139.7432544,35.6547765],[139.7422359,35.6548636],[139.7420895,35.6548833]]}},{"type":"Feature","id":205227956,"properties":{"osm_id":205227956,"highway":"motorway_link","oneway":"yes","name":"","name_en":"","ref":"","destination":"","maxspeed":"40","bridge":"","tunnel":"","layer":"0"},"geometry":{"type":"LineString","coordinates":[[139.6241646,35.591356],[139.6244346,35.5916636],[139.6248211,35.5921241]]}},{"type":"Feature","id":205227957,"properties":{"osm_id":205227957,"highway":"motorway_link","oneway":"yes","name":"","name_en":"","ref":"","destination":"","maxspeed":"40","bridge":"yes","tunnel":"","layer":"1"},"geometry":{"type":"LineString","coordinates":[[139.6268375,35.5937897],[139.6264867,35.5934333]]}},{"type":"Feature","id":205227960,"properties":{"osm_id":205227960,"highway":"motorway_link","oneway":"yes","name":"","name_en":"","ref":"","destination":"","maxspeed":"40","bridge":"yes","tunnel":"","layer":"1"},"geometry":{"type":"LineString","coordinates":[[139.6235333,35.5906191],[139.6238403,35.5909777],[139.6241646,35.591356]]}},{"type":"Feature","id":205227961,"properties":{"osm_id":205227961,"highway":"motorway_link","oneway":"yes","name":"","name_en":"","ref":"","destination":"","maxspeed":"40","bridge":"","tunnel":"","layer":"0"},"geometry":{"type":"LineString","coordinates":[[139.6264867,35.5934333],[139.626148,35.5930648],[139.6254866,35.5923371]]}},{"type":"Feature","id":205230981,"properties":{"osm_id":205230981,"highway":"motorway_link","oneway":"yes","name":"","name_en":"","ref":"","destination":"","maxspeed":"40","bridge":"","tunnel":"","layer":"0"},"geometry":{"type":"LineString","coordinates":[[139.6252448,35.5920914],[139.6244739,35.5911518]]}},{"type":"Feature","id":205230982,"properties":{"osm_id":205230982,"highway":"motorway_link","oneway":"yes","name":"","name_en":"","ref":"","destination":"","maxspeed":"40","bridge":"yes","tunnel":"","layer":"1"},"geometry":{"type":"LineString","coordinates":[[139.6261712,35.5936343],[139.6265178,35.5940167]]}},{"type":"Feature","id":205230983,"properties":{"osm_id":205230983,"highway":"motorway_link","oneway":"yes","name":"","name_en":"","ref":"","destination":"","maxspeed":"40","bridge":"","tunnel":"","layer":"0"},"geometry":{"type":"LineString","coordinates":[[139.6254866,35.5923371],[139.6253372,35.5921446]]}},{"type":"Feature","id":205230985,"properties":{"osm_id":205230985,"highway":"motorway_link","oneway":"yes","name":"","name_en":"","ref":"","destination":"","maxspeed":"40","bridge":"","tunnel":"","layer":"0"},"geometry":{"type":"LineString","coordinates":[[139.6252338,35.5925786],[139.6258493,35.5932773],[139.6261712,35.5936343]]}},{"type":"Feature","id":205230987,"properties":{"osm_id":205230987,"highway":"motorway_link","oneway":"yes","name":"","name_en":"","ref":"","destination":"","maxspeed":"40","bridge":"","tunnel":"","layer":"0"},"geometry":{"type":"LineString","coordinates":[[139.6248211,35.5921241],[139.624971,35.592295]]}},{"type":"Feature","id":205230989,"properties":{"osm_id":205230989,"highway":"motorway_link","oneway":"yes","name":"","name_en":"","ref":"","destination":"","maxspeed":"40","bridge":"","tunnel":"","layer":"0"},"geometry":{"type":"LineString","coordinates":[[139.6254866,35.5923371],[139.6254077,35.5922921],[139.6253498,35.5922728],[139.6252451,35.5922812]]}},{"type":"Feature","id":205411830,"properties":{"osm_id":205411830,"highway":"motorway","oneway":"yes","name":"首都高速都心環状線","name_en":"Circle 1","ref":"C1","destination":"","maxspeed":"","bridge":"","tunnel":"","layer":"0"},"geometry":{"type":"LineString","coordinates":[[139.7700543,35.6696772],[139.7707269,35.6702156]]}},{"type":"Feature","id":205411831,"properties":{"osm_id":205411831,"highway":"motorway","oneway":"yes","name":"首都高速都心環状線","name_en":"Circle 1","ref":"C1","destination":"","maxspeed":"","bridge":"","tunnel":"yes","layer":"-1"},"geometry":{"type":"LineString","coordinates":[[139.7682146,35.6681774],[139.7689997,35.6688222]]}},{"type":"Feature","id":205411832,"properties":{"osm_id":205411832,"highway":"motorway","oneway":"yes","name":"首都高速都心環状線","name_en":"Shuto Expressway Inner Circular Route","ref":"C1","destination":"","maxspeed":"","bridge":"","tunnel":"yes","layer":"-1"},"geometry":{"type":"LineString","coordinates":[[139.7696076,35.6693125],[139.7700543,35.6696772]]}},{"type":"Feature","id":205411833,"properties":{"osm_id":205411833,"highway":"motorway","oneway":"yes","name":"首都高速都心環状線","name_en":"Circle 1","ref":"C1","destination":"","maxspeed":"","bridge":"","tunnel":"","layer":"0"},"geometry":{"type":"LineString","coordinates":[[139.7689997,35.6688222],[139.7696076,35.6693125]]}},{"type":"Feature","id":205411834,"properties":{"osm_id":205411834,"highway":"motorway","oneway":"yes","name":"首都高速都心環状線","name_en":"Circle 1","ref":"C1","destination":"","maxspeed":"50","bridge":"","tunnel":"","layer":"0"},"geometry":{"type":"LineString","coordinates":[[139.771172,35.670662],[139.7712832,35.6707788],[139.7715543,35.6710747],[139.7717151,35.6712636]]}},{"type":"Feature","id":205411835,"properties":{"osm_id":205411835,"highway":"motorway","oneway":"yes","name":"首都高速都心環状線","name_en":"Circle 1","ref":"C1","destination":"","maxspeed":"50","bridge":"","tunnel":"yes","layer":"-1"},"geometry":{"type":"LineString","coordinates":[[139.7707269,35.6702156],[139.7708949,35.6703692],[139.771172,35.670662]]}},{"type":"Feature","id":205411836,"properties":{"osm_id":205411836,"highway":"motorway","oneway":"yes","name":"首都高速都心環状線","name_en":"Circle 1","ref":"C1","destination":"","maxspeed":"","bridge":"","tunnel":"","layer":"0"},"geometry":{"type":"LineString","coordinates":[[139.7682845,35.6681166],[139.7680117,35.6678715],[139.7679391,35.6678031],[139.7678682,35.6677278],[139.7678167,35.6676612],[139.7677785,35.6676027],[139.7677508,35.6675522],[139.7677246,35.6674934],[139.7677043,35.6674326],[139.7676857,35.6673523],[139.7676503,35.667115],[139.7676106,35.6669193],[139.7675946,35.6668587],[139.7675759,35.6668047],[139.7675533,35.6667503],[139.7675268,35.6667013],[139.7674886,35.6666441],[139.7674441,35.6665913],[139.7673903,35.6665351]]}},{"type":"Feature","id":205411838,"properties":{"osm_id":205411838,"highway":"motorway","oneway":"yes","name":"首都高速都心環状線","name_en":"Shuto Expressway Inner Circular Route","ref":"C1","destination":"","maxspeed":"","bridge":"","tunnel":"yes","layer":"-1"},"geometry":{"type":"LineString","coordinates":[[139.7701215,35.6696219],[139.7696838,35.6692617]]}},{"type":"Feature","id":205411839,"properties":{"osm_id":205411839,"highway":"motorway","oneway":"yes","name":"首都高速都心環状線","name_en":"Circle 1","ref":"C1","destination":"","maxspeed":"","bridge":"","tunnel":"","layer":"0"},"geometry":{"type":"LineString","coordinates":[[139.7707921,35.6701769],[139.7701215,35.6696219]]}},{"type":"Feature","id":205411840,"properties":{"osm_id":205411840,"highway":"motorway_link","oneway":"yes","name":"","name_en":"","ref":"","destination":"","maxspeed":"","bridge":"","tunnel":"yes","layer":"-1"},"geometry":{"type":"LineString","coordinates":[[139.7713004,35.6705718],[139.7708677,35.6701365]]}},{"type":"Feature","id":205411841,"properties":{"osm_id":205411841,"highway":"motorway","oneway":"yes","name":"首都高速都心環状線","name_en":"Circle 1","ref":"C1","destination":"","maxspeed":"","bridge":"","tunnel":"","layer":"0"},"geometry":{"type":"LineString","coordinates":[[139.7696838,35.6692617],[139.7690776,35.6687696]]}},{"type":"Feature","id":205411842,"properties":{"osm_id":205411842,"highway":"motorway","oneway":"yes","name":"首都高速都心環状線","name_en":"Circle 1","ref":"C1","destination":"","maxspeed":"","bridge":"","tunnel":"yes","layer":"-1"},"geometry":{"type":"LineString","coordinates":[[139.7712699,35.670595],[139.7707921,35.6701769]]}},{"type":"Feature","id":205411843,"properties":{"osm_id":205411843,"highway":"motorway_link","oneway":"yes","name":"銀座出口","name_en":"","ref":"","destination":"","maxspeed":"","bridge":"","tunnel":"yes","layer":"-1"},"geometry":{"type":"LineString","coordinates":[[139.7701875,35.6695719],[139.769755,35.6692091]]}},{"type":"Feature","id":205411844,"properties":{"osm_id":205411844,"highway":"motorway_link","oneway":"yes","name":"銀座入口","name_en":"","ref":"","destination":"","maxspeed":"","bridge":"","tunnel":"yes","layer":"-1"},"geometry":{"type":"LineString","coordinates":[[139.7706329,35.6702685],[139.7711155,35.6707013]]}},{"type":"Feature","id":205411845,"properties":{"osm_id":205411845,"highway":"motorway","oneway":"yes","name":"首都高速都心環状線","name_en":"Circle 1","ref":"C1","destination":"","maxspeed":"","bridge":"","tunnel":"yes","layer":"-1"},"geometry":{"type":"LineString","coordinates":[[139.7690776,35.6687696],[139.7682845,35.6681166]]}},{"type":"Feature","id":205411849,"properties":{"osm_id":205411849,"highway":"motorway_link","oneway":"yes","name":"新富町出口","name_en":"","ref":"","destination":"","maxspeed":"30","bridge":"","tunnel":"","layer":"0"},"geometry":{"type":"LineString","coordinates":[[139.7712228,35.6706283],[139.7713356,35.6707325],[139.7716224,35.671044]]}},{"type":"Feature","id":205411850,"properties":{"osm_id":205411850,"highway":"motorway_link","oneway":"yes","name":"銀座入口","name_en":"","ref":"","destination":"","maxspeed":"","bridge":"","tunnel":"","layer":"0"},"geometry":{"type":"LineString","coordinates":[[139.7711155,35.6707013],[139.7717151,35.6712636]]}},{"type":"Feature","id":205411852,"properties":{"osm_id":205411852,"highway":"motorway_link","oneway":"yes","name":"銀座出口","name_en":"","ref":"","destination":"","maxspeed":"","bridge":"","tunnel":"","layer":"0"},"geometry":{"type":"LineString","coordinates":[[139.7708677,35.6701365],[139.7701875,35.6695719]]}},{"type":"Feature","id":205411855,"properties":{"osm_id":205411855,"highway":"motorway_link","oneway":"yes","name":"銀座出口","name_en":"","ref":"","destination":"","maxspeed":"","bridge":"","tunnel":"","layer":"0"},"geometry":{"type":"LineString","coordinates":[[139.769755,35.6692091],[139.7694511,35.6689636],[139.7694191,35.6689354],[139.7693982,35.6689026],[139.7693945,35.6688681],[139.7693998,35.6687769]]}},{"type":"Feature","id":206499785,"properties":{"osm_id":206499785,"highway":"motorway","oneway":"yes","name":"首都高速都心環状線","name_en":"Circle 1","ref":"C1","destination":"","maxspeed":"","bridge":"","tunnel":"","layer":"0"},"geometry":{"type":"LineString","coordinates":[[139.7468785,35.6791721],[139.746996,35.6791264],[139.7471032,35.6790801],[139.7472304,35.6790172],[139.7473382,35.6789522],[139.7474365,35.6788822],[139.7475308,35.6788088],[139.7476537,35.6787003],[139.7477715,35.6785872],[139.7479862,35.6783473],[139.7482379,35.678041]]}},{"type":"Feature","id":207111988,"properties":{"osm_id":207111988,"highway":"motorway_link","oneway":"yes","name":"","name_en":"","ref":"","destination":"","maxspeed":"","bridge":"yes","tunnel":"","layer":"1"},"geometry":{"type":"LineString","coordinates":[[139.7500495,35.6534241],[139.7502726,35.6535431],[139.7504206,35.653622],[139.7505162,35.6536606],[139.7506284,35.6536949],[139.7507493,35.6537177],[139.7508787,35.6537311],[139.7510108,35.6537354],[139.751144,35.6537326],[139.7513131,35.6537208],[139.7514982,35.6536957],[139.7517579,35.6536467]]}},{"type":"Feature","id":207535708,"properties":{"osm_id":207535708,"highway":"motorway_link","oneway":"yes","name":"目黒入口","name_en":"","ref":"","destination":"","maxspeed":"","bridge":"","tunnel":"","layer":"0"},"geometry":{"type":"LineString","coordinates":[[139.7184886,35.6356812],[139.7181119,35.6360031]]}},{"type":"Feature","id":207535709,"properties":{"osm_id":207535709,"highway":"motorway_link","oneway":"yes","name":"","name_en":"","ref":"","destination":"","maxspeed":"","bridge":"","tunnel":"","layer":"0"},"geometry":{"type":"LineString","coordinates":[[139.7183268,35.6361071],[139.7185728,35.6358479]]}},{"type":"Feature","id":207535710,"properties":{"osm_id":207535710,"highway":"motorway_link","oneway":"yes","name":"目黒出口","name_en":"","ref":"","destination":"","maxspeed":"","bridge":"yes","tunnel":"","layer":"3"},"geometry":{"type":"LineString","coordinates":[[139.7169595,35.6379178],[139.7170612,35.6377153],[139.7171364,35.6375357],[139.7172611,35.6372942],[139.7173994,35.637077]]}},{"type":"Feature","id":207535712,"properties":{"osm_id":207535712,"highway":"motorway_link","oneway":"yes","name":"目黒入口","name_en":"","ref":"","destination":"","maxspeed":"","bridge":"yes","tunnel":"","layer":"3"},"geometry":{"type":"LineString","coordinates":[[139.7172221,35.6369307],[139.7170349,35.6372327],[139.7169237,35.6374958],[139.7168816,35.6376571],[139.7168521,35.6379136]]}},{"type":"Feature","id":207646122,"properties":{"osm_id":207646122,"highway":"motorway","oneway":"yes","name":"首都高速2号目黒線","name_en":"Route 2 Meguro Line","ref":"2","destination":"","maxspeed":"","bridge":"yes","tunnel":"","layer":"1"},"geometry":{"type":"LineString","coordinates":[[139.716171,35.6190483],[139.7167724,35.6193939],[139.7172769,35.6196723],[139.7177258,35.6199366],[139.7177808,35.6199745],[139.7178225,35.6200088],[139.717863,35.6200459],[139.7179018,35.6200895],[139.7179337,35.6201318],[139.7179605,35.6201738],[139.7179875,35.6202218],[139.7180114,35.6202794],[139.7180273,35.6203398],[139.7180373,35.6203968],[139.7180387,35.6204442],[139.7180377,35.620499]]}},{"type":"Feature","id":207646123,"properties":{"osm_id":207646123,"highway":"motorway","oneway":"yes","name":"首都高速2号目黒線","name_en":"Route 2 Meguro Line","ref":"2","destination":"","maxspeed":"","bridge":"","tunnel":"","layer":"0"},"geometry":{"type":"LineString","coordinates":[[139.7162109,35.6190054],[139.7157252,35.618734],[139.7154868,35.6185724]]}},{"type":"Feature","id":207659102,"properties":{"osm_id":207659102,"highway":"motorway_link","oneway":"yes","name":"","name_en":"","ref":"","destination":"","maxspeed":"","bridge":"","tunnel":"","layer":"0"},"geometry":{"type":"LineString","coordinates":[[139.7392402,35.5915035],[139.7391237,35.5913664]]}},{"type":"Feature","id":207659104,"properties":{"osm_id":207659104,"highway":"motorway_link","oneway":"yes","name":"","name_en":"","ref":"","destination":"","maxspeed":"","bridge":"","tunnel":"","layer":"0"},"geometry":{"type":"LineString","coordinates":[[139.7426759,35.5982981],[139.7425991,35.5983948]]}},{"type":"Feature","id":207659109,"properties":{"osm_id":207659109,"highway":"motorway_link","oneway":"yes","name":"","name_en":"","ref":"","destination":"","maxspeed":"","bridge":"yes","tunnel":"","layer":"2"},"geometry":{"type":"LineString","coordinates":[[139.7446536,35.6000726],[139.743688,35.5995067],[139.743518,35.5994009],[139.7433684,35.5992882],[139.743248,35.5991815],[139.7431566,35.599083],[139.7430767,35.5989824],[139.7430085,35.5988898],[139.7429437,35.598783],[139.7428795,35.5986688],[139.7428296,35.5985542],[139.7427913,35.598442],[139.7427606,35.5983301],[139.7427127,35.5981031],[139.7426691,35.5976966]]}},{"type":"Feature","id":211286459,"properties":{"osm_id":211286459,"highway":"motorway","oneway":"yes","name":"首都高速3号渋谷線","name_en":"Route 3 Shibuya Line","ref":"3","destination":"","maxspeed":"","bridge":"","tunnel":"","layer":"0"},"geometry":{"type":"LineString","coordinates":[[139.7102504,35.6585038],[139.7087372,35.6583575]]}},{"type":"Feature","id":211286460,"properties":{"osm_id":211286460,"highway":"motorway","oneway":"yes","name":"首都高速3号渋谷線","name_en":"Route 3 Shibuya Line","ref":"3","destination":"","maxspeed":"","bridge":"","tunnel":"yes","layer":"-1"},"geometry":{"type":"LineString","coordinates":[[139.7101838,35.6585673],[139.7113488,35.6586776]]}},{"type":"Feature","id":220549211,"properties":{"osm_id":220549211,"highway":"motorway_link","oneway":"yes","name":"","name_en":"","ref":"","destination":"","maxspeed":"60","bridge":"yes","tunnel":"","layer":"2"},"geometry":{"type":"LineString","coordinates":[[139.7935817,35.6771165],[139.7938484,35.6770063],[139.7939699,35.6769489],[139.7940686,35.6769],[139.7941724,35.6768442],[139.7942642,35.676791],[139.7943481,35.6767376],[139.7944285,35.6766792],[139.7945012,35.6766191],[139.79457,35.6765548],[139.7946322,35.676493],[139.7946855,35.6764314],[139.7947306,35.6763733],[139.7947654,35.6763204],[139.7948148,35.6762418],[139.7948419,35.6761899],[139.7948772,35.6761217],[139.7949268,35.6760091],[139.7949756,35.6758778],[139.7950962,35.6754743],[139.7952203,35.6750543],[139.7952956,35.6748639],[139.7953651,35.6747028],[139.7954266,35.6745882],[139.7954862,35.6744949],[139.7955473,35.6744071],[139.7955975,35.6743372],[139.7956505,35.6742701],[139.7957193,35.6742029],[139.7957936,35.6741411],[139.7958692,35.6740881],[139.7959644,35.6740254],[139.7960698,35.6739561],[139.7961645,35.6739065],[139.7962585,35.673861],[139.79636,35.6738173],[139.7964654,35.6737808],[139.7966092,35.6737383]]}},{"type":"Feature","id":222976977,"properties":{"osm_id":222976977,"highway":"motorway_link","oneway":"yes","name":"","name_en":"","ref":"","destination":"","maxspeed":"","bridge":"yes","tunnel":"","layer":"4"},"geometry":{"type":"LineString","coordinates":[[139.6430601,35.440102],[139.6427436,35.4402767],[139.6426025,35.4403614],[139.6424965,35.4404308],[139.6424185,35.4404911],[139.6423474,35.4405554],[139.6422727,35.4406306],[139.6422051,35.4407078],[139.6420419,35.4409095],[139.6419212,35.4410613],[139.6418054,35.4411701],[139.6416543,35.4412768],[139.6407879,35.4417385],[139.6402691,35.4420175],[139.6398183,35.4422248],[139.6389568,35.4425753]]}},{"type":"Feature","id":222976979,"properties":{"osm_id":222976979,"highway":"motorway_link","oneway":"yes","name":"","name_en":"","ref":"","destination":"","maxspeed":"","bridge":"yes","tunnel":"","layer":"2"},"geometry":{"type":"LineString","coordinates":[[139.6451587,35.439572],[139.645087,35.4395497],[139.6449927,35.4395281],[139.644853,35.4395139],[139.6446495,35.4395177],[139.6443952,35.4395507],[139.6441378,35.4396092],[139.6439758,35.4396558],[139.6437999,35.4397244],[139.6430601,35.440102]]}},{"type":"Feature","id":223418906,"properties":{"osm_id":223418906,"highway":"motorway_link","oneway":"yes","name":"","name_en":"","ref":"","destination":"","maxspeed":"","bridge":"","tunnel":"","layer":"0"},"geometry":{"type":"LineString","coordinates":[[139.6381395,35.4425433],[139.638872,35.4422092],[139.639336,35.4420008],[139.6397697,35.4417977],[139.639889,35.4417526],[139.6399685,35.4417354],[139.6400387,35.4417347],[139.6401288,35.4417585],[139.6402009,35.4417978],[139.6403454,35.4419312],[139.640485,35.4419946]]}},{"type":"Feature","id":223418907,"properties":{"osm_id":223418907,"highway":"motorway_link","oneway":"yes","name":"","name_en":"","ref":"","destination":"","maxspeed":"","bridge":"","tunnel":"","layer":"0"},"geometry":{"type":"LineString","coordinates":[[139.6393215,35.4410195],[139.6393872,35.4411066],[139.6394712,35.4412187],[139.6397519,35.4414138],[139.6398274,35.4414899],[139.6398408,35.4415393],[139.6398304,35.4416057],[139.6398111,35.441648],[139.6397519,35.4416902],[139.6394482,35.441835],[139.6391594,35.4419714],[139.6388957,35.4421452],[139.6381098,35.442496]]}},{"type":"Feature","id":223418908,"properties":{"osm_id":223418908,"highway":"motorway_link","oneway":"yes","name":"","name_en":"","ref":"","destination":"","maxspeed":"","bridge":"","tunnel":"yes","layer":"-1"},"geometry":{"type":"LineString","coordinates":[[139.6373097,35.4430059],[139.6374526,35.4429155],[139.637617,35.4428193],[139.637987,35.4426196],[139.6381395,35.4425433]]}},{"type":"Feature","id":223418910,"properties":{"osm_id":223418910,"highway":"motorway_link","oneway":"yes","name":"","name_en":"","ref":"","destination":"","maxspeed":"","bridge":"","tunnel":"yes","layer":"-1"},"geometry":{"type":"LineString","coordinates":[[139.6381098,35.442496],[139.6375436,35.4427574],[139.637261,35.4428706]]}},{"type":"Feature","id":223418913,"properties":{"osm_id":223418913,"highway":"motorway","oneway":"yes","name":"首都高速神奈川1号横羽線","name_en":"Kanagawa Route 1 Yokohane Line","ref":"K1","destination":"","maxspeed":"50","bridge":"","tunnel":"","layer":"-1"},"geometry":{"type":"LineString","coordinates":[[139.6388199,35.4420641],[139.6380605,35.4424367]]}},{"type":"Feature","id":223578140,"properties":{"osm_id":223578140,"highway":"motorway_link","oneway":"yes","name":"","name_en":"","ref":"","destination":"","maxspeed":"","bridge":"yes","tunnel":"","layer":"3"},"geometry":{"type":"LineString","coordinates":[[139.6426956,35.4397607],[139.642916,35.439324],[139.643105,35.4389657],[139.6431337,35.4389335],[139.64318,35.4389013],[139.6432611,35.4388706],[139.6433758,35.4388505],[139.6434619,35.4388505],[139.6435751,35.4388751],[139.6436919,35.4389112],[139.6439184,35.4390008],[139.6442725,35.4391497],[139.6449262,35.4394062]]}},{"type":"Feature","id":223578141,"properties":{"osm_id":223578141,"highway":"motorway_link","oneway":"yes","name":"","name_en":"","ref":"","destination":"","maxspeed":"","bridge":"yes","tunnel":"","layer":"1"},"geometry":{"type":"LineString","coordinates":[[139.6438602,35.4396151],[139.6432652,35.439933],[139.643098,35.4400091],[139.643007,35.4400391],[139.6429316,35.4400438],[139.6428595,35.4400311],[139.6427775,35.4399931],[139.6427169,35.439941],[139.6426882,35.4398795],[139.6426784,35.4398221],[139.6426956,35.4397607]]}},{"type":"Feature","id":223578144,"properties":{"osm_id":223578144,"highway":"motorway_link","oneway":"yes","name":"","name_en":"","ref":"","destination":"","maxspeed":"","bridge":"","tunnel":"","layer":"0"},"geometry":{"type":"LineString","coordinates":[[139.6443006,35.4392434],[139.6443001,35.4392851],[139.6442921,35.4393433],[139.6442684,35.4393867],[139.6442036,35.4394342],[139.6438602,35.4396151]]}},{"type":"Feature","id":224864763,"properties":{"osm_id":224864763,"highway":"motorway_link","oneway":"yes","name":"","name_en":"","ref":"","destination":"","maxspeed":"","bridge":"yes","tunnel":"","layer":"3"},"geometry":{"type":"LineString","coordinates":[[139.6552312,35.4856457],[139.6548798,35.4854967],[139.6546095,35.4853701],[139.6544677,35.4853131],[139.6543107,35.4852593],[139.6535327,35.4850316],[139.6529075,35.4848466]]}},{"type":"Feature","id":224864769,"properties":{"osm_id":224864769,"highway":"motorway_link","oneway":"yes","name":"","name_en":"","ref":"","destination":"","maxspeed":"","bridge":"","tunnel":"","layer":"0"},"geometry":{"type":"LineString","coordinates":[[139.6522941,35.4848889],[139.6524015,35.484923]]}},{"type":"Feature","id":224864773,"properties":{"osm_id":224864773,"highway":"motorway_link","oneway":"yes","name":"","name_en":"","ref":"","destination":"","maxspeed":"","bridge":"","tunnel":"","layer":"0"},"geometry":{"type":"LineString","coordinates":[[139.6535398,35.4850174],[139.652669,35.4847547],[139.6526036,35.4847471],[139.652545,35.4847536],[139.6524997,35.4847748],[139.6524685,35.484808],[139.6524015,35.484923]]}},{"type":"Feature","id":224864778,"properties":{"osm_id":224864778,"highway":"motorway_link","oneway":"yes","name":"","name_en":"","ref":"","destination":"","maxspeed":"","bridge":"yes","tunnel":"","layer":"2"},"geometry":{"type":"LineString","coordinates":[[139.6556673,35.4857145],[139.6551539,35.4854995],[139.6549459,35.4854254]]}},{"type":"Feature","id":224864779,"properties":{"osm_id":224864779,"highway":"motorway_link","oneway":"yes","name":"","name_en":"","ref":"","destination":"","maxspeed":"40","bridge":"yes","tunnel":"","layer":"1"},"geometry":{"type":"LineString","coordinates":[[139.6566289,35.4861569],[139.656953,35.4862515],[139.6570623,35.486282],[139.6577652,35.4864765]]}},{"type":"Feature","id":224864780,"properties":{"osm_id":224864780,"highway":"motorway_link","oneway":"yes","name":"","name_en":"","ref":"","destination":"","maxspeed":"40","bridge":"yes","tunnel":"","layer":"2"},"geometry":{"type":"LineString","coordinates":[[139.65003,35.4838419],[139.6501128,35.483879],[139.6501835,35.4839139],[139.6502558,35.4839543],[139.6503797,35.4840285],[139.6504944,35.4840927],[139.650615,35.4841542]]}},{"type":"Feature","id":224864783,"properties":{"osm_id":224864783,"highway":"motorway_link","oneway":"yes","name":"","name_en":"","ref":"","destination":"","maxspeed":"","bridge":"yes","tunnel":"","layer":"2"},"geometry":{"type":"LineString","coordinates":[[139.6580224,35.4864239],[139.6577038,35.4862833],[139.6575631,35.4862274],[139.6574152,35.4861744],[139.6572641,35.4861236]]}},{"type":"Feature","id":224864784,"properties":{"osm_id":224864784,"highway":"motorway","oneway":"yes","name":"首都高速神奈川1号横羽線","name_en":"Kanagawa Route 1 Yokohane Line","ref":"K1","destination":"","maxspeed":"","bridge":"yes","tunnel":"","layer":"2"},"geometry":{"type":"LineString","coordinates":[[139.6544825,35.4853751],[139.6528979,35.484913],[139.6525689,35.4848108],[139.652309,35.4847233],[139.6520671,35.4846358],[139.6518339,35.4845444],[139.6515589,35.4844284],[139.6512845,35.4843102],[139.6504717,35.4839374],[139.6502612,35.4838448],[139.6500722,35.483774],[139.6498834,35.4837129],[139.6496806,35.4836517],[139.6479424,35.4831706],[139.6475517,35.4830555],[139.6471845,35.482941],[139.6468462,35.4828223],[139.6461465,35.4825635],[139.6455166,35.4823241],[139.645287,35.4822326],[139.645052,35.4821367],[139.6448306,35.4820431],[139.6446138,35.481943],[139.6443896,35.4818304],[139.6441662,35.4817145],[139.6433391,35.4812647],[139.6430357,35.4810955],[139.6427394,35.480923],[139.6424772,35.4807592],[139.6422218,35.48059],[139.6417555,35.4802757],[139.6412893,35.4799504],[139.641058,35.4797836],[139.6408247,35.479603],[139.6405579,35.4793827],[139.6402951,35.4791526],[139.640034,35.4789134],[139.6397856,35.4786621],[139.6393339,35.478154],[139.6389441,35.4776907],[139.6387439,35.4774559],[139.6385343,35.4772188],[139.6382902,35.4769674],[139.6376494,35.4763595],[139.6374011,35.476133],[139.6373188,35.4760608],[139.6372127,35.4759767],[139.6371033,35.4759008],[139.6369799,35.4758273],[139.6368531,35.4757637],[139.6367152,35.4757059],[139.6365707,35.4756531],[139.6364083,35.4756019],[139.6358497,35.4754424],[139.6356757,35.4753853],[139.6355096,35.4753194],[139.6353734,35.475255],[139.6352412,35.4751803],[139.6350995,35.4750838],[139.6349632,35.4749741],[139.6348553,35.4748757],[139.6347474,35.4747658],[139.6344588,35.4744431],[139.6330808,35.4728731],[139.6322383,35.4719793],[139.6318145,35.471553],[139.6308424,35.4706186]]}},{"type":"Feature","id":225794283,"properties":{"osm_id":225794283,"highway":"motorway_link","oneway":"yes","name":"","name_en":"","ref":"","destination":"","maxspeed":"","bridge":"","tunnel":"","layer":"0"},"geometry":{"type":"LineString","coordinates":[[139.7159063,35.5123833],[139.7164383,35.5125133],[139.7170688,35.5127149]]}},{"type":"Feature","id":225796548,"properties":{"osm_id":225796548,"highway":"motorway_link","oneway":"yes","name":"","name_en":"","ref":"","destination":"","maxspeed":"","bridge":"yes","tunnel":"","layer":"2"},"geometry":{"type":"LineString","coordinates":[[139.6946344,35.5000572],[139.6939573,35.4998118],[139.6937084,35.4997091],[139.6932842,35.4995221],[139.6927645,35.4992929]]}},{"type":"Feature","id":225796549,"properties":{"osm_id":225796549,"highway":"motorway_link","oneway":"yes","name":"","name_en":"","ref":"","destination":"","maxspeed":"","bridge":"","tunnel":"","layer":"0"},"geometry":{"type":"LineString","coordinates":[[139.6927645,35.4992929],[139.6920176,35.498965],[139.6918715,35.4988965],[139.6917653,35.4988352],[139.6916845,35.4987803],[139.6915479,35.4986748]]}},{"type":"Feature","id":225796550,"properties":{"osm_id":225796550,"highway":"motorway_link","oneway":"yes","name":"","name_en":"","ref":"","destination":"","maxspeed":"40","bridge":"","tunnel":"","layer":"0"},"geometry":{"type":"LineString","coordinates":[[139.6903557,35.4984467],[139.6907704,35.4985199],[139.6908618,35.4985424],[139.6909241,35.4985599],[139.6910779,35.4986121],[139.6913877,35.4987355],[139.6917689,35.498913],[139.692736,35.4993338]]}},{"type":"Feature","id":225796551,"properties":{"osm_id":225796551,"highway":"motorway_link","oneway":"yes","name":"","name_en":"","ref":"","destination":"","maxspeed":"40","bridge":"yes","tunnel":"","layer":"2"},"geometry":{"type":"LineString","coordinates":[[139.692736,35.4993338],[139.6935504,35.4997094],[139.6939145,35.4998806],[139.6941568,35.4999959],[139.6943341,35.5000867],[139.694484,35.500171],[139.6946037,35.5002595]]}},{"type":"Feature","id":227213864,"properties":{"osm_id":227213864,"highway":"motorway_link","oneway":"yes","name":"池尻出口","name_en":"","ref":"","destination":"","maxspeed":"","bridge":"yes","tunnel":"","layer":"1"},"geometry":{"type":"LineString","coordinates":[[139.6807824,35.6486646],[139.6813415,35.6489801]]}},{"type":"Feature","id":227213866,"properties":{"osm_id":227213866,"highway":"motorway_link","oneway":"yes","name":"三軒茶屋入口","name_en":"","ref":"","destination":"","maxspeed":"","bridge":"yes","tunnel":"","layer":"1"},"geometry":{"type":"LineString","coordinates":[[139.6749182,35.6455431],[139.6754587,35.645818]]}},{"type":"Feature","id":227213867,"properties":{"osm_id":227213867,"highway":"motorway_link","oneway":"yes","name":"三軒茶屋入口","name_en":"","ref":"","destination":"","maxspeed":"","bridge":"yes","tunnel":"","layer":"2"},"geometry":{"type":"LineString","coordinates":[[139.6754587,35.645818],[139.6763658,35.6463129]]}},{"type":"Feature","id":227213869,"properties":{"osm_id":227213869,"highway":"motorway_link","oneway":"yes","name":"三軒茶屋出口","name_en":"","ref":"","destination":"","maxspeed":"","bridge":"yes","tunnel":"","layer":"1"},"geometry":{"type":"LineString","coordinates":[[139.6734913,35.644684],[139.6731885,35.6444843]]}},{"type":"Feature","id":227213870,"properties":{"osm_id":227213870,"highway":"motorway_link","oneway":"yes","name":"三軒茶屋入口","name_en":"","ref":"","destination":"","maxspeed":"","bridge":"","tunnel":"","layer":"0"},"geometry":{"type":"LineString","coordinates":[[139.6741549,35.6452643],[139.6747233,35.6454512],[139.6749182,35.6455431]]}},{"type":"Feature","id":227213871,"properties":{"osm_id":227213871,"highway":"motorway_link","oneway":"yes","name":"","name_en":"","ref":"","destination":"","maxspeed":"","bridge":"yes","tunnel":"","layer":"2"},"geometry":{"type":"LineString","coordinates":[[139.6802046,35.6483689],[139.6807824,35.6486646]]}},{"type":"Feature","id":227213873,"properties":{"osm_id":227213873,"highway":"motorway_link","oneway":"yes","name":"三軒茶屋出口","name_en":"","ref":"","destination":"","maxspeed":"40","bridge":"yes","tunnel":"","layer":"2"},"geometry":{"type":"LineString","coordinates":[[139.6742933,35.6451592],[139.6740184,35.6450069],[139.6737478,35.6448434],[139.6734913,35.644684]]}},{"type":"Feature","id":227213874,"properties":{"osm_id":227213874,"highway":"motorway_link","oneway":"yes","name":"三軒茶屋出口","name_en":"","ref":"","destination":"","maxspeed":"40","bridge":"yes","tunnel":"","layer":"3"},"geometry":{"type":"LineString","coordinates":[[139.6755077,35.6457623],[139.6750739,35.6455636],[139.6742933,35.6451592]]}},{"type":"Feature","id":227213875,"properties":{"osm_id":227213875,"highway":"motorway_link","oneway":"yes","name":"池尻出口","name_en":"","ref":"","destination":"","maxspeed":"","bridge":"yes","tunnel":"","layer":"3"},"geometry":{"type":"LineString","coordinates":[[139.6787882,35.6477383],[139.6793,35.6479291],[139.6794765,35.6480022],[139.6796507,35.6480817],[139.6799253,35.6482214],[139.6802046,35.6483689]]}},{"type":"Feature","id":227213878,"properties":{"osm_id":227213878,"highway":"motorway_link","oneway":"yes","name":"三軒茶屋入口","name_en":"","ref":"","destination":"","maxspeed":"","bridge":"yes","tunnel":"","layer":"3"},"geometry":{"type":"LineString","coordinates":[[139.6763658,35.6463129],[139.6769108,35.6466125],[139.6774068,35.6468818],[139.6778545,35.6471295],[139.6780353,35.6472396],[139.6782024,35.6473541],[139.6784991,35.6475809]]}},{"type":"Feature","id":227383685,"properties":{"osm_id":227383685,"highway":"motorway_link","oneway":"yes","name":"池尻入口","name_en":"","ref":"","destination":"","maxspeed":"","bridge":"","tunnel":"","layer":"0"},"geometry":{"type":"LineString","coordinates":[[139.6852115,35.6508807],[139.6846535,35.6506862],[139.6843636,35.6505511]]}},{"type":"Feature","id":227384367,"properties":{"osm_id":227384367,"highway":"motorway","oneway":"yes","name":"東名高速道路","name_en":"Tomei Expressway","ref":"E1","destination":"","maxspeed":"100","bridge":"viaduct","tunnel":"","layer":"1"},"geometry":{"type":"LineString","coordinates":[[139.6073543,35.6263147],[139.6068828,35.6261995],[139.6064341,35.6261049],[139.6060068,35.6260234],[139.6052971,35.6258943],[139.6047106,35.6257762],[139.6043194,35.6256884],[139.6039376,35.6255888],[139.6035876,35.6254837],[139.6031657,35.6253344],[139.6027627,35.6251852],[139.6024223,35.6250449],[139.6019602,35.6248211],[139.6015304,35.6245979],[139.6010714,35.6243218],[139.6007511,35.6241063],[139.6002779,35.6237539],[139.5999107,35.6234521],[139.5995953,35.623159],[139.5994028,35.6229694],[139.5991873,35.6227457],[139.5989969,35.6225182],[139.598732,35.6221916],[139.5984909,35.6218677],[139.5982552,35.6215254],[139.5978134,35.620846],[139.5975642,35.6204599]]}},{"type":"Feature","id":227384368,"properties":{"osm_id":227384368,"highway":"motorway","oneway":"yes","name":"東名高速道路","name_en":"Tomei Expressway","ref":"E1","destination":"","maxspeed":"100","bridge":"viaduct","tunnel":"","layer":"1"},"geometry":{"type":"LineString","coordinates":[[139.5974169,35.620486],[139.5978551,35.6211738],[139.5983164,35.6218659],[139.5985814,35.622232],[139.5988558,35.6225795],[139.5990662,35.6228181],[139.5992708,35.6230434],[139.5994623,35.6232343],[139.5997408,35.6234921],[139.6000348,35.6237436],[139.6003334,35.623978],[139.6006451,35.6242059],[139.6009616,35.6244166],[139.6013751,35.6246687],[139.6017136,35.6248487],[139.6020242,35.6250055],[139.6023483,35.6251558],[139.6027083,35.6253084],[139.6030956,35.6254549],[139.6034858,35.6255871],[139.6038251,35.6256901],[139.6041629,35.6257753],[139.6045235,35.6258585],[139.6049066,35.6259413],[139.6052733,35.6260119],[139.6059195,35.6261334],[139.6063377,35.6262134],[139.6067933,35.6263039],[139.6073335,35.6264403]]}},{"type":"Feature","id":227384370,"properties":{"osm_id":227384370,"highway":"motorway","oneway":"yes","name":"東名高速道路","name_en":"Tomei Expressway","ref":"E1","destination":"","maxspeed":"100","bridge":"","tunnel":"","layer":"0"},"geometry":{"type":"LineString","coordinates":[[139.6097357,35.6272288],[139.6093091,35.6270294],[139.6090521,35.626911],[139.6087072,35.6267675],[139.6083477,35.6266305],[139.6077745,35.6264332],[139.6073543,35.6263147]]}},{"type":"Feature","id":227384371,"properties":{"osm_id":227384371,"highway":"motorway","oneway":"yes","name":"東名高速道路","name_en":"Tomei Expressway","ref":"E1","destination":"","maxspeed":"100","bridge":"viaduct","tunnel":"","layer":"1"},"geometry":{"type":"LineString","coordinates":[[139.6116423,35.6280508],[139.6112528,35.6279144],[139.6108387,35.6277461],[139.6102665,35.6274941],[139.6097357,35.6272288]]}},{"type":"Feature","id":227384372,"properties":{"osm_id":227384372,"highway":"motorway","oneway":"yes","name":"東名高速道路","name_en":"Tomei Expressway","ref":"E1","destination":"","maxspeed":"100","bridge":"viaduct","tunnel":"","layer":"2"},"geometry":{"type":"LineString","coordinates":[[139.6096685,35.6273451],[139.6104671,35.6277244],[139.6107996,35.6278719],[139.6112076,35.6280319],[139.6115705,35.6281599]]}},{"type":"Feature","id":227384373,"properties":{"osm_id":227384373,"highway":"motorway","oneway":"yes","name":"東名高速道路","name_en":"Tomei Expressway","ref":"E1","destination":"","maxspeed":"100","bridge":"","tunnel":"","layer":"0"},"geometry":{"type":"LineString","coordinates":[[139.6073335,35.6264403],[139.6077943,35.6265774],[139.6081626,35.6266978],[139.6085389,35.6268389],[139.6089184,35.6269948],[139.6092391,35.6271407],[139.6096685,35.6273451]]}},{"type":"Feature","id":227384374,"properties":{"osm_id":227384374,"highway":"motorway","oneway":"yes","name":"東名高速道路","name_en":"Tomei Expressway","ref":"E1","destination":"","maxspeed":"100","bridge":"","tunnel":"","layer":"0"},"geometry":{"type":"LineString","coordinates":[[139.6115705,35.6281599],[139.6119147,35.6282647],[139.6122599,35.6283585],[139.6126106,35.6284381],[139.6129763,35.6285095],[139.6133205,35.6285654],[139.613643,35.6286106],[139.6139836,35.6286444],[139.6143145,35.6286662],[139.6146788,35.6286779],[139.6150444,35.6286771],[139.6154088,35.6286664],[139.6157951,35.6286447],[139.6161966,35.6286111],[139.6166155,35.6285699],[139.6178369,35.6284198]]}},{"type":"Feature","id":228468520,"properties":{"osm_id":228468520,"highway":"motorway_link","oneway":"yes","name":"","name_en":"","ref":"","destination":"","maxspeed":"","bridge":"","tunnel":"","layer":"0"},"geometry":{"type":"LineString","coordinates":[[139.8052878,35.6721414],[139.8062662,35.6720374],[139.8063846,35.6719615]]}},{"type":"Feature","id":228468522,"properties":{"osm_id":228468522,"highway":"motorway_link","oneway":"yes","name":"","name_en":"","ref":"","destination":"","maxspeed":"","bridge":"yes","tunnel":"","layer":"2"},"geometry":{"type":"LineString","coordinates":[[139.8032285,35.6724146],[139.8012621,35.6727521],[139.8005098,35.6728648],[139.8000217,35.672948],[139.7997999,35.6730179]]}},{"type":"Feature","id":229389521,"properties":{"osm_id":229389521,"highway":"motorway_link","oneway":"yes","name":"","name_en":"","ref":"C1","destination":"","maxspeed":"","bridge":"yes","tunnel":"","layer":"2"},"geometry":{"type":"LineString","coordinates":[[139.7614406,35.6615474],[139.7608917,35.6608649],[139.7601984,35.6600915]]}},{"type":"Feature","id":234062703,"properties":{"osm_id":234062703,"highway":"motorway","oneway":"yes","name":"東名高速道路","name_en":"Tomei Expressway","ref":"E1","destination":"","maxspeed":"","bridge":"","tunnel":"","layer":"0"},"geometry":{"type":"LineString","coordinates":[[139.6178369,35.6284198],[139.6193336,35.6282231],[139.6201752,35.6281174],[139.6203796,35.6280905]]}},{"type":"Feature","id":243206476,"properties":{"osm_id":243206476,"highway":"motorway","oneway":"yes","name":"首都高速都心環状線","name_en":"Circle 1","ref":"C1","destination":"","maxspeed":"","bridge":"yes","tunnel":"","layer":"2"},"geometry":{"type":"LineString","coordinates":[[139.7387733,35.664966],[139.7388696,35.6654614],[139.7389256,35.665894],[139.7389722,35.6662884],[139.7390093,35.6664791],[139.7390518,35.666661],[139.7391094,35.6668302],[139.7391823,35.6669926],[139.7392956,35.6672105],[139.7393633,35.6673274],[139.7394594,35.6674697],[139.739569,35.6676112],[139.7398817,35.6679864]]}},{"type":"Feature","id":247838146,"properties":{"osm_id":247838146,"highway":"motorway_link","oneway":"yes","name":"","name_en":"","ref":"","destination":"","maxspeed":"","bridge":"yes","tunnel":"","layer":"2"},"geometry":{"type":"LineString","coordinates":[[139.6239031,35.4621404],[139.623896,35.4612032],[139.6238942,35.4607355],[139.6239086,35.4605782],[139.62395,35.4603028],[139.6239948,35.4601242],[139.6240474,35.4599591],[139.6241101,35.4598042],[139.6242032,35.4596218],[139.6242748,35.4595111],[139.6243821,35.4593781]]}},{"type":"Feature","id":247838147,"properties":{"osm_id":247838147,"highway":"motorway_link","oneway":"yes","name":"","name_en":"","ref":"","destination":"","maxspeed":"","bridge":"yes","tunnel":"","layer":"1"},"geometry":{"type":"LineString","coordinates":[[139.6238434,35.4621433],[139.6238489,35.4631648]]}},{"type":"Feature","id":247838148,"properties":{"osm_id":247838148,"highway":"motorway_link","oneway":"yes","name":"","name_en":"","ref":"","destination":"","maxspeed":"","bridge":"yes","tunnel":"","layer":"2"},"geometry":{"type":"LineString","coordinates":[[139.6237555,35.4612102],[139.6237994,35.4614965],[139.6238434,35.4621433]]}},{"type":"Feature","id":247838149,"properties":{"osm_id":247838149,"highway":"motorway_link","oneway":"yes","name":"","name_en":"","ref":"","destination":"","maxspeed":"","bridge":"yes","tunnel":"","layer":"1"},"geometry":{"type":"LineString","coordinates":[[139.6239086,35.4631645],[139.6239031,35.4621404]]}},{"type":"Feature","id":247838151,"properties":{"osm_id":247838151,"highway":"motorway_link","oneway":"yes","name":"","name_en":"","ref":"","destination":"","maxspeed":"","bridge":"","tunnel":"","layer":"0"},"geometry":{"type":"LineString","coordinates":[[139.623844,35.463536],[139.6238349,35.4643096],[139.6237997,35.4647094],[139.6237596,35.4648779],[139.6236736,35.4651324]]}},{"type":"Feature","id":247838153,"properties":{"osm_id":247838153,"highway":"motorway_link","oneway":"yes","name":"","name_en":"","ref":"","destination":"","maxspeed":"","bridge":"","tunnel":"","layer":"0"},"geometry":{"type":"LineString","coordinates":[[139.624018,35.4649142],[139.6239648,35.464868],[139.6239201,35.4647876],[139.6239053,35.4647281],[139.6239065,35.4635381]]}},{"type":"Feature","id":247838154,"properties":{"osm_id":247838154,"highway":"motorway_link","oneway":"yes","name":"","name_en":"","ref":"","destination":"","maxspeed":"","bridge":"yes","tunnel":"","layer":"1"},"geometry":{"type":"LineString","coordinates":[[139.6239065,35.4635381],[139.6239086,35.4631645]]}},{"type":"Feature","id":247838155,"properties":{"osm_id":247838155,"highway":"motorway_link","oneway":"yes","name":"","name_en":"","ref":"","destination":"","maxspeed":"","bridge":"yes","tunnel":"","layer":"1"},"geometry":{"type":"LineString","coordinates":[[139.6238489,35.4631648],[139.623844,35.463536]]}},{"type":"Feature","id":250494181,"properties":{"osm_id":250494181,"highway":"motorway_link","oneway":"yes","name":"八潮連結路","name_en":"","ref":"","destination":"","maxspeed":"","bridge":"yes","tunnel":"","layer":"1"},"geometry":{"type":"LineString","coordinates":[[139.7545052,35.60587],[139.7544115,35.6059151],[139.7543071,35.6059609],[139.7541679,35.6060154],[139.7536005,35.606235],[139.7534247,35.6063064],[139.7532912,35.6063653],[139.7531713,35.6064242],[139.7530562,35.6064856],[139.7529465,35.6065525],[139.752832,35.6066212],[139.7526523,35.6067291],[139.7524955,35.6068178],[139.7523645,35.6068856],[139.7511832,35.6075132]]}},{"type":"Feature","id":250494182,"properties":{"osm_id":250494182,"highway":"motorway_link","oneway":"yes","name":"首都高速湾岸線","name_en":"Bayshore Route","ref":"C2","destination":"","maxspeed":"","bridge":"yes","tunnel":"","layer":"3"},"geometry":{"type":"LineString","coordinates":[[139.7530491,35.6068707],[139.7531335,35.6067915],[139.7532393,35.6067127],[139.7533437,35.6066482],[139.7534737,35.6065837],[139.753613,35.6065248],[139.754414,35.6062603],[139.7545928,35.6061994],[139.754715,35.6061522],[139.7548278,35.6061027],[139.754942,35.6060444],[139.755052,35.6059774],[139.7551565,35.6059016],[139.7552517,35.6058187],[139.7553255,35.6057402],[139.7553966,35.6056486],[139.755449,35.6055635],[139.7554976,35.6054605],[139.7555368,35.6053509],[139.7555589,35.6052452],[139.7555703,35.6051373],[139.7555763,35.6050173],[139.7555667,35.6040507]]}},{"type":"Feature","id":250495122,"properties":{"osm_id":250495122,"highway":"motorway_link","oneway":"yes","name":"","name_en":"","ref":"","destination":"","maxspeed":"","bridge":"","tunnel":"","layer":"0"},"geometry":{"type":"LineString","coordinates":[[139.7554285,35.6074222],[139.7555287,35.6065081],[139.7555786,35.6062839],[139.7556441,35.605815],[139.7556734,35.6049412],[139.7556797,35.6043635],[139.7556864,35.6042432],[139.7556972,35.6041229],[139.7557161,35.6039872],[139.7557475,35.603837],[139.7557743,35.6037158]]}},{"type":"Feature","id":250495123,"properties":{"osm_id":250495123,"highway":"motorway_link","oneway":"yes","name":"","name_en":"","ref":"","destination":"","maxspeed":"","bridge":"","tunnel":"","layer":"0"},"geometry":{"type":"LineString","coordinates":[[139.7555577,35.6032277],[139.7556281,35.6028048],[139.7556488,35.6025713],[139.7556604,35.6023239],[139.755686,35.601921],[139.7556983,35.6017118],[139.7557139,35.6015289],[139.7557375,35.6014022],[139.755771,35.601257]]}},{"type":"Feature","id":254326650,"properties":{"osm_id":254326650,"highway":"motorway","oneway":"yes","name":"首都高速1号上野線","name_en":"Route 1 Ueno Line","ref":"1","destination":"","maxspeed":"40","bridge":"yes","tunnel":"","layer":"3"},"geometry":{"type":"LineString","coordinates":[[139.7756005,35.7015227],[139.7759844,35.7050638],[139.7759979,35.705204],[139.7762346,35.7077553],[139.7762724,35.7080498],[139.7763063,35.708314],[139.7764142,35.709429],[139.7765205,35.7106669],[139.776541,35.7108152],[139.7765783,35.7109873],[139.7766178,35.7111068],[139.7766671,35.7112174],[139.7767193,35.7113112],[139.7767893,35.7114151],[139.7768618,35.7115046],[139.7769469,35.7115934],[139.7770378,35.7116745],[139.7771183,35.7117363],[139.7772224,35.7118084],[139.7773857,35.7119141],[139.7777065,35.7120933],[139.7778932,35.7122098],[139.7780832,35.7123478],[139.7782077,35.7124556],[139.7782965,35.7125423],[139.7783871,35.7126425],[139.7784567,35.7127334],[139.778673,35.7130298],[139.7787917,35.7132054],[139.779046,35.7135686],[139.7792887,35.7139127],[139.7802497,35.7152368],[139.7806976,35.7158625],[139.7810757,35.7164138],[139.7822559,35.7179312],[139.7828543,35.7186773],[139.7831388,35.7190339]]}},{"type":"Feature","id":254326655,"properties":{"osm_id":254326655,"highway":"motorway","oneway":"yes","name":"首都高速1号上野線","name_en":"Route 1 Ueno Line","ref":"1","destination":"","maxspeed":"","bridge":"yes","tunnel":"","layer":"3"},"geometry":{"type":"LineString","coordinates":[[139.775502,35.7004558],[139.7755289,35.7008083],[139.7756005,35.7015227]]}},{"type":"Feature","id":254915561,"properties":{"osm_id":254915561,"highway":"motorway","oneway":"yes","name":"第三京浜道路","name_en":"Daisan Keihin","ref":"E83;466","destination":"","maxspeed":"80","bridge":"yes","tunnel":"","layer":"2"},"geometry":{"type":"LineString","coordinates":[[139.6227595,35.5895039],[139.6233326,35.5902321],[139.6236311,35.5905922],[139.6244532,35.5915734],[139.625478,35.5927549],[139.6258956,35.5932143],[139.6262325,35.593574],[139.6266146,35.5939785],[139.6270643,35.5944172],[139.6274861,35.594805],[139.6277448,35.5950371],[139.6279756,35.5952391],[139.6282445,35.5954773],[139.6286447,35.5958059]]}},{"type":"Feature","id":254915562,"properties":{"osm_id":254915562,"highway":"motorway","oneway":"yes","name":"第三京浜道路","name_en":"Daisan Keihin","ref":"E83;466","destination":"","maxspeed":"80","bridge":"yes","tunnel":"","layer":"2"},"geometry":{"type":"LineString","coordinates":[[139.6229041,35.5894226],[139.6224939,35.5889145],[139.6217925,35.5880164],[139.6214027,35.5875122],[139.6211227,35.5871451],[139.6205409,35.5863117],[139.6201801,35.5857307],[139.6198554,35.5851815],[139.6194904,35.584515],[139.6191125,35.5837747],[139.6188835,35.5832948],[139.6186217,35.5827159],[139.618433,35.5822464],[139.6182723,35.5817973]]}},{"type":"Feature","id":254992124,"properties":{"osm_id":254992124,"highway":"motorway","oneway":"yes","name":"首都高速3号渋谷線","name_en":"Route 3 Shibuya Line","ref":"3","destination":"","maxspeed":"60","bridge":"yes","tunnel":"","layer":"3"},"geometry":{"type":"LineString","coordinates":[[139.6787882,35.6477383],[139.6793099,35.6480128],[139.6806116,35.6486951],[139.6811467,35.6489771],[139.6818509,35.6493372],[139.6823261,35.6495858],[139.682409,35.6496291],[139.683215,35.6500459],[139.6840322,35.6504721],[139.6845169,35.6507233],[139.6852553,35.6511295],[139.6857855,35.6514053],[139.686274,35.6516438],[139.6867611,35.6518583],[139.6871467,35.6520067],[139.6876235,35.6521736],[139.6897322,35.6528591],[139.6905686,35.6531095],[139.6919023,35.6535011],[139.6924334,35.6536539],[139.6926424,35.6537226],[139.6928169,35.6537872],[139.6929794,35.6538585],[139.6931362,35.6539374],[139.6932704,35.6540134],[139.6933938,35.6540917],[139.6934958,35.6541667],[139.6936065,35.6542545],[139.6937048,35.6543397],[139.6938018,35.6544358],[139.693882,35.654524],[139.6939608,35.6546166],[139.6942923,35.6550298],[139.6944242,35.6551861],[139.6945339,35.6553029],[139.6946328,35.6553946],[139.6947416,35.6554815],[139.6948289,35.6555429],[139.6949112,35.6555949],[139.6950099,35.6556491],[139.6950937,35.6556918],[139.6951964,35.6557391],[139.6952991,35.6557808],[139.6954435,35.6558306],[139.695601,35.6558785],[139.6957719,35.6559242],[139.6959474,35.6559655],[139.6961283,35.6560024],[139.6969796,35.6561727],[139.697359,35.6562465],[139.697779,35.6563635],[139.6995786,35.6569423],[139.7006126,35.6572781],[139.7014225,35.657553],[139.7025647,35.6579443],[139.7027504,35.658003],[139.7029263,35.6580472],[139.7031181,35.6580864],[139.7033126,35.6581148],[139.7035574,35.6581407],[139.7038495,35.6581708],[139.7041745,35.6581987],[139.7044934,35.6582203],[139.7047658,35.6582348],[139.7050949,35.6582534],[139.7070622,35.6583359]]}},{"type":"Feature","id":256114185,"properties":{"osm_id":256114185,"highway":"motorway_link","oneway":"yes","name":"","name_en":"","ref":"","destination":"","maxspeed":"","bridge":"","tunnel":"","layer":"0"},"geometry":{"type":"LineString","coordinates":[[139.7433178,35.5842473],[139.7433015,35.5844025],[139.7432847,35.5844774],[139.7432589,35.5845451],[139.7431476,35.5847506],[139.7430245,35.5849962],[139.742955,35.5851753],[139.742923,35.5853075]]}},{"type":"Feature","id":263330207,"properties":{"osm_id":263330207,"highway":"motorway_link","oneway":"yes","name":"","name_en":"","ref":"","destination":"","maxspeed":"40","bridge":"yes","tunnel":"","layer":"2"},"geometry":{"type":"LineString","coordinates":[[139.7884974,35.6822535],[139.7882717,35.6821953],[139.7881668,35.6821592],[139.7880646,35.6821144]]}},{"type":"Feature","id":266086980,"properties":{"osm_id":266086980,"highway":"motorway","oneway":"yes","name":"首都高速湾岸線","name_en":"Bayshore Route","ref":"B","destination":"","maxspeed":"70","bridge":"","tunnel":"","layer":"-1"},"geometry":{"type":"LineString","coordinates":[[139.7695164,35.6221442],[139.7692771,35.6219589]]}},{"type":"Feature","id":266086982,"properties":{"osm_id":266086982,"highway":"motorway","oneway":"yes","name":"首都高速湾岸線","name_en":"Bayshore Route","ref":"B","destination":"","maxspeed":"70","bridge":"","tunnel":"","layer":"0"},"geometry":{"type":"LineString","coordinates":[[139.7579732,35.6135258],[139.7584593,35.613902]]}},{"type":"Feature","id":266086989,"properties":{"osm_id":266086989,"highway":"motorway","oneway":"yes","name":"首都高速湾岸線","name_en":"Bayshore Route","ref":"B","destination":"","maxspeed":"80","bridge":"","tunnel":"","layer":"0"},"geometry":{"type":"LineString","coordinates":[[139.7734937,35.625402],[139.7736533,35.6255101],[139.7740345,35.6257409],[139.7771064,35.6274104],[139.7796212,35.6287698],[139.7801631,35.6290654]]}},{"type":"Feature","id":266086991,"properties":{"osm_id":266086991,"highway":"motorway","oneway":"yes","name":"首都高速湾岸線","name_en":"Bayshore Route","ref":"B","destination":"","maxspeed":"70","bridge":"","tunnel":"","layer":"0"},"geometry":{"type":"LineString","coordinates":[[139.7577128,35.6130837],[139.7572764,35.6127121],[139.7569418,35.6124165],[139.7568272,35.6123008],[139.7566957,35.6121607],[139.7565259,35.6119491],[139.7564427,35.6118455],[139.7563526,35.6117264],[139.7562769,35.6116167],[139.7561844,35.6114741],[139.7560846,35.6113149],[139.7559806,35.6111277],[139.7557543,35.6105939],[139.7556849,35.6104041],[139.755629,35.6102252],[139.7555864,35.6100647],[139.755555,35.6099081],[139.7555125,35.6096812],[139.7554783,35.6094401],[139.7554524,35.6091401],[139.7554403,35.6088463],[139.7554285,35.6074222],[139.7554154,35.605151],[139.7554117,35.6032284],[139.7554541,35.6022798],[139.7554746,35.6018654],[139.7554896,35.6014986],[139.7554956,35.6011803],[139.7555072,35.6007921],[139.7555026,35.5996432],[139.7554952,35.5992149],[139.755477,35.5987583],[139.7554157,35.5980063],[139.7554015,35.5977423],[139.7553913,35.5975037],[139.7553781,35.5959686],[139.7553542,35.5939864]]}},{"type":"Feature","id":276920911,"properties":{"osm_id":276920911,"highway":"motorway_link","oneway":"yes","name":"首都高速都心環状線","name_en":"Inner Circular Route","ref":"","destination":"","maxspeed":"","bridge":"","tunnel":"","layer":"0"},"geometry":{"type":"LineString","coordinates":[[139.7498848,35.6893637],[139.7501852,35.689379],[139.7506492,35.6894509],[139.7508987,35.689501],[139.7512154,35.689587],[139.7514552,35.6896829],[139.7515316,35.6897187],[139.7516497,35.6897842]]}},{"type":"Feature","id":295944721,"properties":{"osm_id":295944721,"highway":"motorway","oneway":"yes","name":"首都高速7号小松川線","name_en":"Shuto Expressway Route 7 Komatsugawa Line","ref":"7","destination":"","maxspeed":"","bridge":"yes","tunnel":"","layer":"3"},"geometry":{"type":"LineString","coordinates":[[139.8511086,35.6975323],[139.850861,35.6973863],[139.8506102,35.6972266],[139.8503503,35.6970504],[139.8476644,35.6951239],[139.8472742,35.6948717],[139.8471226,35.6947903],[139.8469567,35.6947156],[139.8467802,35.6946465],[139.8466066,35.694594],[139.8464165,35.6945471],[139.8461832,35.6945091],[139.8459497,35.6944879],[139.8455936,35.6944674],[139.8391737,35.6942555],[139.8380758,35.6942008],[139.8336947,35.6939785],[139.8286696,35.6937179],[139.8237044,35.6934705],[139.8193681,35.6932529]]}},{"type":"Feature","id":297864314,"properties":{"osm_id":297864314,"highway":"motorway_link","oneway":"yes","name":"宝町出口","name_en":"","ref":"","destination":"","maxspeed":"","bridge":"","tunnel":"","layer":"0"},"geometry":{"type":"LineString","coordinates":[[139.7762439,35.6801298],[139.7758238,35.67926],[139.7752788,35.6783682],[139.7752577,35.6783399],[139.7752324,35.6783111],[139.7752092,35.6782868],[139.7751412,35.6782152],[139.7751297,35.6781961],[139.7751212,35.678175],[139.7751182,35.6781513],[139.7751236,35.6781253],[139.7751658,35.6779915],[139.7751973,35.6778899]]}},{"type":"Feature","id":301016675,"properties":{"osm_id":301016675,"highway":"motorway","oneway":"yes","name":"首都高速神奈川3号狩場線","name_en":"Kanagawa Route 3 Kariba Line","ref":"K3","destination":"","maxspeed":"50","bridge":"yes","tunnel":"","layer":"3"},"geometry":{"type":"LineString","coordinates":[[139.6507814,35.4420157],[139.6520439,35.4424533],[139.653263,35.4428767],[139.6535949,35.442986],[139.6539299,35.4430989],[139.6542282,35.443172],[139.6544197,35.4432082],[139.6546366,35.443246],[139.6549548,35.4432794],[139.6553485,35.4432949],[139.6558692,35.4432968]]}},{"type":"Feature","id":301016676,"properties":{"osm_id":301016676,"highway":"motorway_link","oneway":"yes","name":"首都高速神奈川3号狩場線","name_en":"Kanagawa Route 3 Kariba Line","ref":"K3","destination":"幸浦;杉田","maxspeed":"50","bridge":"yes","tunnel":"","layer":"2"},"geometry":{"type":"LineString","coordinates":[[139.6612276,35.4400134],[139.6617695,35.4396512],[139.6629642,35.4386864],[139.6633382,35.4383871]]}},{"type":"Feature","id":301016677,"properties":{"osm_id":301016677,"highway":"motorway","oneway":"yes","name":"首都高速湾岸線","name_en":"Bayshore Route","ref":"B","destination":"","maxspeed":"80","bridge":"yes","tunnel":"","layer":"2"},"geometry":{"type":"LineString","coordinates":[[139.6670663,35.4421997],[139.6670874,35.4425363],[139.6671185,35.4428695],[139.6671583,35.4431738],[139.6672255,35.4435215],[139.66731,35.4438819],[139.6674092,35.4442295],[139.6675294,35.4445832],[139.6676605,35.4449151],[139.6678276,35.4452931],[139.6679518,35.4455425],[139.6680891,35.4457937],[139.6682954,35.4461465],[139.6685287,35.4465214],[139.6686805,35.4467531],[139.6708045,35.4499571]]}},{"type":"Feature","id":301016678,"properties":{"osm_id":301016678,"highway":"motorway","oneway":"yes","name":"首都高速湾岸線","name_en":"Bayshore Route","ref":"B","destination":"","maxspeed":"80","bridge":"","tunnel":"","layer":"0"},"geometry":{"type":"LineString","coordinates":[[139.7946088,35.5376075],[139.794513,35.5378455],[139.7943538,35.5381975],[139.7941679,35.5385887],[139.7940798,35.5387524],[139.7939512,35.5389854],[139.7938371,35.5392053],[139.7936355,35.539522],[139.7933476,35.5399888],[139.7930532,35.5404278],[139.7918415,35.5421331],[139.7908235,35.5435813]]}},{"type":"Feature","id":301016679,"properties":{"osm_id":301016679,"highway":"motorway_link","oneway":"yes","name":"","name_en":"","ref":"","destination":"","maxspeed":"50","bridge":"","tunnel":"","layer":"0"},"geometry":{"type":"LineString","coordinates":[[139.7925487,35.5407099],[139.7924475,35.5408217],[139.7923211,35.5409563],[139.7922016,35.5410878],[139.7920587,35.5412865],[139.7916735,35.5418573],[139.7915719,35.5420142],[139.7905514,35.5434528]]}},{"type":"Feature","id":301662701,"properties":{"osm_id":301662701,"highway":"motorway","oneway":"yes","name":"中央自動車道","name_en":"Chuo Expressway","ref":"E20","destination":"","maxspeed":"60","bridge":"yes","tunnel":"","layer":"2"},"geometry":{"type":"LineString","coordinates":[[139.6047395,35.6804894],[139.6050104,35.6804875],[139.6052806,35.6804717],[139.6055503,35.6804394],[139.6058166,35.6803952],[139.6060789,35.6803411],[139.6063551,35.6802752],[139.6066447,35.6801974],[139.6070679,35.6800754]]}},{"type":"Feature","id":307397567,"properties":{"osm_id":307397567,"highway":"motorway_link","oneway":"yes","name":"","name_en":"","ref":"","destination":"","maxspeed":"","bridge":"","tunnel":"","layer":"0"},"geometry":{"type":"LineString","coordinates":[[139.680847,35.4613202],[139.6815029,35.4618606],[139.6817087,35.4620421],[139.682097,35.4624208],[139.6823736,35.4626906],[139.6824909,35.4628125],[139.682557,35.4629096],[139.6826084,35.4630079],[139.6826386,35.4631103],[139.6826537,35.4632216],[139.6826527,35.4633263],[139.6826371,35.4634399],[139.6826093,35.4635484]]}},{"type":"Feature","id":311740421,"properties":{"osm_id":311740421,"highway":"motorway_link","oneway":"yes","name":"渋谷出口","name_en":"Shibuya Exit","ref":"","destination":"","maxspeed":"","bridge":"yes","tunnel":"","layer":"3"},"geometry":{"type":"LineString","coordinates":[[139.6974549,35.6561884],[139.697134,35.6560815],[139.6968375,35.6560007],[139.6956485,35.6557097]]}},{"type":"Feature","id":311740422,"properties":{"osm_id":311740422,"highway":"motorway_link","oneway":"yes","name":"渋谷出口(道玄坂上)","name_en":"","ref":"","destination":"三軒茶屋","maxspeed":"","bridge":"","tunnel":"","layer":"0"},"geometry":{"type":"LineString","coordinates":[[139.6950657,35.6555596],[139.694993,35.6555219],[139.6948171,35.6553824]]}},{"type":"Feature","id":311740424,"properties":{"osm_id":311740424,"highway":"motorway_link","oneway":"yes","name":"渋谷入口","name_en":"Shibuya Entrance","ref":"","destination":"","maxspeed":"","bridge":"yes","tunnel":"","layer":"3"},"geometry":{"type":"LineString","coordinates":[[139.6937427,35.6545351],[139.6939101,35.6547206],[139.6940927,35.654936],[139.6944312,35.6553598],[139.6945424,35.6554736],[139.6946549,35.6555688],[139.6947861,35.655659],[139.6948854,35.6557147],[139.6949994,35.655767],[139.6951215,35.6558161],[139.6952516,35.6558608],[139.6954013,35.6559016],[139.6955747,35.6559405],[139.6957535,35.655975],[139.6965462,35.6561196],[139.6969796,35.6561727]]}},{"type":"Feature","id":311740425,"properties":{"osm_id":311740425,"highway":"motorway_link","oneway":"yes","name":"渋谷入口","name_en":"","ref":"","destination":"都心環状","maxspeed":"","bridge":"","tunnel":"","layer":"0"},"geometry":{"type":"LineString","coordinates":[[139.6934335,35.6542745],[139.6935261,35.6543076],[139.6937427,35.6545351]]}},{"type":"Feature","id":315701949,"properties":{"osm_id":315701949,"highway":"motorway_link","oneway":"yes","name":"芝公園入口","name_en":"","ref":"","destination":"","maxspeed":"","bridge":"yes","tunnel":"","layer":"2"},"geometry":{"type":"LineString","coordinates":[[139.7420895,35.6548833],[139.7419539,35.6549089],[139.7418111,35.6549434],[139.7416521,35.6549911],[139.7411588,35.6551655]]}},{"type":"Feature","id":315702034,"properties":{"osm_id":315702034,"highway":"motorway_link","oneway":"yes","name":"芝公園出口","name_en":"","ref":"","destination":"","maxspeed":"","bridge":"yes","tunnel":"","layer":"1"},"geometry":{"type":"LineString","coordinates":[[139.7466236,35.6538576],[139.7466869,35.6537968],[139.7468194,35.6536822],[139.7469173,35.6536069],[139.747008,35.653554],[139.7471087,35.6535031],[139.7472088,35.6534702],[139.7473052,35.6534522],[139.747408,35.6534497],[139.7474946,35.6534575],[139.7475794,35.6534747],[139.7476438,35.6534999],[139.7477067,35.6535392],[139.7477522,35.6535855],[139.7477877,35.653632],[139.7478098,35.6536895],[139.7478199,35.6537485]]}},{"type":"Feature","id":315702266,"properties":{"osm_id":315702266,"highway":"motorway_link","oneway":"yes","name":"芝公園出口","name_en":"","ref":"","destination":"","maxspeed":"","bridge":"yes","tunnel":"","layer":"1"},"geometry":{"type":"LineString","coordinates":[[139.7486034,35.6530003],[139.7473263,35.6531538],[139.747245,35.6531593],[139.7471783,35.6531587],[139.7471157,35.6531463],[139.7470624,35.6531181],[139.7470056,35.6530641]]}},{"type":"Feature","id":315702267,"properties":{"osm_id":315702267,"highway":"motorway_link","oneway":"yes","name":"","name_en":"","ref":"C1","destination":"","maxspeed":"","bridge":"yes","tunnel":"","layer":"2"},"geometry":{"type":"LineString","coordinates":[[139.7517579,35.6536467],[139.7521701,35.6535607],[139.7529688,35.6533664]]}},{"type":"Feature","id":315702458,"properties":{"osm_id":315702458,"highway":"motorway_link","oneway":"yes","name":"","name_en":"","ref":"","destination":"","maxspeed":"","bridge":"yes","tunnel":"","layer":"2"},"geometry":{"type":"LineString","coordinates":[[139.7551443,35.6427351],[139.7553321,35.6431423],[139.7553349,35.6432466]]}},{"type":"Feature","id":315702527,"properties":{"osm_id":315702527,"highway":"motorway_link","oneway":"yes","name":"","name_en":"","ref":"","destination":"","maxspeed":"","bridge":"yes","tunnel":"","layer":"1"},"geometry":{"type":"LineString","coordinates":[[139.7543914,35.6412902],[139.7551443,35.6427351]]}},{"type":"Feature","id":315706045,"properties":{"osm_id":315706045,"highway":"motorway_link","oneway":"yes","name":"","name_en":"","ref":"","destination":"","maxspeed":"","bridge":"yes","tunnel":"","layer":"1"},"geometry":{"type":"LineString","coordinates":[[139.7708874,35.6743288],[139.7702457,35.6745586],[139.7701649,35.674577],[139.7701267,35.6745793],[139.770076,35.6745771],[139.7700129,35.6745639],[139.7699622,35.6745455],[139.7698963,35.6745017],[139.7698316,35.6744315],[139.7697376,35.6743146]]}},{"type":"Feature","id":316123949,"properties":{"osm_id":316123949,"highway":"motorway","oneway":"yes","name":"首都高速3号渋谷線","name_en":"Route 3 Shibuya Line","ref":"3","destination":"","maxspeed":"60","bridge":"yes","tunnel":"","layer":"1"},"geometry":{"type":"LineString","coordinates":[[139.7367361,35.6654776],[139.7358726,35.6650164],[139.7347913,35.6644817],[139.7337646,35.6639489],[139.7327565,35.6634297],[139.7325036,35.6633027],[139.7297429,35.6620342],[139.7290107,35.661667],[139.7283435,35.6613264],[139.7281171,35.6612212],[139.7278723,35.6611211],[139.7270446,35.6608237],[139.7247104,35.6600219],[139.7244704,35.6599471],[139.724212,35.6598784],[139.7239065,35.6598109],[139.7235855,35.6597491],[139.7232467,35.6596888],[139.7229816,35.6596437],[139.7227243,35.659604],[139.722468,35.6595713],[139.722272,35.6595528],[139.7192483,35.6593547],[139.7188929,35.6593265],[139.7146173,35.658918],[139.711358,35.6586098]]}},{"type":"Feature","id":316123950,"properties":{"osm_id":316123950,"highway":"motorway","oneway":"yes","name":"首都高速都心環状線","name_en":"Circle 1","ref":"C1","destination":"","maxspeed":"","bridge":"yes","tunnel":"","layer":"3"},"geometry":{"type":"LineString","coordinates":[[139.7400895,35.668088],[139.7396157,35.6675763],[139.7395028,35.6674492],[139.7394047,35.6673187],[139.7393361,35.6672021],[139.7392273,35.6669861],[139.7391554,35.6668218],[139.7390968,35.6666568],[139.7390517,35.6664743],[139.7390137,35.666287],[139.7389689,35.6658927],[139.7389106,35.6654589],[139.7388128,35.6649649]]}},{"type":"Feature","id":316123951,"properties":{"osm_id":316123951,"highway":"motorway","oneway":"yes","name":"首都高速都心環状線","name_en":"Circle 1","ref":"C1","destination":"","maxspeed":"","bridge":"yes","tunnel":"","layer":"1"},"geometry":{"type":"LineString","coordinates":[[139.7398817,35.6679864],[139.740368,35.6685187],[139.740765,35.6689618],[139.7411815,35.6694067],[139.741556,35.6697767],[139.7422684,35.6704425],[139.7429352,35.671072],[139.7430676,35.6712063],[139.7432019,35.6713329],[139.7433239,35.6714404],[139.7434048,35.6715038],[139.743486,35.671565]]}},{"type":"Feature","id":316185365,"properties":{"osm_id":316185365,"highway":"motorway","oneway":"yes","name":"首都高速都心環状線","name_en":"Shuto Expressway Inner Circular Route","ref":"C1","destination":"","maxspeed":"50","bridge":"yes","tunnel":"","layer":"3"},"geometry":{"type":"LineString","coordinates":[[139.7745388,35.6841355],[139.7747433,35.6841148],[139.7748359,35.6841087],[139.7749241,35.6841042],[139.7750149,35.6841046],[139.7751014,35.6841093],[139.7751935,35.6841174],[139.7752829,35.6841277]]}},{"type":"Feature","id":316213219,"properties":{"osm_id":316213219,"highway":"motorway","oneway":"yes","name":"首都高速都心環状線","name_en":"Shuto Expressway Inner Circular Route","ref":"C1","destination":"","maxspeed":"","bridge":"yes","tunnel":"","layer":"2"},"geometry":{"type":"LineString","coordinates":[[139.7601984,35.6600915],[139.7598428,35.6596519],[139.7597641,35.6595487],[139.7597099,35.6594693],[139.7596811,35.6594182],[139.7596523,35.6593584],[139.7596316,35.6593073],[139.7596116,35.6592475],[139.7595982,35.659191],[139.7595889,35.6591345],[139.7595862,35.6590791],[139.7595863,35.6590163],[139.759589,35.6589622],[139.7595998,35.6589005],[139.7596133,35.6588475],[139.7596342,35.6587869],[139.7596577,35.6587329],[139.7596866,35.6586744],[139.7597208,35.6586138],[139.7600018,35.6582036],[139.7600598,35.6581168],[139.7601084,35.6580288],[139.7601496,35.6579381],[139.7601841,35.6578387],[139.7602069,35.6577368],[139.760219,35.6576284],[139.7602236,35.6575216],[139.7602256,35.6574083],[139.7602265,35.6560403],[139.7602257,35.6550338]]}},{"type":"Feature","id":316213222,"properties":{"osm_id":316213222,"highway":"motorway","oneway":"yes","name":"首都高速都心環状線","name_en":"Circle 1","ref":"C1","destination":"","maxspeed":"50","bridge":"","tunnel":"","layer":"0"},"geometry":{"type":"LineString","coordinates":[[139.7752405,35.6786938],[139.7761289,35.6801667]]}},{"type":"Feature","id":316213223,"properties":{"osm_id":316213223,"highway":"motorway","oneway":"yes","name":"首都高速都心環状線","name_en":"Circle 1","ref":"C1","destination":"","maxspeed":"","bridge":"","tunnel":"","layer":"0"},"geometry":{"type":"LineString","coordinates":[[139.7729015,35.674704],[139.7728483,35.6746214],[139.7728016,35.674538],[139.7727721,35.6744766],[139.7727486,35.6744101],[139.7727292,35.6743277],[139.7727195,35.6742383],[139.7727104,35.6740482],[139.7726943,35.6737112],[139.772685,35.6735972],[139.7726731,35.6734615],[139.7726576,35.6733558],[139.7726105,35.6731703]]}},{"type":"Feature","id":316213226,"properties":{"osm_id":316213226,"highway":"motorway","oneway":"yes","name":"首都高速都心環状線","name_en":"Circle 1","ref":"C1","destination":"","maxspeed":"","bridge":"yes","tunnel":"","layer":"2"},"geometry":{"type":"LineString","coordinates":[[139.7600832,35.6601507],[139.7607456,35.6609392]]}},{"type":"Feature","id":316240492,"properties":{"osm_id":316240492,"highway":"motorway_link","oneway":"yes","name":"","name_en":"","ref":"4","destination":"","maxspeed":"40","bridge":"yes","tunnel":"","layer":"2"},"geometry":{"type":"LineString","coordinates":[[139.6424668,35.6677222],[139.6426658,35.6677689],[139.6428353,35.6678133],[139.6429838,35.6678629],[139.6432285,35.6679545],[139.6434204,35.6680304],[139.6435814,35.6680791],[139.6437345,35.668111],[139.6439569,35.668139],[139.644161,35.6681631],[139.6442949,35.6681786],[139.6445881,35.6681877],[139.6450295,35.6681887],[139.6453368,35.668205],[139.6456406,35.6682337],[139.6459283,35.6682842]]}},{"type":"Feature","id":316240493,"properties":{"osm_id":316240493,"highway":"motorway","oneway":"yes","name":"首都高速4号新宿線","name_en":"Route 4 Shinjuku Line","ref":"4","destination":"","maxspeed":"","bridge":"yes","tunnel":"","layer":"2"},"geometry":{"type":"LineString","coordinates":[[139.6213954,35.6732258],[139.6201955,35.6742967],[139.6197323,35.6746673],[139.6193552,35.6749217],[139.618847,35.6752219],[139.6182195,35.6755543],[139.6171085,35.6761042],[139.6166019,35.6763527],[139.6162919,35.6764878],[139.6159342,35.6766242],[139.615371,35.6768151]]}},{"type":"Feature","id":316240494,"properties":{"osm_id":316240494,"highway":"motorway","oneway":"yes","name":"首都高速4号新宿線","name_en":"Route 4 Shinjuku Line","ref":"4","destination":"","maxspeed":"60","bridge":"yes","tunnel":"","layer":"2"},"geometry":{"type":"LineString","coordinates":[[139.6196545,35.6749465],[139.6200479,35.6746516],[139.6203479,35.6743978],[139.6206306,35.6741466],[139.6209082,35.6738873],[139.6215039,35.6732944]]}},{"type":"Feature","id":316305907,"properties":{"osm_id":316305907,"highway":"motorway","oneway":"yes","name":"首都高速11号台場線・東京港連絡橋","name_en":"Daiba Route - Port of Tokyo Connector Bridge","ref":"11","destination":"","maxspeed":"","bridge":"yes","tunnel":"","layer":"4"},"geometry":{"type":"LineString","coordinates":[[139.7686534,35.6348355],[139.7685047,35.634865],[139.7683552,35.6348977],[139.7682107,35.6349341],[139.7680629,35.6349749],[139.7671469,35.6352481],[139.7595692,35.6376498],[139.7593299,35.6377291],[139.7591456,35.6377948]]}},{"type":"Feature","id":316305908,"properties":{"osm_id":316305908,"highway":"motorway","oneway":"yes","name":"首都高速11号台場線・東京港連絡橋","name_en":"Daiba Route - Port of Tokyo Connector Bridge","ref":"11","destination":"","maxspeed":"","bridge":"yes","tunnel":"","layer":"4"},"geometry":{"type":"LineString","coordinates":[[139.759191,35.6378839],[139.7593665,35.6378198],[139.7596098,35.6377404],[139.7671984,35.6353443],[139.768101,35.635073],[139.768251,35.6350301],[139.7684024,35.6349915],[139.7685422,35.6349613],[139.7686834,35.6349354]]}},{"type":"Feature","id":316305909,"properties":{"osm_id":316305909,"highway":"motorway","oneway":"yes","name":"首都高速11号台場線","name_en":"Daiba Route","ref":"11","destination":"","maxspeed":"","bridge":"yes","tunnel":"","layer":"4"},"geometry":{"type":"LineString","coordinates":[[139.7686834,35.6349354],[139.7688151,35.6349134],[139.7689542,35.6348946],[139.7691004,35.6348807],[139.7692546,35.6348707],[139.7694089,35.6348663],[139.7695659,35.6348661],[139.769723,35.6348726],[139.7698727,35.6348846],[139.7700234,35.6349037],[139.7701728,35.6349265],[139.7703457,35.6349597],[139.7705405,35.635004],[139.7707454,35.6350598],[139.7709409,35.635119],[139.7711155,35.6351741],[139.7712735,35.635227],[139.7714376,35.6352858],[139.773006,35.6358587],[139.7731572,35.6359129],[139.773439,35.6360063],[139.7736761,35.6360815],[139.7739357,35.6361566],[139.7741828,35.636224],[139.7744287,35.6362804],[139.7747115,35.6363412],[139.7750092,35.6363996],[139.7752736,35.6364452],[139.7754972,35.6364766],[139.7757518,35.636505],[139.7759953,35.6365257],[139.7762121,35.6365371],[139.7764241,35.6365419],[139.7766146,35.6365418],[139.7767977,35.6365348],[139.7769925,35.6365209],[139.7771696,35.6365012],[139.7773762,35.6364715],[139.7775757,35.6364384],[139.7777946,35.6363925],[139.7779948,35.6363417],[139.77819,35.6362855],[139.7783684,35.636226],[139.778574,35.6361493],[139.7787715,35.6360671],[139.7789662,35.6359776],[139.7791622,35.6358793],[139.7793512,35.6357736],[139.7795429,35.6356492],[139.7797123,35.6355317],[139.7798682,35.635412],[139.7800397,35.6352714],[139.780229,35.6350929],[139.7804049,35.6349057]]}},{"type":"Feature","id":316305910,"properties":{"osm_id":316305910,"highway":"motorway","oneway":"yes","name":"首都高速11号台場線","name_en":"Daiba Route","ref":"11","destination":"","maxspeed":"","bridge":"yes","tunnel":"","layer":"4"},"geometry":{"type":"LineString","coordinates":[[139.7591456,35.6377948],[139.7589749,35.6378681],[139.7588251,35.6379464],[139.7586693,35.6380318],[139.7585152,35.6381257],[139.7584054,35.6382057],[139.7583084,35.6382912],[139.7582112,35.6383868],[139.7581248,35.6384817],[139.7580149,35.6386253],[139.7579584,35.6387124],[139.7579067,35.6388087],[139.7578715,35.6388935],[139.7578517,35.6389454],[139.7578382,35.6389807],[139.757803,35.6390913],[139.7577741,35.6392155],[139.7577578,35.6393364],[139.757745,35.6395142],[139.757739,35.6397358],[139.7577172,35.6429833],[139.7577055,35.6437927]]}},{"type":"Feature","id":316357668,"properties":{"osm_id":316357668,"highway":"motorway_link","oneway":"yes","name":"","name_en":"","ref":"","destination":"","maxspeed":"","bridge":"","tunnel":"","layer":"0"},"geometry":{"type":"LineString","coordinates":[[139.7881453,35.5200509],[139.7876815,35.5203791]]}},{"type":"Feature","id":316357669,"properties":{"osm_id":316357669,"highway":"motorway_link","oneway":"yes","name":"","name_en":"","ref":"","destination":"","maxspeed":"","bridge":"","tunnel":"","layer":"0"},"geometry":{"type":"LineString","coordinates":[[139.7890884,35.5191774],[139.7888581,35.5194051],[139.7886145,35.5196317],[139.7881453,35.5200509]]}},{"type":"Feature","id":331692344,"properties":{"osm_id":331692344,"highway":"motorway","oneway":"yes","name":"首都高速中央環状線","name_en":"Central Circular Route","ref":"C2","destination":"","maxspeed":"","bridge":"","tunnel":"","layer":"0"},"geometry":{"type":"LineString","coordinates":[[139.7530368,35.6112201],[139.7529064,35.6098823],[139.7528795,35.6093429],[139.7528699,35.6090956]]}},{"type":"Feature","id":331692345,"properties":{"osm_id":331692345,"highway":"motorway_link","oneway":"yes","name":"首都高速中央環状線","name_en":"Central Circular Route","ref":"C2","destination":"","maxspeed":"","bridge":"yes","tunnel":"","layer":"2"},"geometry":{"type":"LineString","coordinates":[[139.755015,35.6053523],[139.7549837,35.605432],[139.7549547,35.6054935],[139.7549098,35.605567],[139.7548448,35.6056558],[139.7547872,35.6057239],[139.7547136,35.6057963],[139.7546404,35.605858],[139.7545527,35.6059197],[139.7544571,35.6059759],[139.7543615,35.6060222],[139.7542585,35.6060648],[139.7541528,35.6061041],[139.7539263,35.6061871],[139.7532511,35.6064698]]}},{"type":"Feature","id":331692346,"properties":{"osm_id":331692346,"highway":"motorway_link","oneway":"yes","name":"首都高速中央環状線","name_en":"Central Circular Route","ref":"C2","destination":"","maxspeed":"","bridge":"yes","tunnel":"","layer":"2"},"geometry":{"type":"LineString","coordinates":[[139.7555824,35.6092792],[139.7555807,35.6088404],[139.755611,35.6072651],[139.7556096,35.6071073],[139.7556037,35.6070079],[139.7555948,35.6069276],[139.7555766,35.6068321],[139.7555524,35.6067437],[139.7555188,35.6066531],[139.7554692,35.606569],[139.7554032,35.6064817],[139.7553398,35.6064185],[139.7552646,35.6063552],[139.7551907,35.6063017],[139.7551112,35.6062547],[139.7550198,35.6062135],[139.7549096,35.6061756],[139.7548025,35.6061484],[139.7546954,35.6061321],[139.754624,35.6061289],[139.7545254,35.6061278],[139.7543798,35.6061379],[139.7542795,35.6061484],[139.7541667,35.6061705],[139.754058,35.6061993],[139.7539387,35.606239],[139.7537808,35.6063001],[139.7536106,35.6063599],[139.7532511,35.6064698]]}},{"type":"Feature","id":331692348,"properties":{"osm_id":331692348,"highway":"motorway","oneway":"yes","name":"首都高速中央環状線","name_en":"Central Circular Route","ref":"C2","destination":"","maxspeed":"","bridge":"","tunnel":"yes","layer":"-1"},"geometry":{"type":"LineString","coordinates":[[139.6897659,35.6540132],[139.6897385,35.6538891],[139.6897161,35.6537616],[139.6897053,35.6536516],[139.6896988,35.6535326],[139.6896931,35.653406],[139.6896893,35.6532225],[139.6896861,35.653002],[139.6897225,35.6518777],[139.6897335,35.6517066],[139.6897458,35.6515447],[139.6897602,35.6514326],[139.6897774,35.6513378],[139.6898006,35.6512394],[139.6898369,35.6511323],[139.6898748,35.6510426],[139.6899224,35.6509461],[139.6899819,35.6508386],[139.6900464,35.6507339],[139.6901262,35.6506248],[139.6901978,35.6505378],[139.6903284,35.6503977],[139.6906508,35.6500715]]}},{"type":"Feature","id":331922695,"properties":{"osm_id":331922695,"highway":"motorway_link","oneway":"yes","name":"首都高速中央環状線","name_en":"Central Circular Route","ref":"","destination":"","maxspeed":"","bridge":"","tunnel":"yes","layer":"-2"},"geometry":{"type":"LineString","coordinates":[[139.6905701,35.6500324],[139.689299,35.6511548],[139.6885717,35.6518205]]}},{"type":"Feature","id":331922698,"properties":{"osm_id":331922698,"highway":"motorway_link","oneway":"yes","name":"","name_en":"","ref":"","destination":"","maxspeed":"","bridge":"yes","tunnel":"","layer":"2"},"geometry":{"type":"LineString","coordinates":[[139.755015,35.6053523],[139.7549587,35.6054459],[139.754911,35.6055125],[139.7548604,35.6055795],[139.7548044,35.6056465],[139.7547354,35.605711],[139.7546665,35.605769],[139.7545896,35.6058216],[139.7545052,35.60587]]}},{"type":"Feature","id":331922700,"properties":{"osm_id":331922700,"highway":"motorway_link","oneway":"yes","name":"首都高速湾岸線","name_en":"Bayshore Route","ref":"C2","destination":"","maxspeed":"","bridge":"yes","tunnel":"","layer":"2"},"geometry":{"type":"LineString","coordinates":[[139.7528365,35.6085789],[139.7528286,35.6084502],[139.7527901,35.6080502],[139.7527702,35.6078649],[139.7527618,35.6077465],[139.7527574,35.6076161],[139.7527617,35.6075003],[139.7527762,35.6073812],[139.7528056,35.6072672],[139.7528458,35.6071652],[139.7528992,35.6070624],[139.7529673,35.6069629],[139.7530491,35.6068707]]}},{"type":"Feature","id":331922701,"properties":{"osm_id":331922701,"highway":"motorway_link","oneway":"yes","name":"首都高速湾岸線","name_en":"Bayshore Route","ref":"C2","destination":"東関東道","maxspeed":"","bridge":"yes","tunnel":"","layer":"2"},"geometry":{"type":"LineString","coordinates":[[139.7528876,35.6085766],[139.7528917,35.6084702],[139.752888,35.6083278],[139.7528686,35.6079279],[139.7528645,35.6078227],[139.7528628,35.6077069],[139.7528666,35.6076017],[139.7528771,35.6075065],[139.7528986,35.6074027],[139.7529326,35.6073035],[139.7529784,35.6072103],[139.7530363,35.6071172],[139.7531081,35.607031],[139.7531837,35.6069581],[139.75327,35.6068896],[139.7533567,35.6068333],[139.7534569,35.6067811],[139.7535666,35.6067355],[139.7536744,35.6067008],[139.7537903,35.6066737],[139.7539225,35.6066576],[139.754048,35.6066533],[139.7541748,35.6066576],[139.754308,35.6066731],[139.7544332,35.606704],[139.7545412,35.6067384],[139.7546484,35.6067826],[139.7547435,35.6068333],[139.7548366,35.606898],[139.7549147,35.606968],[139.7549738,35.6070403],[139.7550219,35.6071184],[139.7550658,35.6072052],[139.7551011,35.6072949],[139.7551222,35.6073848],[139.7551339,35.6074781],[139.7551373,35.6075712],[139.7551347,35.608338],[139.7551372,35.6085041],[139.755145,35.6086767]]}},{"type":"Feature","id":331922702,"properties":{"osm_id":331922702,"highway":"motorway_link","oneway":"yes","name":"首都高速中央環状線","name_en":"Central Circular Route","ref":"C2","destination":"","maxspeed":"","bridge":"","tunnel":"yes","layer":"-1"},"geometry":{"type":"LineString","coordinates":[[139.6897659,35.6540132],[139.6897258,35.6538812],[139.689691,35.6537536],[139.6896627,35.6536077],[139.6896411,35.6534521],[139.6896073,35.6531574],[139.6895956,35.6530964],[139.689582,35.6530374],[139.6895639,35.6529753],[139.6895517,35.6529392],[139.6895345,35.6528961],[139.689513,35.6528512]]}},{"type":"Feature","id":331922703,"properties":{"osm_id":331922703,"highway":"motorway_link","oneway":"yes","name":"首都高速湾岸線","name_en":"Bayshore Route","ref":"C2","destination":"","maxspeed":"","bridge":"","tunnel":"","layer":"0"},"geometry":{"type":"LineString","coordinates":[[139.755145,35.6086767],[139.7551873,35.6092653],[139.7552191,35.6094691],[139.7552617,35.6096336],[139.7552969,35.60978],[139.7554329,35.6101757]]}},{"type":"Feature","id":331922705,"properties":{"osm_id":331922705,"highway":"motorway","oneway":"yes","name":"首都高速中央環状線","name_en":"Central Circular Route","ref":"C2","destination":"","maxspeed":"","bridge":"","tunnel":"yes","layer":"-2"},"geometry":{"type":"LineString","coordinates":[[139.6899723,35.654814],[139.6900514,35.6549768],[139.6906713,35.6561867],[139.6907939,35.6564438],[139.6908225,35.6565105],[139.6908485,35.6565756],[139.6908704,35.656642],[139.6908896,35.6567074],[139.6909058,35.6567777],[139.6909174,35.6568488],[139.6909252,35.6569191],[139.6909304,35.6569873],[139.6909356,35.6570546],[139.6909374,35.6571199],[139.6909345,35.657185],[139.6909283,35.6572488],[139.6909215,35.657312],[139.6909128,35.6573727],[139.6909014,35.6574327],[139.6908879,35.6574922],[139.6908708,35.6575637],[139.6908509,35.6576308],[139.6908267,35.6577004],[139.6908005,35.65777],[139.6907726,35.6578358],[139.6907448,35.6578983],[139.6907146,35.6579613],[139.6906831,35.6580222],[139.6906448,35.658083],[139.6906039,35.6581406],[139.6905039,35.6582673],[139.6903783,35.6584232],[139.6882082,35.6610266],[139.6881236,35.6611306],[139.6880403,35.6612408],[139.687974,35.6613479],[139.6879213,35.6614403],[139.687867,35.6615454],[139.6878172,35.6616466],[139.6877706,35.6617563],[139.6877302,35.6618596],[139.6876955,35.6619731],[139.6876643,35.6621012],[139.6876486,35.6622423],[139.6876356,35.662362],[139.6876261,35.6624969],[139.6876229,35.6626149],[139.6876215,35.6627665],[139.6876347,35.6630103],[139.6877018,35.6639558],[139.6877569,35.6649879],[139.6877833,35.6654598],[139.6878047,35.6657782],[139.687817,35.6659507],[139.6878306,35.6663478],[139.6878358,35.6668267],[139.6877973,35.6678824],[139.6877333,35.6696937],[139.6877031,35.6701987],[139.6876554,35.6706294],[139.6875971,35.6710367]]}},{"type":"Feature","id":331922706,"properties":{"osm_id":331922706,"highway":"motorway","oneway":"yes","name":"首都高速中央環状線","name_en":"Central Circular Route","ref":"C2","destination":"","maxspeed":"","bridge":"yes","tunnel":"","layer":"2"},"geometry":{"type":"LineString","coordinates":[[139.7532511,35.6064698],[139.7531402,35.606526],[139.75304,35.6065866],[139.7529518,35.6066516],[139.752869,35.6067245],[139.752797,35.6068017],[139.7527343,35.6068833],[139.7526823,35.6069692],[139.7526418,35.6070566],[139.7526093,35.607146],[139.7525875,35.6072388],[139.7525765,35.6073316],[139.7525728,35.6074219]]}},{"type":"Feature","id":331922707,"properties":{"osm_id":331922707,"highway":"motorway_link","oneway":"yes","name":"首都高速中央環状線","name_en":"Central Circular Route","ref":"C2","destination":"","maxspeed":"","bridge":"","tunnel":"yes","layer":"-2"},"geometry":{"type":"LineString","coordinates":[[139.6877927,35.6519165],[139.688396,35.6521758],[139.6886368,35.6523004],[139.6888389,35.6523979],[139.6889839,35.6524706],[139.6890526,35.6525099],[139.689117,35.6525491],[139.6891865,35.6525998],[139.6892581,35.6526594],[139.689305,35.652704],[139.6893532,35.6527558],[139.6893949,35.6528093],[139.6894323,35.6528652],[139.689458,35.6529122],[139.6894804,35.6529646],[139.6894963,35.6530068],[139.6895067,35.6530434]]}},{"type":"Feature","id":331922708,"properties":{"osm_id":331922708,"highway":"motorway","oneway":"yes","name":"首都高速中央環状線","name_en":"Central Circular Route","ref":"C2","destination":"","maxspeed":"","bridge":"","tunnel":"yes","layer":"-2"},"geometry":{"type":"LineString","coordinates":[[139.7096555,35.6306912],[139.7104918,35.6295441],[139.7106978,35.6292981],[139.7108017,35.6291834],[139.7109136,35.629073],[139.7110275,35.6289731],[139.7111683,35.6288635],[139.7113165,35.6287578],[139.7114331,35.6286809],[139.7117556,35.6284902],[139.7128346,35.6279187],[139.7150948,35.6267355],[139.7156992,35.626421],[139.7166936,35.6258717],[139.717591,35.6253682],[139.7182006,35.6250558],[139.7188689,35.6247367],[139.7196943,35.624361],[139.7207378,35.6238761],[139.721177,35.6236838],[139.7219564,35.6233093],[139.7222726,35.6231411],[139.7240128,35.6221116],[139.7241798,35.6220026],[139.724358,35.621877],[139.7245322,35.621746],[139.7248199,35.6215229],[139.724957,35.6214249],[139.7250967,35.6213314],[139.7252176,35.6212539],[139.7253412,35.6211809],[139.7254714,35.6211138],[139.7256044,35.6210489],[139.7257447,35.6209914],[139.725885,35.6209426],[139.7260287,35.6208965],[139.7261771,35.6208553],[139.7263226,35.6208222],[139.7264701,35.6207923],[139.7266204,35.6207715],[139.7267739,35.6207582],[139.7269262,35.6207488],[139.7270817,35.6207448],[139.7272346,35.6207468],[139.7273875,35.620751],[139.7281059,35.6208137],[139.7283321,35.6208264],[139.7285707,35.6208322],[139.7288253,35.6208326],[139.7290798,35.6208211],[139.7293471,35.6207946],[139.7296037,35.6207573],[139.7298215,35.6207107],[139.730042,35.6206575],[139.7302465,35.6205925],[139.7304322,35.6205232],[139.7306017,35.6204475],[139.7307419,35.620378],[139.7308601,35.6203127],[139.7309955,35.6202296],[139.7311569,35.6201115],[139.7317609,35.6196587],[139.7319541,35.619528],[139.7321352,35.6194082],[139.7323298,35.619284],[139.7327782,35.6190199],[139.7331652,35.6188098],[139.7332771,35.6187466],[139.7333888,35.6186786],[139.7335022,35.6186045],[139.7336119,35.6185264],[139.7337176,35.618445],[139.733819,35.6183644],[139.7339163,35.6182784],[139.7340028,35.6181885],[139.7340861,35.6180976],[139.734166,35.6180031],[139.7342433,35.6179071],[139.7343094,35.6178079],[139.7343727,35.6177065],[139.7346635,35.6172037],[139.7347471,35.6170695],[139.7348015,35.6169903],[139.7348686,35.6169036],[139.7349466,35.6168055],[139.7350462,35.6166889],[139.7351264,35.6166063],[139.7352578,35.6164787],[139.735416,35.61635],[139.7355806,35.6162303],[139.7357605,35.6161221],[139.7359569,35.616021],[139.736156,35.6159335],[139.7363561,35.6158618],[139.7365669,35.615801],[139.7367777,35.61575],[139.7369912,35.6157121],[139.7372174,35.6156861],[139.7374436,35.6156689],[139.7376692,35.6156643],[139.7378934,35.6156662],[139.7392503,35.6156877],[139.7395101,35.6156985],[139.7397672,35.6157201],[139.7400175,35.6157549],[139.7402652,35.6158027],[139.7460423,35.6172081],[139.7471437,35.6174606],[139.7474056,35.6175254],[139.7477036,35.6176099],[139.7479514,35.6176907],[139.7482046,35.6177825],[139.7484615,35.617881],[139.7486996,35.6179783],[139.7488962,35.6180496],[139.7491084,35.6181113],[139.7493011,35.6181564],[139.7495112,35.6181949],[139.7497161,35.6182201],[139.7499318,35.6182343],[139.7501488,35.6182374],[139.750339,35.6182314],[139.7505556,35.6182104],[139.7507587,35.6181763],[139.7509547,35.6181357],[139.7511372,35.6180864],[139.7513374,35.6180233],[139.7515082,35.6179547],[139.7516588,35.6178894],[139.7518215,35.6178066],[139.7519696,35.6177183],[139.7521176,35.6176225],[139.7522729,35.6175102],[139.7524226,35.6173809],[139.7525562,35.6172515],[139.7526825,35.6171067],[139.7527912,35.6169675],[139.7528932,35.6168173],[139.752971,35.6166752],[139.7530515,35.6165062],[139.7531185,35.6163201],[139.7531691,35.6161329],[139.753203,35.6159405],[139.7532229,35.6157573],[139.7532267,35.6155774],[139.7532243,35.6154031],[139.7532202,35.6152234]]}},{"type":"Feature","id":331922709,"properties":{"osm_id":331922709,"highway":"motorway","oneway":"yes","name":"首都高速中央環状線","name_en":"Central Circular Route","ref":"C2","destination":"","maxspeed":"","bridge":"","tunnel":"yes","layer":"-2"},"geometry":{"type":"LineString","coordinates":[[139.7527707,35.6086038],[139.7528721,35.6093973],[139.7531586,35.6122951],[139.7532546,35.6136515],[139.7533725,35.6147636],[139.7534069,35.6152261]]}},{"type":"Feature","id":331922711,"properties":{"osm_id":331922711,"highway":"motorway","oneway":"yes","name":"首都高速中央環状線","name_en":"Central Circular Route","ref":"C2","destination":"","maxspeed":"","bridge":"","tunnel":"yes","layer":"-2"},"geometry":{"type":"LineString","coordinates":[[139.6905701,35.6500324],[139.6902486,35.650362],[139.6901136,35.6505114],[139.6900569,35.6505811],[139.6900078,35.6506452],[139.6899628,35.6507066],[139.6899163,35.6507778],[139.6898782,35.6508445],[139.6898374,35.650923],[139.689791,35.6510188],[139.6897558,35.6511069],[139.6897157,35.6512234],[139.6896901,35.6513241],[139.6896725,35.6514237],[139.6896596,35.6515325],[139.6896472,35.6517003],[139.6896374,35.6518702],[139.6895931,35.6529967],[139.6895881,35.6532185],[139.6895859,35.6534064],[139.6895878,35.6535391],[139.6895937,35.6536607],[139.6896056,35.6537668],[139.6896302,35.6539017],[139.6896611,35.6540258],[139.6896956,35.6541394],[139.6897451,35.6542775],[139.6898338,35.6545155],[139.6899723,35.654814]]}},{"type":"Feature","id":333682063,"properties":{"osm_id":333682063,"highway":"motorway_link","oneway":"yes","name":"高井戸入口","name_en":"","ref":"","destination":"首都高速","maxspeed":"","bridge":"","tunnel":"","layer":"0"},"geometry":{"type":"LineString","coordinates":[[139.6183334,35.6756295],[139.6191215,35.6752004],[139.6194523,35.6750144],[139.6197677,35.6747908],[139.6198297,35.6747468]]}},{"type":"Feature","id":333682068,"properties":{"osm_id":333682068,"highway":"motorway","oneway":"yes","name":"首都高速4号新宿線","name_en":"Route 4 Shinjuku Line","ref":"4","destination":"","maxspeed":"60","bridge":"yes","tunnel":"","layer":"2"},"geometry":{"type":"LineString","coordinates":[[139.6215039,35.6732944],[139.6220485,35.6727676],[139.6223817,35.6724522],[139.6226962,35.6721612],[139.6230253,35.6718811],[139.6235072,35.6714769],[139.6239451,35.6711277],[139.6241875,35.6709451],[139.6244026,35.6708061],[139.6246017,35.6706976],[139.6248189,35.6706003],[139.6250119,35.6705297],[139.6251894,35.6704753],[139.6254056,35.6704225],[139.6257337,35.6703618],[139.6267195,35.6702109],[139.6305452,35.6696444],[139.6309134,35.6695962],[139.6319303,35.6694806],[139.6322181,35.6694432],[139.6325099,35.6693898],[139.6327869,35.669321],[139.6330496,35.6692445],[139.6346837,35.6686989],[139.6360947,35.6682266],[139.6376176,35.667719],[139.6379782,35.6676179],[139.6382766,35.6675529],[139.6385728,35.6675075],[139.6388825,35.6674807],[139.639202,35.6674714],[139.6395054,35.6674764],[139.6410721,35.6675601],[139.6414232,35.66759],[139.6417703,35.6676296],[139.6424668,35.6677222]]}},{"type":"Feature","id":333682070,"properties":{"osm_id":333682070,"highway":"motorway","oneway":"yes","name":"首都高速都心環状線","name_en":"Circle 1","ref":"C1","destination":"","maxspeed":"50","bridge":"yes","tunnel":"","layer":"2"},"geometry":{"type":"LineString","coordinates":[[139.7571667,35.6528251],[139.7562893,35.6528987],[139.7549675,35.6530185],[139.7545628,35.6530594],[139.7541897,35.6531021],[139.7538713,35.6531463],[139.7531188,35.6532708],[139.7529531,35.6532991],[139.7516277,35.6535264],[139.7514999,35.6535453],[139.7513628,35.6535621],[139.7512337,35.6535721],[139.7511087,35.6535735],[139.7509879,35.6535666],[139.7508762,35.6535526],[139.7507651,35.6535288],[139.7506588,35.6534985],[139.7505546,35.653461],[139.7504339,35.6534084],[139.7500134,35.6532131],[139.7499173,35.6531722],[139.7498069,35.6531329],[139.7496868,35.6530952],[139.7495825,35.6530651],[139.7494679,35.6530406],[139.7493496,35.6530257],[139.7491776,35.6530164],[139.7489948,35.6530218],[139.74882,35.6530353],[139.7477893,35.6531603],[139.7475743,35.6531935],[139.747394,35.6532342],[139.7472672,35.6532659],[139.747162,35.6532993],[139.7470659,35.6533366],[139.7469818,35.6533748],[139.7469003,35.6534194],[139.7468052,35.6534814],[139.7466758,35.6535754],[139.7465642,35.6536748],[139.7464621,35.6537825],[139.7463599,35.6539014],[139.7461402,35.654147],[139.7460505,35.6542432],[139.7459496,35.6543346],[139.7458405,35.6544194],[139.7457727,35.6544634],[139.7456788,35.6545152],[139.7455929,35.6545563],[139.7455081,35.6545903],[139.7454141,35.6546197],[139.7453004,35.6546451],[139.7451274,35.6546753],[139.7449319,35.6546987],[139.7440428,35.6547762],[139.7422385,35.6549335],[139.7420627,35.6549569],[139.7418988,35.6549823],[139.7417335,35.6550154],[139.7415796,35.6550523],[139.7411588,35.6551655],[139.7408695,35.6552473]]}},{"type":"Feature","id":333682072,"properties":{"osm_id":333682072,"highway":"motorway","oneway":"yes","name":"首都高速都心環状線","name_en":"Circle 1","ref":"C1","destination":"","maxspeed":"","bridge":"","tunnel":"yes","layer":"-1"},"geometry":{"type":"LineString","coordinates":[[139.7451617,35.6719827],[139.7446967,35.6718937]]}},{"type":"Feature","id":333682073,"properties":{"osm_id":333682073,"highway":"motorway","oneway":"yes","name":"首都高速都心環状線","name_en":"Circle 1","ref":"C1","destination":"","maxspeed":"50","bridge":"yes","tunnel":"","layer":"0"},"geometry":{"type":"LineString","coordinates":[[139.7483918,35.6777376],[139.7483117,35.6778391],[139.7482501,35.6779269],[139.7481886,35.6780234],[139.7481303,35.6781164],[139.748058,35.6782119],[139.7479763,35.6783074],[139.7476366,35.67865],[139.7475381,35.6787402],[139.7474379,35.6788234],[139.7473303,35.6788969],[139.7472177,35.6789608],[139.7470875,35.6790269],[139.7469413,35.6790884],[139.7467495,35.6791599],[139.7464511,35.6792557]]}},{"type":"Feature","id":340606244,"properties":{"osm_id":340606244,"highway":"motorway","oneway":"yes","name":"第三京浜道路","name_en":"Daisan Keihin","ref":"E83;466","destination":"","maxspeed":"80","bridge":"","tunnel":"","layer":"0"},"geometry":{"type":"LineString","coordinates":[[139.6019037,35.5426704],[139.6020408,35.5442921],[139.6021393,35.5449475],[139.6022329,35.545478],[139.6023518,35.545968],[139.6024861,35.5464629]]}},{"type":"Feature","id":340606249,"properties":{"osm_id":340606249,"highway":"motorway","oneway":"yes","name":"第三京浜道路","name_en":"Daisan Keihin","ref":"E83;466","destination":"","maxspeed":"80","bridge":"","tunnel":"","layer":"0"},"geometry":{"type":"LineString","coordinates":[[139.6021243,35.5433438],[139.6020848,35.5427081],[139.6020477,35.54191],[139.6019996,35.5407974],[139.601957,35.5401833],[139.6018975,35.5394271]]}},{"type":"Feature","id":340606268,"properties":{"osm_id":340606268,"highway":"motorway_link","oneway":"yes","name":"","name_en":"","ref":"","destination":"","maxspeed":"30","bridge":"","tunnel":"","layer":"0"},"geometry":{"type":"LineString","coordinates":[[139.6001438,35.5430681],[139.60057,35.5429107],[139.6007478,35.5428589],[139.6009265,35.5428122],[139.601415,35.5426533]]}},{"type":"Feature","id":340606274,"properties":{"osm_id":340606274,"highway":"motorway","oneway":"yes","name":"首都高速湾岸線","name_en":"Bayshore Route","ref":"B","destination":"","maxspeed":"80","bridge":"yes","tunnel":"","layer":"2"},"geometry":{"type":"LineString","coordinates":[[139.6676203,35.4444765],[139.6675362,35.4442357],[139.6674594,35.4439869],[139.6673929,35.443721],[139.667335,35.443443],[139.6672828,35.4430597],[139.6672377,35.4426733],[139.6672121,35.4423283],[139.6672045,35.441995],[139.6672103,35.4416493],[139.6672364,35.441303],[139.6672618,35.4410684],[139.6672917,35.4408559],[139.6673462,35.4405524],[139.6673966,35.4403165],[139.667456,35.4400836],[139.6675373,35.4397904],[139.6676415,35.4394761],[139.6677719,35.4391367],[139.6679113,35.4388085],[139.6680571,35.4384942],[139.6682236,35.4381612],[139.6683925,35.4378312],[139.6686158,35.4374122]]}},{"type":"Feature","id":340606281,"properties":{"osm_id":340606281,"highway":"motorway","oneway":"yes","name":"首都高速湾岸線","name_en":"Bayshore Route","ref":"B","destination":"","maxspeed":"80","bridge":"","tunnel":"","layer":"0"},"geometry":{"type":"LineString","coordinates":[[139.7880113,35.547793],[139.7884691,35.5471552],[139.7891057,35.5462514],[139.7895514,35.5456127]]}},{"type":"Feature","id":340606282,"properties":{"osm_id":340606282,"highway":"motorway","oneway":"yes","name":"首都高速神奈川1号横羽線","name_en":"Kanagawa Route 1 Yokohane Line","ref":"K1","destination":"","maxspeed":"","bridge":"yes","tunnel":"","layer":"2"},"geometry":{"type":"LineString","coordinates":[[139.6239684,35.4638965],[139.6239798,35.4633272],[139.6239782,35.4607741],[139.6239763,35.4606251],[139.6239834,35.4604673],[139.6239985,35.4603452],[139.6240227,35.4602194],[139.6240441,35.4601438],[139.6240884,35.4599855],[139.6241402,35.4598433],[139.6241864,35.4597285],[139.6242379,35.4596211],[139.6243008,35.4595093],[139.6243821,35.4593781],[139.624471,35.4592526],[139.6245773,35.4591135],[139.6247008,35.4589566],[139.6255569,35.4578948],[139.6256411,35.4577932],[139.625857,35.4575329],[139.6262197,35.4570934],[139.6272276,35.4559625]]}},{"type":"Feature","id":340606284,"properties":{"osm_id":340606284,"highway":"motorway","oneway":"yes","name":"首都高速神奈川1号横羽線","name_en":"Kanagawa Route 1 Yokohane Line","ref":"K1","destination":"","maxspeed":"","bridge":"yes","tunnel":"","layer":"3"},"geometry":{"type":"LineString","coordinates":[[139.623766,35.4645559],[139.6237663,35.4649257],[139.6237739,35.4650932],[139.6237918,35.465228],[139.62382,35.4653501],[139.6238501,35.4654881],[139.6238973,35.4656311],[139.6239656,35.465793]]}},{"type":"Feature","id":340606285,"properties":{"osm_id":340606285,"highway":"motorway_link","oneway":"yes","name":"首都高速神奈川2号三ツ沢線","name_en":"Kanagawa Route 2 Mitsuzawa Line","ref":"K2","destination":"","maxspeed":"50","bridge":"yes","tunnel":"","layer":"2"},"geometry":{"type":"LineString","coordinates":[[139.6243252,35.4676352],[139.6244146,35.4676281],[139.6245018,35.467624],[139.6245903,35.4676237],[139.6246853,35.4676273],[139.6247876,35.4676352],[139.6248929,35.4676494],[139.6249996,35.4676695],[139.6250955,35.4676948],[139.6251879,35.4677267],[139.6252682,35.467762],[139.6253403,35.4678028],[139.6254056,35.467848],[139.6254595,35.4678911],[139.6255596,35.4679735],[139.6258052,35.4681823],[139.6258986,35.4682607],[139.6259964,35.468336],[139.6261035,35.4684091],[139.6262155,35.4684744],[139.6263414,35.4685367],[139.6265314,35.4686076]]}},{"type":"Feature","id":340606287,"properties":{"osm_id":340606287,"highway":"motorway","oneway":"yes","name":"首都高速神奈川2号三ツ沢線","name_en":"Kanagawa Route 2 Mitsuzawa Line","ref":"K2","destination":"","maxspeed":"60","bridge":"yes","tunnel":"","layer":"3"},"geometry":{"type":"LineString","coordinates":[[139.6212049,35.467921],[139.6205312,35.4679909],[139.6199528,35.4680601],[139.6172231,35.4683722],[139.6167129,35.4684431],[139.6164671,35.468478],[139.6163443,35.4684977],[139.6162241,35.4685217],[139.6160953,35.4685484],[139.6159666,35.4685817],[139.6158412,35.4686183],[139.6157158,35.4686625],[139.6155938,35.4687089],[139.6154718,35.4687607],[139.6152344,35.468871],[139.6136149,35.4697062]]}},{"type":"Feature","id":340606291,"properties":{"osm_id":340606291,"highway":"motorway","oneway":"yes","name":"首都高速神奈川3号狩場線","name_en":"Kanagawa Route 3 Kariba Line","ref":"K3","destination":"","maxspeed":"50","bridge":"yes","tunnel":"","layer":"2"},"geometry":{"type":"LineString","coordinates":[[139.6471555,35.4403382],[139.6457135,35.4396572],[139.6452064,35.4394182],[139.6447084,35.4391934],[139.6443367,35.4390162],[139.6439826,35.4388586],[139.6436839,35.4387443],[139.6434218,35.4386658],[139.6426485,35.4384685]]}},{"type":"Feature","id":352724042,"properties":{"osm_id":352724042,"highway":"motorway_link","oneway":"yes","name":"","name_en":"","ref":"","destination":"","maxspeed":"40","bridge":"yes","tunnel":"","layer":"2"},"geometry":{"type":"LineString","coordinates":[[139.6657216,35.4893815],[139.6662307,35.4896329],[139.6663845,35.489705],[139.6665609,35.4897837]]}},{"type":"Feature","id":352724043,"properties":{"osm_id":352724043,"highway":"motorway","oneway":"yes","name":"首都高速神奈川7号横浜北線","name_en":"Route Kanagawa 7 Yokohama","ref":"K7","destination":"","maxspeed":"60","bridge":"yes","tunnel":"","layer":"4"},"geometry":{"type":"LineString","coordinates":[[139.671665,35.4902134],[139.6713157,35.4907625],[139.6708709,35.4914778],[139.6707809,35.4916131],[139.6706955,35.4917306],[139.6706048,35.4918407],[139.6705027,35.4919515],[139.6703919,35.4920553],[139.6702766,35.4921472],[139.6701585,35.4922326],[139.6700475,35.4923031],[139.6699304,35.4923665],[139.6698161,35.4924201],[139.6697005,35.4924689],[139.669589,35.49251],[139.6694646,35.4925506],[139.6693231,35.4925872],[139.6691896,35.4926145],[139.6690483,35.4926373],[139.6689057,35.4926524],[139.6687604,35.4926588],[139.6686137,35.4926586],[139.6684665,35.492651],[139.6683118,35.4926358],[139.668153,35.4926095],[139.6679931,35.4925746],[139.6678294,35.4925299],[139.6675906,35.492452],[139.6673465,35.4923675],[139.6667427,35.4921514],[139.6665295,35.4920783],[139.6656765,35.4917682],[139.6649127,35.4914991],[139.6646973,35.4914291],[139.6644839,35.4913659],[139.6642719,35.4913137],[139.6640422,35.4912621],[139.6638076,35.491222],[139.6635877,35.4911896],[139.6633533,35.4911644],[139.6631095,35.4911491],[139.6628817,35.4911436],[139.6626484,35.4911447],[139.6624325,35.4911523],[139.662218,35.4911665],[139.66199,35.4911884],[139.6617714,35.4912189],[139.6615541,35.4912555],[139.6613395,35.4912982],[139.6611188,35.4913501],[139.6608576,35.4914227],[139.660602,35.491507]]}},{"type":"Feature","id":352724044,"properties":{"osm_id":352724044,"highway":"motorway","oneway":"yes","name":"首都高速神奈川7号横浜北線","name_en":"Route Kanagawa 7 Yokohama","ref":"K7","destination":"","maxspeed":"60","bridge":"yes","tunnel":"","layer":"3"},"geometry":{"type":"LineString","coordinates":[[139.6606901,35.4916667],[139.6609384,35.4915881],[139.6611893,35.4915198],[139.6613998,35.4914712],[139.6616379,35.4914319],[139.6618732,35.4913959],[139.6620948,35.491371],[139.6623071,35.4913549],[139.6625421,35.4913442],[139.6627722,35.4913427],[139.662997,35.4913478],[139.6632055,35.4913599],[139.663419,35.4913783],[139.6636406,35.4914065],[139.6638414,35.4914379],[139.6640489,35.491478],[139.6642609,35.4915238],[139.6645009,35.4915808],[139.6647456,35.4916438],[139.6650356,35.491721],[139.6655403,35.4918702],[139.6658819,35.4919757],[139.6667945,35.4922634],[139.6676279,35.4925467],[139.6677937,35.4925978],[139.6679481,35.4926361],[139.6680619,35.4926608],[139.6682046,35.492685],[139.6683592,35.4927033],[139.6685072,35.4927147],[139.6686544,35.4927178],[139.6687939,35.4927155],[139.6689279,35.4927079],[139.6690685,35.4926932],[139.6692036,35.4926724],[139.6693183,35.4926466],[139.6694363,35.4926159],[139.6695912,35.4925703],[139.6697723,35.4925054],[139.6699299,35.4924387],[139.6700808,35.4923589],[139.6702247,35.4922679],[139.6703499,35.4921742],[139.6704741,35.492071],[139.6705823,35.491975],[139.6706617,35.4918987],[139.6707314,35.4918252],[139.6707998,35.491744],[139.6708536,35.4916738],[139.6709161,35.4915801],[139.6713197,35.4909365]]}},{"type":"Feature","id":366854535,"properties":{"osm_id":366854535,"highway":"motorway_link","oneway":"yes","name":"","name_en":"","ref":"","destination":"","maxspeed":"40","bridge":"","tunnel":"","layer":"2"},"geometry":{"type":"LineString","coordinates":[[139.6023882,35.547195],[139.6025489,35.5474884],[139.6028833,35.5480397]]}},{"type":"Feature","id":367047850,"properties":{"osm_id":367047850,"highway":"motorway_link","oneway":"yes","name":"","name_en":"","ref":"","destination":"","maxspeed":"40","bridge":"","tunnel":"","layer":"0"},"geometry":{"type":"LineString","coordinates":[[139.6077117,35.5153704],[139.6075581,35.5155067],[139.6074527,35.5155885],[139.6073438,35.5156625],[139.6070615,35.5157999],[139.6067493,35.5159509]]}},{"type":"Feature","id":367047851,"properties":{"osm_id":367047851,"highway":"motorway_link","oneway":"yes","name":"","name_en":"","ref":"","destination":"","maxspeed":"","bridge":"","tunnel":"yes","layer":"-3"},"geometry":{"type":"LineString","coordinates":[[139.6087934,35.5153665],[139.6083336,35.5154761],[139.6078931,35.515585],[139.6074258,35.5157135]]}},{"type":"Feature","id":367047853,"properties":{"osm_id":367047853,"highway":"motorway_link","oneway":"yes","name":"","name_en":"","ref":"","destination":"","maxspeed":"","bridge":"","tunnel":"","layer":"-1"},"geometry":{"type":"LineString","coordinates":[[139.6052313,35.5172248],[139.6053233,35.5171445],[139.6054328,35.5170689],[139.6055772,35.5169928],[139.6057199,35.516925],[139.605985,35.5168247]]}},{"type":"Feature","id":368085647,"properties":{"osm_id":368085647,"highway":"motorway","oneway":"yes","name":"首都高速9号深川線","name_en":"Shuto Expressway Route 9 Fukagawa Line","ref":"9","destination":"","maxspeed":"60","bridge":"yes","tunnel":"","layer":"2"},"geometry":{"type":"LineString","coordinates":[[139.801292,35.6727983],[139.7997999,35.6730179],[139.7994732,35.6730711],[139.7982705,35.6732949],[139.7979626,35.6733564],[139.7974557,35.6734577],[139.7971373,35.6735387],[139.7971069,35.6735464],[139.7967501,35.6736309],[139.796557,35.6736764],[139.7963808,35.6737303],[139.7962209,35.673789],[139.7960718,35.6738512],[139.7959537,35.6739067],[139.7958534,35.6739606],[139.7957603,35.6740183],[139.7956888,35.6740696],[139.7956133,35.6741319],[139.7955081,35.6742304],[139.7954171,35.6743267],[139.7953684,35.6743848],[139.7953062,35.6744747],[139.7952502,35.6745652],[139.7952075,35.6746497],[139.7951717,35.6747352],[139.7951407,35.6748214],[139.7950687,35.6750626],[139.7949317,35.6755236],[139.7948283,35.6758813],[139.7947899,35.6759786],[139.7947181,35.6761263],[139.7946495,35.6762341],[139.7945801,35.6763387],[139.7945267,35.6764097],[139.7944677,35.6764726],[139.7944065,35.6765268],[139.794329,35.6765889],[139.7942621,35.6766361],[139.7941979,35.6766782],[139.7940062,35.6767798],[139.7937683,35.6768997],[139.7935041,35.6770173],[139.7931863,35.6771527],[139.792198,35.6775911],[139.7916746,35.6778303],[139.7900818,35.6784893],[139.7897288,35.6786206]]}},{"type":"Feature","id":372483361,"properties":{"osm_id":372483361,"highway":"motorway","oneway":"yes","name":"首都高速4号新宿線","name_en":"Route 4 Shinjuku Line","ref":"4","destination":"","maxspeed":"","bridge":"","tunnel":"","layer":"0"},"geometry":{"type":"LineString","coordinates":[[139.7299567,35.6816273],[139.7301809,35.6815677],[139.730404,35.6814994]]}},{"type":"Feature","id":372483362,"properties":{"osm_id":372483362,"highway":"motorway","oneway":"yes","name":"首都高速4号新宿線","name_en":"Route 4 Shinjuku Line","ref":"4","destination":"","maxspeed":"","bridge":"","tunnel":"yes","layer":"-1"},"geometry":{"type":"LineString","coordinates":[[139.730404,35.6814994],[139.7306304,35.6814145],[139.7308418,35.6813223],[139.7311958,35.6811485],[139.7318247,35.6808336]]}},{"type":"Feature","id":372483363,"properties":{"osm_id":372483363,"highway":"motorway","oneway":"yes","name":"首都高速4号新宿線","name_en":"Route 4 Shinjuku Line","ref":"4","destination":"","maxspeed":"","bridge":"","tunnel":"yes","layer":"-1"},"geometry":{"type":"LineString","coordinates":[[139.7299265,35.6815488],[139.729704,35.6816008],[139.7294717,35.6816465],[139.7292274,35.6816845],[139.72897,35.6817113],[139.7287152,35.6817294],[139.7284618,35.6817377],[139.7282109,35.6817329],[139.7279857,35.681718]]}},{"type":"Feature","id":372483365,"properties":{"osm_id":372483365,"highway":"motorway","oneway":"yes","name":"首都高速4号新宿線","name_en":"Route 4 Shinjuku Line","ref":"4","destination":"","maxspeed":"","bridge":"","tunnel":"","layer":"-1"},"geometry":{"type":"LineString","coordinates":[[139.7304059,35.6814085],[139.7301616,35.6814848],[139.7299265,35.6815488]]}},{"type":"Feature","id":372483373,"properties":{"osm_id":372483373,"highway":"motorway_link","oneway":"yes","name":"","name_en":"","ref":"","destination":"","maxspeed":"","bridge":"","tunnel":"","layer":"0"},"geometry":{"type":"LineString","coordinates":[[139.6962766,35.6800242],[139.6961751,35.6799606],[139.6960714,35.679908],[139.6959632,35.6798665],[139.695843,35.6798337],[139.6957226,35.6798055],[139.6951441,35.6796955],[139.695023,35.6796661],[139.6949033,35.6796313],[139.6947897,35.6795889],[139.6946842,35.679541],[139.6945925,35.6794853],[139.69451,35.6794154],[139.6944395,35.6793282]]}},{"type":"Feature","id":376496463,"properties":{"osm_id":376496463,"highway":"motorway_link","oneway":"yes","name":"首都高速湾岸線","name_en":"Bayshore Route","ref":"B","destination":"","maxspeed":"","bridge":"yes","tunnel":"","layer":"2"},"geometry":{"type":"LineString","coordinates":[[139.8071468,35.6422816],[139.8057063,35.6418232],[139.8044846,35.6414532],[139.8039842,35.6412967],[139.8034799,35.6411925]]}},{"type":"Feature","id":376496464,"properties":{"osm_id":376496464,"highway":"motorway_link","oneway":"yes","name":"首都高速9号深川線","name_en":"Shuto Expressway Route 9 Fukagawa Line","ref":"9","destination":"","maxspeed":"","bridge":"yes","tunnel":"","layer":"3"},"geometry":{"type":"LineString","coordinates":[[139.8085755,35.643145],[139.8108221,35.6438637]]}},{"type":"Feature","id":376509518,"properties":{"osm_id":376509518,"highway":"motorway_link","oneway":"yes","name":"","name_en":"","ref":"","destination":"","maxspeed":"","bridge":"yes","tunnel":"","layer":"3"},"geometry":{"type":"LineString","coordinates":[[139.8172929,35.6454847],[139.8171057,35.6454683],[139.8169667,35.645454],[139.8168402,35.6454374],[139.8166948,35.6454144],[139.81653,35.6453864]]}},{"type":"Feature","id":378126417,"properties":{"osm_id":378126417,"highway":"motorway_link","oneway":"yes","name":"","name_en":"","ref":"","destination":"","maxspeed":"","bridge":"","tunnel":"","layer":"0"},"geometry":{"type":"LineString","coordinates":[[139.753187,35.6388884],[139.7532412,35.6390507],[139.7532703,35.6391861],[139.7533027,35.639415]]}},{"type":"Feature","id":378126418,"properties":{"osm_id":378126418,"highway":"motorway_link","oneway":"yes","name":"","name_en":"","ref":"","destination":"","maxspeed":"","bridge":"","tunnel":"","layer":"0"},"geometry":{"type":"LineString","coordinates":[[139.7534297,35.6393734],[139.7533875,35.6392665],[139.7533578,35.6391246],[139.7533303,35.6388436]]}},{"type":"Feature","id":378126419,"properties":{"osm_id":378126419,"highway":"motorway_link","oneway":"yes","name":"首都高速道路","name_en":"Metropolitan Expressway","ref":"","destination":"","maxspeed":"","bridge":"","tunnel":"","layer":"0"},"geometry":{"type":"LineString","coordinates":[[139.7526731,35.6375284],[139.7525889,35.637456],[139.752327,35.6371668],[139.7522253,35.6370081]]}},{"type":"Feature","id":378126420,"properties":{"osm_id":378126420,"highway":"motorway_link","oneway":"yes","name":"","name_en":"","ref":"","destination":"","maxspeed":"","bridge":"yes","tunnel":"","layer":"2"},"geometry":{"type":"LineString","coordinates":[[139.7521356,35.6369828],[139.7525476,35.6376241]]}},{"type":"Feature","id":378275642,"properties":{"osm_id":378275642,"highway":"motorway_link","oneway":"yes","name":"","name_en":"","ref":"","destination":"","maxspeed":"40","bridge":"yes","tunnel":"","layer":"3"},"geometry":{"type":"LineString","coordinates":[[139.7890575,35.679048],[139.7894744,35.6788871],[139.7900662,35.6786338],[139.7903118,35.6785313],[139.7903741,35.6784944],[139.7904325,35.6784497],[139.7904688,35.6784157]]}},{"type":"Feature","id":378275643,"properties":{"osm_id":378275643,"highway":"motorway_link","oneway":"yes","name":"","name_en":"","ref":"","destination":"","maxspeed":"40","bridge":"yes","tunnel":"","layer":"2"},"geometry":{"type":"LineString","coordinates":[[139.7897288,35.6786206],[139.7895268,35.6786636],[139.7893558,35.678716],[139.7890011,35.6788499],[139.788648,35.6789917],[139.7884538,35.6790824],[139.788298,35.6791712],[139.7881683,35.679261],[139.7880187,35.6793785],[139.7878339,35.6795542],[139.787656,35.6797654]]}},{"type":"Feature","id":378284472,"properties":{"osm_id":378284472,"highway":"motorway","oneway":"yes","name":"首都高速都心環状線","name_en":"Circle 1","ref":"C1","destination":"","maxspeed":"","bridge":"","tunnel":"","layer":"0"},"geometry":{"type":"LineString","coordinates":[[139.776791,35.6810712],[139.7762439,35.6801298]]}},{"type":"Feature","id":378284476,"properties":{"osm_id":378284476,"highway":"motorway","oneway":"yes","name":"首都高速都心環状線","name_en":"Circle 1","ref":"C1","destination":"","maxspeed":"50","bridge":"","tunnel":"yes","layer":"-1"},"geometry":{"type":"LineString","coordinates":[[139.7750208,35.6781008],[139.7748048,35.6777181]]}},{"type":"Feature","id":378284480,"properties":{"osm_id":378284480,"highway":"motorway","oneway":"yes","name":"首都高速都心環状線","name_en":"Shuto Expressway Inner Circular Route","ref":"C1","destination":"","maxspeed":"","bridge":"","tunnel":"yes","layer":"-1"},"geometry":{"type":"LineString","coordinates":[[139.7731671,35.6751159],[139.7729015,35.674704]]}},{"type":"Feature","id":378284483,"properties":{"osm_id":378284483,"highway":"motorway","oneway":"yes","name":"首都高速都心環状線","name_en":"Circle 1","ref":"C1","destination":"","maxspeed":"","bridge":"","tunnel":"","layer":"0"},"geometry":{"type":"LineString","coordinates":[[139.7761289,35.6801667],[139.7766773,35.6811136]]}},{"type":"Feature","id":378284488,"properties":{"osm_id":378284488,"highway":"motorway","oneway":"yes","name":"首都高速都心環状線","name_en":"Circle 1","ref":"C1","destination":"","maxspeed":"","bridge":"","tunnel":"","layer":"0"},"geometry":{"type":"LineString","coordinates":[[139.7740144,35.6764017],[139.773569,35.6757113],[139.7731671,35.6751159]]}},{"type":"Feature","id":378284491,"properties":{"osm_id":378284491,"highway":"motorway_link","oneway":"yes","name":"首都高速都心環状線","name_en":"Circle 1","ref":"","destination":"","maxspeed":"","bridge":"","tunnel":"yes","layer":"-1"},"geometry":{"type":"LineString","coordinates":[[139.7741121,35.6766809],[139.7739293,35.6764203]]}},{"type":"Feature","id":378284499,"properties":{"osm_id":378284499,"highway":"motorway","oneway":"yes","name":"首都高速都心環状線","name_en":"Shuto Expressway Inner Circular Route","ref":"C1","destination":"","maxspeed":"","bridge":"","tunnel":"","layer":"0"},"geometry":{"type":"LineString","coordinates":[[139.7744963,35.6772111],[139.774173,35.6766571]]}},{"type":"Feature","id":378284502,"properties":{"osm_id":378284502,"highway":"motorway","oneway":"yes","name":"首都高速都心環状線","name_en":"Circle 1","ref":"C1","destination":"","maxspeed":"","bridge":"","tunnel":"yes","layer":"-1"},"geometry":{"type":"LineString","coordinates":[[139.7738117,35.6764536],[139.7739707,35.6767046]]}},{"type":"Feature","id":378284505,"properties":{"osm_id":378284505,"highway":"motorway","oneway":"yes","name":"首都高速都心環状線","name_en":"Shuto Expressway Inner Circular Route","ref":"C1","destination":"","maxspeed":"50","bridge":"","tunnel":"","layer":"0"},"geometry":{"type":"LineString","coordinates":[[139.7748048,35.6777181],[139.7744963,35.6772111]]}},{"type":"Feature","id":378284506,"properties":{"osm_id":378284506,"highway":"motorway","oneway":"yes","name":"首都高速都心環状線","name_en":"Circle 1","ref":"C1","destination":"","maxspeed":"","bridge":"","tunnel":"","layer":"0"},"geometry":{"type":"LineString","coordinates":[[139.7730348,35.6751833],[139.7735383,35.6760234],[139.7738117,35.6764536]]}},{"type":"Feature","id":378284507,"properties":{"osm_id":378284507,"highway":"motorway_link","oneway":"yes","name":"首都高速都心環状線","name_en":"Circle 1","ref":"","destination":"","maxspeed":"","bridge":"","tunnel":"","layer":"0"},"geometry":{"type":"LineString","coordinates":[[139.7739293,35.6764203],[139.7735894,35.6759038]]}},{"type":"Feature","id":378284508,"properties":{"osm_id":378284508,"highway":"motorway","oneway":"yes","name":"首都高速都心環状線","name_en":"Circle 1","ref":"C1","destination":"","maxspeed":"","bridge":"","tunnel":"","layer":"0"},"geometry":{"type":"LineString","coordinates":[[139.7739707,35.6767046],[139.7743956,35.6773811]]}},{"type":"Feature","id":378284509,"properties":{"osm_id":378284509,"highway":"motorway","oneway":"yes","name":"首都高速都心環状線","name_en":"Circle 1","ref":"C1","destination":"","maxspeed":"","bridge":"","tunnel":"yes","layer":"-1"},"geometry":{"type":"LineString","coordinates":[[139.774173,35.6766571],[139.7740144,35.6764017]]}},{"type":"Feature","id":378284510,"properties":{"osm_id":378284510,"highway":"motorway","oneway":"yes","name":"首都高速都心環状線","name_en":"Shuto Expressway Inner Circular Route","ref":"C1","destination":"","maxspeed":"","bridge":"","tunnel":"yes","layer":"-1"},"geometry":{"type":"LineString","coordinates":[[139.7727769,35.674756],[139.7730348,35.6751833]]}},{"type":"Feature","id":378284512,"properties":{"osm_id":378284512,"highway":"motorway","oneway":"yes","name":"首都高速都心環状線","name_en":"Shuto Expressway Inner Circular Route","ref":"C1","destination":"","maxspeed":"50","bridge":"","tunnel":"","layer":"0"},"geometry":{"type":"LineString","coordinates":[[139.7748804,35.6781484],[139.7752405,35.6786938]]}},{"type":"Feature","id":378284513,"properties":{"osm_id":378284513,"highway":"motorway","oneway":"yes","name":"首都高速都心環状線","name_en":"Circle 1","ref":"C1","destination":"","maxspeed":"","bridge":"","tunnel":"yes","layer":"-1"},"geometry":{"type":"LineString","coordinates":[[139.7743956,35.6773811],[139.7748804,35.6781484]]}},{"type":"Feature","id":378284514,"properties":{"osm_id":378284514,"highway":"motorway_link","oneway":"yes","name":"宝町入口","name_en":"Shuto Expressway","ref":"","destination":"","maxspeed":"","bridge":"","tunnel":"","layer":"0"},"geometry":{"type":"LineString","coordinates":[[139.7744835,35.6781879],[139.7745481,35.6782444],[139.7745753,35.6782617],[139.7746074,35.6782712],[139.774646,35.6782731],[139.7746792,35.6782648],[139.7747477,35.678241],[139.7747807,35.6782337],[139.7748096,35.6782319],[139.774846,35.678238],[139.7748746,35.678251],[139.7748992,35.6782696],[139.7749179,35.6782948],[139.7749496,35.6783476]]}},{"type":"Feature","id":381950204,"properties":{"osm_id":381950204,"highway":"motorway_link","oneway":"yes","name":"","name_en":"","ref":"","destination":"","maxspeed":"","bridge":"yes","tunnel":"","layer":"1"},"geometry":{"type":"LineString","coordinates":[[139.6818785,35.6920076],[139.681923,35.692176]]}},{"type":"Feature","id":381950205,"properties":{"osm_id":381950205,"highway":"motorway_link","oneway":"yes","name":"","name_en":"","ref":"","destination":"","maxspeed":"","bridge":"","tunnel":"","layer":"0"},"geometry":{"type":"LineString","coordinates":[[139.6817629,35.6916841],[139.6818438,35.6918945],[139.6818785,35.6920076]]}},{"type":"Feature","id":381950206,"properties":{"osm_id":381950206,"highway":"motorway_link","oneway":"yes","name":"","name_en":"","ref":"","destination":"新宿;甲州街道","maxspeed":"","bridge":"","tunnel":"yes","layer":"-2"},"geometry":{"type":"LineString","coordinates":[[139.6828501,35.6961609],[139.6826485,35.6957276],[139.6824703,35.6947747]]}},{"type":"Feature","id":381950207,"properties":{"osm_id":381950207,"highway":"motorway_link","oneway":"yes","name":"","name_en":"","ref":"","destination":"","maxspeed":"","bridge":"","tunnel":"","layer":"0"},"geometry":{"type":"LineString","coordinates":[[139.681923,35.692176],[139.6820071,35.6924941],[139.6821217,35.6931102]]}},{"type":"Feature","id":381950208,"properties":{"osm_id":381950208,"highway":"motorway_link","oneway":"yes","name":"","name_en":"","ref":"","destination":"","maxspeed":"","bridge":"","tunnel":"","layer":"0"},"geometry":{"type":"LineString","coordinates":[[139.6824703,35.6947747],[139.6823483,35.6941221],[139.6822676,35.6932562]]}},{"type":"Feature","id":381953858,"properties":{"osm_id":381953858,"highway":"motorway_link","oneway":"yes","name":"富ヶ谷出口","name_en":"","ref":"","destination":"","maxspeed":"","bridge":"","tunnel":"","layer":"0"},"geometry":{"type":"LineString","coordinates":[[139.6878797,35.6648633],[139.6878395,35.6641645],[139.6878625,35.6637103]]}},{"type":"Feature","id":381953859,"properties":{"osm_id":381953859,"highway":"motorway_link","oneway":"yes","name":"富ヶ谷出口","name_en":"","ref":"","destination":"","maxspeed":"","bridge":"","tunnel":"yes","layer":"-1"},"geometry":{"type":"LineString","coordinates":[[139.6880295,35.6659486],[139.6879761,35.6656929],[139.687946,35.6655812],[139.6878797,35.6648633]]}},{"type":"Feature","id":381953860,"properties":{"osm_id":381953860,"highway":"motorway_link","oneway":"yes","name":"富ヶ谷入口","name_en":"","ref":"","destination":"","maxspeed":"","bridge":"","tunnel":"","layer":"0"},"geometry":{"type":"LineString","coordinates":[[139.687476,35.6623372],[139.6875403,35.6625049],[139.6875773,35.6626161],[139.6875963,35.6626732],[139.687649,35.6628307],[139.6876807,35.6629717],[139.6877153,35.6631824],[139.6877278,35.6633434],[139.6877533,35.663757],[139.6878222,35.6648644]]}},{"type":"Feature","id":381972981,"properties":{"osm_id":381972981,"highway":"motorway_link","oneway":"yes","name":"","name_en":"","ref":"","destination":"初台南出口","maxspeed":"","bridge":"","tunnel":"yes","layer":"-2"},"geometry":{"type":"LineString","coordinates":[[139.6875891,35.6729149],[139.6876662,35.6733811],[139.6876899,35.673512],[139.6877161,35.6737824]]}},{"type":"Feature","id":381972983,"properties":{"osm_id":381972983,"highway":"motorway_link","oneway":"yes","name":"","name_en":"","ref":"","destination":"","maxspeed":"","bridge":"","tunnel":"","layer":"0"},"geometry":{"type":"LineString","coordinates":[[139.6877161,35.6737824],[139.6877369,35.6742498],[139.6877657,35.6749788],[139.687759,35.6752705],[139.6877274,35.6756025]]}},{"type":"Feature","id":381972984,"properties":{"osm_id":381972984,"highway":"motorway_link","oneway":"yes","name":"","name_en":"","ref":"","destination":"高井戸;中央道","maxspeed":"","bridge":"","tunnel":"yes","layer":"-2"},"geometry":{"type":"LineString","coordinates":[[139.687727,35.6762998],[139.6877854,35.6767239],[139.687874,35.6771455],[139.6879187,35.6773455]]}},{"type":"Feature","id":381972985,"properties":{"osm_id":381972985,"highway":"motorway_link","oneway":"yes","name":"","name_en":"","ref":"","destination":"","maxspeed":"","bridge":"","tunnel":"","layer":"0"},"geometry":{"type":"LineString","coordinates":[[139.6879945,35.6770785],[139.6879275,35.6769359],[139.6878948,35.6768576],[139.6878772,35.6767908],[139.6878573,35.6766676],[139.687845,35.6763214],[139.687839,35.6759811],[139.6878381,35.6752368]]}},{"type":"Feature","id":381974068,"properties":{"osm_id":381974068,"highway":"motorway_link","oneway":"yes","name":"","name_en":"","ref":"","destination":"","maxspeed":"","bridge":"","tunnel":"","layer":"0"},"geometry":{"type":"LineString","coordinates":[[139.6878381,35.6752368],[139.68778,35.6737817]]}},{"type":"Feature","id":381974069,"properties":{"osm_id":381974069,"highway":"motorway_link","oneway":"yes","name":"","name_en":"","ref":"","destination":"","maxspeed":"","bridge":"","tunnel":"yes","layer":"-1"},"geometry":{"type":"LineString","coordinates":[[139.68778,35.6737817],[139.6877693,35.673496],[139.6877736,35.6733561],[139.6878358,35.6728783]]}},{"type":"Feature","id":381974070,"properties":{"osm_id":381974070,"highway":"motorway_link","oneway":"yes","name":"富ヶ谷入口","name_en":"","ref":"","destination":"","maxspeed":"","bridge":"","tunnel":"yes","layer":"-2"},"geometry":{"type":"LineString","coordinates":[[139.6878222,35.6648644],[139.6878688,35.6653614],[139.6878655,35.6654464],[139.687833,35.6657659],[139.687817,35.6659507]]}},{"type":"Feature","id":381974071,"properties":{"osm_id":381974071,"highway":"motorway_link","oneway":"yes","name":"","name_en":"","ref":"","destination":"","maxspeed":"","bridge":"","tunnel":"yes","layer":"-1"},"geometry":{"type":"LineString","coordinates":[[139.6879733,35.6773404],[139.6879283,35.6771413],[139.6879154,35.6769554],[139.6879308,35.6767238],[139.6879669,35.6762919]]}},{"type":"Feature","id":382210313,"properties":{"osm_id":382210313,"highway":"motorway_link","oneway":"yes","name":"渋谷出口","name_en":"","ref":"","destination":"","maxspeed":"","bridge":"","tunnel":"","layer":"0"},"geometry":{"type":"LineString","coordinates":[[139.7070854,35.6583967],[139.7073388,35.6584405]]}},{"type":"Feature","id":382210314,"properties":{"osm_id":382210314,"highway":"motorway_link","oneway":"yes","name":"渋谷出口","name_en":"","ref":"","destination":"","maxspeed":"","bridge":"yes","tunnel":"","layer":"3"},"geometry":{"type":"LineString","coordinates":[[139.7050949,35.6582534],[139.7053323,35.6583145],[139.7070854,35.6583967]]}},{"type":"Feature","id":382676575,"properties":{"osm_id":382676575,"highway":"motorway_link","oneway":"yes","name":"","name_en":"","ref":"","destination":"","maxspeed":"","bridge":"yes","tunnel":"","layer":"1"},"geometry":{"type":"LineString","coordinates":[[139.8052765,35.6720422],[139.8049481,35.6720869],[139.8046196,35.6721621],[139.8044274,35.6722052],[139.8039702,35.6722814],[139.8032285,35.6724146]]}},{"type":"Feature","id":382676578,"properties":{"osm_id":382676578,"highway":"motorway_link","oneway":"yes","name":"","name_en":"","ref":"","destination":"","maxspeed":"","bridge":"yes","tunnel":"","layer":"1"},"geometry":{"type":"LineString","coordinates":[[139.8031636,35.6725944],[139.8040635,35.672395],[139.8047423,35.6722367],[139.8049281,35.6721981],[139.8052878,35.6721414]]}},{"type":"Feature","id":382679944,"properties":{"osm_id":382679944,"highway":"motorway_link","oneway":"yes","name":"","name_en":"","ref":"","destination":"","maxspeed":"60","bridge":"yes","tunnel":"","layer":"3"},"geometry":{"type":"LineString","coordinates":[[139.8055046,35.6631084],[139.80556,35.6629405],[139.8056281,35.6627804],[139.8056774,35.6626694],[139.8057363,35.6625452],[139.8057863,35.6624524],[139.8058843,35.6622781],[139.8059986,35.662097],[139.8065504,35.6613093]]}},{"type":"Feature","id":383230329,"properties":{"osm_id":383230329,"highway":"motorway_link","oneway":"yes","name":"","name_en":"","ref":"","destination":"","maxspeed":"40","bridge":"yes","tunnel":"","layer":"2"},"geometry":{"type":"LineString","coordinates":[[139.7953062,35.6744747],[139.7952709,35.6746183],[139.7952384,35.6747273],[139.7952038,35.6748493],[139.7951457,35.6750353],[139.7951266,35.6751056],[139.7951033,35.6752082],[139.7950769,35.6753203],[139.795046,35.6754502],[139.7950235,35.6755276]]}},{"type":"Feature","id":383230331,"properties":{"osm_id":383230331,"highway":"motorway_link","oneway":"yes","name":"","name_en":"","ref":"","destination":"","maxspeed":"40","bridge":"yes","tunnel":"","layer":"1"},"geometry":{"type":"LineString","coordinates":[[139.7950235,35.6755276],[139.795006,35.6755858],[139.7949464,35.6757686],[139.7949231,35.675851],[139.794856,35.6760209],[139.7947709,35.6762033],[139.7947223,35.6762836],[139.79468,35.6763408],[139.7946408,35.6763906],[139.7945857,35.6764548],[139.7945246,35.6765189],[139.7944521,35.6765859],[139.7943706,35.6766441],[139.7942618,35.6767155],[139.7941361,35.676793],[139.793881,35.6769197],[139.7936753,35.6770165],[139.7935544,35.6770678]]}},{"type":"Feature","id":383404053,"properties":{"osm_id":383404053,"highway":"motorway_link","oneway":"yes","name":"","name_en":"","ref":"","destination":"","maxspeed":"40","bridge":"","tunnel":"","layer":"0"},"geometry":{"type":"LineString","coordinates":[[139.6035034,35.5452659],[139.6034149,35.544453]]}},{"type":"Feature","id":384979838,"properties":{"osm_id":384979838,"highway":"motorway_link","oneway":"yes","name":"","name_en":"","ref":"","destination":"","maxspeed":"","bridge":"yes","tunnel":"","layer":"3"},"geometry":{"type":"LineString","coordinates":[[139.7751423,35.6944463],[139.77523,35.6953368]]}},{"type":"Feature","id":384979839,"properties":{"osm_id":384979839,"highway":"motorway_link","oneway":"yes","name":"","name_en":"","ref":"","destination":"","maxspeed":"40","bridge":"yes","tunnel":"","layer":"3"},"geometry":{"type":"LineString","coordinates":[[139.7766646,35.6863618],[139.7766837,35.6867596],[139.7766856,35.6868772],[139.7766771,35.6870055]]}},{"type":"Feature","id":387256793,"properties":{"osm_id":387256793,"highway":"motorway_link","oneway":"yes","name":"","name_en":"","ref":"","destination":"","maxspeed":"","bridge":"","tunnel":"","layer":"0"},"geometry":{"type":"LineString","coordinates":[[139.646114,35.6684696],[139.6471437,35.6688257]]}},{"type":"Feature","id":387256794,"properties":{"osm_id":387256794,"highway":"motorway_link","oneway":"yes","name":"","name_en":"","ref":"","destination":"","maxspeed":"","bridge":"","tunnel":"","layer":"0"},"geometry":{"type":"LineString","coordinates":[[139.6470736,35.6685059],[139.6463322,35.6682039],[139.6461175,35.6681337],[139.6458545,35.6680559],[139.6455806,35.6679842]]}},{"type":"Feature","id":387256795,"properties":{"osm_id":387256795,"highway":"motorway_link","oneway":"yes","name":"永福出口","name_en":"","ref":"","destination":"永福;環七通り;井の頭通り;国道２０号","maxspeed":"40","bridge":"yes","tunnel":"","layer":"2"},"geometry":{"type":"LineString","coordinates":[[139.6453368,35.668205],[139.6456363,35.6682503],[139.6459103,35.6683109],[139.6462066,35.6684113],[139.6467146,35.6686216]]}},{"type":"Feature","id":390422108,"properties":{"osm_id":390422108,"highway":"motorway_link","oneway":"yes","name":"","name_en":"","ref":"","destination":"","maxspeed":"40","bridge":"yes","tunnel":"","layer":"4"},"geometry":{"type":"LineString","coordinates":[[139.7963454,35.7043792],[139.7962311,35.7043312]]}},{"type":"Feature","id":390422109,"properties":{"osm_id":390422109,"highway":"motorway_link","oneway":"yes","name":"","name_en":"","ref":"","destination":"","maxspeed":"40","bridge":"yes","tunnel":"","layer":"4"},"geometry":{"type":"LineString","coordinates":[[139.7961862,35.704616],[139.7968749,35.7058077]]}},{"type":"Feature","id":390426202,"properties":{"osm_id":390426202,"highway":"motorway_link","oneway":"yes","name":"","name_en":"","ref":"","destination":"","maxspeed":"","bridge":"yes","tunnel":"","layer":"2"},"geometry":{"type":"LineString","coordinates":[[139.7524897,35.6964725],[139.7523109,35.697564]]}},{"type":"Feature","id":390426209,"properties":{"osm_id":390426209,"highway":"motorway_link","oneway":"yes","name":"","name_en":"","ref":"","destination":"","maxspeed":"","bridge":"yes","tunnel":"","layer":"1"},"geometry":{"type":"LineString","coordinates":[[139.7524944,35.6978831],[139.7525126,35.6977735],[139.7525482,35.6975593]]}},{"type":"Feature","id":390441534,"properties":{"osm_id":390441534,"highway":"motorway_link","oneway":"yes","name":"神田橋出口","name_en":"","ref":"","destination":"","maxspeed":"","bridge":"","tunnel":"","layer":"0"},"geometry":{"type":"LineString","coordinates":[[139.7645192,35.6891008],[139.7644354,35.6890892],[139.7643697,35.6890744],[139.764253,35.6890213]]}},{"type":"Feature","id":396767724,"properties":{"osm_id":396767724,"highway":"motorway","oneway":"yes","name":"首都高速9号深川線","name_en":"Shuto Expressway Route 9 Fukagawa Line","ref":"9","destination":"","maxspeed":"60","bridge":"yes","tunnel":"","layer":"3"},"geometry":{"type":"LineString","coordinates":[[139.7904688,35.6784157],[139.7913405,35.6780706],[139.7922926,35.6777022],[139.7932916,35.6773306],[139.7938859,35.677075],[139.7940575,35.6769966],[139.7941525,35.676952],[139.7942551,35.6768973],[139.7943424,35.676848],[139.7944259,35.6767967],[139.794513,35.6767381],[139.7945926,35.6766773],[139.7946586,35.6766196],[139.7947279,35.6765485],[139.794792,35.6764726],[139.7948454,35.6764048],[139.7949007,35.6763234],[139.7949417,35.6762524],[139.7949808,35.6761773],[139.7950382,35.6760442],[139.7950981,35.6758731],[139.7951754,35.6756522],[139.7952622,35.6753697],[139.7953407,35.6751232],[139.7954439,35.674835],[139.7954958,35.6747161],[139.7955438,35.6746217],[139.7956037,35.6745245],[139.7956659,35.6744407],[139.7957421,35.6743494],[139.7958181,35.6742711],[139.7958911,35.6742041],[139.7960098,35.6741081],[139.7961446,35.6740183],[139.7962571,35.6739577],[139.796382,35.6739003],[139.7965268,35.673844],[139.7966671,35.6737975],[139.7968401,35.6737513],[139.7978449,35.6735097]]}},{"type":"Feature","id":396767725,"properties":{"osm_id":396767725,"highway":"motorway_link","oneway":"yes","name":"箱崎ロータリー","name_en":"Hakozaki Rotary","ref":"","destination":"","maxspeed":"40","bridge":"yes","tunnel":"","layer":"2"},"geometry":{"type":"LineString","coordinates":[[139.7884974,35.6822535],[139.7872806,35.6816168]]}},{"type":"Feature","id":396767726,"properties":{"osm_id":396767726,"highway":"motorway_link","oneway":"yes","name":"","name_en":"","ref":"","destination":"","maxspeed":"40","bridge":"yes","tunnel":"","layer":"2"},"geometry":{"type":"LineString","coordinates":[[139.788458,35.6827075],[139.7885272,35.6828647],[139.7885402,35.6829035],[139.7885423,35.6829521],[139.7885312,35.6829961],[139.7885089,35.6830397],[139.7884358,35.6831332]]}},{"type":"Feature","id":405795841,"properties":{"osm_id":405795841,"highway":"motorway_link","oneway":"yes","name":"","name_en":"","ref":"","destination":"","maxspeed":"","bridge":"","tunnel":"","layer":"0"},"geometry":{"type":"LineString","coordinates":[[139.7740382,35.6251658],[139.7737775,35.6250341]]}},{"type":"Feature","id":405795844,"properties":{"osm_id":405795844,"highway":"motorway","oneway":"yes","name":"首都高速湾岸線","name_en":"Bayshore Route","ref":"B","destination":"","maxspeed":"80","bridge":"","tunnel":"","layer":"0"},"geometry":{"type":"LineString","coordinates":[[139.7802645,35.6289328],[139.7797384,35.6286459],[139.7772036,35.6272792],[139.7743658,35.6257326]]}},{"type":"Feature","id":405795846,"properties":{"osm_id":405795846,"highway":"motorway","oneway":"yes","name":"首都高速湾岸線","name_en":"Bayshore Route","ref":"B","destination":"","maxspeed":"80","bridge":"","tunnel":"","layer":"0"},"geometry":{"type":"LineString","coordinates":[[139.7801631,35.6290654],[139.7817309,35.6299205]]}},{"type":"Feature","id":406000909,"properties":{"osm_id":406000909,"highway":"motorway_link","oneway":"yes","name":"","name_en":"","ref":"","destination":"","maxspeed":"","bridge":"","tunnel":"","layer":"0"},"geometry":{"type":"LineString","coordinates":[[139.7721165,35.6240004],[139.7718472,35.6238194],[139.7715753,35.6236199],[139.7706984,35.6229653],[139.7697193,35.6222734],[139.7695164,35.6221442]]}},{"type":"Feature","id":409106609,"properties":{"osm_id":409106609,"highway":"motorway_link","oneway":"yes","name":"","name_en":"","ref":"","destination":"","maxspeed":"","bridge":"yes","tunnel":"","layer":"3"},"geometry":{"type":"LineString","coordinates":[[139.6539299,35.4430989],[139.6542144,35.4432028],[139.6543375,35.4432393],[139.6545848,35.4433002],[139.654925,35.4433468],[139.6553428,35.4433724],[139.6558623,35.4433686],[139.6561376,35.4433478],[139.6563934,35.443322],[139.6568629,35.4432412],[139.6570013,35.4432126]]}},{"type":"Feature","id":409106611,"properties":{"osm_id":409106611,"highway":"motorway_link","oneway":"yes","name":"","name_en":"","ref":"","destination":"","maxspeed":"","bridge":"","tunnel":"","layer":"0"},"geometry":{"type":"LineString","coordinates":[[139.6591535,35.4419762],[139.6595794,35.4416061],[139.6596412,35.4414747]]}},{"type":"Feature","id":409106612,"properties":{"osm_id":409106612,"highway":"motorway_link","oneway":"yes","name":"","name_en":"","ref":"","destination":"","maxspeed":"","bridge":"","tunnel":"","layer":"0"},"geometry":{"type":"LineString","coordinates":[[139.6574869,35.4427653],[139.6573695,35.4427931],[139.6572561,35.4428105],[139.6569576,35.4428359],[139.6567964,35.4428566],[139.6566011,35.4428943]]}},{"type":"Feature","id":409106614,"properties":{"osm_id":409106614,"highway":"motorway_link","oneway":"yes","name":"","name_en":"","ref":"","destination":"","maxspeed":"","bridge":"yes","tunnel":"","layer":"3"},"geometry":{"type":"LineString","coordinates":[[139.6566011,35.4428943],[139.6557807,35.4430614],[139.6555188,35.4431047],[139.6552711,35.4431234],[139.6549384,35.4431113],[139.6547553,35.4430909],[139.6546156,35.4430658],[139.6544125,35.4430158],[139.6540383,35.442914],[139.6533836,35.4427306],[139.6530368,35.4426351],[139.6529313,35.4426041],[139.6527449,35.4425435],[139.6523873,35.4424187],[139.6517454,35.4422064],[139.6510721,35.4420159]]}},{"type":"Feature","id":414591152,"properties":{"osm_id":414591152,"highway":"motorway_link","oneway":"yes","name":"","name_en":"","ref":"","destination":"","maxspeed":"","bridge":"","tunnel":"","layer":"0"},"geometry":{"type":"LineString","coordinates":[[139.7551834,35.5901898],[139.7550828,35.5912389],[139.7550399,35.5917035]]}},{"type":"Feature","id":414591153,"properties":{"osm_id":414591153,"highway":"motorway_link","oneway":"yes","name":"","name_en":"","ref":"","destination":"","maxspeed":"","bridge":"","tunnel":"","layer":"0"},"geometry":{"type":"LineString","coordinates":[[139.7553913,35.5975037],[139.7554162,35.5974134],[139.7554879,35.5965629],[139.7555647,35.5959945]]}},{"type":"Feature","id":420082431,"properties":{"osm_id":420082431,"highway":"motorway_link","oneway":"yes","name":"","name_en":"","ref":"","destination":"","maxspeed":"40","bridge":"","tunnel":"","layer":"0"},"geometry":{"type":"LineString","coordinates":[[139.7935544,35.6770678],[139.7930778,35.6772341]]}},{"type":"Feature","id":421488198,"properties":{"osm_id":421488198,"highway":"motorway_link","oneway":"yes","name":"外苑入口","name_en":"","ref":"","destination":"","maxspeed":"","bridge":"yes","tunnel":"","layer":"1"},"geometry":{"type":"LineString","coordinates":[[139.7123701,35.680753],[139.7120766,35.6808373],[139.7119104,35.6808734]]}},{"type":"Feature","id":421488199,"properties":{"osm_id":421488199,"highway":"motorway_link","oneway":"yes","name":"外苑入口","name_en":"","ref":"","destination":"","maxspeed":"","bridge":"","tunnel":"","layer":"0"},"geometry":{"type":"LineString","coordinates":[[139.7167425,35.6795806],[139.716762,35.6796586],[139.7168698,35.68004]]}},{"type":"Feature","id":422023165,"properties":{"osm_id":422023165,"highway":"motorway_link","oneway":"yes","name":"飯倉出口","name_en":"","ref":"","destination":"","maxspeed":"40","bridge":"yes","tunnel":"","layer":"1"},"geometry":{"type":"LineString","coordinates":[[139.7364635,35.658789],[139.736573,35.6592791]]}},{"type":"Feature","id":422023166,"properties":{"osm_id":422023166,"highway":"motorway_link","oneway":"yes","name":"高樹町入口","name_en":"","ref":"","destination":"","maxspeed":"","bridge":"yes","tunnel":"","layer":"2"},"geometry":{"type":"LineString","coordinates":[[139.7201954,35.6595716],[139.7213626,35.6596409]]}},{"type":"Feature","id":422023167,"properties":{"osm_id":422023167,"highway":"motorway_link","oneway":"yes","name":"目黒出口","name_en":"","ref":"","destination":"","maxspeed":"","bridge":"yes","tunnel":"","layer":"1"},"geometry":{"type":"LineString","coordinates":[[139.7173994,35.637077],[139.7178778,35.6365322],[139.7183268,35.6361071]]}},{"type":"Feature","id":422023168,"properties":{"osm_id":422023168,"highway":"motorway_link","oneway":"yes","name":"高樹町出口","name_en":"","ref":"","destination":"","maxspeed":"","bridge":"yes","tunnel":"","layer":"2"},"geometry":{"type":"LineString","coordinates":[[139.721458,35.6594267],[139.7202079,35.6593372]]}},{"type":"Feature","id":422023169,"properties":{"osm_id":422023169,"highway":"motorway_link","oneway":"yes","name":"目黒入口","name_en":"","ref":"","destination":"","maxspeed":"","bridge":"yes","tunnel":"","layer":"1"},"geometry":{"type":"LineString","coordinates":[[139.7181119,35.6360031],[139.7174748,35.6366431],[139.7172221,35.6369307]]}},{"type":"Feature","id":422023170,"properties":{"osm_id":422023170,"highway":"motorway_link","oneway":"yes","name":"","name_en":"","ref":"","destination":"","maxspeed":"","bridge":"yes","tunnel":"","layer":"3"},"geometry":{"type":"LineString","coordinates":[[139.7282508,35.6467966],[139.7289693,35.6469749],[139.72916,35.6470025],[139.7293648,35.6470107]]}},{"type":"Feature","id":422023171,"properties":{"osm_id":422023171,"highway":"motorway_link","oneway":"yes","name":"天現寺出口","name_en":"","ref":"","destination":"","maxspeed":"","bridge":"yes","tunnel":"","layer":"1"},"geometry":{"type":"LineString","coordinates":[[139.727987,35.6465131],[139.7278088,35.6464798],[139.7275841,35.6464551],[139.7271491,35.6464443]]}},{"type":"Feature","id":422023172,"properties":{"osm_id":422023172,"highway":"motorway","oneway":"yes","name":"首都高速2号目黒線","name_en":"Route 2 Meguro Line","ref":"2","destination":"","maxspeed":"","bridge":"yes","tunnel":"","layer":"3"},"geometry":{"type":"LineString","coordinates":[[139.7179771,35.622449],[139.7180357,35.6222536],[139.7180813,35.6220618],[139.7181478,35.6216953]]}},{"type":"Feature","id":422023173,"properties":{"osm_id":422023173,"highway":"motorway","oneway":"yes","name":"首都高速2号目黒線","name_en":"Route 2 Meguro Line","ref":"2","destination":"","maxspeed":"","bridge":"yes","tunnel":"","layer":"3"},"geometry":{"type":"LineString","coordinates":[[139.7180377,35.620499],[139.7179892,35.6211339],[139.7179757,35.6214733],[139.7179813,35.6216726]]}},{"type":"Feature","id":422023174,"properties":{"osm_id":422023174,"highway":"motorway","oneway":"yes","name":"首都高速2号目黒線","name_en":"Route 2 Meguro Line","ref":"2","destination":"","maxspeed":"","bridge":"yes","tunnel":"","layer":"1"},"geometry":{"type":"LineString","coordinates":[[139.7177989,35.619897],[139.7173289,35.6196299],[139.7162109,35.6190054]]}},{"type":"Feature","id":424475191,"properties":{"osm_id":424475191,"highway":"motorway_link","oneway":"yes","name":"高井戸出口","name_en":"","ref":"","destination":"荻窪;瀬田;環八通り","maxspeed":"","bridge":"yes","tunnel":"","layer":"2"},"geometry":{"type":"LineString","coordinates":[[139.6213954,35.6732258],[139.6209032,35.6737188]]}},{"type":"Feature","id":424475194,"properties":{"osm_id":424475194,"highway":"motorway_link","oneway":"yes","name":"高井戸入口","name_en":"","ref":"","destination":"","maxspeed":"","bridge":"yes","tunnel":"","layer":"0"},"geometry":{"type":"LineString","coordinates":[[139.6198297,35.6747468],[139.6202352,35.6744141],[139.6206136,35.6740701],[139.6209777,35.6737421]]}},{"type":"Feature","id":424475195,"properties":{"osm_id":424475195,"highway":"motorway_link","oneway":"yes","name":"高井戸入口","name_en":"","ref":"","destination":"","maxspeed":"","bridge":"yes","tunnel":"","layer":"2"},"geometry":{"type":"LineString","coordinates":[[139.6209777,35.6737421],[139.6215039,35.6732944]]}},{"type":"Feature","id":424475196,"properties":{"osm_id":424475196,"highway":"motorway_link","oneway":"yes","name":"高井戸出口","name_en":"","ref":"","destination":"荻窪;瀬田;環八通り","maxspeed":"","bridge":"yes","tunnel":"","layer":"1"},"geometry":{"type":"LineString","coordinates":[[139.6209032,35.6737188],[139.6205685,35.6740411],[139.6201932,35.674383],[139.6197924,35.6747136]]}},{"type":"Feature","id":435606383,"properties":{"osm_id":435606383,"highway":"motorway","oneway":"yes","name":"首都高速神奈川3号狩場線","name_en":"Kanagawa Route 3 Kariba Line","ref":"K3","destination":"","maxspeed":"50","bridge":"yes","tunnel":"","layer":"3"},"geometry":{"type":"LineString","coordinates":[[139.662978,35.4383252],[139.6622464,35.4389428]]}},{"type":"Feature","id":435743369,"properties":{"osm_id":435743369,"highway":"motorway_link","oneway":"yes","name":"首都高速神奈川3号狩場線","name_en":"Kanagawa Route 3 Kariba Line","ref":"","destination":"","maxspeed":"","bridge":"","tunnel":"","layer":"0"},"geometry":{"type":"LineString","coordinates":[[139.6607875,35.4405507],[139.6609704,35.44016]]}},{"type":"Feature","id":435760593,"properties":{"osm_id":435760593,"highway":"motorway","oneway":"yes","name":"首都高速湾岸線","name_en":"Bayshore Route","ref":"B","destination":"","maxspeed":"80","bridge":"yes","tunnel":"","layer":"2"},"geometry":{"type":"LineString","coordinates":[[139.6283841,35.3816538],[139.6277544,35.3819014],[139.6271816,35.382135],[139.6266063,35.3823831],[139.6257282,35.3828003],[139.6249043,35.3832381],[139.6241615,35.3836619],[139.6233926,35.3841251],[139.6228226,35.3845059],[139.622299,35.3848877],[139.6217246,35.3853212],[139.6210401,35.3858675],[139.6204692,35.3863639],[139.6199299,35.3868802],[139.6193168,35.3875178],[139.6185334,35.3884305],[139.618258,35.3887808],[139.6179105,35.3892409],[139.6175849,35.3897063],[139.6172421,35.3902654],[139.6170147,35.390667],[139.616796,35.3911325],[139.6165864,35.3916409],[139.6164408,35.3920816],[139.616342,35.3924866],[139.6162568,35.3929831],[139.616205,35.3934777],[139.6161899,35.3938628],[139.6162016,35.39422],[139.6162293,35.3945187],[139.6162631,35.3948065],[139.6163046,35.3950342],[139.6164004,35.3954833],[139.6165009,35.3958187],[139.6166027,35.3961089],[139.6167315,35.3964275],[139.6168415,35.3966807],[139.6171343,35.3972232],[139.6174982,35.3977981],[139.6176195,35.397981],[139.6181396,35.3987466],[139.6187108,35.3995592],[139.6195617,35.4007857],[139.6203386,35.4019248],[139.6204586,35.402105],[139.6207855,35.4025581],[139.6212876,35.4032891],[139.6215798,35.4037087],[139.6227593,35.4054179],[139.6235946,35.4066406],[139.6245057,35.4079418],[139.6252211,35.408889],[139.6257103,35.409498],[139.6262222,35.4100705],[139.6266864,35.4105634],[139.6270401,35.4109031],[139.6275012,35.4113162],[139.627926,35.4116624],[139.6285684,35.4121373],[139.6291324,35.4125028],[139.6297529,35.4128786],[139.6303783,35.4132376],[139.6312752,35.4137215],[139.6324421,35.4142903],[139.6331574,35.4145953],[139.6337997,35.4148348],[139.6343619,35.4150273],[139.6350288,35.4152226],[139.635673,35.4153977],[139.6367557,35.415656],[139.6373601,35.4157996],[139.6383841,35.4160431],[139.6390567,35.4162155],[139.6397342,35.4164008],[139.6410211,35.4167753],[139.6431828,35.4174136],[139.6452626,35.4180243],[139.6460551,35.4182629],[139.6464499,35.4183723],[139.6469615,35.4184984],[139.6472157,35.418546],[139.6477068,35.4186052],[139.6479231,35.4186271],[139.6481963,35.4186361],[139.6486069,35.4186284],[139.6488691,35.4186103],[139.6493207,35.4185641],[139.6497857,35.4184845],[139.650194,35.4183905],[139.6505398,35.4182905],[139.6512343,35.4180687],[139.651731,35.4178708],[139.6527767,35.4174957],[139.6532231,35.4173191],[139.6535613,35.4171809],[139.653825,35.4170581],[139.6540612,35.4169365],[139.6542815,35.4168106],[139.6544983,35.4166692],[139.6547355,35.4164943],[139.6549705,35.4163109],[139.6572143,35.4143582],[139.6576237,35.4140242],[139.6581087,35.4136523],[139.6583448,35.4134932],[139.6585718,35.4133567],[139.6588033,35.4132341],[139.659064,35.4131107],[139.6593195,35.4130014],[139.6596026,35.4128935],[139.6598766,35.4128066],[139.6601553,35.4127216],[139.6604266,35.4126543],[139.6607039,35.4126057],[139.6609878,35.4125704],[139.6612794,35.412538],[139.6616527,35.4125197],[139.6620107,35.4125221],[139.6623566,35.4125351],[139.6627213,35.4125742],[139.663004,35.412621],[139.6633023,35.4126804],[139.6636556,35.4127704],[139.6639654,35.4128719],[139.6641843,35.4129501],[139.6644182,35.4130486],[139.6646649,35.4131595],[139.6649667,35.4133032],[139.6656067,35.4136238],[139.6666488,35.4141694],[139.6670659,35.4143958],[139.6674673,35.4146186],[139.6678417,35.4148391],[139.6681746,35.4150519],[139.6684933,35.4152742],[139.6687961,35.4155091],[139.6690612,35.4157514],[139.6693215,35.4160195],[139.6695368,35.4162778],[139.6697427,35.416558],[139.6699113,35.4168379],[139.6700637,35.4171392],[139.6701782,35.4174022],[139.670272,35.4176742],[139.670349,35.417954],[139.6704103,35.4182624],[139.6704609,35.4185762],[139.6705002,35.4189251],[139.6705246,35.4192609],[139.6705818,35.4204085],[139.6706647,35.4220154],[139.6707118,35.4230221],[139.6707955,35.4244874],[139.6708265,35.4249772],[139.6708654,35.425418],[139.6709345,35.4259956],[139.6710188,35.4265579],[139.6711966,35.4275876],[139.6712375,35.4278748],[139.6712648,35.4281723],[139.6712837,35.4284572],[139.6712846,35.4287131],[139.6712766,35.4289226],[139.6712578,35.4291408],[139.6712354,35.4293424],[139.671197,35.4295686],[139.6711347,35.429875],[139.6710855,35.4300734],[139.6710379,35.4302633],[139.670633,35.4316691],[139.670454,35.4323024],[139.6699781,35.4339331],[139.6697925,35.4345104],[139.6696595,35.4348945],[139.6694586,35.4354533],[139.6693416,35.4357244],[139.6692085,35.4360067],[139.6690515,35.4363301],[139.668862,35.4367061],[139.668447,35.4374823],[139.6681228,35.4380537],[139.6679998,35.4382988],[139.6678495,35.4386591],[139.6677159,35.4389593],[139.6676038,35.4392315],[139.6674966,35.4395169],[139.667426,35.4397453],[139.6673445,35.4400278],[139.6672836,35.4402626],[139.6672245,35.4405385],[139.6671669,35.4408502],[139.6671281,35.4411761],[139.6670867,35.4415347],[139.6670643,35.4418618],[139.6670663,35.4421997]]}},{"type":"Feature","id":435762020,"properties":{"osm_id":435762020,"highway":"motorway","oneway":"yes","name":"首都高速湾岸線","name_en":"Bayshore Route","ref":"B","destination":"","maxspeed":"80","bridge":"yes","tunnel":"","layer":"2"},"geometry":{"type":"LineString","coordinates":[[139.6686158,35.4374122],[139.6690371,35.4366175],[139.6691351,35.4364263],[139.6692313,35.4362362],[139.6693496,35.4359919],[139.6694705,35.4357272],[139.6695815,35.4354725],[139.6697013,35.4351736],[139.6698301,35.4348338],[139.669942,35.4345024],[139.6700617,35.4341348],[139.670163,35.4337987],[139.6702687,35.4334338],[139.6706348,35.432172],[139.6711714,35.4303122],[139.6712285,35.4301017],[139.671277,35.4299134],[139.6713275,35.4296945],[139.6713614,35.4295107],[139.6713966,35.4293058],[139.6714202,35.4291256],[139.6714417,35.4288569],[139.6714471,35.4286657],[139.6714386,35.428399],[139.6714173,35.4281507],[139.6713709,35.4277803],[139.6713309,35.4275365],[139.6711547,35.4265531],[139.671074,35.4259913],[139.6710047,35.4254166],[139.6709654,35.4249878],[139.6709337,35.4244862],[139.6708156,35.4224758],[139.6707997,35.4220174],[139.6707217,35.4204251],[139.670667,35.4192687],[139.6706481,35.4189182],[139.6706159,35.4185612],[139.6705714,35.4182447],[139.6705096,35.4179261],[139.6704377,35.4176472],[139.670338,35.4173632],[139.6702221,35.417089],[139.6700681,35.4167911],[139.6698996,35.4165158],[139.6696949,35.4162241],[139.6694529,35.4159361],[139.6691833,35.4156615],[139.6689187,35.4154321],[139.6686306,35.4151992],[139.6682806,35.4149617],[139.6679272,35.4147436],[139.6675672,35.4145361],[139.6671648,35.4143074],[139.6667324,35.4140734],[139.6656675,35.4135244],[139.664984,35.4131776],[139.6647513,35.4130704],[139.6645142,35.4129634],[139.6642607,35.4128586],[139.6639785,35.4127567],[139.6636644,35.4126594],[139.6633511,35.4125812],[139.6630307,35.412512],[139.6627142,35.4124625],[139.6623635,35.4124237],[139.662047,35.4124042],[139.6617141,35.4124023],[139.6613812,35.4124113],[139.6610348,35.4124376],[139.6606888,35.4124796],[139.6602695,35.4125662],[139.6599506,35.4126532],[139.6596425,35.4127504],[139.6593301,35.4128612],[139.6590016,35.4129961],[139.6587347,35.4131237],[139.6584478,35.4132916],[139.6580435,35.4135582],[139.6577133,35.4137944],[139.6570377,35.4143635],[139.6548293,35.4162438],[139.6546701,35.4163757],[139.6545203,35.4164932],[139.6543233,35.4166339],[139.6541409,35.4167529],[139.6539211,35.4168802],[139.6536417,35.4170236],[139.6531936,35.4172176],[139.6528358,35.417363],[139.6517165,35.4177536],[139.6512917,35.4178979],[139.6505767,35.41813],[139.6501952,35.4182417],[139.6499487,35.4183052],[139.6495659,35.4183823],[139.6492755,35.4184281],[139.6489471,35.4184664],[139.6487409,35.4184823],[139.648312,35.4184931],[139.6480571,35.4184873],[139.6477444,35.4184704],[139.647472,35.4184447],[139.6471457,35.418393],[139.6467098,35.4183042],[139.6459456,35.4181047],[139.6415384,35.4168037],[139.6399231,35.4163379],[139.639115,35.4161201],[139.6385398,35.4159595],[139.6371708,35.4156288],[139.6360828,35.4153817],[139.635069,35.4151205],[139.6344248,35.4149287],[139.6338846,35.4147439],[139.6333753,35.414554],[139.6327457,35.4142907],[139.6322157,35.4140523],[139.6314072,35.4136405],[139.6304739,35.4131497],[139.6297524,35.4127423],[139.6291713,35.4123806],[139.6287244,35.4120859],[139.628047,35.4115905],[139.6275985,35.4112224],[139.6271485,35.410826],[139.6267616,35.4104528],[139.6263604,35.4100175],[139.6258543,35.4094497],[139.6253626,35.4088544],[139.6246668,35.4079177],[139.6239383,35.4068994],[139.6237046,35.4065558],[139.6233177,35.4060036],[139.622885,35.4053743],[139.622394,35.4046651],[139.6221855,35.4043588],[139.6217229,35.4036959],[139.6215784,35.4034605],[139.6212002,35.4029366],[139.621006,35.402656],[139.620507,35.4019198],[139.6199282,35.4010851],[139.6196638,35.4007086],[139.6188342,35.3995026],[139.6183124,35.398761],[139.6176819,35.3978386],[139.6173352,35.3973021],[139.61704,35.3967621],[139.6168592,35.3963944],[139.616622,35.3957665],[139.6165545,35.3955057],[139.6164736,35.3951872],[139.6164162,35.3948829],[139.6163695,35.3945199],[139.6163448,35.3942159],[139.61634,35.3938794],[139.6163516,35.3934902],[139.6163987,35.3929953],[139.6164865,35.3925066],[139.6165886,35.3921012],[139.616727,35.3916739],[139.6169326,35.3911691],[139.617171,35.390667],[139.617374,35.3903163],[139.617714,35.3897639],[139.6180415,35.3892843],[139.6183909,35.3888331],[139.6186665,35.3884868],[139.619109,35.3879649],[139.6195881,35.387437],[139.6204836,35.3865525],[139.6211384,35.3859613],[139.6218266,35.3853963],[139.6223992,35.3849703],[139.6229294,35.3845915],[139.6235025,35.3842059],[139.6242424,35.3837621],[139.6249817,35.3833381],[139.6258027,35.3829029],[139.6266585,35.3824905],[139.6272526,35.382238],[139.6278784,35.3819882],[139.6286626,35.3817052],[139.6297494,35.3813398],[139.6303387,35.3811671],[139.630874,35.3810362],[139.6314389,35.380891],[139.6321755,35.380734],[139.632754,35.3806286],[139.6343845,35.3803574],[139.6352901,35.3801773],[139.6360754,35.3799876],[139.6370096,35.3797437],[139.6382911,35.3793895],[139.6386747,35.3792846],[139.639089,35.3791647],[139.6395524,35.3790101],[139.6399015,35.3788703],[139.6400871,35.3787888],[139.6402987,35.3786877],[139.6406444,35.3784979],[139.6410223,35.3782547],[139.6413164,35.3780302],[139.6415805,35.3778146],[139.6418431,35.3775564],[139.6420423,35.3773128],[139.6422239,35.3770844],[139.6423807,35.3768567],[139.6425337,35.3765976],[139.6426527,35.3763714],[139.6427809,35.376067],[139.6428894,35.3757434],[139.6429796,35.3753912],[139.6430518,35.3749639],[139.6430906,35.3744948],[139.6431357,35.3736235]]}},{"type":"Feature","id":437901308,"properties":{"osm_id":437901308,"highway":"motorway","oneway":"yes","name":"首都高速神奈川1号横羽線","name_en":"Kanagawa Route 1 Yokohane Line","ref":"K1","destination":"","maxspeed":"60","bridge":"yes","tunnel":"","layer":"2"},"geometry":{"type":"LineString","coordinates":[[139.6321305,35.4721448],[139.6331071,35.4731994],[139.6337775,35.4739404],[139.6343012,35.4745403],[139.634588,35.4748595],[139.6347017,35.4749662],[139.6348167,35.4750586],[139.6349669,35.4751633],[139.6351171,35.4752528],[139.6352614,35.4753238],[139.6354044,35.475384],[139.6356014,35.4754535],[139.635789,35.47551],[139.6363462,35.4756683],[139.6365112,35.4757209],[139.6366588,35.4757758],[139.6368037,35.4758391],[139.6369311,35.475903],[139.6370586,35.475979],[139.6371559,35.4760456],[139.637254,35.47612],[139.6373397,35.4761922],[139.6374174,35.4762611],[139.6375761,35.4764049],[139.6382215,35.4770162],[139.6384609,35.4772621],[139.6386733,35.4775012],[139.6388695,35.4777316],[139.6392621,35.4781966],[139.6397186,35.4787088],[139.639974,35.4789623],[139.6402315,35.4792061],[139.6404957,35.4794356],[139.6407626,35.4796565],[139.6409951,35.4798361],[139.6412257,35.4800015],[139.6416972,35.4803308],[139.6421688,35.4806502],[139.6424252,35.4808213],[139.642687,35.4809836],[139.6429837,35.4811531],[139.6432803,35.4813149],[139.6441129,35.4817763],[139.6443388,35.4818951],[139.6445668,35.4820084],[139.644788,35.4821081],[139.6450092,35.4822022],[139.6452483,35.4822985],[139.6454846,35.4823915],[139.6461087,35.4826292],[139.6468105,35.4828905],[139.6471509,35.4830102],[139.6475257,35.4831279],[139.6478916,35.4832341],[139.6496526,35.4837206],[139.6498473,35.4837796],[139.65003,35.4838419],[139.6502195,35.483914],[139.6504283,35.4840014],[139.6512276,35.4843687],[139.6515171,35.4844951],[139.6517839,35.4846058],[139.6520171,35.4846986],[139.6522855,35.4847952],[139.6525402,35.4848794],[139.6529087,35.4849919],[139.6544507,35.4854449]]}},{"type":"Feature","id":438360420,"properties":{"osm_id":438360420,"highway":"motorway_link","oneway":"yes","name":"","name_en":"","ref":"","destination":"","maxspeed":"50","bridge":"yes","tunnel":"","layer":"2"},"geometry":{"type":"LineString","coordinates":[[139.7018868,35.5040232],[139.7014292,35.5038402],[139.7012588,35.5037692],[139.7010752,35.5036787],[139.7006992,35.5034549]]}},{"type":"Feature","id":438360534,"properties":{"osm_id":438360534,"highway":"motorway","oneway":"yes","name":"首都高速神奈川1号横羽線","name_en":"Kanagawa Route 1 Yokohane Line","ref":"K1","destination":"","maxspeed":"60","bridge":"yes","tunnel":"","layer":"2"},"geometry":{"type":"LineString","coordinates":[[139.6995776,35.5029635],[139.7001973,35.5033861],[139.7004623,35.5035519],[139.7006948,35.5036782],[139.7009425,35.5037953],[139.7012261,35.5039178],[139.7022479,35.5043019],[139.7026134,35.5044558],[139.7030552,35.5046675],[139.7035653,35.5049584],[139.7038042,35.5051064],[139.7084348,35.5079984],[139.7086779,35.508139],[139.7089085,35.5082593],[139.7092817,35.5084484],[139.710075,35.5088037],[139.7103781,35.5089498],[139.7106362,35.5090981],[139.7108272,35.5092259],[139.7109558,35.5093239],[139.7113519,35.5096696],[139.7117539,35.5100156],[139.712573,35.5107243],[139.7131838,35.5112391],[139.713352,35.5113704],[139.7135215,35.5114878],[139.7136882,35.5115853],[139.7138775,35.5116859],[139.7140622,35.5117715],[139.7142508,35.5118491],[139.7144827,35.5119338],[139.7148091,35.5120478],[139.7173789,35.5129145],[139.7197275,35.5137064],[139.7205267,35.5139794],[139.7210655,35.5141717],[139.7212484,35.5142402],[139.7214092,35.5143068],[139.7215599,35.5143777],[139.7217224,35.5144656],[139.7218847,35.514564],[139.7220191,35.5146579],[139.7221774,35.5147857],[139.7223383,35.5149369],[139.7225722,35.5151809],[139.7230976,35.5158231],[139.7238363,35.5167311],[139.7246648,35.5177455],[139.7249236,35.5180277],[139.7251326,35.5182358],[139.7253517,35.5184362],[139.7255458,35.5185993],[139.7255909,35.5186372],[139.726003,35.5189445],[139.726425,35.5192448],[139.7272767,35.5198432],[139.7280967,35.5204221],[139.7289407,35.5210161],[139.7306821,35.5222479],[139.731539,35.5228473],[139.7323817,35.5234537],[139.7343369,35.5248287],[139.735283,35.5255008],[139.7360619,35.5260522],[139.7362834,35.5262324],[139.7365049,35.5264239],[139.7366399,35.5265579],[139.7367653,35.5266918],[139.736952,35.5269075],[139.7371628,35.5271982],[139.7376503,35.5279542],[139.7382021,35.5288139],[139.739222,35.5304277],[139.7399911,35.5316475],[139.7404872,35.5324195],[139.7409854,35.5332021],[139.7410759,35.5333519],[139.74116,35.5335123],[139.7412281,35.5336575],[139.7412655,35.53375],[139.741295,35.5338398],[139.7413292,35.5339497],[139.7413573,35.5340603],[139.7413774,35.5341592],[139.7413902,35.5342342],[139.7414002,35.5343161],[139.7414047,35.5344106],[139.7414081,35.5345407],[139.7414061,35.5348752],[139.74135,35.5365088],[139.7412798,35.5392163],[139.7412678,35.539908],[139.7412696,35.5401031],[139.7412794,35.540236],[139.741296,35.5403611],[139.7413179,35.540484],[139.7413492,35.540603],[139.7413899,35.5407262],[139.7414614,35.5409211],[139.7415534,35.5411375],[139.7428703,35.5440054],[139.7430299,35.5443646],[139.7431543,35.5446761],[139.7432268,35.5448831],[139.743278,35.5450489],[139.7433214,35.5452261],[139.7433631,35.5454152],[139.7433987,35.5456214]]}},{"type":"Feature","id":438369821,"properties":{"osm_id":438369821,"highway":"motorway","oneway":"yes","name":"首都高速中央環状線","name_en":"Central Circular Route","ref":"C2","destination":"","maxspeed":"","bridge":"","tunnel":"yes","layer":"-2"},"geometry":{"type":"LineString","coordinates":[[139.6906508,35.6500715],[139.6910055,35.6497553],[139.6912494,35.649554],[139.6915094,35.6493614],[139.6918542,35.6491313],[139.6922071,35.6489089],[139.6936133,35.6480076],[139.6944799,35.6474825],[139.6946412,35.647379],[139.6958642,35.6465536],[139.6959916,35.6464725],[139.6965669,35.6461244],[139.6968647,35.6459477],[139.6971585,35.6457733],[139.6973823,35.6456296],[139.6975941,35.6454772],[139.697806,35.6453115],[139.6984649,35.6447497]]}},{"type":"Feature","id":438472757,"properties":{"osm_id":438472757,"highway":"motorway","oneway":"yes","name":"首都高速1号羽田線","name_en":"Shuto Expressway Route 1 Haneda Line","ref":"1","destination":"","maxspeed":"","bridge":"","tunnel":"","layer":"0"},"geometry":{"type":"LineString","coordinates":[[139.7418223,35.5868052],[139.7421172,35.5865601],[139.742344,35.5863327],[139.7425519,35.5861262],[139.7427524,35.5858925],[139.7429745,35.5855953],[139.7432214,35.5851995],[139.7434648,35.584739],[139.7436248,35.584431],[139.7438082,35.5840857],[139.7440822,35.5835425],[139.7446781,35.582382],[139.745164,35.5814068],[139.7453662,35.5810508],[139.7456921,35.5804143],[139.7459058,35.5800033],[139.7461558,35.5795097],[139.7462938,35.579248],[139.7466395,35.578582],[139.7468721,35.5781083],[139.7470922,35.5776826],[139.7474141,35.5770462],[139.7475083,35.5768735],[139.7476882,35.5765352]]}},{"type":"Feature","id":450523568,"properties":{"osm_id":450523568,"highway":"motorway_link","oneway":"yes","name":"","name_en":"","ref":"","destination":"","maxspeed":"40","bridge":"","tunnel":"","layer":"0"},"geometry":{"type":"LineString","coordinates":[[139.7830605,35.6800739],[139.7834302,35.6802426]]}},{"type":"Feature","id":479652514,"properties":{"osm_id":479652514,"highway":"motorway","oneway":"yes","name":"首都高速神奈川7号横浜北線","name_en":"Route Kanagawa 7 Yokohama","ref":"K7","destination":"","maxspeed":"60","bridge":"","tunnel":"yes","layer":"-3"},"geometry":{"type":"LineString","coordinates":[[139.660602,35.491507],[139.6603529,35.4915969],[139.6600585,35.4917164],[139.6597596,35.4918478],[139.6591314,35.4921413],[139.6583814,35.4925191],[139.6576577,35.4929064],[139.6570669,35.4932435],[139.6564964,35.4935808],[139.6559047,35.4939402],[139.6552099,35.4943968],[139.6546461,35.4947866],[139.6540878,35.4952084],[139.6533866,35.4957659],[139.6526115,35.4964062],[139.6516152,35.4972935],[139.6473731,35.5011928],[139.6462291,35.5022256],[139.6442993,35.5039484],[139.6439605,35.5042488],[139.6422742,35.5057258],[139.6407426,35.5070746],[139.6391796,35.5084558],[139.637457,35.5099857],[139.6366217,35.5107117],[139.6355709,35.5116165],[139.6350591,35.5120336],[139.6343993,35.5125074],[139.634002,35.512764],[139.6334978,35.5130477],[139.6330371,35.5132972],[139.6325292,35.5135328],[139.6319357,35.5137848],[139.6313308,35.5139964],[139.6305234,35.5142344],[139.6296956,35.514429],[139.6287004,35.5146141],[139.6248739,35.5152915],[139.6240538,35.5154202],[139.6229867,35.5155591],[139.6223354,35.5156217],[139.6215048,35.5156866],[139.6206448,35.5157188],[139.6198178,35.5157303],[139.6190419,35.5157199],[139.6182452,35.5156872],[139.6173552,35.5156257],[139.6163928,35.5155227],[139.6154585,35.5154058],[139.6145295,35.515267],[139.6135692,35.5151426],[139.6129952,35.5150705],[139.6124315,35.5150338],[139.6118758,35.5150188],[139.6113201,35.5150288],[139.6108744,35.5150453],[139.6102587,35.5151071],[139.6097109,35.5151882],[139.6092019,35.5152773],[139.6087934,35.5153665],[139.6083427,35.5154894],[139.6079223,35.5156303],[139.6074415,35.5158162],[139.6066813,35.5161347]]}},{"type":"Feature","id":481160988,"properties":{"osm_id":481160988,"highway":"motorway","oneway":"yes","name":"首都高速神奈川7号横浜北線","name_en":"Route Kanagawa 7 Yokohama","ref":"K7","destination":"","maxspeed":"60","bridge":"","tunnel":"yes","layer":"-3"},"geometry":{"type":"LineString","coordinates":[[139.6071869,35.5160606],[139.6077874,35.5158347],[139.6082484,35.5156831],[139.6085467,35.5155885],[139.6088684,35.5154998],[139.6091521,35.5154313],[139.6095281,35.5153555],[139.6099826,35.5152787],[139.6104518,35.5152195],[139.6109002,35.5151812],[139.6113442,35.5151602],[139.6118567,35.5151567],[139.6123662,35.5151797],[139.6129402,35.5152233],[139.6134726,35.5152888],[139.6144637,35.5154351],[139.6154347,35.5155749],[139.6164674,35.5157102],[139.6174183,35.5158048],[139.618144,35.5158513],[139.6190009,35.5158885],[139.6198336,35.5159001],[139.6206342,35.5158834],[139.6215214,35.5158481],[139.6223334,35.5157909],[139.6230421,35.5157222],[139.624068,35.5155933],[139.6249291,35.5154576],[139.6287182,35.5147861],[139.629763,35.5145902],[139.6305778,35.5143955],[139.6313751,35.514164],[139.6319559,35.5139618],[139.6325785,35.5137092],[139.6331024,35.5134681],[139.6335814,35.5132104],[139.6340988,35.5129009],[139.6345294,35.5126166],[139.6351892,35.512134],[139.6358544,35.51161],[139.6367587,35.5108114],[139.6376178,35.5100603],[139.6392494,35.508615],[139.6409043,35.5071632],[139.6424633,35.5058022],[139.6429884,35.5053302],[139.643496,35.5048786],[139.6444482,35.5040424],[139.6464169,35.5023086],[139.6474952,35.5013347],[139.6492761,35.4997013],[139.6517518,35.4974238],[139.6527764,35.4965034],[139.6535041,35.4959122],[139.6542344,35.4953352],[139.6548192,35.4948984],[139.6553334,35.49454],[139.6560434,35.4940783],[139.6566052,35.4937313],[139.6571913,35.4933795],[139.6577774,35.4930451],[139.6584724,35.4926701],[139.6592097,35.4922922],[139.6598581,35.4919955],[139.6601416,35.4918735],[139.660434,35.4917602],[139.6606901,35.4916667]]}},{"type":"Feature","id":481160989,"properties":{"osm_id":481160989,"highway":"motorway","oneway":"yes","name":"首都高速神奈川7号横浜北線","name_en":"Route Kanagawa 7 Yokohama","ref":"K7","destination":"","maxspeed":"60","bridge":"","tunnel":"","layer":"-2"},"geometry":{"type":"LineString","coordinates":[[139.6066813,35.5161347],[139.6062023,35.5163357],[139.6058,35.5164972],[139.605407,35.5166457],[139.6052619,35.5166956]]}},{"type":"Feature","id":481231601,"properties":{"osm_id":481231601,"highway":"motorway_link","oneway":"yes","name":"","name_en":"","ref":"","destination":"","maxspeed":"","bridge":"yes","tunnel":"","layer":"4"},"geometry":{"type":"LineString","coordinates":[[139.6695397,35.4911211],[139.6698352,35.4913486],[139.6699553,35.4914457],[139.6700072,35.4914844],[139.6700618,35.4915199],[139.6701141,35.4915476],[139.6701671,35.4915727],[139.67022,35.49159],[139.6702722,35.4916029],[139.6703258,35.4916096],[139.6703766,35.4916119],[139.6704306,35.4916117],[139.6704786,35.4916076],[139.6705313,35.4916],[139.6705831,35.4915869],[139.6706276,35.4915716]]}},{"type":"Feature","id":481231602,"properties":{"osm_id":481231602,"highway":"motorway_link","oneway":"yes","name":"","name_en":"","ref":"","destination":"第三京浜;東名","maxspeed":"","bridge":"yes","tunnel":"","layer":"2"},"geometry":{"type":"LineString","coordinates":[[139.6762182,35.4935879],[139.67532,35.4931769]]}},{"type":"Feature","id":481231603,"properties":{"osm_id":481231603,"highway":"motorway_link","oneway":"yes","name":"","name_en":"","ref":"","destination":"","maxspeed":"","bridge":"yes","tunnel":"","layer":"3"},"geometry":{"type":"LineString","coordinates":[[139.6692036,35.4926724],[139.6692894,35.4926584],[139.6693765,35.4926434],[139.669491,35.4926214],[139.6696039,35.4925962],[139.6697167,35.4925665],[139.6698117,35.4925363],[139.6699155,35.4924962],[139.6700072,35.4924581],[139.6700948,35.4924135],[139.6701686,35.4923703],[139.6702517,35.4923129],[139.6706095,35.492055],[139.6706696,35.4920156],[139.6707322,35.4919812],[139.6707944,35.4919549],[139.670857,35.4919333],[139.6709252,35.4919178],[139.6709987,35.4919089],[139.6710732,35.4919051],[139.6711477,35.4919081],[139.6712195,35.4919145],[139.6712897,35.4919265],[139.671364,35.4919458],[139.6714417,35.4919717],[139.6715799,35.492029],[139.6727496,35.4924775],[139.6729225,35.4925351],[139.6731024,35.4925918],[139.6738391,35.4928259]]}},{"type":"Feature","id":481231605,"properties":{"osm_id":481231605,"highway":"motorway_link","oneway":"yes","name":"","name_en":"","ref":"","destination":"","maxspeed":"","bridge":"yes","tunnel":"","layer":"3"},"geometry":{"type":"LineString","coordinates":[[139.6613998,35.4914712],[139.6617112,35.4913976],[139.6619026,35.4913557],[139.662094,35.4913237],[139.6623036,35.4912955],[139.6625132,35.4912749]]}},{"type":"Feature","id":481231606,"properties":{"osm_id":481231606,"highway":"motorway_link","oneway":"yes","name":"","name_en":"","ref":"","destination":"","maxspeed":"","bridge":"yes","tunnel":"","layer":"3"},"geometry":{"type":"LineString","coordinates":[[139.6677937,35.4925978],[139.6679578,35.4926273],[139.6680798,35.4926484],[139.6682066,35.4926672],[139.6683407,35.4926778],[139.6684669,35.4926831],[139.6685905,35.4926807],[139.6687103,35.4926721],[139.6688248,35.4926612],[139.6689648,35.4926366],[139.6690893,35.4926099],[139.6692178,35.4925753],[139.6693351,35.49254],[139.6694691,35.4924899],[139.6696098,35.4924314],[139.6697372,35.4923693],[139.6698424,35.4923104],[139.669937,35.4922507],[139.6700127,35.4922004],[139.6700703,35.4921572],[139.6701144,35.4921201],[139.6701518,35.4920828],[139.6701871,35.4920439],[139.6702199,35.491999],[139.6702504,35.4919494],[139.6702748,35.4918974],[139.6702941,35.4918379],[139.6703093,35.4917772],[139.6703163,35.4917115],[139.6703173,35.491647],[139.6703105,35.4915687],[139.6702943,35.4915022],[139.6702708,35.4914363],[139.6702375,35.4913712],[139.6701929,35.4913071],[139.6701371,35.4912443],[139.6700726,35.4911851],[139.6699967,35.491129],[139.6699085,35.4910703],[139.6698011,35.4910058],[139.6696561,35.4909275],[139.6690917,35.4906398]]}},{"type":"Feature","id":481231607,"properties":{"osm_id":481231607,"highway":"motorway_link","oneway":"yes","name":"","name_en":"","ref":"","destination":"","maxspeed":"","bridge":"yes","tunnel":"","layer":"3"},"geometry":{"type":"LineString","coordinates":[[139.6737505,35.4869788],[139.6733028,35.4876031],[139.6730118,35.4880167],[139.6729321,35.4881345],[139.6726525,35.4885024],[139.672568,35.4886147],[139.6711438,35.4908167],[139.6710702,35.4909192],[139.671031,35.4909658],[139.6709863,35.4910102],[139.6709369,35.4910543],[139.6708814,35.4910945],[139.6708254,35.4911276],[139.6707659,35.4911548],[139.6707033,35.4911773],[139.6706368,35.4911921],[139.6705693,35.4912014],[139.6705059,35.4912041],[139.6704443,35.4912013],[139.6703826,35.4911932],[139.6703271,35.4911822],[139.6702734,35.491168],[139.6702185,35.4911492],[139.6701561,35.4911251],[139.6700887,35.4910955],[139.6700279,35.4910661],[139.6699537,35.4910264],[139.6697827,35.4909361],[139.6696938,35.4908927],[139.6696041,35.4908513],[139.6695127,35.4908108],[139.6690917,35.4906398],[139.6688053,35.4905106],[139.6686621,35.4904506],[139.6685255,35.4903956],[139.6665977,35.4896304]]}},{"type":"Feature","id":481562169,"properties":{"osm_id":481562169,"highway":"motorway_link","oneway":"yes","name":"","name_en":"","ref":"","destination":"","maxspeed":"40","bridge":"","tunnel":"","layer":"0"},"geometry":{"type":"LineString","coordinates":[[139.6056816,35.5162503],[139.6045992,35.516653],[139.6043077,35.516764],[139.6041509,35.5168292],[139.6040582,35.5168752],[139.6039788,35.516925],[139.6039064,35.5169786],[139.60384,35.5170438],[139.6037866,35.5171209],[139.6037494,35.5172035],[139.6037273,35.5173011]]}},{"type":"Feature","id":481562170,"properties":{"osm_id":481562170,"highway":"motorway_link","oneway":"yes","name":"","name_en":"","ref":"","destination":"","maxspeed":"","bridge":"","tunnel":"yes","layer":"-2"},"geometry":{"type":"LineString","coordinates":[[139.6037273,35.5173011],[139.6037268,35.5173652],[139.603745,35.5174548],[139.6037779,35.5175368],[139.6038295,35.5176119],[139.6038924,35.5176778],[139.6039727,35.5177357],[139.604065,35.5177828],[139.6041624,35.5178149],[139.6042631,35.5178344],[139.6043608,35.5178373],[139.6044719,35.5178292],[139.6045733,35.517804],[139.6046721,35.5177657],[139.6047615,35.5177126],[139.6048428,35.5176497],[139.6049152,35.5175755],[139.6049843,35.5174985],[139.6052313,35.5172248]]}},{"type":"Feature","id":481562171,"properties":{"osm_id":481562171,"highway":"motorway_link","oneway":"yes","name":"","name_en":"","ref":"","destination":"","maxspeed":"","bridge":"yes","tunnel":"","layer":"3"},"geometry":{"type":"LineString","coordinates":[[139.6024387,35.5175158],[139.6029427,35.5174337],[139.6032765,35.5173763],[139.6036834,35.517293],[139.6042853,35.5171565],[139.6045062,35.5171136]]}},{"type":"Feature","id":481562174,"properties":{"osm_id":481562174,"highway":"motorway_link","oneway":"yes","name":"","name_en":"","ref":"","destination":"","maxspeed":"","bridge":"","tunnel":"yes","layer":"-2"},"geometry":{"type":"LineString","coordinates":[[139.6038004,35.5172918],[139.6037988,35.5173643],[139.6038139,35.5174434],[139.603841,35.5175159],[139.603888,35.5175843],[139.6039443,35.517644],[139.6040131,35.5176939],[139.6040913,35.517736],[139.6041826,35.517766],[139.6042739,35.517784],[139.6043698,35.5177858],[139.6044644,35.5177777],[139.6045556,35.5177547],[139.6046388,35.5177197],[139.6047151,35.5176722],[139.6047794,35.517616],[139.6048299,35.5175611],[139.6048751,35.5175028],[139.604943,35.5174078],[139.6051183,35.5171548]]}},{"type":"Feature","id":481562175,"properties":{"osm_id":481562175,"highway":"motorway_link","oneway":"yes","name":"","name_en":"","ref":"","destination":"","maxspeed":"40","bridge":"","tunnel":"","layer":"0"},"geometry":{"type":"LineString","coordinates":[[139.6067493,35.5159509],[139.6062889,35.5161718],[139.6060415,35.516277],[139.605448,35.5164984],[139.6048721,35.516722],[139.604397,35.5168978]]}},{"type":"Feature","id":482233801,"properties":{"osm_id":482233801,"highway":"motorway_link","oneway":"yes","name":"","name_en":"","ref":"","destination":"","maxspeed":"","bridge":"yes","tunnel":"","layer":"1"},"geometry":{"type":"LineString","coordinates":[[139.6650865,35.491727],[139.6657662,35.492]]}},{"type":"Feature","id":489510478,"properties":{"osm_id":489510478,"highway":"motorway","oneway":"yes","name":"首都高速湾岸線","name_en":"Bayshore Route","ref":"B","destination":"","maxspeed":"80","bridge":"yes","tunnel":"","layer":"4"},"geometry":{"type":"LineString","coordinates":[[139.6865017,35.466355],[139.684443,35.4654273],[139.6838712,35.4651619],[139.6833933,35.4649249],[139.6828956,35.4646552],[139.6824926,35.4644297],[139.6820788,35.4641802],[139.6816725,35.4639198],[139.6812802,35.4636509],[139.6809228,35.4633864],[139.6805715,35.4631232],[139.6804053,35.4629879],[139.6802225,35.4628365],[139.6800126,35.4626556],[139.6797881,35.462452],[139.6795316,35.4622102],[139.6793595,35.4620408],[139.6791549,35.4618363],[139.6789747,35.4616472],[139.6787301,35.4613786],[139.6784856,35.461096],[139.6782287,35.4607796],[139.6779535,35.4604212],[139.6776483,35.4599998],[139.6774162,35.4596666],[139.6771976,35.4593453],[139.6709302,35.4499057]]}},{"type":"Feature","id":489510479,"properties":{"osm_id":489510479,"highway":"motorway_link","oneway":"yes","name":"首都高速神奈川5号大黒線","name_en":"Kanagawa Route 5 Daikoku Line","ref":"K5","destination":"湾岸線","maxspeed":"","bridge":"yes","tunnel":"","layer":"2"},"geometry":{"type":"LineString","coordinates":[[139.6745758,35.4929526],[139.6733396,35.4923924],[139.6730988,35.4922937]]}},{"type":"Feature","id":489510481,"properties":{"osm_id":489510481,"highway":"motorway","oneway":"yes","name":"首都高速湾岸線","name_en":"Bayshore Route","ref":"B","destination":"","maxspeed":"80","bridge":"yes","tunnel":"","layer":"4"},"geometry":{"type":"LineString","coordinates":[[139.7054495,35.4749085],[139.7130225,35.4782592],[139.7202062,35.4814221]]}},{"type":"Feature","id":489510482,"properties":{"osm_id":489510482,"highway":"motorway","oneway":"yes","name":"首都高速神奈川1号横羽線","name_en":"Kanagawa Route 1 Yokohane Line","ref":"K1","destination":"","maxspeed":"","bridge":"yes","tunnel":"","layer":"1"},"geometry":{"type":"LineString","coordinates":[[139.6761853,35.4936604],[139.6850357,35.4969134],[139.6858736,35.4972163],[139.6862339,35.4973437],[139.6866008,35.4974658],[139.6869621,35.4975751],[139.6872916,35.4976649],[139.6875863,35.4977413],[139.6878795,35.497811]]}},{"type":"Feature","id":492866461,"properties":{"osm_id":492866461,"highway":"motorway_link","oneway":"yes","name":"宝町入口","name_en":"Shuto Expressway","ref":"","destination":"","maxspeed":"","bridge":"","tunnel":"","layer":"0"},"geometry":{"type":"LineString","coordinates":[[139.7749496,35.6783476],[139.7749938,35.6784196],[139.7750425,35.678499]]}},{"type":"Feature","id":492866462,"properties":{"osm_id":492866462,"highway":"motorway_link","oneway":"yes","name":"宝町入口","name_en":"Metropolitan Expressway","ref":"","destination":"","maxspeed":"","bridge":"","tunnel":"","layer":"0"},"geometry":{"type":"LineString","coordinates":[[139.7750425,35.678499],[139.7750838,35.6785808],[139.7751343,35.6786861],[139.7758413,35.6797893],[139.7761289,35.6801667]]}},{"type":"Feature","id":497274325,"properties":{"osm_id":497274325,"highway":"motorway_link","oneway":"yes","name":"","name_en":"","ref":"","destination":"","maxspeed":"","bridge":"","tunnel":"yes","layer":"-1"},"geometry":{"type":"LineString","coordinates":[[139.7893144,35.5154951],[139.7894377,35.5155919],[139.7895975,35.5157375]]}},{"type":"Feature","id":497274330,"properties":{"osm_id":497274330,"highway":"motorway_link","oneway":"yes","name":"","name_en":"","ref":"","destination":"","maxspeed":"","bridge":"","tunnel":"","layer":"-1"},"geometry":{"type":"LineString","coordinates":[[139.7895975,35.5157375],[139.7896899,35.515827],[139.7898591,35.5159973],[139.7901308,35.5163271],[139.7905622,35.5169442]]}},{"type":"Feature","id":507858408,"properties":{"osm_id":507858408,"highway":"motorway_link","oneway":"yes","name":"首都高速道路6号向島線","name_en":"Mukojima Route","ref":"6","destination":"","maxspeed":"40","bridge":"yes","tunnel":"","layer":"4"},"geometry":{"type":"LineString","coordinates":[[139.7962311,35.7043312],[139.796152,35.7042611],[139.7959463,35.704063],[139.7957411,35.7038269]]}},{"type":"Feature","id":507859757,"properties":{"osm_id":507859757,"highway":"motorway_link","oneway":"yes","name":"","name_en":"","ref":"","destination":"","maxspeed":"","bridge":"","tunnel":"","layer":"0"},"geometry":{"type":"LineString","coordinates":[[139.7433743,35.5846882],[139.7430035,35.5852091],[139.742923,35.5853075],[139.7427867,35.5855019],[139.7427123,35.5857406]]}},{"type":"Feature","id":541983769,"properties":{"osm_id":541983769,"highway":"motorway_link","oneway":"yes","name":"五反田出口","name_en":"Central Circular Route","ref":"C2","destination":"五反田","maxspeed":"","bridge":"","tunnel":"yes","layer":"-2"},"geometry":{"type":"LineString","coordinates":[[139.7096555,35.6306912],[139.7100113,35.6302847],[139.710178,35.630089],[139.710306,35.6299281],[139.7105041,35.629677],[139.7106018,35.6295536],[139.7107075,35.6294292],[139.7108203,35.6293051],[139.7109398,35.6291887],[139.7110891,35.6290506],[139.7112639,35.6289104],[139.7114382,35.6287831],[139.7116151,35.628671],[139.7117933,35.6285625]]}},{"type":"Feature","id":541985272,"properties":{"osm_id":541985272,"highway":"motorway","oneway":"yes","name":"首都高速7号小松川線","name_en":"Shuto Expressway Route 7 Komatsugawa Line","ref":"7","destination":"","maxspeed":"60","bridge":"yes","tunnel":"","layer":"3"},"geometry":{"type":"LineString","coordinates":[[139.7918075,35.6918251],[139.7916455,35.6918161],[139.7914889,35.691806],[139.7913176,35.6917882],[139.7911499,35.6917628],[139.7910047,35.6917334],[139.790869,35.691698],[139.7907388,35.6916569],[139.7906098,35.6916086],[139.7904741,35.6915463],[139.7903553,35.6914827],[139.7902348,35.6914106],[139.7901272,35.6913361],[139.78983,35.6911182],[139.7895247,35.6908785],[139.7891488,35.6905667]]}},{"type":"Feature","id":550281564,"properties":{"osm_id":550281564,"highway":"motorway_link","oneway":"yes","name":"東京湾岸道路","name_en":"Wangan Road","ref":"357","destination":"","maxspeed":"","bridge":"","tunnel":"","layer":"0"},"geometry":{"type":"LineString","coordinates":[[139.7550187,35.6091228],[139.7550951,35.6092694],[139.755138,35.6097781],[139.7552131,35.6102812],[139.755281,35.6105893],[139.7554267,35.6108497],[139.7554521,35.6108983]]}},{"type":"Feature","id":550689173,"properties":{"osm_id":550689173,"highway":"motorway","oneway":"yes","name":"首都高速都心環状線","name_en":"Shuto Expressway Inner Circular Route","ref":"C1","destination":"","maxspeed":"50","bridge":"yes","tunnel":"","layer":"3"},"geometry":{"type":"LineString","coordinates":[[139.7753987,35.6840038],[139.7752828,35.6839897],[139.7751576,35.6839778],[139.7750169,35.6839676],[139.7748756,35.6839603],[139.7747414,35.683957],[139.7746193,35.683956],[139.7745016,35.6839585],[139.7743819,35.6839644],[139.7742509,35.6839757]]}},{"type":"Feature","id":558313055,"properties":{"osm_id":558313055,"highway":"motorway_link","oneway":"yes","name":"首都高速神奈川6号川崎線","name_en":"Kanagawa Route 6 Kawasaki Line","ref":"K6","destination":"","maxspeed":"","bridge":"","tunnel":"yes","layer":"-1"},"geometry":{"type":"LineString","coordinates":[[139.7892441,35.5143635],[139.7889495,35.5140513]]}},{"type":"Feature","id":558313056,"properties":{"osm_id":558313056,"highway":"motorway_link","oneway":"yes","name":"首都高速神奈川6号川崎線","name_en":"Kanagawa Route 6 Kawasaki Line","ref":"K6","destination":"","maxspeed":"","bridge":"","tunnel":"","layer":"0"},"geometry":{"type":"LineString","coordinates":[[139.7889495,35.5140513],[139.7887782,35.5138718],[139.7886242,35.513738],[139.7884956,35.5136468],[139.7884191,35.5136057],[139.7883083,35.5135602]]}},{"type":"Feature","id":560259106,"properties":{"osm_id":560259106,"highway":"motorway","oneway":"yes","name":"首都高速都心環状線","name_en":"Inner Circular Route","ref":"1","destination":"","maxspeed":"40","bridge":"yes","tunnel":"","layer":"2"},"geometry":{"type":"LineString","coordinates":[[139.7594143,35.6514102],[139.7597014,35.6518846],[139.7599055,35.6522997],[139.7599662,35.6524271],[139.7600176,35.6525443],[139.7600556,35.6526538],[139.7600796,35.6527514],[139.7600935,35.6528539],[139.7601015,35.6529536],[139.7601129,35.6532032],[139.760125,35.6534699],[139.7601181,35.6540487],[139.7600898,35.6550386]]}},{"type":"Feature","id":560259107,"properties":{"osm_id":560259107,"highway":"motorway_link","oneway":"yes","name":"首都高速1号羽田線","name_en":"Shuto Expressway Route 1 Haneda Line","ref":"","destination":"","maxspeed":"","bridge":"","tunnel":"","layer":"0"},"geometry":{"type":"LineString","coordinates":[[139.7418223,35.5868052],[139.7419589,35.5867532],[139.7424506,35.5863644],[139.7428141,35.5860187],[139.7431713,35.5856136],[139.7436504,35.5849833]]}},{"type":"Feature","id":561915732,"properties":{"osm_id":561915732,"highway":"motorway_link","oneway":"yes","name":"","name_en":"","ref":"","destination":"","maxspeed":"","bridge":"","tunnel":"","layer":"0"},"geometry":{"type":"LineString","coordinates":[[139.7537111,35.558064],[139.7538924,35.5586899],[139.7539804,35.558942]]}},{"type":"Feature","id":561915733,"properties":{"osm_id":561915733,"highway":"motorway_link","oneway":"yes","name":"","name_en":"","ref":"","destination":"","maxspeed":"","bridge":"yes","tunnel":"","layer":"1"},"geometry":{"type":"LineString","coordinates":[[139.753346,35.5622724],[139.75326,35.5624035]]}},{"type":"Feature","id":567251177,"properties":{"osm_id":567251177,"highway":"motorway_link","oneway":"yes","name":"首都高速湾岸線","name_en":"Bayshore Route","ref":"","destination":"","maxspeed":"80","bridge":"yes","tunnel":"","layer":"2"},"geometry":{"type":"LineString","coordinates":[[139.6686158,35.4374122],[139.6690871,35.4367129],[139.6694588,35.4360833],[139.6695927,35.4358378],[139.6697358,35.4355438]]}},{"type":"Feature","id":567258079,"properties":{"osm_id":567258079,"highway":"motorway_link","oneway":"yes","name":"首都高速神奈川1号横羽線","name_en":"Kanagawa Route 1 Yokohane Line","ref":"","destination":"","maxspeed":"","bridge":"yes","tunnel":"","layer":"2"},"geometry":{"type":"LineString","coordinates":[[139.6321305,35.4721448],[139.6324224,35.4723721],[139.633007,35.4729822],[139.633598,35.4736531],[139.6340123,35.4741245],[139.6343631,35.4745252]]}},{"type":"Feature","id":567321755,"properties":{"osm_id":567321755,"highway":"motorway_link","oneway":"yes","name":"首都高速神奈川1号横羽線","name_en":"Kanagawa Route 1 Yokohane Line","ref":"K1","destination":"","maxspeed":"40","bridge":"yes","tunnel":"","layer":"2"},"geometry":{"type":"LineString","coordinates":[[139.6995776,35.5029635],[139.7002564,35.5033422],[139.7005979,35.5035419],[139.7008425,35.503666],[139.7014346,35.5039317],[139.7018453,35.5041127]]}},{"type":"Feature","id":567330156,"properties":{"osm_id":567330156,"highway":"motorway","oneway":"yes","name":"首都高速神奈川3号狩場線","name_en":"Kanagawa Route 3 Kariba Line","ref":"K3","destination":"","maxspeed":"50","bridge":"yes","tunnel":"","layer":"2"},"geometry":{"type":"LineString","coordinates":[[139.66376,35.4379274],[139.6638803,35.4378554],[139.6642643,35.4376645],[139.6643661,35.4376205],[139.6644737,35.4375819],[139.6645872,35.4375456],[139.6647185,35.4375115],[139.6648786,35.4374797],[139.6650535,35.4374592],[139.6652208,35.4374489],[139.6653988,35.4374493],[139.6655774,35.4374627],[139.6657308,35.4374831],[139.6658801,35.4375124],[139.66605,35.4375565],[139.6662004,35.4376073],[139.6663511,35.4376692],[139.6664763,35.4377295],[139.6666064,35.4378014],[139.6667447,35.4378894],[139.6668604,35.4379774],[139.6669679,35.4380769],[139.6670659,35.4381862],[139.6671311,35.438268],[139.6671948,35.4383645],[139.6672595,35.4384852],[139.6673077,35.4385963],[139.6673454,35.4387149],[139.6673709,35.4388436],[139.6673813,35.4389673],[139.6673812,35.4391065],[139.6673658,35.4392626],[139.6673299,35.4394583],[139.6672586,35.4397593],[139.6671604,35.4402072],[139.6670853,35.4405835],[139.6670343,35.4409401],[139.6670036,35.4412566],[139.6670065,35.441502],[139.6670663,35.4421997]]}},{"type":"Feature","id":568584516,"properties":{"osm_id":568584516,"highway":"motorway_link","oneway":"yes","name":"首都高速10号晴海線","name_en":"Harumi Route","ref":"10","destination":"","maxspeed":"","bridge":"","tunnel":"","layer":"0"},"geometry":{"type":"LineString","coordinates":[[139.7825753,35.6546181],[139.7831136,35.6540133]]}},{"type":"Feature","id":568584518,"properties":{"osm_id":568584518,"highway":"motorway_link","oneway":"yes","name":"首都高速10号晴海線","name_en":"Harumi Route","ref":"10","destination":"","maxspeed":"","bridge":"","tunnel":"","layer":"0"},"geometry":{"type":"LineString","coordinates":[[139.7830358,35.6539711],[139.7826955,35.6542242]]}},{"type":"Feature","id":568584519,"properties":{"osm_id":568584519,"highway":"motorway","oneway":"yes","name":"首都高速10号晴海線","name_en":"Harumi Route","ref":"10","destination":"","maxspeed":"","bridge":"yes","tunnel":"","layer":"3"},"geometry":{"type":"LineString","coordinates":[[139.7929483,35.6430947],[139.7923267,35.643949],[139.7910679,35.6455372],[139.7898753,35.6469947],[139.7891982,35.6478025],[139.7886652,35.6483994],[139.7883872,35.6486946],[139.7869304,35.6501422],[139.7861034,35.6509592]]}},{"type":"Feature","id":573373951,"properties":{"osm_id":573373951,"highway":"motorway","oneway":"yes","name":"第三京浜道路","name_en":"Daisan Keihin","ref":"E83;466","destination":"","maxspeed":"60","bridge":"","tunnel":"","layer":"1"},"geometry":{"type":"LineString","coordinates":[[139.6336176,35.599861],[139.6335486,35.599788],[139.6334649,35.5997093],[139.6333579,35.5996076],[139.633246,35.5995115],[139.6330978,35.599404],[139.632955,35.599298],[139.6327615,35.5991666],[139.6325925,35.5990316],[139.6324425,35.5989097],[139.6322608,35.5987532],[139.6320959,35.5986122]]}},{"type":"Feature","id":573848173,"properties":{"osm_id":573848173,"highway":"motorway_link","oneway":"yes","name":"","name_en":"","ref":"","destination":"山下公園;中華街;元町","maxspeed":"","bridge":"viaduct","tunnel":"","layer":"2"},"geometry":{"type":"LineString","coordinates":[[139.6491083,35.4414453],[139.6494252,35.4416052],[139.6499058,35.4417978],[139.6503267,35.4419421]]}},{"type":"Feature","id":573848174,"properties":{"osm_id":573848174,"highway":"motorway_link","oneway":"yes","name":"","name_en":"","ref":"","destination":"","maxspeed":"","bridge":"","tunnel":"","layer":"0"},"geometry":{"type":"LineString","coordinates":[[139.6566035,35.4429505],[139.6566639,35.4429526],[139.6567149,35.4429756],[139.6567464,35.4430053],[139.6567612,35.4430504],[139.6567631,35.4431031],[139.6567559,35.443139],[139.6567385,35.4431704],[139.656687,35.4432136]]}},{"type":"Feature","id":574211699,"properties":{"osm_id":574211699,"highway":"motorway","oneway":"yes","name":"首都高速9号深川線","name_en":"Shuto Expressway Route 9 Fukagawa Line","ref":"9","destination":"","maxspeed":"60","bridge":"yes","tunnel":"","layer":"3"},"geometry":{"type":"LineString","coordinates":[[139.8121416,35.6480355],[139.8111565,35.6546593],[139.8110693,35.6551569],[139.8110373,35.6553357],[139.8109901,35.6554927],[139.8109424,35.6556287],[139.8108977,35.655726],[139.8108526,35.6558155],[139.8107927,35.655923],[139.8107142,35.6560543],[139.8106229,35.6561854],[139.8105215,35.6563188],[139.8103747,35.6564871],[139.809631,35.6572554],[139.8088562,35.6580447],[139.8084584,35.6584606],[139.8079142,35.6589963],[139.8076576,35.6592648],[139.8074619,35.6595028],[139.8073394,35.6596822],[139.8072417,35.6598466],[139.8070833,35.6601385],[139.8068079,35.6606417],[139.8066659,35.6608907],[139.8064454,35.6612643],[139.8062372,35.6615905],[139.8059451,35.662052],[139.805816,35.6622511],[139.8056888,35.6624571],[139.8055919,35.6626198],[139.8055341,35.662735],[139.8054524,35.6629188],[139.805394,35.6630881],[139.8053439,35.6632782],[139.805307,35.6634863],[139.805253,35.6638503],[139.805206,35.6642093],[139.805171,35.664576],[139.8051547,35.6648081],[139.805149,35.6650706],[139.8052026,35.6667893],[139.8052418,35.6677827],[139.8052421,35.6681027],[139.8052329,35.668197],[139.8052215,35.6682989],[139.8051951,35.6684363],[139.8051696,35.6685402],[139.8051378,35.6686262],[139.8050344,35.6688727],[139.8049128,35.6691174],[139.8048273,35.6693074],[139.8047941,35.6693855],[139.8047643,35.6694731],[139.8047374,35.6695746],[139.8047205,35.6696386],[139.804705,35.6697332],[139.8046929,35.6698218],[139.8046869,35.6699066],[139.8046863,35.6699778],[139.8046902,35.6700545],[139.8046958,35.6701231],[139.804717,35.6702607],[139.8047468,35.6704348],[139.8048345,35.6708121],[139.8048835,35.6710305],[139.8048953,35.6711233],[139.8049026,35.6712123],[139.804899,35.6713206],[139.8048884,35.6714252],[139.8048781,35.6714803],[139.8048646,35.671531],[139.8048474,35.6715804],[139.8048038,35.6716782],[139.8047817,35.6717189],[139.8047531,35.6717654],[139.8047218,35.6718132],[139.8046846,35.671865],[139.8046508,35.671908],[139.8045986,35.6719631],[139.8045525,35.6720062],[139.8044908,35.6720593],[139.8044294,35.6721053],[139.8043652,35.6721492],[139.8043,35.6721872],[139.8042194,35.6722276],[139.8041404,35.6722659],[139.8040728,35.6722953],[139.8039749,35.6723324],[139.8038975,35.6723562],[139.8038139,35.6723766],[139.8031981,35.6724885],[139.801292,35.6727983]]}},{"type":"Feature","id":574211700,"properties":{"osm_id":574211700,"highway":"motorway_link","oneway":"yes","name":"首都高速湾岸線","name_en":"Bayshore Route","ref":"9","destination":"成田空港;東関東道","maxspeed":"60","bridge":"yes","tunnel":"","layer":"2"},"geometry":{"type":"LineString","coordinates":[[139.8124101,35.6471785],[139.8125591,35.6464816],[139.8125995,35.6462842],[139.8126298,35.6461499],[139.8126607,35.6460359],[139.8126869,35.6459591],[139.8127254,35.6458693],[139.8127727,35.6457794],[139.8128246,35.6456877],[139.8128924,35.6455895],[139.8129835,35.6454709],[139.8130558,35.6453948],[139.8131493,35.6453223],[139.8132498,35.6452513],[139.8133585,35.645186],[139.8134458,35.6451459],[139.8135456,35.6451063],[139.8136535,35.6450728],[139.8137628,35.6450519],[139.8138913,35.6450308],[139.8140083,35.645021],[139.814152,35.6450238],[139.8143057,35.6450339],[139.8145622,35.6450759],[139.8147849,35.6451293],[139.8161306,35.6455515],[139.81651,35.645665],[139.8167094,35.6457217],[139.8169331,35.6457734],[139.8171156,35.645814],[139.8173197,35.6458521],[139.817532,35.645886],[139.8177793,35.6459197],[139.8186768,35.6460089],[139.8198752,35.6461271],[139.8202399,35.646148]]}},{"type":"Feature","id":586976822,"properties":{"osm_id":586976822,"highway":"motorway","oneway":"yes","name":"首都高速神奈川3号狩場線","name_en":"Kanagawa Route 3 Kariba Line","ref":"K3","destination":"","maxspeed":"50","bridge":"","tunnel":"","layer":"0"},"geometry":{"type":"LineString","coordinates":[[139.6101674,35.4367997],[139.6103806,35.4367757],[139.6105791,35.4367462],[139.6107551,35.4367114]]}},{"type":"Feature","id":586976823,"properties":{"osm_id":586976823,"highway":"motorway","oneway":"yes","name":"首都高速神奈川1号横羽線","name_en":"Kanagawa Route 1 Yokohane Line","ref":"K1","destination":"","maxspeed":"60","bridge":"","tunnel":"","layer":"0"},"geometry":{"type":"LineString","coordinates":[[139.6312475,35.4525063],[139.631016,35.4526403],[139.6304546,35.452975],[139.6295507,35.4535476],[139.6292857,35.4537401],[139.6290867,35.4538947],[139.6289496,35.4540151]]}},{"type":"Feature","id":587690676,"properties":{"osm_id":587690676,"highway":"motorway","oneway":"yes","name":"首都高速1号羽田線","name_en":"Shuto Expressway Route 1 Haneda Line","ref":"1","destination":"","maxspeed":"60","bridge":"yes","tunnel":"","layer":"2"},"geometry":{"type":"LineString","coordinates":[[139.7442472,35.5491046],[139.7444079,35.549452],[139.7446115,35.549861],[139.7449374,35.5505414],[139.745266,35.5513041],[139.7460442,35.5533937],[139.746147,35.5536566],[139.7462105,35.5538015],[139.7462728,35.5539166],[139.746335,35.5540134],[139.7463768,35.5540676],[139.7464225,35.5541193],[139.7464787,35.554173],[139.7465541,35.5542366],[139.7466323,35.554296],[139.7467071,35.554349],[139.7467694,35.5543897],[139.746839,35.5544313],[139.7469376,35.5544837],[139.7472288,35.5546296],[139.7483841,35.5551649],[139.7494805,35.5556576],[139.7526763,35.5569745],[139.7528503,35.5570516],[139.7530048,35.5571286],[139.7531187,35.5571935],[139.7532126,35.5572495],[139.7533021,35.5573091],[139.7533819,35.5573701],[139.7534604,35.5574379],[139.7535387,35.5575126],[139.7536239,35.5576045],[139.7536941,35.5576949],[139.7537523,35.5577842],[139.7538114,35.5578845]]}},{"type":"Feature","id":593037724,"properties":{"osm_id":593037724,"highway":"motorway","oneway":"yes","name":"首都高速1号羽田線","name_en":"Shuto Expressway Route 1 Haneda Line","ref":"1","destination":"","maxspeed":"40","bridge":"yes","tunnel":"","layer":"2"},"geometry":{"type":"LineString","coordinates":[[139.7566724,35.6459257],[139.7567894,35.6461638],[139.7575209,35.6476241],[139.7581077,35.6487523],[139.7582637,35.6490857],[139.7584952,35.6495854]]}},{"type":"Feature","id":593037725,"properties":{"osm_id":593037725,"highway":"motorway","oneway":"yes","name":"首都高速都心環状線","name_en":"Circle 1","ref":"C1","destination":"","maxspeed":"50","bridge":"","tunnel":"","layer":"0"},"geometry":{"type":"LineString","coordinates":[[139.771913,35.6715878],[139.7719811,35.6718298],[139.7721054,35.6722678],[139.7721917,35.6725464],[139.7722908,35.672816],[139.7724462,35.6731514]]}},{"type":"Feature","id":593037726,"properties":{"osm_id":593037726,"highway":"motorway","oneway":"yes","name":"首都高速都心環状線","name_en":"","ref":"C1","destination":"","maxspeed":"50","bridge":"","tunnel":"","layer":"0"},"geometry":{"type":"LineString","coordinates":[[139.771913,35.6715878],[139.7719694,35.6717117],[139.7720182,35.6718318],[139.7721651,35.6722647],[139.7722436,35.6725232],[139.7722858,35.6726787],[139.772328,35.6728081],[139.7724462,35.6731514]]}},{"type":"Feature","id":593535941,"properties":{"osm_id":593535941,"highway":"motorway_link","oneway":"yes","name":"首都高速中央環状線","name_en":"Central Circular Route","ref":"C2","destination":"","maxspeed":"","bridge":"","tunnel":"yes","layer":"3"},"geometry":{"type":"LineString","coordinates":[[139.6880966,35.6513904],[139.6881567,35.6513117],[139.6882035,35.6512504]]}},{"type":"Feature","id":593674931,"properties":{"osm_id":593674931,"highway":"motorway_link","oneway":"yes","name":"","name_en":"","ref":"","destination":"","maxspeed":"","bridge":"","tunnel":"yes","layer":"3"},"geometry":{"type":"LineString","coordinates":[[139.6880736,35.6513718],[139.6881026,35.6513481],[139.6881434,35.6513124],[139.6882035,35.6512504]]}},{"type":"Feature","id":608895820,"properties":{"osm_id":608895820,"highway":"motorway_link","oneway":"yes","name":"池尻出口","name_en":"","ref":"","destination":"","maxspeed":"","bridge":"","tunnel":"","layer":"0"},"geometry":{"type":"LineString","coordinates":[[139.6813415,35.6489801],[139.6818389,35.6492643],[139.6822465,35.6495845]]}},{"type":"Feature","id":614178185,"properties":{"osm_id":614178185,"highway":"motorway_link","oneway":"yes","name":"","name_en":"","ref":"","destination":"","maxspeed":"40","bridge":"","tunnel":"","layer":"0"},"geometry":{"type":"LineString","coordinates":[[139.6037778,35.5451414],[139.6037545,35.5452618],[139.6037278,35.5453282],[139.6036747,35.5454375],[139.6036678,35.5454483],[139.6036173,35.5455211]]}},{"type":"Feature","id":642185889,"properties":{"osm_id":642185889,"highway":"motorway_link","oneway":"yes","name":"","name_en":"","ref":"","destination":"","maxspeed":"60","bridge":"yes","tunnel":"","layer":"3"},"geometry":{"type":"LineString","coordinates":[[139.7966092,35.6737383],[139.7972161,35.6735855],[139.7974266,35.6735391],[139.7975715,35.6735104],[139.7976845,35.6734972],[139.7978449,35.6735097]]}},{"type":"Feature","id":662918002,"properties":{"osm_id":662918002,"highway":"motorway_link","oneway":"yes","name":"","name_en":"","ref":"","destination":"","maxspeed":"","bridge":"","tunnel":"","layer":"0"},"geometry":{"type":"LineString","coordinates":[[139.669941,35.4909314],[139.6701282,35.4906313],[139.6702218,35.4904839],[139.6702559,35.4904344],[139.6702974,35.4903881],[139.6703446,35.4903486],[139.6703976,35.4903145],[139.6704565,35.4902885],[139.6705271,35.4902703],[139.6705997,35.490262],[139.670673,35.4902596],[139.6707455,35.4902675],[139.6708195,35.4902827],[139.6708839,35.4903036]]}},{"type":"Feature","id":668292569,"properties":{"osm_id":668292569,"highway":"motorway","oneway":"yes","name":"首都高速都心環状線","name_en":"Circle 1","ref":"C1","destination":"","maxspeed":"","bridge":"yes","tunnel":"","layer":"3"},"geometry":{"type":"LineString","coordinates":[[139.7541306,35.6908005],[139.7551809,35.6912164],[139.7553446,35.6912802],[139.7554551,35.6913192],[139.7555655,35.6913529],[139.7556848,35.6913868],[139.7558035,35.6914139],[139.7559163,35.6914356],[139.7560315,35.6914506],[139.7561469,35.6914605],[139.7562589,35.6914649],[139.7563712,35.6914652],[139.756493,35.6914618],[139.7566145,35.6914536],[139.7567743,35.6914375],[139.7577091,35.6913284],[139.757886,35.6913088],[139.7580582,35.6912942],[139.7582288,35.6912852],[139.7584054,35.6912801],[139.7601416,35.6912679],[139.7602913,35.6912634],[139.760445,35.6912541],[139.7605747,35.6912376],[139.7607078,35.6912132],[139.7608369,35.6911805],[139.7609568,35.6911417],[139.7610703,35.6910995],[139.7611435,35.6910688],[139.7611985,35.6910427]]}},{"type":"Feature","id":669736532,"properties":{"osm_id":669736532,"highway":"motorway_link","oneway":"yes","name":"","name_en":"","ref":"","destination":"","maxspeed":"","bridge":"","tunnel":"","layer":"0"},"geometry":{"type":"LineString","coordinates":[[139.7927525,35.5420057],[139.7928523,35.5417728],[139.7930496,35.5414311],[139.7931172,35.5413204],[139.7931723,35.5412108],[139.7932207,35.541102],[139.7932812,35.5409176],[139.7933354,35.5407607],[139.7934128,35.5405647]]}},{"type":"Feature","id":669736533,"properties":{"osm_id":669736533,"highway":"motorway_link","oneway":"yes","name":"","name_en":"","ref":"","destination":"","maxspeed":"","bridge":"","tunnel":"","layer":"0"},"geometry":{"type":"LineString","coordinates":[[139.7934128,35.5405647],[139.793469,35.5404492],[139.7935542,35.540222]]}},{"type":"Feature","id":675182034,"properties":{"osm_id":675182034,"highway":"motorway_link","oneway":"yes","name":"","name_en":"","ref":"","destination":"","maxspeed":"","bridge":"","tunnel":"","layer":"0"},"geometry":{"type":"LineString","coordinates":[[139.7554584,35.5915442],[139.7553557,35.5906194]]}},{"type":"Feature","id":675182037,"properties":{"osm_id":675182037,"highway":"motorway_link","oneway":"yes","name":"","name_en":"","ref":"","destination":"","maxspeed":"","bridge":"","tunnel":"","layer":"0"},"geometry":{"type":"LineString","coordinates":[[139.7554852,35.5922553],[139.7554584,35.5915442]]}},{"type":"Feature","id":675182038,"properties":{"osm_id":675182038,"highway":"motorway_link","oneway":"yes","name":"","name_en":"","ref":"","destination":"","maxspeed":"","bridge":"","tunnel":"","layer":"0"},"geometry":{"type":"LineString","coordinates":[[139.7550546,35.5936709],[139.7551016,35.594251],[139.7551737,35.5949357]]}},{"type":"Feature","id":675183882,"properties":{"osm_id":675183882,"highway":"motorway_link","oneway":"yes","name":"","name_en":"","ref":"","destination":"","maxspeed":"","bridge":"","tunnel":"","layer":"0"},"geometry":{"type":"LineString","coordinates":[[139.7444508,35.5829846],[139.7446781,35.582382]]}},{"type":"Feature","id":675183883,"properties":{"osm_id":675183883,"highway":"motorway_link","oneway":"yes","name":"","name_en":"","ref":"","destination":"","maxspeed":"","bridge":"","tunnel":"","layer":"0"},"geometry":{"type":"LineString","coordinates":[[139.7416365,35.5867099],[139.7415517,35.5867971],[139.7414346,35.5869809]]}},{"type":"Feature","id":678426241,"properties":{"osm_id":678426241,"highway":"motorway_link","oneway":"yes","name":"","name_en":"","ref":"","destination":"","maxspeed":"","bridge":"yes","tunnel":"","layer":"2"},"geometry":{"type":"LineString","coordinates":[[139.6305978,35.6266158],[139.6311473,35.6264039],[139.6313226,35.6263295],[139.6314256,35.6262734],[139.631531,35.6262028],[139.6317234,35.6260428],[139.6318084,35.6259831],[139.6319209,35.6259138]]}},{"type":"Feature","id":678688211,"properties":{"osm_id":678688211,"highway":"motorway","oneway":"yes","name":"首都高速9号深川線","name_en":"Shuto Expressway Route 9 Fukagawa Line","ref":"9","destination":"","maxspeed":"60","bridge":"yes","tunnel":"","layer":"3"},"geometry":{"type":"LineString","coordinates":[[139.7978449,35.6735097],[139.7982613,35.6734032],[139.7987288,35.6733019],[139.7997154,35.673118]]}},{"type":"Feature","id":678697940,"properties":{"osm_id":678697940,"highway":"motorway","oneway":"yes","name":"首都高速湾岸線","name_en":"Bayshore Route","ref":"B","destination":"","maxspeed":"80","bridge":"yes","tunnel":"","layer":"2"},"geometry":{"type":"LineString","coordinates":[[139.8034799,35.6411925],[139.8032264,35.6411029],[139.8028708,35.6409698],[139.8023359,35.6407454],[139.8013447,35.6402988]]}},{"type":"Feature","id":678697941,"properties":{"osm_id":678697941,"highway":"motorway","oneway":"yes","name":"首都高速湾岸線","name_en":"Bayshore Route","ref":"B","destination":"","maxspeed":"80","bridge":"","tunnel":"","layer":"0"},"geometry":{"type":"LineString","coordinates":[[139.7794865,35.5587246],[139.7797421,35.5585077],[139.7800542,35.5582545],[139.7804729,35.5578806],[139.7806886,35.5576719],[139.7808901,35.5574676],[139.7811443,35.5572055],[139.781341,35.5569894],[139.7815526,35.5567544],[139.7819331,35.5562914],[139.7821735,35.5559776],[139.7824524,35.5556165],[139.7827689,35.5551855],[139.7833897,35.5543071],[139.784326,35.5529771],[139.7861925,35.5503586]]}},{"type":"Feature","id":678697943,"properties":{"osm_id":678697943,"highway":"motorway_link","oneway":"yes","name":"","name_en":"","ref":"","destination":"","maxspeed":"40","bridge":"","tunnel":"","layer":"0"},"geometry":{"type":"LineString","coordinates":[[139.7852628,35.5534004],[139.7853787,35.5534354],[139.7854538,35.5534594],[139.7855222,35.5534725],[139.7855857,35.5534783]]}},{"type":"Feature","id":678761499,"properties":{"osm_id":678761499,"highway":"motorway_link","oneway":"yes","name":"","name_en":"","ref":"","destination":"","maxspeed":"","bridge":"","tunnel":"","layer":"-1"},"geometry":{"type":"LineString","coordinates":[[139.7806638,35.5573334],[139.7804342,35.5576088],[139.7798736,35.5581336],[139.7796171,35.5584426]]}},{"type":"Feature","id":678761500,"properties":{"osm_id":678761500,"highway":"motorway","oneway":"yes","name":"首都高速湾岸線","name_en":"Bayshore Route","ref":"B","destination":"","maxspeed":"80","bridge":"","tunnel":"","layer":"-1"},"geometry":{"type":"LineString","coordinates":[[139.7796171,35.5584426],[139.7793934,35.5586364],[139.7790562,35.5588904],[139.7785699,35.5592387],[139.7780965,35.5595653]]}},{"type":"Feature","id":678761503,"properties":{"osm_id":678761503,"highway":"motorway","oneway":"yes","name":"首都高速湾岸線","name_en":"Bayshore Route","ref":"B","destination":"","maxspeed":"80","bridge":"yes","tunnel":"","layer":"2"},"geometry":{"type":"LineString","coordinates":[[139.8043746,35.6416556],[139.8055833,35.6420582],[139.8106276,35.6436728],[139.815236,35.6451671],[139.8162691,35.6454956],[139.8166265,35.6455809],[139.8169529,35.6456618],[139.8172417,35.6457169],[139.8174691,35.6457586],[139.8177996,35.645806],[139.8181872,35.6458527],[139.8186398,35.6458961],[139.8208865,35.6461273]]}},{"type":"Feature","id":678768133,"properties":{"osm_id":678768133,"highway":"motorway","oneway":"yes","name":"首都高速9号深川線","name_en":"Shuto Expressway Route 9 Fukagawa Line","ref":"9","destination":"","maxspeed":"60","bridge":"yes","tunnel":"","layer":"2"},"geometry":{"type":"LineString","coordinates":[[139.7897288,35.6786206],[139.7885774,35.6790963]]}},{"type":"Feature","id":679059343,"properties":{"osm_id":679059343,"highway":"motorway_link","oneway":"yes","name":"","name_en":"","ref":"","destination":"","maxspeed":"40","bridge":"yes","tunnel":"","layer":"1"},"geometry":{"type":"LineString","coordinates":[[139.7831507,35.5539405],[139.7826303,35.5547969]]}},{"type":"Feature","id":679258598,"properties":{"osm_id":679258598,"highway":"motorway","oneway":"yes","name":"首都高速湾岸線","name_en":"Bayshore Route","ref":"B","destination":"","maxspeed":"80","bridge":"yes","tunnel":"","layer":"2"},"geometry":{"type":"LineString","coordinates":[[139.824128,35.646446],[139.8252262,35.6465385],[139.8283242,35.6468296]]}},{"type":"Feature","id":679258599,"properties":{"osm_id":679258599,"highway":"motorway","oneway":"yes","name":"首都高速9号深川線","name_en":"Shuto Expressway Route 9 Fukagawa Line","ref":"9","destination":"","maxspeed":"60","bridge":"yes","tunnel":"","layer":"3"},"geometry":{"type":"LineString","coordinates":[[139.7877847,35.6798439],[139.7878572,35.6797588],[139.7879406,35.6796672],[139.7880359,35.6795736],[139.7881186,35.6794993],[139.7882266,35.6794143],[139.7883686,35.679314],[139.7884878,35.6792413],[139.7886503,35.6791553],[139.7887923,35.6790927],[139.7894351,35.6788365],[139.7904688,35.6784157]]}},{"type":"Feature","id":679272067,"properties":{"osm_id":679272067,"highway":"motorway","oneway":"yes","name":"首都高速湾岸線","name_en":"Bayshore Route","ref":"B","destination":"","maxspeed":"80","bridge":"yes","tunnel":"","layer":"2"},"geometry":{"type":"LineString","coordinates":[[139.821596,35.6460328],[139.8186793,35.6457586],[139.8181345,35.6457036],[139.8178682,35.6456742],[139.817625,35.6456457],[139.8174099,35.645611],[139.8171769,35.6455653],[139.8169363,35.6455156],[139.8167144,35.6454603],[139.8164828,35.6453924],[139.8153003,35.6450144],[139.8106897,35.6435327],[139.8056631,35.6419058],[139.8044518,35.6415095],[139.8034799,35.6411925]]}},{"type":"Feature","id":686973761,"properties":{"osm_id":686973761,"highway":"motorway_link","oneway":"yes","name":"","name_en":"","ref":"","destination":"","maxspeed":"","bridge":"","tunnel":"","layer":"0"},"geometry":{"type":"LineString","coordinates":[[139.6055281,35.5169251],[139.6057427,35.5168596],[139.6061168,35.5167217],[139.6065111,35.5165792],[139.6068143,35.5164607]]}},{"type":"Feature","id":686983560,"properties":{"osm_id":686983560,"highway":"motorway","oneway":"yes","name":"首都高速神奈川7号横浜北線","name_en":"Route Kanagawa 7 Yokohama","ref":"K7","destination":"","maxspeed":"60","bridge":"","tunnel":"","layer":"-1"},"geometry":{"type":"LineString","coordinates":[[139.6062413,35.5164241],[139.6071869,35.5160606]]}},{"type":"Feature","id":686983561,"properties":{"osm_id":686983561,"highway":"motorway_link","oneway":"yes","name":"","name_en":"","ref":"","destination":"","maxspeed":"","bridge":"","tunnel":"yes","layer":"-3"},"geometry":{"type":"LineString","coordinates":[[139.6072113,35.5161003],[139.6082484,35.5156831]]}},{"type":"Feature","id":686983562,"properties":{"osm_id":686983562,"highway":"motorway","oneway":"yes","name":"首都高速神奈川7号横浜北線","name_en":"Route Kanagawa 7 Yokohama","ref":"K7","destination":"","maxspeed":"60","bridge":"yes","tunnel":"","layer":"2"},"geometry":{"type":"LineString","coordinates":[[139.6024265,35.5174774],[139.6020347,35.517555],[139.6016403,35.5176294],[139.6002574,35.5178373],[139.5995605,35.5179363],[139.5989549,35.518007],[139.598477,35.5180499],[139.5979858,35.518073],[139.5974669,35.5180682],[139.597088,35.5180556],[139.596914,35.5180467],[139.5967547,35.5180367],[139.596591,35.5180189],[139.5964341,35.5179968],[139.5962713,35.5179671],[139.5961112,35.5179319]]}},{"type":"Feature","id":686983563,"properties":{"osm_id":686983563,"highway":"motorway_link","oneway":"yes","name":"","name_en":"","ref":"","destination":"","maxspeed":"40","bridge":"yes","tunnel":"","layer":"1"},"geometry":{"type":"LineString","coordinates":[[139.604397,35.5168978],[139.6041275,35.5169935],[139.6038527,35.5170878],[139.6035846,35.5171663],[139.6029973,35.5173167],[139.6024265,35.5174774]]}},{"type":"Feature","id":686983565,"properties":{"osm_id":686983565,"highway":"motorway","oneway":"yes","name":"首都高速神奈川7号横浜北線","name_en":"Route Kanagawa 7 Yokohama","ref":"K7","destination":"","maxspeed":"60","bridge":"yes","tunnel":"","layer":"3"},"geometry":{"type":"LineString","coordinates":[[139.5961039,35.5179564],[139.5962597,35.5179916],[139.5964302,35.518021],[139.5965852,35.5180422],[139.5967455,35.5180591],[139.5969117,35.5180701],[139.5970805,35.5180789],[139.5974612,35.5180922],[139.5979914,35.5180964],[139.598478,35.5180729],[139.5989545,35.5180317],[139.5995784,35.5179574],[139.6002639,35.5178623],[139.6016444,35.5176558],[139.6020462,35.5175885],[139.6024387,35.5175158],[139.6028612,35.5174246],[139.6032192,35.51734],[139.6036118,35.5172433],[139.603907,35.5171657],[139.6042384,35.5170772],[139.6046062,35.5169711],[139.6050207,35.5168437],[139.6052871,35.5167579]]}},{"type":"Feature","id":687744436,"properties":{"osm_id":687744436,"highway":"motorway_link","oneway":"yes","name":"","name_en":"","ref":"","destination":"","maxspeed":"","bridge":"yes","tunnel":"","layer":"2"},"geometry":{"type":"LineString","coordinates":[[139.6297981,35.6267125],[139.630015,35.6266817],[139.6301179,35.6266761],[139.63022,35.626672],[139.6303112,35.6266662],[139.6304052,35.626655],[139.6304975,35.6266397],[139.6305978,35.6266158]]}},{"type":"Feature","id":688648677,"properties":{"osm_id":688648677,"highway":"motorway","oneway":"yes","name":"首都高速都心環状線","name_en":"Circle 1","ref":"C1","destination":"","maxspeed":"","bridge":"","tunnel":"","layer":"0"},"geometry":{"type":"LineString","coordinates":[[139.7482379,35.678041],[139.7488902,35.6773068]]}},{"type":"Feature","id":693933972,"properties":{"osm_id":693933972,"highway":"motorway_link","oneway":"yes","name":"","name_en":"","ref":"","destination":"","maxspeed":"80","bridge":"yes","tunnel":"","layer":"2"},"geometry":{"type":"LineString","coordinates":[[139.6233374,35.5898394],[139.6232852,35.5897891],[139.6229041,35.5894226]]}},{"type":"Feature","id":693933973,"properties":{"osm_id":693933973,"highway":"motorway_link","oneway":"yes","name":"","name_en":"","ref":"","destination":"","maxspeed":"40","bridge":"yes","tunnel":"","layer":"2"},"geometry":{"type":"LineString","coordinates":[[139.6271458,35.5941161],[139.6268375,35.5937897]]}},{"type":"Feature","id":693933974,"properties":{"osm_id":693933974,"highway":"motorway_link","oneway":"yes","name":"","name_en":"","ref":"","destination":"","maxspeed":"40","bridge":"yes","tunnel":"","layer":"2"},"geometry":{"type":"LineString","coordinates":[[139.6265178,35.5940167],[139.6269642,35.5944483]]}},{"type":"Feature","id":693933975,"properties":{"osm_id":693933975,"highway":"motorway_link","oneway":"yes","name":"","name_en":"","ref":"","destination":"","maxspeed":"80","bridge":"yes","tunnel":"","layer":"2"},"geometry":{"type":"LineString","coordinates":[[139.6227595,35.5895039],[139.6231106,35.5900986]]}},{"type":"Feature","id":693933978,"properties":{"osm_id":693933978,"highway":"motorway_link","oneway":"yes","name":"","name_en":"","ref":"","destination":"","maxspeed":"80","bridge":"","tunnel":"","layer":"1"},"geometry":{"type":"LineString","coordinates":[[139.6037187,35.5488152],[139.6035833,35.548518],[139.6033597,35.548029],[139.6031574,35.54753],[139.6031067,35.5473463]]}},{"type":"Feature","id":693933979,"properties":{"osm_id":693933979,"highway":"motorway_link","oneway":"yes","name":"","name_en":"","ref":"","destination":"","maxspeed":"80","bridge":"","tunnel":"","layer":"0"},"geometry":{"type":"LineString","coordinates":[[139.6032872,35.5486957],[139.6039277,35.5495007]]}},{"type":"Feature","id":693933980,"properties":{"osm_id":693933980,"highway":"motorway_link","oneway":"yes","name":"","name_en":"","ref":"","destination":"","maxspeed":"80","bridge":"","tunnel":"","layer":"1"},"geometry":{"type":"LineString","coordinates":[[139.6025432,35.545326],[139.6024757,35.5451676],[139.6023864,35.544845],[139.6022128,35.5437793],[139.6021243,35.5433438]]}},{"type":"Feature","id":693933981,"properties":{"osm_id":693933981,"highway":"motorway_link","oneway":"yes","name":"","name_en":"","ref":"","destination":"","maxspeed":"40","bridge":"","tunnel":"","layer":"1"},"geometry":{"type":"LineString","coordinates":[[139.6018863,35.5440687],[139.6019217,35.5447357],[139.6019984,35.5452993],[139.6020337,35.545464],[139.6020664,35.5455593],[139.6021158,35.5456538]]}},{"type":"Feature","id":693933982,"properties":{"osm_id":693933982,"highway":"motorway_link","oneway":"yes","name":"","name_en":"","ref":"","destination":"","maxspeed":"40","bridge":"","tunnel":"","layer":"0"},"geometry":{"type":"LineString","coordinates":[[139.6037155,35.5445695],[139.6037558,35.5447911]]}},{"type":"Feature","id":693933983,"properties":{"osm_id":693933983,"highway":"motorway_link","oneway":"yes","name":"","name_en":"","ref":"","destination":"","maxspeed":"40","bridge":"","tunnel":"","layer":"1"},"geometry":{"type":"LineString","coordinates":[[139.6039321,35.5449266],[139.6039387,35.5448845],[139.6039408,35.5447685]]}},{"type":"Feature","id":693933989,"properties":{"osm_id":693933989,"highway":"motorway","oneway":"yes","name":"第三京浜道路","name_en":"Daisan Keihin","ref":"E83;466","destination":"","maxspeed":"60","bridge":"yes","tunnel":"","layer":"2"},"geometry":{"type":"LineString","coordinates":[[139.6286447,35.5958059],[139.6293394,35.5963799],[139.6301291,35.5970292],[139.6308112,35.597624]]}},{"type":"Feature","id":693933990,"properties":{"osm_id":693933990,"highway":"motorway","oneway":"yes","name":"第三京浜道路","name_en":"Daisan Keihin","ref":"E83;466","destination":"","maxspeed":"40","bridge":"yes","tunnel":"","layer":"2"},"geometry":{"type":"LineString","coordinates":[[139.6308112,35.597624],[139.6312547,35.5980248],[139.6316873,35.598419],[139.6319749,35.598688]]}},{"type":"Feature","id":695492868,"properties":{"osm_id":695492868,"highway":"motorway","oneway":"yes","name":"首都高速湾岸線","name_en":"Bayshore Route","ref":"B","destination":"","maxspeed":"80","bridge":"","tunnel":"yes","layer":"-2"},"geometry":{"type":"LineString","coordinates":[[139.7656784,35.5660093],[139.7699776,35.5639025],[139.7711554,35.5633349],[139.7725355,35.5626472],[139.7736845,35.5620677],[139.7753515,35.5612113],[139.7766095,35.5605624]]}},{"type":"Feature","id":695492869,"properties":{"osm_id":695492869,"highway":"motorway","oneway":"yes","name":"首都高速湾岸線","name_en":"Bayshore Route","ref":"B","destination":"","maxspeed":"80","bridge":"","tunnel":"yes","layer":"-1"},"geometry":{"type":"LineString","coordinates":[[139.7656065,35.5659003],[139.7638743,35.5667429]]}},{"type":"Feature","id":695492871,"properties":{"osm_id":695492871,"highway":"motorway","oneway":"yes","name":"首都高速湾岸線","name_en":"Bayshore Route","ref":"B","destination":"","maxspeed":"80","bridge":"","tunnel":"yes","layer":"-1"},"geometry":{"type":"LineString","coordinates":[[139.7766095,35.5605624],[139.7771365,35.5602647],[139.7777794,35.5598997],[139.7781769,35.5596657]]}},{"type":"Feature","id":706016194,"properties":{"osm_id":706016194,"highway":"motorway_link","oneway":"yes","name":"首都高速都心環状線","name_en":"Circle 1","ref":"","destination":"","maxspeed":"","bridge":"yes","tunnel":"","layer":"2"},"geometry":{"type":"LineString","coordinates":[[139.7726514,35.674381],[139.7726004,35.6743029],[139.7725552,35.6742469],[139.7725011,35.674189],[139.7724462,35.6741415],[139.772395,35.674106],[139.7723491,35.67408],[139.772306,35.6740561],[139.7722667,35.6740385],[139.7722246,35.6740242],[139.7721816,35.674014],[139.7721382,35.6740077],[139.7720934,35.6740039],[139.7720438,35.674002],[139.7719795,35.6740044],[139.7719167,35.6740097],[139.7718565,35.6740184],[139.7717887,35.6740353],[139.7717066,35.6740614],[139.7715052,35.6741305]]}},{"type":"Feature","id":712498144,"properties":{"osm_id":712498144,"highway":"motorway","oneway":"yes","name":"首都高速6号向島線","name_en":"Shuto Expressway Route 6 Mukojima Line","ref":"6","destination":"常磐道;東北道","maxspeed":"60","bridge":"yes","tunnel":"","layer":"2"},"geometry":{"type":"LineString","coordinates":[[139.7886322,35.6899716],[139.7886374,35.6900199],[139.7886448,35.6900681],[139.7886643,35.690161],[139.7886847,35.6902314],[139.7887146,35.6903073],[139.7887442,35.6903656],[139.7887781,35.6904204],[139.788817,35.6904727],[139.7888735,35.6905369],[139.7889536,35.6906178],[139.7890498,35.6907047],[139.7891621,35.6907959],[139.7894478,35.6910382],[139.789508,35.6910983],[139.7895618,35.69116],[139.7896085,35.6912257],[139.7896502,35.6912984],[139.7896841,35.6913678],[139.7897087,35.6914359],[139.7897264,35.6915061],[139.7897406,35.6915803],[139.7897477,35.6916503],[139.7897488,35.6917125],[139.7897451,35.6917717],[139.7897393,35.6918294],[139.7896024,35.692679],[139.7895726,35.692906]]}},{"type":"Feature","id":724099522,"properties":{"osm_id":724099522,"highway":"motorway_link","oneway":"yes","name":"首都高速神奈川1号横羽線","name_en":"Kanagawa Route 1 Yokohane Line","ref":"","destination":"","maxspeed":"","bridge":"","tunnel":"","layer":"0"},"geometry":{"type":"LineString","coordinates":[[139.6343631,35.4745252],[139.634433,35.4746105],[139.6345396,35.4749226]]}},{"type":"Feature","id":724099523,"properties":{"osm_id":724099523,"highway":"motorway_link","oneway":"yes","name":"首都高速神奈川1号横羽線","name_en":"Kanagawa Route 1 Yokohane Line","ref":"","destination":"","maxspeed":"","bridge":"","tunnel":"","layer":"0"},"geometry":{"type":"LineString","coordinates":[[139.6356902,35.4757768],[139.6352397,35.475416],[139.6348375,35.474974],[139.6344281,35.474494]]}},{"type":"Feature","id":724099524,"properties":{"osm_id":724099524,"highway":"motorway_link","oneway":"yes","name":"首都高速神奈川1号横羽線","name_en":"Kanagawa Route 1 Yokohane Line","ref":"","destination":"","maxspeed":"","bridge":"yes","tunnel":"","layer":"2"},"geometry":{"type":"LineString","coordinates":[[139.6344281,35.474494],[139.6330384,35.4729171],[139.6324533,35.4723073],[139.6321757,35.4720361],[139.6317619,35.4716029]]}},{"type":"Feature","id":724834920,"properties":{"osm_id":724834920,"highway":"motorway_link","oneway":"yes","name":"","name_en":"","ref":"","destination":"","maxspeed":"40","bridge":"","tunnel":"","layer":"0"},"geometry":{"type":"LineString","coordinates":[[139.6036463,35.5436452],[139.6036737,35.5438523],[139.6036842,35.5440477]]}},{"type":"Feature","id":725022756,"properties":{"osm_id":725022756,"highway":"motorway","oneway":"yes","name":"首都高速湾岸線","name_en":"Bayshore Route","ref":"B","destination":"","maxspeed":"80","bridge":"","tunnel":"","layer":"0"},"geometry":{"type":"LineString","coordinates":[[139.7430981,35.4914434],[139.7474625,35.4933866]]}},{"type":"Feature","id":729484784,"properties":{"osm_id":729484784,"highway":"motorway_link","oneway":"yes","name":"","name_en":"","ref":"","destination":"","maxspeed":"","bridge":"","tunnel":"","layer":"0"},"geometry":{"type":"LineString","coordinates":[[139.7549478,35.5976263],[139.754953,35.5991905]]}},{"type":"Feature","id":729484785,"properties":{"osm_id":729484785,"highway":"motorway_link","oneway":"yes","name":"","name_en":"","ref":"","destination":"","maxspeed":"","bridge":"","tunnel":"","layer":"0"},"geometry":{"type":"LineString","coordinates":[[139.7548608,35.598903],[139.754953,35.5991905],[139.7550031,35.5995147],[139.7550302,35.5999023],[139.7550303,35.6002116],[139.7550394,35.60067],[139.7550606,35.6008946],[139.7551025,35.6011008],[139.7551966,35.6013395]]}},{"type":"Feature","id":732069257,"properties":{"osm_id":732069257,"highway":"motorway_link","oneway":"yes","name":"首都高速神奈川1号横羽線","name_en":"","ref":"","destination":"","maxspeed":"","bridge":"yes","tunnel":"","layer":"1"},"geometry":{"type":"LineString","coordinates":[[139.7412169,35.5382981],[139.7411792,35.5390978],[139.7411741,35.5394843],[139.741176,35.5399286],[139.7411766,35.540052]]}},{"type":"Feature","id":733767649,"properties":{"osm_id":733767649,"highway":"motorway_link","oneway":"yes","name":"","name_en":"","ref":"","destination":"","maxspeed":"","bridge":"","tunnel":"yes","layer":"-3"},"geometry":{"type":"LineString","coordinates":[[139.6351892,35.512134],[139.6361165,35.5114809]]}},{"type":"Feature","id":733767650,"properties":{"osm_id":733767650,"highway":"motorway_link","oneway":"yes","name":"","name_en":"","ref":"","destination":"","maxspeed":"","bridge":"","tunnel":"","layer":"0"},"geometry":{"type":"LineString","coordinates":[[139.6408072,35.5061039],[139.6406974,35.5061372],[139.6405908,35.5061855],[139.6401933,35.5064118],[139.6400204,35.5065367]]}},{"type":"Feature","id":733767651,"properties":{"osm_id":733767651,"highway":"motorway_link","oneway":"yes","name":"","name_en":"","ref":"","destination":"","maxspeed":"","bridge":"","tunnel":"yes","layer":"-3"},"geometry":{"type":"LineString","coordinates":[[139.6439605,35.5042488],[139.6427219,35.5052578]]}},{"type":"Feature","id":733767652,"properties":{"osm_id":733767652,"highway":"motorway_link","oneway":"yes","name":"","name_en":"","ref":"","destination":"","maxspeed":"","bridge":"","tunnel":"yes","layer":"-1"},"geometry":{"type":"LineString","coordinates":[[139.6407802,35.5061994],[139.6406468,35.5062471],[139.6405306,35.5063037],[139.6404291,35.5063799],[139.6403435,35.506476],[139.6402908,35.5065777],[139.6402688,35.5066871],[139.6402675,35.5067993],[139.640297,35.5069192],[139.6403446,35.5070174],[139.6404189,35.5071071],[139.6405091,35.5071805],[139.6406303,35.5072421],[139.6407501,35.5072797],[139.6408806,35.5072936],[139.6410074,35.5072923],[139.6411369,35.5072725],[139.6412558,35.5072365]]}},{"type":"Feature","id":733767653,"properties":{"osm_id":733767653,"highway":"motorway_link","oneway":"yes","name":"","name_en":"","ref":"","destination":"","maxspeed":"","bridge":"","tunnel":"","layer":"0"},"geometry":{"type":"LineString","coordinates":[[139.6402966,35.507661],[139.6403907,35.5075376],[139.6404482,35.5074931],[139.6405133,35.5074554],[139.6405781,35.5074332],[139.6406394,35.5074203],[139.6407148,35.50741],[139.6408044,35.5073968],[139.6409331,35.5073771],[139.6410633,35.5073528],[139.6411868,35.5073216],[139.6413037,35.5072841],[139.6414164,35.5072307],[139.6415183,35.5071606],[139.6415923,35.5070909],[139.641662,35.5070128],[139.6417143,35.5069254],[139.6417457,35.5068272],[139.6417588,35.5067251],[139.6417503,35.5066329],[139.6417344,35.5065483],[139.6416976,35.5064508],[139.6416513,35.506373],[139.6415979,35.5063001],[139.6415363,35.5062372],[139.6414641,35.506183],[139.6413772,35.5061367],[139.6412973,35.5061054]]}},{"type":"Feature","id":733767655,"properties":{"osm_id":733767655,"highway":"motorway_link","oneway":"yes","name":"","name_en":"","ref":"","destination":"","maxspeed":"","bridge":"","tunnel":"yes","layer":"-2"},"geometry":{"type":"LineString","coordinates":[[139.6398481,35.506691],[139.6398111,35.5067849],[139.6397942,35.5068611],[139.6397921,35.5069406],[139.6398041,35.5070195],[139.6398367,35.5071071],[139.6398781,35.5071747],[139.6399344,35.5072421],[139.6400054,35.5072985],[139.6400894,35.5073477],[139.6401774,35.5073837],[139.6402702,35.5074047],[139.640363,35.5074163],[139.6404611,35.5074173],[139.6405572,35.5074087],[139.6406454,35.5073947],[139.640996,35.5073292],[139.6411286,35.5072964],[139.6412518,35.5072572],[139.6413721,35.5071983],[139.6414651,35.5071383],[139.64154,35.5070676],[139.6415979,35.50699],[139.641936,35.5064424],[139.6420353,35.506305],[139.6421454,35.5061808],[139.6424407,35.5058885]]}},{"type":"Feature","id":733767658,"properties":{"osm_id":733767658,"highway":"motorway_link","oneway":"yes","name":"","name_en":"","ref":"","destination":"","maxspeed":"","bridge":"","tunnel":"","layer":"0"},"geometry":{"type":"LineString","coordinates":[[139.6412558,35.5072365],[139.6413599,35.5071859],[139.6414469,35.5071263],[139.6415138,35.507058],[139.6415671,35.5069802],[139.6416006,35.5069018],[139.6416205,35.5068124],[139.6416218,35.5067219],[139.6416095,35.5066281],[139.641575,35.5065323],[139.6415219,35.5064453],[139.64145,35.5063625],[139.6413756,35.5062982],[139.6412891,35.5062459],[139.6411944,35.5062019],[139.641097,35.5061656],[139.6410154,35.5061402]]}},{"type":"Feature","id":733767659,"properties":{"osm_id":733767659,"highway":"motorway_link","oneway":"yes","name":"","name_en":"","ref":"","destination":"","maxspeed":"","bridge":"","tunnel":"yes","layer":"-1"},"geometry":{"type":"LineString","coordinates":[[139.6412973,35.5061054],[139.6411614,35.5060783],[139.6410308,35.5060719],[139.6409129,35.5060819],[139.6408072,35.5061039]]}},{"type":"Feature","id":737538573,"properties":{"osm_id":737538573,"highway":"motorway","oneway":"yes","name":"首都高速都心環状線","name_en":"Circle 1","ref":"C1","destination":"","maxspeed":"50","bridge":"","tunnel":"","layer":"0"},"geometry":{"type":"LineString","coordinates":[[139.7366301,35.6592734],[139.736673,35.6594101],[139.7367185,35.6595293],[139.7367774,35.6596675],[139.7368457,35.6598031],[139.7369141,35.6599212],[139.7370947,35.6601703]]}},{"type":"Feature","id":737538574,"properties":{"osm_id":737538574,"highway":"motorway","oneway":"yes","name":"首都高速都心環状線","name_en":"Circle 1","ref":"C1","destination":"","maxspeed":"50","bridge":"","tunnel":"yes","layer":"-2"},"geometry":{"type":"LineString","coordinates":[[139.7370947,35.6601703],[139.737537,35.6607215],[139.7375905,35.6607967],[139.7376673,35.6609179],[139.7377683,35.6611034],[139.7378301,35.6612408],[139.7378847,35.6614156],[139.7379286,35.6615936],[139.73814,35.6624782],[139.7383928,35.6634189],[139.7385523,35.6640563],[139.7386228,35.6643311]]}},{"type":"Feature","id":745515521,"properties":{"osm_id":745515521,"highway":"motorway_link","oneway":"yes","name":"首都高速神奈川6号川崎線","name_en":"Kanagawa Route 6 Kawasaki Line","ref":"K6","destination":"","maxspeed":"","bridge":"","tunnel":"","layer":"0"},"geometry":{"type":"LineString","coordinates":[[139.7871,35.5131531],[139.787161,35.5132228],[139.7872109,35.5132888],[139.7872487,35.5133602]]}},{"type":"Feature","id":745515522,"properties":{"osm_id":745515522,"highway":"motorway_link","oneway":"yes","name":"首都高速神奈川6号川崎線","name_en":"Kanagawa Route 6 Kawasaki Line","ref":"K6","destination":"","maxspeed":"","bridge":"","tunnel":"yes","layer":"-1"},"geometry":{"type":"LineString","coordinates":[[139.7872487,35.5133602],[139.7872875,35.5134628],[139.787321,35.5135785],[139.7873562,35.513745],[139.7873717,35.513914],[139.7873781,35.5140341],[139.7873903,35.5141968],[139.7874124,35.5143355],[139.7874385,35.5144512]]}},{"type":"Feature","id":749205416,"properties":{"osm_id":749205416,"highway":"motorway","oneway":"yes","name":"首都高速11号台場線","name_en":"Daiba Route","ref":"11","destination":"","maxspeed":"","bridge":"yes","tunnel":"","layer":"4"},"geometry":{"type":"LineString","coordinates":[[139.7577055,35.6437927],[139.7576998,35.6445627],[139.7576971,35.6447461],[139.7576904,35.6448677],[139.7576806,35.6450024],[139.7576685,35.6450964],[139.7576522,35.6451918],[139.757629,35.6452819],[139.7575965,35.6453891],[139.7575531,35.645503],[139.7574836,35.6456514],[139.7573102,35.6460169],[139.7572382,35.6461803]]}},{"type":"Feature","id":749205419,"properties":{"osm_id":749205419,"highway":"motorway_link","oneway":"yes","name":"","name_en":"","ref":"","destination":"","maxspeed":"","bridge":"yes","tunnel":"","layer":"4"},"geometry":{"type":"LineString","coordinates":[[139.7576289,35.6437817],[139.7576276,35.6438273],[139.7576247,35.6440249],[139.757626,35.6448957],[139.757626,35.645075],[139.7575965,35.6453891]]}},{"type":"Feature","id":749205425,"properties":{"osm_id":749205425,"highway":"motorway","oneway":"yes","name":"首都高速11号台場線","name_en":"Daiba Route","ref":"11","destination":"","maxspeed":"","bridge":"yes","tunnel":"","layer":"3"},"geometry":{"type":"LineString","coordinates":[[139.7573266,35.6460782],[139.7573708,35.6459699],[139.7575714,35.6455624],[139.7576219,35.6454457],[139.7576718,35.6453257],[139.7577103,35.6452097],[139.7577345,35.6451027],[139.7577549,35.6450058],[139.7577841,35.6448722],[139.7578016,35.6447549],[139.7578172,35.64456],[139.7578295,35.6443449],[139.7578349,35.6438235]]}},{"type":"Feature","id":751194566,"properties":{"osm_id":751194566,"highway":"motorway","oneway":"yes","name":"首都高速神奈川7号横浜北線","name_en":"Route Kanagawa 7 Yokohama","ref":"K7","destination":"","maxspeed":"60","bridge":"yes","tunnel":"","layer":"2"},"geometry":{"type":"LineString","coordinates":[[139.6713197,35.4909365],[139.6717661,35.4902507]]}},{"type":"Feature","id":751194567,"properties":{"osm_id":751194567,"highway":"motorway","oneway":"yes","name":"首都高速神奈川1号横羽線","name_en":"Kanagawa Route 1 Yokohane Line","ref":"K1","destination":"","maxspeed":"60","bridge":"yes","tunnel":"","layer":"2"},"geometry":{"type":"LineString","coordinates":[[139.6544507,35.4854449],[139.6572073,35.4862555],[139.6578023,35.486433],[139.65799,35.4864981],[139.6581605,35.4865644],[139.6583219,35.4866364],[139.658477,35.4867153],[139.658625,35.4867985],[139.6587757,35.4868959],[139.6589196,35.4869941],[139.6605977,35.488247],[139.660793,35.4883908],[139.6609468,35.4884985],[139.6610865,35.4885895],[139.6612121,35.4886606],[139.6613505,35.4887289],[139.6614764,35.4887804],[139.6616213,35.488831],[139.6617507,35.4888673],[139.6618913,35.4889],[139.6620288,35.4889243],[139.6621789,35.4889446],[139.6623169,35.4889539],[139.662433,35.4889589],[139.662557,35.4889584],[139.662694,35.4889539],[139.6628376,35.4889462],[139.6633683,35.4889006],[139.663537,35.4888968],[139.6637146,35.4888945],[139.663894,35.4888993],[139.6640753,35.4889089],[139.6642447,35.4889275],[139.6644189,35.4889543],[139.6645918,35.4889888],[139.6647475,35.4890252],[139.6649113,35.4890706],[139.6650776,35.4891257],[139.6652211,35.4891783],[139.6657216,35.4893815],[139.6676614,35.4901552],[139.668642,35.4905456],[139.6694621,35.4908759],[139.6703279,35.4912346],[139.6704602,35.4912914],[139.6705868,35.491347],[139.6707258,35.4914122],[139.6709975,35.4915553],[139.6711396,35.4916313],[139.6714584,35.4917875],[139.6716695,35.4918849],[139.6719344,35.4920033],[139.672099,35.4920715],[139.6757189,35.4934883],[139.6761853,35.4936604]]}},{"type":"Feature","id":753355536,"properties":{"osm_id":753355536,"highway":"motorway_link","oneway":"yes","name":"首都高速神奈川6号川崎線","name_en":"Kanagawa Route 6 Kawasaki Line","ref":"K6","destination":"","maxspeed":"40","bridge":"","tunnel":"yes","layer":"-2"},"geometry":{"type":"LineString","coordinates":[[139.7396829,35.5372793],[139.7393601,35.5372754],[139.7390748,35.5372796],[139.7388447,35.5372895],[139.7386222,35.5373129],[139.7384159,35.5373584],[139.7382467,35.5374204],[139.7380957,35.5375127],[139.737997,35.5376008],[139.7379038,35.537721],[139.7378413,35.5378664],[139.7378105,35.5379935],[139.7378028,35.5381201],[139.737867,35.5393746],[139.7378782,35.5394973],[139.7378897,35.5396013],[139.7379132,35.5396944],[139.7379415,35.5397897],[139.7379759,35.5398758],[139.738021,35.5399554],[139.7380803,35.5400383],[139.738149,35.5401037]]}},{"type":"Feature","id":753355537,"properties":{"osm_id":753355537,"highway":"motorway","oneway":"yes","name":"首都高速神奈川6号川崎線","name_en":"Kanagawa Route 6 Kawasaki Line","ref":"K6","destination":"","maxspeed":"80","bridge":"","tunnel":"yes","layer":"-1"},"geometry":{"type":"LineString","coordinates":[[139.7396802,35.5373784],[139.740218,35.5373768],[139.7416021,35.5373648],[139.7419741,35.5373586],[139.7423675,35.5373411],[139.7426724,35.5373186],[139.7442256,35.5371645],[139.7446597,35.5371351],[139.745041,35.537122],[139.7454333,35.5371245],[139.7458448,35.5371422],[139.7468896,35.5372121]]}},{"type":"Feature","id":756785282,"properties":{"osm_id":756785282,"highway":"motorway_link","oneway":"yes","name":"渋谷入口","name_en":"","ref":"","destination":"","maxspeed":"","bridge":"yes","tunnel":"","layer":"1"},"geometry":{"type":"LineString","coordinates":[[139.7070804,35.6582047],[139.7066564,35.6581867],[139.7063554,35.6581853]]}},{"type":"Feature","id":756785283,"properties":{"osm_id":756785283,"highway":"motorway_link","oneway":"yes","name":"渋谷入口","name_en":"","ref":"","destination":"東名;湾岸線;東北道","maxspeed":"","bridge":"","tunnel":"","layer":"0"},"geometry":{"type":"LineString","coordinates":[[139.7083617,35.6582487],[139.7082167,35.6582595],[139.7077996,35.6582488],[139.7070804,35.6582047]]}},{"type":"Feature","id":759377419,"properties":{"osm_id":759377419,"highway":"motorway","oneway":"yes","name":"首都高速都心環状線","name_en":"Shuto Expressway Inner Circular Route","ref":"C1","destination":"","maxspeed":"","bridge":"","tunnel":"yes","layer":"-2"},"geometry":{"type":"LineString","coordinates":[[139.7646652,35.6640779],[139.7645388,35.6639963],[139.7644138,35.6639288],[139.7642943,35.6638718],[139.764177,35.6638248],[139.7640422,35.6637756],[139.7639108,35.6637367],[139.7635856,35.6636545],[139.7634164,35.6636057],[139.7632944,35.6635683],[139.7631925,35.6635282],[139.7631157,35.6634938],[139.7630329,35.6634519],[139.762966,35.6634132],[139.7628805,35.6633568],[139.7627977,35.6632957],[139.7627229,35.6632343],[139.7626616,35.6631729],[139.7625894,35.6630961],[139.762513,35.6630072],[139.7624045,35.6628695]]}},{"type":"Feature","id":760514490,"properties":{"osm_id":760514490,"highway":"motorway_link","oneway":"yes","name":"","name_en":"","ref":"","destination":"","maxspeed":"","bridge":"yes","tunnel":"","layer":"2"},"geometry":{"type":"LineString","coordinates":[[139.6665977,35.4896304],[139.666312,35.4895043],[139.6651067,35.4890538]]}},{"type":"Feature","id":760514491,"properties":{"osm_id":760514491,"highway":"motorway_link","oneway":"yes","name":"","name_en":"","ref":"","destination":"","maxspeed":"","bridge":"yes","tunnel":"","layer":"3"},"geometry":{"type":"LineString","coordinates":[[139.6706276,35.4915716],[139.6706755,35.4915515],[139.67072,35.4915282],[139.6707741,35.4914953],[139.6708439,35.4914448],[139.6709084,35.4913938],[139.6709749,35.4913389],[139.67103,35.4912862],[139.6710927,35.4912219],[139.6711514,35.4911554],[139.6713197,35.4909365]]}},{"type":"Feature","id":760514492,"properties":{"osm_id":760514492,"highway":"motorway_link","oneway":"yes","name":"","name_en":"","ref":"","destination":"","maxspeed":"40","bridge":"","tunnel":"","layer":"0"},"geometry":{"type":"LineString","coordinates":[[139.6698024,35.4909604],[139.6705062,35.4912548]]}},{"type":"Feature","id":760514493,"properties":{"osm_id":760514493,"highway":"motorway_link","oneway":"yes","name":"","name_en":"","ref":"","destination":"","maxspeed":"40","bridge":"yes","tunnel":"","layer":"4"},"geometry":{"type":"LineString","coordinates":[[139.6665609,35.4897837],[139.6686903,35.4906353],[139.6688222,35.4906913],[139.6689731,35.4907606],[139.6690904,35.4908209],[139.6691866,35.4908783],[139.6692714,35.4909285],[139.6693572,35.4909837],[139.6694515,35.4910527],[139.6695397,35.4911211],[139.6696185,35.4911884],[139.6696851,35.4912512],[139.669751,35.491317],[139.6698054,35.4913739],[139.6698594,35.4914365],[139.6699049,35.4914977],[139.6699392,35.4915482],[139.6699693,35.4916048],[139.6699913,35.4916533],[139.6700058,35.4917057],[139.6700161,35.4917575],[139.6700202,35.4918077],[139.6700175,35.4918602],[139.6700113,35.4919098]]}},{"type":"Feature","id":760517415,"properties":{"osm_id":760517415,"highway":"motorway_link","oneway":"yes","name":"","name_en":"","ref":"","destination":"","maxspeed":"","bridge":"yes","tunnel":"","layer":"4"},"geometry":{"type":"LineString","coordinates":[[139.67532,35.4931769],[139.6749242,35.4930031],[139.6747389,35.4929196],[139.6742236,35.4926755],[139.6734631,35.4922979],[139.6732543,35.4922007],[139.6730313,35.4921081],[139.6722637,35.4917957],[139.6720476,35.4917121],[139.6719583,35.491679],[139.6718754,35.4916527],[139.6717979,35.4916312],[139.6717198,35.491614],[139.6716484,35.4916045],[139.6715755,35.4915994],[139.6714985,35.4915997],[139.6714246,35.4916031],[139.6713427,35.4916114],[139.6712669,35.4916241],[139.6711932,35.4916434],[139.6711212,35.4916686],[139.6710508,35.4916994],[139.6709805,35.4917351],[139.670907,35.4917815],[139.670839,35.491829],[139.6707592,35.4918892],[139.6705317,35.4920678],[139.6704466,35.4921313],[139.6703487,35.4922015],[139.670238,35.4922787],[139.6701233,35.492351],[139.6700162,35.4924095],[139.669911,35.4924608],[139.6698066,35.4925053],[139.6697092,35.4925405],[139.6695964,35.4925741],[139.6694667,35.4926029],[139.6693421,35.4926256],[139.6691897,35.4926469],[139.6690442,35.4926595],[139.6689034,35.492665],[139.6687585,35.4926634],[139.6686137,35.4926586]]}},{"type":"Feature","id":760526452,"properties":{"osm_id":760526452,"highway":"motorway_link","oneway":"yes","name":"","name_en":"","ref":"","destination":"鶴見","maxspeed":"","bridge":"yes","tunnel":"","layer":"4"},"geometry":{"type":"LineString","coordinates":[[139.6656765,35.4917682],[139.6647356,35.4913772],[139.6645159,35.4913018],[139.664307,35.4912429]]}},{"type":"Feature","id":760526453,"properties":{"osm_id":760526453,"highway":"motorway_link","oneway":"yes","name":"","name_en":"","ref":"","destination":"","maxspeed":"","bridge":"yes","tunnel":"","layer":"1"},"geometry":{"type":"LineString","coordinates":[[139.6663245,35.4920439],[139.6656205,35.4918141],[139.664939,35.4915769],[139.6645947,35.4914677],[139.6644258,35.4914196],[139.6642636,35.491378],[139.6640926,35.4913397],[139.6639269,35.491308],[139.6636145,35.4912546]]}},{"type":"Feature","id":760526455,"properties":{"osm_id":760526455,"highway":"motorway_link","oneway":"yes","name":"","name_en":"","ref":"","destination":"","maxspeed":"","bridge":"yes","tunnel":"","layer":"2"},"geometry":{"type":"LineString","coordinates":[[139.6612775,35.4916167],[139.6614417,35.4915767],[139.6615694,35.491548],[139.6617011,35.4915214],[139.6620082,35.4914823],[139.6621498,35.491467],[139.6622668,35.49146],[139.6624049,35.4914552],[139.6626855,35.4914508],[139.6630876,35.4914502],[139.6632685,35.4914518],[139.6634275,35.4914587],[139.663569,35.4914711],[139.6637131,35.4914923],[139.6638706,35.49152],[139.6640624,35.4915567],[139.6642608,35.4915966]]}},{"type":"Feature","id":760527683,"properties":{"osm_id":760527683,"highway":"motorway_link","oneway":"yes","name":"","name_en":"","ref":"","destination":"","maxspeed":"","bridge":"yes","tunnel":"","layer":"2"},"geometry":{"type":"LineString","coordinates":[[139.6626544,35.491064],[139.6622992,35.4910599],[139.6621584,35.4910593],[139.6620162,35.4910621],[139.661835,35.4910725]]}},{"type":"Feature","id":760527685,"properties":{"osm_id":760527685,"highway":"motorway_link","oneway":"yes","name":"","name_en":"","ref":"","destination":"","maxspeed":"","bridge":"yes","tunnel":"","layer":"4"},"geometry":{"type":"LineString","coordinates":[[139.6636145,35.4912546],[139.6632276,35.4912094],[139.663,35.4911873],[139.6627777,35.491174],[139.6625793,35.4911699],[139.6623877,35.4911711],[139.6622175,35.4911778],[139.66199,35.4911884]]}},{"type":"Feature","id":760527686,"properties":{"osm_id":760527686,"highway":"motorway_link","oneway":"yes","name":"","name_en":"","ref":"","destination":"","maxspeed":"","bridge":"yes","tunnel":"","layer":"2"},"geometry":{"type":"LineString","coordinates":[[139.6625132,35.4912749],[139.6627115,35.4912679],[139.6629086,35.4912672],[139.6631124,35.4912742],[139.6633228,35.491286],[139.663533,35.4913064],[139.6637056,35.4913301],[139.6638779,35.4913611],[139.664068,35.4914016],[139.6642514,35.4914509],[139.6644545,35.4915097],[139.6650865,35.491727]]}},{"type":"Feature","id":760527687,"properties":{"osm_id":760527687,"highway":"motorway_link","oneway":"yes","name":"","name_en":"","ref":"","destination":"","maxspeed":"","bridge":"yes","tunnel":"","layer":"3"},"geometry":{"type":"LineString","coordinates":[[139.6642608,35.4915966],[139.6644938,35.491639],[139.6646785,35.4916747],[139.664848,35.4917081],[139.6650122,35.4917469],[139.6656227,35.4919142],[139.6658819,35.4919757]]}},{"type":"Feature","id":760529290,"properties":{"osm_id":760529290,"highway":"motorway_link","oneway":"yes","name":"","name_en":"","ref":"","destination":"","maxspeed":"","bridge":"yes","tunnel":"","layer":"3"},"geometry":{"type":"LineString","coordinates":[[139.664307,35.4912429],[139.6641071,35.4911962],[139.66389,35.4911544],[139.6636542,35.491118],[139.6634114,35.4910899],[139.6631674,35.4910719],[139.6629249,35.4910649],[139.6626544,35.491064]]}},{"type":"Feature","id":760536117,"properties":{"osm_id":760536117,"highway":"motorway_link","oneway":"yes","name":"","name_en":"","ref":"","destination":"","maxspeed":"","bridge":"yes","tunnel":"","layer":"2"},"geometry":{"type":"LineString","coordinates":[[139.6045062,35.5171136],[139.6048281,35.5170585],[139.6051553,35.5170078],[139.6053557,35.516969],[139.6055281,35.5169251]]}},{"type":"Feature","id":760536118,"properties":{"osm_id":760536118,"highway":"motorway_link","oneway":"yes","name":"","name_en":"","ref":"","destination":"","maxspeed":"","bridge":"","tunnel":"","layer":"0"},"geometry":{"type":"LineString","coordinates":[[139.605985,35.5168247],[139.6061477,35.5167632],[139.6063603,35.5166714],[139.6065779,35.5165764],[139.6068143,35.5164607],[139.6070241,35.5163416],[139.6072131,35.5162045],[139.6073754,35.5160614]]}},{"type":"Feature","id":760536119,"properties":{"osm_id":760536119,"highway":"motorway_link","oneway":"yes","name":"","name_en":"","ref":"","destination":"","maxspeed":"","bridge":"","tunnel":"","layer":"0"},"geometry":{"type":"LineString","coordinates":[[139.6051183,35.5171548],[139.6051961,35.5170497],[139.6053055,35.5169439],[139.6054477,35.516858],[139.6056529,35.5167683],[139.6058847,35.5166761],[139.6062938,35.516523],[139.6065223,35.5164103]]}},{"type":"Feature","id":760536120,"properties":{"osm_id":760536120,"highway":"motorway_link","oneway":"yes","name":"","name_en":"","ref":"","destination":"","maxspeed":"40","bridge":"","tunnel":"","layer":"0"},"geometry":{"type":"LineString","coordinates":[[139.6057075,35.5163091],[139.6043402,35.5168186],[139.6042084,35.5168734],[139.6041073,35.5169234],[139.6040397,35.5169614],[139.6039658,35.5170139],[139.6039039,35.5170739],[139.6038537,35.5171462],[139.6038196,35.5172197],[139.6038004,35.5172918]]}},{"type":"Feature","id":760538825,"properties":{"osm_id":760538825,"highway":"motorway_link","oneway":"yes","name":"","name_en":"","ref":"","destination":"","maxspeed":"40","bridge":"yes","tunnel":"","layer":"1"},"geometry":{"type":"LineString","coordinates":[[139.6686145,35.4904748],[139.6698024,35.4909604]]}},{"type":"Feature","id":760538826,"properties":{"osm_id":760538826,"highway":"motorway_link","oneway":"yes","name":"","name_en":"","ref":"","destination":"","maxspeed":"","bridge":"yes","tunnel":"","layer":"2"},"geometry":{"type":"LineString","coordinates":[[139.6700309,35.4908694],[139.6694063,35.4906299],[139.6689512,35.4904906]]}},{"type":"Feature","id":760540203,"properties":{"osm_id":760540203,"highway":"motorway_link","oneway":"yes","name":"首都高速神奈川5号大黒線","name_en":"Kanagawa Route 5 Daikoku Line","ref":"K5","destination":"","maxspeed":"","bridge":"yes","tunnel":"","layer":"2"},"geometry":{"type":"LineString","coordinates":[[139.6738391,35.4928259],[139.6748492,35.4931971],[139.6757118,35.4935073],[139.6761853,35.4936604]]}},{"type":"Feature","id":760540204,"properties":{"osm_id":760540204,"highway":"motorway_link","oneway":"yes","name":"首都高速神奈川5号大黒線","name_en":"Kanagawa Route 5 Daikoku Line","ref":"K5","destination":"","maxspeed":"","bridge":"yes","tunnel":"","layer":"3"},"geometry":{"type":"LineString","coordinates":[[139.6730988,35.4922937],[139.6725787,35.4920856],[139.6724282,35.4920221],[139.672294,35.4919582],[139.6721679,35.4918925],[139.6720575,35.4918243],[139.6719642,35.4917541],[139.6718798,35.4916786],[139.6718021,35.4915978],[139.6717295,35.4915053]]}},{"type":"Feature","id":760540205,"properties":{"osm_id":760540205,"highway":"motorway_link","oneway":"yes","name":"首都高速神奈川5号大黒線","name_en":"Kanagawa Route 5 Daikoku Line","ref":"K5","destination":"","maxspeed":"","bridge":"yes","tunnel":"","layer":"2"},"geometry":{"type":"LineString","coordinates":[[139.6717295,35.4915053],[139.6716864,35.4914435],[139.6716454,35.4913726],[139.6716062,35.4912837],[139.6715777,35.4911988],[139.6715593,35.4911077],[139.6715506,35.4910298],[139.67155,35.4909339],[139.6715592,35.4908455],[139.6715733,35.490763],[139.6715955,35.4906733],[139.6716255,35.4905854],[139.6716657,35.4904826],[139.6717661,35.4902507]]}},{"type":"Feature","id":760542684,"properties":{"osm_id":760542684,"highway":"motorway_link","oneway":"yes","name":"首都高速神奈川5号大黒線","name_en":"Kanagawa Route 5 Daikoku Line","ref":"K5","destination":"","maxspeed":"40","bridge":"yes","tunnel":"","layer":"3"},"geometry":{"type":"LineString","coordinates":[[139.671627,35.490411],[139.6715725,35.4905145],[139.6715196,35.4906358],[139.6714805,35.4907406],[139.6714495,35.4908527],[139.6714267,35.4909635],[139.671412,35.4910696],[139.6714065,35.4911797],[139.6714158,35.4912918],[139.6714356,35.4913987],[139.671467,35.491497],[139.6715095,35.4915921],[139.6715658,35.4916812],[139.671621,35.4917577],[139.6716843,35.4918288],[139.6717532,35.4918985],[139.6718332,35.4919637],[139.6719156,35.4920248],[139.6720034,35.4920808],[139.6720982,35.4921337],[139.6721961,35.4921832],[139.6723243,35.4922425],[139.6725003,35.4923158],[139.6738391,35.4928259]]}},{"type":"Feature","id":760543915,"properties":{"osm_id":760543915,"highway":"motorway_link","oneway":"yes","name":"","name_en":"","ref":"","destination":"","maxspeed":"40","bridge":"yes","tunnel":"","layer":"4"},"geometry":{"type":"LineString","coordinates":[[139.6683743,35.4925665],[139.6682634,35.4925546],[139.6681518,35.4925405],[139.6680405,35.4925231],[139.66793,35.4925036],[139.6678272,35.4924812],[139.6677231,35.4924578],[139.6676081,35.4924295],[139.6674991,35.4923973],[139.6670106,35.4922323],[139.6667427,35.4921514]]}},{"type":"Feature","id":760543916,"properties":{"osm_id":760543916,"highway":"motorway_link","oneway":"yes","name":"","name_en":"","ref":"","destination":"","maxspeed":"40","bridge":"yes","tunnel":"","layer":"3"},"geometry":{"type":"LineString","coordinates":[[139.6700113,35.4919098],[139.6699991,35.4919557],[139.6699808,35.4920037],[139.6699578,35.4920498],[139.6699274,35.4920971],[139.6698908,35.4921422],[139.6698481,35.4921845],[139.6698016,35.4922246],[139.6697498,35.4922625],[139.6697009,35.4922942],[139.6696312,35.4923335],[139.6695576,35.4923705],[139.6694554,35.4924147],[139.6693599,35.4924523],[139.6692547,35.492486],[139.6691501,35.4925148],[139.6690535,35.4925353],[139.6689612,35.4925507],[139.6688688,35.4925618],[139.6687772,35.4925697],[139.6686833,35.4925751],[139.6685908,35.4925773],[139.6684839,35.4925735],[139.6683743,35.4925665]]}},{"type":"Feature","id":760553865,"properties":{"osm_id":760553865,"highway":"motorway","oneway":"yes","name":"首都高速神奈川5号大黒線","name_en":"Kanagawa Route 5 Daikoku Line","ref":"K5","destination":"","maxspeed":"60","bridge":"yes","tunnel":"","layer":"4"},"geometry":{"type":"LineString","coordinates":[[139.6727668,35.4885489],[139.672487,35.4890026]]}},{"type":"Feature","id":760562347,"properties":{"osm_id":760562347,"highway":"motorway_link","oneway":"yes","name":"首都高速神奈川3号狩場線","name_en":"Kanagawa Route 3 Kariba Line","ref":"K3","destination":"","maxspeed":"","bridge":"yes","tunnel":"","layer":"2"},"geometry":{"type":"LineString","coordinates":[[139.6700697,35.4345311],[139.6701195,35.4343549],[139.6701725,35.4341724],[139.6703818,35.4334543],[139.6704112,35.4333356],[139.6704364,35.433211],[139.6706348,35.432172]]}},{"type":"Feature","id":760562348,"properties":{"osm_id":760562348,"highway":"motorway_link","oneway":"yes","name":"首都高速湾岸線","name_en":"Bayshore Route","ref":"","destination":"","maxspeed":"80","bridge":"yes","tunnel":"","layer":"2"},"geometry":{"type":"LineString","coordinates":[[139.6688949,35.4362564],[139.6685449,35.4369902],[139.6681228,35.4380537]]}},{"type":"Feature","id":760562349,"properties":{"osm_id":760562349,"highway":"motorway_link","oneway":"yes","name":"首都高速湾岸線","name_en":"Bayshore Route","ref":"","destination":"","maxspeed":"40","bridge":"yes","tunnel":"","layer":"1"},"geometry":{"type":"LineString","coordinates":[[139.6697358,35.4355438],[139.6698718,35.4352446],[139.6699834,35.4349783],[139.6701199,35.4346102],[139.670225,35.4342606],[139.6704342,35.4334827]]}},{"type":"Feature","id":760572071,"properties":{"osm_id":760572071,"highway":"motorway_link","oneway":"yes","name":"首都高速神奈川3号狩場線","name_en":"Kanagawa Route 3 Kariba Line","ref":"","destination":"","maxspeed":"","bridge":"yes","tunnel":"","layer":"3"},"geometry":{"type":"LineString","coordinates":[[139.6638575,35.4376967],[139.6635774,35.4379018],[139.6633983,35.4380391],[139.6631634,35.4382371],[139.6628815,35.4384736]]}},{"type":"Feature","id":760572072,"properties":{"osm_id":760572072,"highway":"motorway_link","oneway":"yes","name":"首都高速神奈川3号狩場線","name_en":"Kanagawa Route 3 Kariba Line","ref":"","destination":"","maxspeed":"","bridge":"","tunnel":"","layer":"0"},"geometry":{"type":"LineString","coordinates":[[139.6610805,35.4399152],[139.6605955,35.4402196]]}},{"type":"Feature","id":760572073,"properties":{"osm_id":760572073,"highway":"motorway_link","oneway":"yes","name":"首都高速神奈川3号狩場線","name_en":"Kanagawa Route 3 Kariba Line","ref":"","destination":"","maxspeed":"","bridge":"yes","tunnel":"","layer":"1"},"geometry":{"type":"LineString","coordinates":[[139.6628815,35.4384736],[139.6615288,35.4396249],[139.6613991,35.4397156],[139.6610805,35.4399152]]}},{"type":"Feature","id":760572074,"properties":{"osm_id":760572074,"highway":"motorway_link","oneway":"yes","name":"首都高速神奈川3号狩場線","name_en":"Kanagawa Route 3 Kariba Line","ref":"","destination":"","maxspeed":"","bridge":"yes","tunnel":"","layer":"2"},"geometry":{"type":"LineString","coordinates":[[139.6629235,35.4385119],[139.6633609,35.4381723],[139.6635576,35.4380416],[139.66376,35.4379274]]}},{"type":"Feature","id":760572907,"properties":{"osm_id":760572907,"highway":"motorway_link","oneway":"yes","name":"首都高速神奈川3号狩場線","name_en":"Kanagawa Route 3 Kariba Line","ref":"","destination":"","maxspeed":"","bridge":"yes","tunnel":"","layer":"1"},"geometry":{"type":"LineString","coordinates":[[139.6609704,35.44016],[139.6612448,35.4398946],[139.6615857,35.4396609],[139.6619296,35.4393572],[139.6629235,35.4385119]]}},{"type":"Feature","id":760574740,"properties":{"osm_id":760574740,"highway":"motorway_link","oneway":"yes","name":"","name_en":"","ref":"","destination":"","maxspeed":"","bridge":"yes","tunnel":"","layer":"2"},"geometry":{"type":"LineString","coordinates":[[139.6570013,35.4432126],[139.6574798,35.4431071],[139.6575938,35.4430766],[139.6577326,35.4430266],[139.657854,35.442975],[139.6579804,35.4429084],[139.6580838,35.4428452],[139.6582919,35.4426948],[139.6591535,35.4419762]]}},{"type":"Feature","id":760574741,"properties":{"osm_id":760574741,"highway":"motorway_link","oneway":"yes","name":"","name_en":"","ref":"","destination":"","maxspeed":"","bridge":"viaduct","tunnel":"","layer":"2"},"geometry":{"type":"LineString","coordinates":[[139.6503267,35.4419421],[139.6509676,35.4421519],[139.6526944,35.4427475],[139.6537453,35.4431199]]}},{"type":"Feature","id":760583394,"properties":{"osm_id":760583394,"highway":"motorway_link","oneway":"yes","name":"首都高速10号晴海線;豊洲出口","name_en":"Harumi Route","ref":"","destination":"","maxspeed":"","bridge":"","tunnel":"","layer":"0"},"geometry":{"type":"LineString","coordinates":[[139.7900311,35.646644],[139.7899007,35.6468122],[139.7898415,35.6469565]]}},{"type":"Feature","id":760583395,"properties":{"osm_id":760583395,"highway":"motorway_link","oneway":"yes","name":"首都高速10号晴海線;豊洲入口","name_en":"Harumi Route","ref":"","destination":"","maxspeed":"","bridge":"yes","tunnel":"","layer":"2"},"geometry":{"type":"LineString","coordinates":[[139.7900438,35.6470965],[139.791202,35.6456098],[139.7918466,35.6448391],[139.7926026,35.6438636]]}},{"type":"Feature","id":760585208,"properties":{"osm_id":760585208,"highway":"motorway_link","oneway":"yes","name":"首都高速10号晴海線;豊洲出口","name_en":"Harumi Route","ref":"","destination":"","maxspeed":"40","bridge":"yes","tunnel":"","layer":"2"},"geometry":{"type":"LineString","coordinates":[[139.7922318,35.6439334],[139.7909693,35.6454934],[139.7900311,35.646644]]}},{"type":"Feature","id":760585209,"properties":{"osm_id":760585209,"highway":"motorway_link","oneway":"yes","name":"首都高速10号晴海線;豊洲入口","name_en":"Harumi Route","ref":"","destination":"","maxspeed":"","bridge":"yes","tunnel":"","layer":"3"},"geometry":{"type":"LineString","coordinates":[[139.7926026,35.6438636],[139.7931092,35.6431705]]}},{"type":"Feature","id":760594794,"properties":{"osm_id":760594794,"highway":"motorway_link","oneway":"yes","name":"","name_en":"","ref":"","destination":"","maxspeed":"40","bridge":"yes","tunnel":"","layer":"3"},"geometry":{"type":"LineString","coordinates":[[139.686676,35.6813006],[139.6856073,35.680681],[139.6853553,35.6805488]]}},{"type":"Feature","id":760594795,"properties":{"osm_id":760594795,"highway":"motorway_link","oneway":"yes","name":"","name_en":"","ref":"","destination":"","maxspeed":"","bridge":"yes","tunnel":"","layer":"4"},"geometry":{"type":"LineString","coordinates":[[139.6875306,35.6821106],[139.6878094,35.6822983],[139.6878751,35.6823497],[139.6879226,35.6823995],[139.6879514,35.682453],[139.6879651,35.6825076],[139.6879733,35.6825654],[139.6879638,35.6826277],[139.6879466,35.6826843],[139.687916,35.6827365],[139.6878739,35.6827938],[139.6878184,35.6828533]]}},{"type":"Feature","id":760595302,"properties":{"osm_id":760595302,"highway":"motorway_link","oneway":"yes","name":"","name_en":"","ref":"","destination":"","maxspeed":"40","bridge":"yes","tunnel":"","layer":"4"},"geometry":{"type":"LineString","coordinates":[[139.6921092,35.6820882],[139.6918727,35.6824311],[139.6911096,35.6835542],[139.6910377,35.6836937],[139.6909995,35.6838005],[139.6909769,35.6839313]]}},{"type":"Feature","id":760596454,"properties":{"osm_id":760596454,"highway":"motorway_link","oneway":"yes","name":"","name_en":"","ref":"C2","destination":"","maxspeed":"60","bridge":"yes","tunnel":"","layer":"2"},"geometry":{"type":"LineString","coordinates":[[139.685015,35.6861559],[139.6864598,35.6842955],[139.6869635,35.6837613],[139.6874592,35.6832521],[139.6876672,35.6830452],[139.6878793,35.68284],[139.687962,35.682758],[139.6880238,35.6826825],[139.6880661,35.6826092]]}},{"type":"Feature","id":760596455,"properties":{"osm_id":760596455,"highway":"motorway_link","oneway":"yes","name":"","name_en":"","ref":"C2","destination":"","maxspeed":"","bridge":"","tunnel":"yes","layer":"-1"},"geometry":{"type":"LineString","coordinates":[[139.6849716,35.6861378],[139.6847799,35.6863567],[139.6844675,35.6866736],[139.6838547,35.6872727],[139.6828276,35.6882605]]}},{"type":"Feature","id":760596456,"properties":{"osm_id":760596456,"highway":"motorway_link","oneway":"yes","name":"","name_en":"","ref":"C2","destination":"","maxspeed":"","bridge":"","tunnel":"yes","layer":"-2"},"geometry":{"type":"LineString","coordinates":[[139.6828276,35.6882605],[139.6821736,35.6888556]]}},{"type":"Feature","id":760596457,"properties":{"osm_id":760596457,"highway":"motorway_link","oneway":"yes","name":"","name_en":"","ref":"C2","destination":"","maxspeed":"60","bridge":"","tunnel":"yes","layer":"-1"},"geometry":{"type":"LineString","coordinates":[[139.6829026,35.6883041],[139.6833558,35.6878305],[139.6838988,35.6873014],[139.6844914,35.6867158],[139.684829,35.6863738],[139.685015,35.6861559]]}},{"type":"Feature","id":760597804,"properties":{"osm_id":760597804,"highway":"motorway","oneway":"yes","name":"首都高速都心環状線","name_en":"Shuto Expressway Inner Circular Route","ref":"C1","destination":"","maxspeed":"","bridge":"yes","tunnel":"","layer":"2"},"geometry":{"type":"LineString","coordinates":[[139.7608267,35.6609021],[139.7601984,35.6600915]]}},{"type":"Feature","id":760597805,"properties":{"osm_id":760597805,"highway":"motorway","oneway":"yes","name":"首都高速都心環状線","name_en":"Circle 1","ref":"C1","destination":"","maxspeed":"","bridge":"yes","tunnel":"","layer":"1"},"geometry":{"type":"LineString","coordinates":[[139.7607456,35.6609392],[139.7612307,35.661539]]}},{"type":"Feature","id":760701194,"properties":{"osm_id":760701194,"highway":"motorway_link","oneway":"yes","name":"","name_en":"","ref":"","destination":"","maxspeed":"","bridge":"viaduct","tunnel":"","layer":"1"},"geometry":{"type":"LineString","coordinates":[[139.6537453,35.4431199],[139.653912,35.4431718],[139.6541131,35.443219],[139.6542913,35.4432514],[139.6544268,35.4432668],[139.6545817,35.4432734],[139.6547142,35.4432695],[139.6548743,35.4432568],[139.6550228,35.4432401],[139.6552928,35.4431955],[139.6555365,35.4431558],[139.6558353,35.4431093],[139.6565019,35.442964],[139.6566035,35.4429505]]}},{"type":"Feature","id":760705969,"properties":{"osm_id":760705969,"highway":"motorway_link","oneway":"yes","name":"","name_en":"","ref":"","destination":"","maxspeed":"","bridge":"","tunnel":"","layer":"0"},"geometry":{"type":"LineString","coordinates":[[139.639336,35.4420008],[139.639647,35.4418857],[139.6397732,35.4418433],[139.6398873,35.4418337],[139.63998,35.4418579],[139.6400486,35.4419084],[139.6400776,35.4419644],[139.640069,35.442029],[139.6400242,35.4420675],[139.639958,35.442095],[139.6385627,35.4427122]]}},{"type":"Feature","id":760705970,"properties":{"osm_id":760705970,"highway":"motorway_link","oneway":"yes","name":"","name_en":"","ref":"","destination":"","maxspeed":"","bridge":"","tunnel":"","layer":"0"},"geometry":{"type":"LineString","coordinates":[[139.6389568,35.4425753],[139.6385627,35.4427122]]}},{"type":"Feature","id":760711340,"properties":{"osm_id":760711340,"highway":"motorway_link","oneway":"yes","name":"","name_en":"","ref":"","destination":"","maxspeed":"","bridge":"","tunnel":"","layer":"0"},"geometry":{"type":"LineString","coordinates":[[139.6392586,35.4410858],[139.6393347,35.4411306],[139.6394712,35.4412187]]}},{"type":"Feature","id":760713445,"properties":{"osm_id":760713445,"highway":"motorway_link","oneway":"yes","name":"","name_en":"","ref":"","destination":"","maxspeed":"","bridge":"","tunnel":"","layer":"0"},"geometry":{"type":"LineString","coordinates":[[139.6389568,35.4425753],[139.6387376,35.4426771],[139.6386837,35.4427155],[139.638621,35.4427885]]}},{"type":"Feature","id":760716687,"properties":{"osm_id":760716687,"highway":"motorway","oneway":"yes","name":"首都高速神奈川1号横羽線","name_en":"Kanagawa Route 1 Yokohane Line","ref":"K1","destination":"","maxspeed":"50","bridge":"","tunnel":"yes","layer":"-2"},"geometry":{"type":"LineString","coordinates":[[139.6405811,35.4412903],[139.6396836,35.4416608],[139.6388199,35.4420641]]}},{"type":"Feature","id":760717005,"properties":{"osm_id":760717005,"highway":"motorway_link","oneway":"yes","name":"首都高速神奈川1号横羽線","name_en":"Kanagawa Route 1 Yokohane Line","ref":"K1","destination":"","maxspeed":"","bridge":"yes","tunnel":"","layer":"1"},"geometry":{"type":"LineString","coordinates":[[139.6439086,35.4397544],[139.6434376,35.4399783]]}},{"type":"Feature","id":760717006,"properties":{"osm_id":760717006,"highway":"motorway_link","oneway":"yes","name":"首都高速神奈川1号横羽線","name_en":"Kanagawa Route 1 Yokohane Line","ref":"K1","destination":"","maxspeed":"","bridge":"yes","tunnel":"","layer":"3"},"geometry":{"type":"LineString","coordinates":[[139.6499525,35.4417731],[139.6503972,35.4419108],[139.6507814,35.4420157]]}},{"type":"Feature","id":760718685,"properties":{"osm_id":760718685,"highway":"motorway_link","oneway":"yes","name":"花之木入口","name_en":"","ref":"","destination":"","maxspeed":"40","bridge":"yes","tunnel":"","layer":"2"},"geometry":{"type":"LineString","coordinates":[[139.6151488,35.434566],[139.6152638,35.4344935],[139.6157931,35.4341596],[139.6164569,35.4337138]]}},{"type":"Feature","id":760718686,"properties":{"osm_id":760718686,"highway":"motorway_link","oneway":"yes","name":"花之木出口","name_en":"Hanokiki exit","ref":"","destination":"","maxspeed":"","bridge":"yes","tunnel":"","layer":"2"},"geometry":{"type":"LineString","coordinates":[[139.6144709,35.4346664],[139.6142704,35.4347743],[139.6141595,35.4348239],[139.6140529,35.4348666],[139.6139512,35.4349022],[139.613858,35.4349291],[139.613746,35.43495],[139.6136105,35.4349659],[139.6134716,35.434964],[139.6133454,35.4349491],[139.6132192,35.4349187],[139.6130794,35.4348716],[139.6129437,35.4348035],[139.6128165,35.4347206],[139.6125618,35.4345316],[139.6124037,35.4344283],[139.6122566,35.4343524],[139.612068,35.4342782],[139.6113416,35.4340147]]}},{"type":"Feature","id":760718687,"properties":{"osm_id":760718687,"highway":"motorway_link","oneway":"yes","name":"花之木出口","name_en":"Hanokiki exit","ref":"","destination":"","maxspeed":"","bridge":"","tunnel":"","layer":"0"},"geometry":{"type":"LineString","coordinates":[[139.6113416,35.4340147],[139.6112696,35.4339891],[139.6111774,35.4339509]]}},{"type":"Feature","id":760720781,"properties":{"osm_id":760720781,"highway":"motorway_link","oneway":"yes","name":"首都高速神奈川1号横羽線","name_en":"Kanagawa Route 1 Yokohane Line","ref":"K1","destination":"","maxspeed":"","bridge":"yes","tunnel":"","layer":"2"},"geometry":{"type":"LineString","coordinates":[[139.6317619,35.4716029],[139.6314749,35.4713073],[139.6311875,35.4710024],[139.6308424,35.4706186]]}},{"type":"Feature","id":760720782,"properties":{"osm_id":760720782,"highway":"motorway","oneway":"yes","name":"首都高速神奈川1号横羽線","name_en":"Kanagawa Route 1 Yokohane Line","ref":"K1","destination":"","maxspeed":"","bridge":"yes","tunnel":"","layer":"3"},"geometry":{"type":"LineString","coordinates":[[139.6308424,35.4706186],[139.6303522,35.4701717],[139.6302235,35.470064],[139.6300907,35.4699617],[139.6299526,35.4698654],[139.6298091,35.4697746],[139.6295763,35.4696526],[139.6293286,35.4695337],[139.6291326,35.4694499],[139.6289266,35.469372],[139.6284953,35.4692275],[139.6270755,35.4687604]]}},{"type":"Feature","id":760748024,"properties":{"osm_id":760748024,"highway":"motorway_link","oneway":"yes","name":"","name_en":"","ref":"","destination":"","maxspeed":"","bridge":"","tunnel":"","layer":"0"},"geometry":{"type":"LineString","coordinates":[[139.7676801,35.6678013],[139.7677461,35.6678703],[139.7678196,35.6679347],[139.7679836,35.6680731],[139.7680027,35.6681004],[139.768014,35.6681267],[139.768016,35.6681521],[139.7680081,35.6681776],[139.7679854,35.668213]]}},{"type":"Feature","id":760748025,"properties":{"osm_id":760748025,"highway":"motorway_link","oneway":"yes","name":"銀座入口","name_en":"","ref":"","destination":"","maxspeed":"","bridge":"","tunnel":"","layer":"0"},"geometry":{"type":"LineString","coordinates":[[139.7670657,35.6661514],[139.7667826,35.6659597],[139.7659395,35.6652856],[139.7653422,35.6647279]]}},{"type":"Feature","id":760760233,"properties":{"osm_id":760760233,"highway":"motorway_link","oneway":"yes","name":"新富町出口","name_en":"","ref":"","destination":"","maxspeed":"","bridge":"","tunnel":"","layer":"0"},"geometry":{"type":"LineString","coordinates":[[139.7738136,35.6704685],[139.7738324,35.6704616],[139.7740358,35.6703871],[139.7741436,35.6703499],[139.7742289,35.6703258],[139.7743219,35.6703097],[139.7743966,35.6703037],[139.7744866,35.6703023],[139.7745991,35.6703057],[139.7746336,35.6703094],[139.7746657,35.6703147],[139.7746874,35.6703231],[139.7747038,35.6703355]]}},{"type":"Feature","id":766667671,"properties":{"osm_id":766667671,"highway":"motorway","oneway":"yes","name":"首都高速3号渋谷線","name_en":"Route 3 Shibuya Line","ref":"3","destination":"","maxspeed":"60","bridge":"yes","tunnel":"","layer":"4"},"geometry":{"type":"LineString","coordinates":[[139.687206,35.6519418],[139.6868112,35.6517778],[139.6863924,35.6515761],[139.6860656,35.6514061],[139.6858544,35.6512998],[139.6854538,35.6510869],[139.6850478,35.650861]]}},{"type":"Feature","id":766667672,"properties":{"osm_id":766667672,"highway":"motorway","oneway":"yes","name":"首都高速3号渋谷線","name_en":"Route 3 Shibuya Line","ref":"3","destination":"","maxspeed":"60","bridge":"yes","tunnel":"","layer":"3"},"geometry":{"type":"LineString","coordinates":[[139.6850478,35.650861],[139.6839955,35.6502844],[139.6811468,35.6487788]]}},{"type":"Feature","id":766667673,"properties":{"osm_id":766667673,"highway":"motorway_link","oneway":"yes","name":"","name_en":"","ref":"","destination":"","maxspeed":"","bridge":"yes","tunnel":"","layer":"4"},"geometry":{"type":"LineString","coordinates":[[139.6864338,35.6515205],[139.6858396,35.6512437],[139.685413,35.65103],[139.6850478,35.650861]]}},{"type":"Feature","id":766677827,"properties":{"osm_id":766677827,"highway":"motorway_link","oneway":"yes","name":"首都高速中央環状線","name_en":"Central Circular Route","ref":"","destination":"","maxspeed":"","bridge":"","tunnel":"yes","layer":"2"},"geometry":{"type":"LineString","coordinates":[[139.6869981,35.6515791],[139.6870493,35.651615],[139.6870988,35.6516469],[139.6871444,35.6516731],[139.687202,35.6517037],[139.6872893,35.6517454],[139.6873831,35.6517883],[139.6875339,35.6518536],[139.6877739,35.6519493]]}},{"type":"Feature","id":766679039,"properties":{"osm_id":766679039,"highway":"motorway_link","oneway":"yes","name":"","name_en":"","ref":"","destination":"","maxspeed":"","bridge":"","tunnel":"yes","layer":"4"},"geometry":{"type":"LineString","coordinates":[[139.687008,35.6507151],[139.6870542,35.6506733],[139.6871029,35.6506337],[139.6871535,35.6505957],[139.6872048,35.6505592],[139.6872596,35.6505242],[139.6873158,35.6504913],[139.6873736,35.6504601],[139.6874328,35.6504321],[139.6874956,35.6504059],[139.6875598,35.6503841],[139.6876267,35.6503685],[139.6876981,35.650357],[139.6877679,35.6503519],[139.6878407,35.6503534],[139.6879116,35.6503588],[139.6879811,35.6503707],[139.6880475,35.6503888],[139.6880944,35.6504044],[139.6881342,35.6504216],[139.6881667,35.6504391],[139.6881973,35.6504594],[139.6882279,35.6504837],[139.6882622,35.6505151],[139.6882904,35.6505476],[139.6883137,35.6505812],[139.6883354,35.6506154],[139.6883562,35.6506601],[139.6883726,35.6507107],[139.6883817,35.6507587],[139.6883871,35.6508107],[139.6883844,35.6508606],[139.6883762,35.6509123],[139.6883626,35.6509624],[139.6883427,35.6510131],[139.688318,35.6510621],[139.6882879,35.6511098],[139.6882559,35.6511522],[139.6882151,35.6511964],[139.6881763,35.6512379],[139.6880847,35.6513256]]}},{"type":"Feature","id":766679040,"properties":{"osm_id":766679040,"highway":"motorway_link","oneway":"yes","name":"首都高速中央環状線","name_en":"Central Circular Route","ref":"C2","destination":"","maxspeed":"","bridge":"","tunnel":"yes","layer":"2"},"geometry":{"type":"LineString","coordinates":[[139.6869842,35.6506995],[139.6869354,35.6507519],[139.6868899,35.6508054],[139.6868497,35.6508586],[139.6868234,35.6509025],[139.6868028,35.6509451],[139.6867871,35.6509846],[139.6867712,35.6510335],[139.6867574,35.6510919],[139.6867529,35.6511535],[139.6867594,35.6512208],[139.6867726,35.6512793],[139.6867941,35.6513444],[139.6868118,35.6513822],[139.6868294,35.6514137],[139.6868485,35.6514422],[139.6868789,35.6514807],[139.6869033,35.6515072],[139.6869412,35.6515395],[139.6869706,35.651561],[139.6869981,35.6515791],[139.6870283,35.6515956],[139.6870606,35.6516105],[139.6870952,35.6516233],[139.6871293,35.6516333],[139.687164,35.6516414],[139.687197,35.6516475],[139.6872316,35.6516533],[139.6872655,35.6516571],[139.6872979,35.6516594],[139.6873351,35.651661],[139.6873699,35.6516601],[139.6874047,35.6516578],[139.687473,35.6516486],[139.6875413,35.6516328],[139.6875954,35.6516158],[139.6876457,35.6515959],[139.6876862,35.6515775],[139.6877237,35.6515572],[139.6877782,35.6515211],[139.6878281,35.6514875],[139.6878772,35.6514495],[139.6879213,35.6514104],[139.6879668,35.6513686]]}},{"type":"Feature","id":766679041,"properties":{"osm_id":766679041,"highway":"motorway_link","oneway":"yes","name":"首都高速中央環状線","name_en":"Central Circular Route","ref":"","destination":"","maxspeed":"","bridge":"","tunnel":"yes","layer":"-1"},"geometry":{"type":"LineString","coordinates":[[139.6877739,35.6519493],[139.6878262,35.6519711],[139.6879039,35.6519973],[139.6880003,35.6520179],[139.6880931,35.6520283],[139.6881875,35.6520242],[139.6882596,35.6520233],[139.6883382,35.6520077],[139.6884195,35.6519863],[139.6884998,35.6519541],[139.6885843,35.6519072],[139.6886544,35.651853]]}},{"type":"Feature","id":766679307,"properties":{"osm_id":766679307,"highway":"motorway_link","oneway":"yes","name":"","name_en":"","ref":"","destination":"","maxspeed":"","bridge":"yes","tunnel":"","layer":"4"},"geometry":{"type":"LineString","coordinates":[[139.6878898,35.6515595],[139.6878194,35.6516495],[139.6877673,35.6517229],[139.6877294,35.6517892],[139.6877039,35.6518492],[139.6876916,35.6519034],[139.6876853,35.6519657],[139.6876908,35.6520284],[139.6877095,35.6520891],[139.6877412,35.6521515],[139.6877829,35.6522067],[139.6878322,35.6522502],[139.6878867,35.6522927],[139.6879546,35.6523352],[139.6880246,35.6523687],[139.6881081,35.6524005],[139.6882103,35.6524339],[139.6886786,35.652579]]}},{"type":"Feature","id":766719785,"properties":{"osm_id":766719785,"highway":"motorway_link","oneway":"yes","name":"","name_en":"","ref":"","destination":"","maxspeed":"","bridge":"yes","tunnel":"","layer":"1"},"geometry":{"type":"LineString","coordinates":[[139.7884358,35.6831332],[139.7875514,35.6842653]]}},{"type":"Feature","id":766719786,"properties":{"osm_id":766719786,"highway":"motorway_link","oneway":"yes","name":"","name_en":"","ref":"","destination":"","maxspeed":"40","bridge":"yes","tunnel":"","layer":"4"},"geometry":{"type":"LineString","coordinates":[[139.7860218,35.6815214],[139.7867005,35.6818816],[139.7872606,35.6821746]]}},{"type":"Feature","id":766719787,"properties":{"osm_id":766719787,"highway":"motorway_link","oneway":"yes","name":"","name_en":"","ref":"","destination":"","maxspeed":"","bridge":"yes","tunnel":"","layer":"4"},"geometry":{"type":"LineString","coordinates":[[139.7865619,35.6815487],[139.7862843,35.6814609],[139.7860118,35.6814001]]}},{"type":"Feature","id":766719788,"properties":{"osm_id":766719788,"highway":"motorway_link","oneway":"yes","name":"","name_en":"","ref":"","destination":"","maxspeed":"40","bridge":"yes","tunnel":"","layer":"2"},"geometry":{"type":"LineString","coordinates":[[139.7857579,35.6813572],[139.786029,35.6814586]]}},{"type":"Feature","id":766719789,"properties":{"osm_id":766719789,"highway":"motorway_link","oneway":"yes","name":"","name_en":"","ref":"","destination":"","maxspeed":"40","bridge":"yes","tunnel":"","layer":"2"},"geometry":{"type":"LineString","coordinates":[[139.7860989,35.6810972],[139.7858637,35.6811026],[139.7856972,35.6810992],[139.7855208,35.6810863],[139.7853751,35.6810599],[139.7852395,35.6810244],[139.7849059,35.6809055],[139.7834446,35.6802125]]}},{"type":"Feature","id":766719791,"properties":{"osm_id":766719791,"highway":"motorway_link","oneway":"yes","name":"Mukojima Route","name_en":"Mukojima Route","ref":"","destination":"清洲橋通り","maxspeed":"40","bridge":"yes","tunnel":"","layer":"1"},"geometry":{"type":"LineString","coordinates":[[139.789242,35.6831466],[139.7895927,35.6834024]]}},{"type":"Feature","id":766719792,"properties":{"osm_id":766719792,"highway":"motorway_link","oneway":"yes","name":"","name_en":"","ref":"","destination":"","maxspeed":"60","bridge":"yes","tunnel":"","layer":"4"},"geometry":{"type":"LineString","coordinates":[[139.7911341,35.6846838],[139.7915817,35.6850187],[139.7917459,35.6851365],[139.7917773,35.6851619],[139.7918005,35.685184],[139.7918272,35.6852126]]}},{"type":"Feature","id":766719793,"properties":{"osm_id":766719793,"highway":"motorway_link","oneway":"yes","name":"首都高速6号向島線","name_en":"Shuto Expressway Route 6 Mukojima Line","ref":"","destination":"","maxspeed":"40","bridge":"yes","tunnel":"","layer":"2"},"geometry":{"type":"LineString","coordinates":[[139.7913451,35.6845712],[139.790229,35.6837072],[139.7900591,35.6835833],[139.7898846,35.6834644],[139.7895408,35.6832384],[139.7892653,35.6830365],[139.7892338,35.6830132],[139.789203,35.6829896],[139.7891774,35.6829692],[139.789149,35.6829425],[139.7891286,35.6829187],[139.7891076,35.6828906],[139.7890863,35.682856],[139.7889943,35.6826806],[139.7889557,35.6826233],[139.788931,35.6825866]]}},{"type":"Feature","id":766721147,"properties":{"osm_id":766721147,"highway":"motorway_link","oneway":"yes","name":"首都高速9号深川線","name_en":"Fukagawa Route","ref":"9","destination":"","maxspeed":"60","bridge":"yes","tunnel":"","layer":"5"},"geometry":{"type":"LineString","coordinates":[[139.7880185,35.6822332],[139.7873987,35.6819479],[139.7872994,35.6818962],[139.7872174,35.6818465],[139.7871448,35.6817926],[139.7870774,35.6817309],[139.7870199,35.6816631],[139.7869754,35.6815917],[139.7869416,35.6815209]]}},{"type":"Feature","id":766721148,"properties":{"osm_id":766721148,"highway":"motorway_link","oneway":"yes","name":"首都高速9号深川線","name_en":"Shuto Expressway Route 9 Fukagawa Line","ref":"9","destination":"","maxspeed":"60","bridge":"yes","tunnel":"","layer":"5"},"geometry":{"type":"LineString","coordinates":[[139.7872852,35.6803643],[139.7870431,35.6806356],[139.7869536,35.6807271],[139.7868501,35.6808203],[139.7867627,35.6808879],[139.7866599,35.6809545],[139.7865847,35.6809975],[139.7865109,35.6810339],[139.7864118,35.6810727],[139.7863342,35.6810947],[139.786224,35.6811197],[139.7860939,35.6811368],[139.7859737,35.6811427]]}},{"type":"Feature","id":766721901,"properties":{"osm_id":766721901,"highway":"motorway_link","oneway":"yes","name":"首都高速9号深川線","name_en":"Fukagawa Route","ref":"9","destination":"","maxspeed":"40","bridge":"yes","tunnel":"","layer":"5"},"geometry":{"type":"LineString","coordinates":[[139.7835649,35.6805005],[139.7842329,35.68082],[139.7844383,35.680918],[139.7846119,35.6809941],[139.7847921,35.6810671],[139.784979,35.6811324],[139.7851216,35.6811764],[139.7852608,35.6812115],[139.7853708,35.6812368],[139.7854989,35.6812627],[139.7856346,35.6812844],[139.7857532,35.6812986],[139.7858658,35.6813072],[139.7859819,35.68131],[139.7860978,35.6813041],[139.7862036,35.6812896],[139.786289,35.6812707],[139.7863718,35.6812474]]}},{"type":"Feature","id":766721902,"properties":{"osm_id":766721902,"highway":"motorway_link","oneway":"yes","name":"首都高速9号深川線","name_en":"Fukagawa Route","ref":"","destination":"","maxspeed":"40","bridge":"yes","tunnel":"","layer":"5"},"geometry":{"type":"LineString","coordinates":[[139.7836462,35.6803874],[139.7851681,35.6811017],[139.7852846,35.6811523],[139.7853786,35.681185],[139.785487,35.681217],[139.7855836,35.6812395],[139.7856808,35.6812581],[139.7857748,35.6812728],[139.7858826,35.6812828],[139.7859839,35.681287],[139.7860905,35.6812866],[139.7861957,35.6812792],[139.7862871,35.6812649],[139.7863718,35.6812474]]}},{"type":"Feature","id":766730633,"properties":{"osm_id":766730633,"highway":"motorway_link","oneway":"yes","name":"","name_en":"","ref":"","destination":"","maxspeed":"40","bridge":"yes","tunnel":"","layer":"2"},"geometry":{"type":"LineString","coordinates":[[139.7875377,35.6817005],[139.7874711,35.6816664],[139.7873805,35.6816318],[139.7872806,35.6816168]]}},{"type":"Feature","id":766733979,"properties":{"osm_id":766733979,"highway":"motorway_link","oneway":"yes","name":"","name_en":"","ref":"","destination":"","maxspeed":"40","bridge":"yes","tunnel":"","layer":"3"},"geometry":{"type":"LineString","coordinates":[[139.7880646,35.6821144],[139.787316,35.6817323],[139.787203,35.681689],[139.7871061,35.6816599],[139.7867757,35.6815957],[139.7865619,35.6815487]]}},{"type":"Feature","id":768600219,"properties":{"osm_id":768600219,"highway":"motorway_link","oneway":"yes","name":"首都高速中央環状線","name_en":"Central Circular Route","ref":"","destination":"","maxspeed":"","bridge":"","tunnel":"yes","layer":"-1"},"geometry":{"type":"LineString","coordinates":[[139.6886544,35.651853],[139.6893599,35.6511965],[139.6906508,35.6500715]]}},{"type":"Feature","id":768600220,"properties":{"osm_id":768600220,"highway":"motorway_link","oneway":"yes","name":"首都高速中央環状線","name_en":"Central Circular Route","ref":"","destination":"","maxspeed":"","bridge":"","tunnel":"yes","layer":"-1"},"geometry":{"type":"LineString","coordinates":[[139.6885717,35.6518205],[139.6885023,35.6518704],[139.6884085,35.6519104],[139.688327,35.6519347],[139.6882329,35.6519502],[139.688154,35.6519524],[139.688068,35.6519439],[139.687982,35.6519218],[139.6878198,35.6518728]]}},{"type":"Feature","id":768986997,"properties":{"osm_id":768986997,"highway":"motorway","oneway":"yes","name":"東京湾アクアライン;東京湾横断・木更津東金道路","name_en":"Tokyo-Wan-Aqua-Line Expressway","ref":"CA;409","destination":"","maxspeed":"80","bridge":"","tunnel":"yes","layer":"-1"},"geometry":{"type":"LineString","coordinates":[[139.8734026,35.4648268],[139.8002873,35.5145265],[139.7995491,35.5150172],[139.7989257,35.5153935],[139.7983538,35.5157186],[139.7978075,35.5160079],[139.7972278,35.5162867],[139.796606,35.5165677],[139.7960241,35.5167925],[139.7938061,35.5175611]]}},{"type":"Feature","id":772511244,"properties":{"osm_id":772511244,"highway":"motorway","oneway":"yes","name":"首都高速中央環状線","name_en":"Central Circular Route","ref":"C2","destination":"","maxspeed":"","bridge":"","tunnel":"yes","layer":"-2"},"geometry":{"type":"LineString","coordinates":[[139.6996266,35.6440065],[139.6986149,35.6448427]]}},{"type":"Feature","id":772511245,"properties":{"osm_id":772511245,"highway":"motorway","oneway":"yes","name":"首都高速中央環状線","name_en":"Central Circular Route","ref":"C2","destination":"","maxspeed":"","bridge":"","tunnel":"yes","layer":"-2"},"geometry":{"type":"LineString","coordinates":[[139.6995138,35.6439168],[139.6996767,35.6437768],[139.6997745,35.6436889],[139.6998662,35.6435978],[139.7001472,35.6433027],[139.7007806,35.6425374],[139.7017158,35.6414189],[139.7020794,35.6409807],[139.7024872,35.640468],[139.7033202,35.63944],[139.7038056,35.638823],[139.7042411,35.6382699],[139.704936,35.637371],[139.7055418,35.6366386],[139.7058162,35.6363053],[139.7060772,35.6359655],[139.7065168,35.6353396],[139.7069403,35.6347049],[139.7074625,35.6339245],[139.7090195,35.6316115],[139.7094687,35.6309504],[139.7096555,35.6306912]]}},{"type":"Feature","id":772511246,"properties":{"osm_id":772511246,"highway":"motorway","oneway":"yes","name":"首都高速中央環状線","name_en":"Central Circular Route","ref":"C2","destination":"","maxspeed":"","bridge":"","tunnel":"yes","layer":"-2"},"geometry":{"type":"LineString","coordinates":[[139.6984649,35.6447497],[139.6995138,35.6439168]]}},{"type":"Feature","id":772511247,"properties":{"osm_id":772511247,"highway":"motorway","oneway":"yes","name":"首都高速中央環状線","name_en":"Central Circular Route","ref":"C2","destination":"","maxspeed":"","bridge":"","tunnel":"yes","layer":"-1"},"geometry":{"type":"LineString","coordinates":[[139.6986149,35.6448427],[139.6979246,35.6454112],[139.6977104,35.6455722],[139.6974855,35.6457385],[139.6972687,35.6458775],[139.6969807,35.6460482],[139.6921504,35.6488437],[139.6917785,35.6490815],[139.6914409,35.6493052],[139.6911788,35.6495009],[139.6909287,35.6497042],[139.6905701,35.6500324]]}},{"type":"Feature","id":775163548,"properties":{"osm_id":775163548,"highway":"motorway_link","oneway":"yes","name":"東名高速道路","name_en":"Tomei Expressway","ref":"","destination":"世田谷","maxspeed":"40","bridge":"","tunnel":"","layer":"0"},"geometry":{"type":"LineString","coordinates":[[139.6178369,35.6284198],[139.6181974,35.6284122],[139.6195263,35.6282757],[139.6203907,35.6282003]]}},{"type":"Feature","id":775163549,"properties":{"osm_id":775163549,"highway":"motorway_link","oneway":"yes","name":"東名高速道路","name_en":"Tomei Expressway","ref":"","destination":"横浜;静岡","maxspeed":"40","bridge":"","tunnel":"","layer":"0"},"geometry":{"type":"LineString","coordinates":[[139.6203351,35.6279056],[139.6200761,35.627946],[139.6197875,35.627993],[139.6195241,35.6280357],[139.6191968,35.6280864],[139.6188674,35.6281283],[139.6183789,35.6281941],[139.6180862,35.6282679]]}},{"type":"Feature","id":775467745,"properties":{"osm_id":775467745,"highway":"motorway_link","oneway":"yes","name":"渋谷出口","name_en":"","ref":"","destination":"道玄坂","maxspeed":"","bridge":"","tunnel":"","layer":"0"},"geometry":{"type":"LineString","coordinates":[[139.6953297,35.6556316],[139.6952532,35.6556927]]}},{"type":"Feature","id":775539556,"properties":{"osm_id":775539556,"highway":"motorway_link","oneway":"yes","name":"渋谷入口","name_en":"","ref":"","destination":"","maxspeed":"","bridge":"yes","tunnel":"","layer":"3"},"geometry":{"type":"LineString","coordinates":[[139.7063554,35.6581853],[139.7050664,35.6581306],[139.7046002,35.6581531]]}},{"type":"Feature","id":777265599,"properties":{"osm_id":777265599,"highway":"motorway_link","oneway":"yes","name":"","name_en":"","ref":"","destination":"","maxspeed":"","bridge":"","tunnel":"","layer":"0"},"geometry":{"type":"LineString","coordinates":[[139.6401072,35.5066007],[139.6401919,35.506541],[139.6405958,35.5063008],[139.6406804,35.5062608],[139.640759,35.5062354],[139.64083,35.5062192],[139.6409114,35.5062109],[139.640978,35.5062133],[139.6410582,35.50624]]}},{"type":"Feature","id":777265600,"properties":{"osm_id":777265600,"highway":"motorway_link","oneway":"yes","name":"","name_en":"","ref":"","destination":"","maxspeed":"","bridge":"","tunnel":"yes","layer":"-3"},"geometry":{"type":"LineString","coordinates":[[139.6424407,35.5058885],[139.6427655,35.5055722],[139.6429884,35.5053302]]}},{"type":"Feature","id":777265601,"properties":{"osm_id":777265601,"highway":"motorway_link","oneway":"yes","name":"","name_en":"","ref":"","destination":"","maxspeed":"","bridge":"","tunnel":"yes","layer":"-2"},"geometry":{"type":"LineString","coordinates":[[139.6427219,35.5052578],[139.6420637,35.5057955],[139.6419651,35.5058686],[139.6418558,35.50593],[139.6417264,35.5059838],[139.6415911,35.5060207],[139.6407802,35.5061994]]}},{"type":"Feature","id":777265602,"properties":{"osm_id":777265602,"highway":"motorway_link","oneway":"yes","name":"","name_en":"","ref":"","destination":"","maxspeed":"","bridge":"","tunnel":"yes","layer":"-1"},"geometry":{"type":"LineString","coordinates":[[139.6361165,35.5114809],[139.6391138,35.5089373],[139.6393105,35.5087663],[139.6394427,35.5086226],[139.6395677,35.5084619],[139.6396202,35.5083754],[139.6396727,35.5082812],[139.6397214,35.5081616],[139.639752,35.508044],[139.6397733,35.5079143],[139.6397878,35.5077595],[139.6398156,35.5071954],[139.6398297,35.507041],[139.6398505,35.5069532],[139.639881,35.5068704],[139.6399224,35.50679],[139.6399743,35.506718],[139.640033,35.5066607],[139.6401072,35.5066007]]}},{"type":"Feature","id":777265603,"properties":{"osm_id":777265603,"highway":"motorway_link","oneway":"yes","name":"","name_en":"","ref":"","destination":"","maxspeed":"","bridge":"","tunnel":"yes","layer":"-3"},"geometry":{"type":"LineString","coordinates":[[139.6377345,35.5096795],[139.6369092,35.5104011],[139.6366217,35.5107117]]}},{"type":"Feature","id":777280615,"properties":{"osm_id":777280615,"highway":"motorway_link","oneway":"yes","name":"","name_en":"","ref":"","destination":"","maxspeed":"","bridge":"","tunnel":"yes","layer":"-2"},"geometry":{"type":"LineString","coordinates":[[139.6074258,35.5157135],[139.6065778,35.5159474]]}},{"type":"Feature","id":777444307,"properties":{"osm_id":777444307,"highway":"motorway_link","oneway":"yes","name":"","name_en":"","ref":"","destination":"","maxspeed":"","bridge":"","tunnel":"yes","layer":"-2"},"geometry":{"type":"LineString","coordinates":[[139.6400204,35.5065367],[139.6399392,35.5066014],[139.6398481,35.506691],[139.6397856,35.5067797],[139.6397485,35.5068652],[139.6397246,35.5069577],[139.6397074,35.507049],[139.6396997,35.507151],[139.6396828,35.5075915],[139.6396641,35.5077024],[139.6396361,35.5077948],[139.6395956,35.507881],[139.6395324,35.5079694],[139.6394145,35.5081025],[139.6392863,35.5082269],[139.6381215,35.5092872],[139.6377345,35.5096795]]}},{"type":"Feature","id":777467074,"properties":{"osm_id":777467074,"highway":"motorway_link","oneway":"yes","name":"","name_en":"","ref":"","destination":"","maxspeed":"","bridge":"yes","tunnel":"","layer":"2"},"geometry":{"type":"LineString","coordinates":[[139.6825351,35.4635309],[139.6825081,35.4636175],[139.6824718,35.4636969],[139.6824247,35.4637708],[139.6823648,35.4638461],[139.6822973,35.4639154],[139.682223,35.4639814],[139.6821092,35.4640677],[139.6819658,35.4641583]]}},{"type":"Feature","id":777511222,"properties":{"osm_id":777511222,"highway":"motorway_link","oneway":"yes","name":"首都高速神奈川5号大黒線","name_en":"Kanagawa Route 5 Daikoku Line","ref":"K5","destination":"","maxspeed":"","bridge":"yes","tunnel":"","layer":"5"},"geometry":{"type":"LineString","coordinates":[[139.6828503,35.4643451],[139.6828931,35.4644976],[139.6829453,35.4646402],[139.6830204,35.4647772],[139.6831047,35.4649038],[139.6832121,35.4650304],[139.6833275,35.4651438],[139.6834425,35.4652379],[139.6835655,35.4653167],[139.6838363,35.4654651]]}},{"type":"Feature","id":779045459,"properties":{"osm_id":779045459,"highway":"motorway_link","oneway":"yes","name":"首都高速神奈川5号大黒線","name_en":"Kanagawa Route 5 Daikoku Line","ref":"K5","destination":"","maxspeed":"","bridge":"yes","tunnel":"","layer":"3"},"geometry":{"type":"LineString","coordinates":[[139.681332,35.4607614],[139.6814718,35.4607877],[139.681623,35.4608291],[139.6817574,35.4608737],[139.6818778,35.4609284],[139.6819999,35.4609931],[139.6821106,35.4610693],[139.682215,35.4611569],[139.6823068,35.4612576],[139.6823758,35.4613529],[139.6824375,35.461459],[139.6824834,35.4615636],[139.6825177,35.4616729],[139.6825408,35.4617809],[139.682548,35.4618875],[139.6825444,35.4619831],[139.6825337,35.4620736],[139.6825115,35.4621656],[139.6824761,35.4622587],[139.6824318,35.4623554],[139.6823794,35.4624394],[139.682309,35.4625252],[139.6822308,35.4626038],[139.6821502,35.4626751],[139.6820091,35.4627655],[139.6818381,35.4628475],[139.6816548,35.4629172],[139.6814486,35.4629651],[139.6812271,35.4629841]]}},{"type":"Feature","id":783347228,"properties":{"osm_id":783347228,"highway":"motorway","oneway":"yes","name":"首都高速1号羽田線","name_en":"Shuto Expressway Route 1 Haneda Line","ref":"1","destination":"","maxspeed":"60","bridge":"yes","tunnel":"","layer":"1"},"geometry":{"type":"LineString","coordinates":[[139.7504131,35.6066246],[139.7504754,35.6075592],[139.7507797,35.6104852],[139.7509898,35.6126987],[139.7512444,35.6152634],[139.7514995,35.6177928],[139.7515976,35.6187577],[139.7516571,35.6191051],[139.7517286,35.6194495],[139.751798,35.6197513],[139.7518357,35.6199345],[139.7518484,35.6200696],[139.7518476,35.6202116],[139.7518283,35.6203704],[139.7517992,35.6205095],[139.7517517,35.6206482],[139.7516965,35.6207783],[139.7516385,35.6208926]]}},{"type":"Feature","id":783633019,"properties":{"osm_id":783633019,"highway":"motorway_link","oneway":"yes","name":"","name_en":"","ref":"","destination":"","maxspeed":"40","bridge":"","tunnel":"yes","layer":"-1"},"geometry":{"type":"LineString","coordinates":[[139.7382976,35.539985],[139.7382467,35.5399366],[139.7381993,35.5398756],[139.7381666,35.5398124],[139.7381334,35.5397351],[139.7380981,35.5396401]]}},{"type":"Feature","id":783633020,"properties":{"osm_id":783633020,"highway":"motorway_link","oneway":"yes","name":"首都高速神奈川6号川崎線","name_en":"Kanagawa Route 6 Kawasaki Line","ref":"K6","destination":"","maxspeed":"40","bridge":"","tunnel":"yes","layer":"-1"},"geometry":{"type":"LineString","coordinates":[[139.7382553,35.5400183],[139.7382048,35.5399623],[139.7381641,35.5398942],[139.7381362,35.5398252],[139.7381163,35.5397519],[139.7380981,35.5396401]]}},{"type":"Feature","id":783636521,"properties":{"osm_id":783636521,"highway":"motorway_link","oneway":"yes","name":"","name_en":"","ref":"","destination":"","maxspeed":"","bridge":"","tunnel":"","layer":"-1"},"geometry":{"type":"LineString","coordinates":[[139.7415813,35.5394075],[139.7415916,35.5390184],[139.7415917,35.5387308],[139.7415803,35.538676],[139.7415558,35.5386283],[139.7415314,35.5386043],[139.7415157,35.5385889],[139.7414663,35.5385523]]}},{"type":"Feature","id":783644034,"properties":{"osm_id":783644034,"highway":"motorway_link","oneway":"yes","name":"","name_en":"","ref":"","destination":"","maxspeed":"","bridge":"yes","tunnel":"","layer":"2"},"geometry":{"type":"LineString","coordinates":[[139.7617878,35.5358417],[139.759588,35.5371192],[139.7594159,35.5372154],[139.7592479,35.5373017],[139.7590677,35.5373821],[139.7588688,35.5374659],[139.7586682,35.5375449]]}},{"type":"Feature","id":783644035,"properties":{"osm_id":783644035,"highway":"motorway_link","oneway":"yes","name":"","name_en":"","ref":"","destination":"","maxspeed":"","bridge":"yes","tunnel":"","layer":"3"},"geometry":{"type":"LineString","coordinates":[[139.7589062,35.53766],[139.7591406,35.5375481],[139.7594487,35.5373827],[139.759676,35.5372592],[139.7599853,35.5370843],[139.7607052,35.5366454],[139.7611465,35.5363711]]}},{"type":"Feature","id":783646149,"properties":{"osm_id":783646149,"highway":"motorway_link","oneway":"yes","name":"首都高速神奈川6号川崎線","name_en":"Kanagawa Route 6 Kawasaki Line","ref":"K6","destination":"","maxspeed":"","bridge":"yes","tunnel":"","layer":"2"},"geometry":{"type":"LineString","coordinates":[[139.7871653,35.520942],[139.7884444,35.520269],[139.7888774,35.5200399],[139.7891899,35.5198796],[139.7893969,35.5197977],[139.7896251,35.5197356],[139.7899335,35.5196768],[139.7902714,35.519603],[139.7904975,35.5195375],[139.7906726,35.5194744],[139.7908513,35.5193972],[139.7909834,35.5193315],[139.7910986,35.5192611],[139.7911911,35.5191924],[139.7913805,35.5190301],[139.7915065,35.5189032],[139.7916489,35.5187339],[139.7917864,35.5185279],[139.7918809,35.5183317],[139.791927,35.5181998],[139.7919869,35.5180186],[139.7920232,35.5178617],[139.7920542,35.5176917],[139.7920652,35.5175574],[139.7920703,35.5174033],[139.792068,35.5172174],[139.7920509,35.5170166],[139.7920213,35.516785],[139.7919574,35.5164936],[139.7918973,35.5163095],[139.7918155,35.516101],[139.7916905,35.5158495],[139.7915787,35.5156694],[139.7914357,35.515472],[139.7912725,35.5152607],[139.7911112,35.5150666]]}},{"type":"Feature","id":783649669,"properties":{"osm_id":783649669,"highway":"motorway","oneway":"yes","name":"首都高速神奈川6号川崎線","name_en":"Kanagawa Route 6 Kawasaki Line","ref":"K6","destination":"","maxspeed":"","bridge":"yes","tunnel":"","layer":"2"},"geometry":{"type":"LineString","coordinates":[[139.7871653,35.520942],[139.7888186,35.5199802],[139.7891674,35.5197891],[139.7894395,35.51964],[139.7895896,35.5195587]]}},{"type":"Feature","id":784499208,"properties":{"osm_id":784499208,"highway":"motorway_link","oneway":"yes","name":"","name_en":"","ref":"","destination":"","maxspeed":"","bridge":"","tunnel":"","layer":"0"},"geometry":{"type":"LineString","coordinates":[[139.6065223,35.5164103],[139.6068013,35.5162907],[139.6072113,35.5161003]]}},{"type":"Feature","id":787569323,"properties":{"osm_id":787569323,"highway":"motorway","oneway":"yes","name":"首都高速4号新宿線","name_en":"Route 4 Shinjuku Line","ref":"4","destination":"","maxspeed":"50","bridge":"yes","tunnel":"","layer":"2"},"geometry":{"type":"LineString","coordinates":[[139.687797,35.6821885],[139.6885133,35.6826476]]}},{"type":"Feature","id":787569324,"properties":{"osm_id":787569324,"highway":"motorway","oneway":"yes","name":"首都高速4号新宿線","name_en":"Route 4 Shinjuku Line","ref":"4","destination":"","maxspeed":"50","bridge":"yes","tunnel":"","layer":"3"},"geometry":{"type":"LineString","coordinates":[[139.6885133,35.6826476],[139.6887155,35.6827815],[139.6892222,35.6831282],[139.6896957,35.6834616],[139.6897765,35.6835168],[139.6898563,35.6835654],[139.68992,35.6836019],[139.6899906,35.6836367],[139.6900536,35.6836614],[139.6901244,35.6836841],[139.69021,35.6837052],[139.6903075,35.683721],[139.6903876,35.6837299],[139.6904576,35.6837332],[139.6905289,35.6837329],[139.6906001,35.6837293],[139.6906773,35.6837201],[139.6907613,35.6837043],[139.6908476,35.6836805],[139.690936,35.6836491],[139.6909968,35.683624],[139.6910591,35.6835906],[139.6911142,35.683556],[139.6911618,35.6835207],[139.6912092,35.6834802],[139.6912465,35.68344],[139.6913032,35.6833751],[139.6913914,35.6832651],[139.6917274,35.6827909],[139.6919476,35.6824663],[139.6928917,35.6810925],[139.6934243,35.6803256],[139.6935075,35.6802092],[139.6935863,35.680111],[139.6936479,35.6800442],[139.693695,35.6799984],[139.693762,35.6799423],[139.6938106,35.6799077],[139.6938705,35.6798728],[139.6939367,35.6798422],[139.6940102,35.6798122],[139.6940866,35.6797877],[139.6941718,35.6797673],[139.6942571,35.679752],[139.6943367,35.6797444],[139.6944196,35.6797414],[139.6945015,35.679743],[139.6946178,35.6797506],[139.6947368,35.6797633],[139.6948502,35.6797828],[139.6955034,35.679906],[139.6956402,35.6799355],[139.6957757,35.6799714],[139.6958937,35.6800106],[139.6960057,35.6800558],[139.6961204,35.6801119]]}},{"type":"Feature","id":787569325,"properties":{"osm_id":787569325,"highway":"motorway","oneway":"yes","name":"首都高速4号新宿線","name_en":"Route 4 Shinjuku Line","ref":"4","destination":"","maxspeed":"60","bridge":"yes","tunnel":"","layer":"3"},"geometry":{"type":"LineString","coordinates":[[139.649777,35.6699702],[139.6495894,35.669888],[139.6494213,35.6698033],[139.6492445,35.6697064],[139.6490192,35.6695792],[139.6482133,35.6691084],[139.6479814,35.6689798],[139.6477428,35.6688605],[139.6475029,35.6687565],[139.6472508,35.6686594],[139.6459705,35.6682096],[139.6456566,35.6681123],[139.6453849,35.6680437],[139.6450823,35.6679828],[139.6446494,35.6679179],[139.6424811,35.6676451]]}},{"type":"Feature","id":787569326,"properties":{"osm_id":787569326,"highway":"motorway","oneway":"yes","name":"首都高速4号新宿線","name_en":"Route 4 Shinjuku Line","ref":"4","destination":"","maxspeed":"50","bridge":"yes","tunnel":"","layer":"2"},"geometry":{"type":"LineString","coordinates":[[139.6885609,35.6825931],[139.6878577,35.6821395]]}},{"type":"Feature","id":804928166,"properties":{"osm_id":804928166,"highway":"motorway_link","oneway":"yes","name":"首都高速神奈川１号横羽線","name_en":"","ref":"","destination":"","maxspeed":"","bridge":"yes","tunnel":"","layer":"1"},"geometry":{"type":"LineString","coordinates":[[139.7416801,35.5409638],[139.7416383,35.5407718],[139.7416205,35.5406638],[139.7416081,35.5405623],[139.7415927,35.540404],[139.7415821,35.5402207],[139.7415742,35.5399981],[139.7415736,35.5397731],[139.7415813,35.5394075]]}},{"type":"Feature","id":804928167,"properties":{"osm_id":804928167,"highway":"motorway_link","oneway":"yes","name":"首都高速神奈川6号川崎線","name_en":"Kanagawa Route 6 Kawasaki Line","ref":"K6","destination":"","maxspeed":"40","bridge":"yes","tunnel":"","layer":"2"},"geometry":{"type":"LineString","coordinates":[[139.7415306,35.5367072],[139.7415367,35.5363519],[139.7414728,35.5354467]]}},{"type":"Feature","id":804928168,"properties":{"osm_id":804928168,"highway":"motorway_link","oneway":"yes","name":"首都高速神奈川6号川崎線","name_en":"Kanagawa Route 6 Kawasaki Line","ref":"K6","destination":"","maxspeed":"40","bridge":"yes","tunnel":"","layer":"3"},"geometry":{"type":"LineString","coordinates":[[139.741236,35.5374545],[139.7412189,35.5379482],[139.7412087,35.5380259],[139.7411941,35.538104],[139.741173,35.5381846],[139.7411413,35.5382619],[139.7411004,35.538326],[139.7410591,35.5383802],[139.7410084,35.5384338],[139.7409446,35.5384825],[139.7408741,35.5385228],[139.7407925,35.5385609],[139.7407109,35.5385896],[139.7406153,35.5386149],[139.7405197,35.5386373],[139.7394291,35.5388707],[139.739337,35.5388864],[139.739249,35.5389],[139.7391669,35.5389094],[139.7390909,35.5389125],[139.7390103,35.5389145],[139.7389247,35.5389108],[139.7388374,35.5388997],[139.7387554,35.5388836],[139.7386686,35.5388578],[139.7385849,35.5388242],[139.738512,35.5387852],[139.7384494,35.538739],[139.7383915,35.5386879],[139.7383394,35.5386297],[139.738296,35.5385683],[139.7382614,35.5385053],[139.7382356,35.5384352],[139.7382231,35.5383637],[139.7382233,35.5382923],[139.7382305,35.5382197],[139.7382533,35.5381467],[139.7382862,35.5380826],[139.7383312,35.5380218],[139.7383839,35.5379651],[139.7384467,35.5379139],[139.7385177,35.5378685],[139.7385888,35.5378319],[139.738667,35.5378035],[139.7387459,35.5377846],[139.7388322,35.5377771],[139.7389211,35.5377767],[139.7390026,35.5377845],[139.7390811,35.5377991],[139.739157,35.5378213],[139.7392251,35.5378495],[139.7392812,35.5378814],[139.7393341,35.5379159],[139.7393824,35.5379576],[139.7394266,35.5380037]]}},{"type":"Feature","id":804932420,"properties":{"osm_id":804932420,"highway":"motorway_link","oneway":"yes","name":"","name_en":"","ref":"","destination":"","maxspeed":"","bridge":"yes","tunnel":"","layer":"2"},"geometry":{"type":"LineString","coordinates":[[139.7414686,35.5406171],[139.7414536,35.5404904],[139.7414504,35.5403945],[139.7414557,35.5403017],[139.7414658,35.540204],[139.7414974,35.5400113],[139.7415148,35.5398836],[139.7415242,35.5397352],[139.7415381,35.5392203],[139.7415397,35.5391465],[139.7415484,35.5387935],[139.7415459,35.538725],[139.741538,35.5386564],[139.741512,35.5385328],[139.7414048,35.5381332]]}},{"type":"Feature","id":805171060,"properties":{"osm_id":805171060,"highway":"motorway_link","oneway":"yes","name":"五反田入口","name_en":"","ref":"","destination":"","maxspeed":"","bridge":"","tunnel":"","layer":"-1"},"geometry":{"type":"LineString","coordinates":[[139.7175551,35.6254327],[139.71715,35.6257136],[139.7161064,35.6262993]]}},{"type":"Feature","id":805171061,"properties":{"osm_id":805171061,"highway":"motorway_link","oneway":"yes","name":"五反田入口","name_en":"","ref":"","destination":"","maxspeed":"","bridge":"","tunnel":"yes","layer":"-1"},"geometry":{"type":"LineString","coordinates":[[139.7161064,35.6262993],[139.7141337,35.6273338],[139.7136266,35.6276109]]}},{"type":"Feature","id":805171062,"properties":{"osm_id":805171062,"highway":"motorway_link","oneway":"yes","name":"五反田出口","name_en":"Central Circular Route","ref":"C2","destination":"五反田","maxspeed":"","bridge":"","tunnel":"","layer":"0"},"geometry":{"type":"LineString","coordinates":[[139.7117933,35.6285625],[139.712537,35.6281757],[139.7126486,35.6281136],[139.7128811,35.6280135],[139.7130942,35.6279577]]}},{"type":"Feature","id":805363106,"properties":{"osm_id":805363106,"highway":"motorway","oneway":"yes","name":"首都高速中央環状線","name_en":"Central Circular Route","ref":"C2","destination":"","maxspeed":"","bridge":"","tunnel":"yes","layer":"-2"},"geometry":{"type":"LineString","coordinates":[[139.7534069,35.6152261],[139.7534147,35.6154075],[139.7534172,35.6155605],[139.7534105,35.615756],[139.753393,35.6159649],[139.7533608,35.6161597],[139.7533,35.6163739],[139.7532312,35.6165641],[139.7531542,35.6167276],[139.753072,35.6168748],[139.7529641,35.6170437],[139.7528494,35.6171877],[139.752714,35.617347],[139.7525824,35.6174724],[139.7524307,35.6175999],[139.7522661,35.6177263],[139.7520908,35.6178386],[139.7519192,35.6179365],[139.7517576,35.6180215],[139.7515893,35.6180977],[139.7514192,35.6181608],[139.7512292,35.6182235],[139.7510178,35.6182799],[139.7508186,35.6183231],[139.7505988,35.6183592],[139.7503669,35.6183811],[139.7501539,35.6183901],[139.7499184,35.6183866],[139.749687,35.6183711],[139.7494765,35.6183429],[139.7492579,35.6183026],[139.7490426,35.6182515],[139.7488328,35.6181895],[139.7486311,35.618121],[139.7483797,35.618024],[139.7481157,35.6179217],[139.7478771,35.6178323],[139.747634,35.6177502],[139.7473635,35.6176698],[139.7470863,35.6175993],[139.7459922,35.6173533],[139.7402143,35.6159523],[139.7399769,35.6159099],[139.7397369,35.6158806],[139.7394928,35.6158632],[139.7392461,35.6158525],[139.7378927,35.6158154],[139.7376773,35.6158135],[139.7374674,35.6158182],[139.737252,35.6158348],[139.7370393,35.6158624],[139.7368631,35.6158942],[139.7367074,35.6159306],[139.7365589,35.6159733],[139.73644,35.6160131],[139.736245,35.6160892],[139.7360625,35.6161678],[139.7358934,35.6162496],[139.7357208,35.616352],[139.7355633,35.6164611],[139.7354089,35.6165843],[139.73526,35.6167141],[139.7351392,35.6168395],[139.7350264,35.6169714],[139.7349227,35.6171175],[139.734825,35.6172685],[139.7345478,35.6177644],[139.7344825,35.617871],[139.7344156,35.6179736],[139.7343409,35.6180775],[139.734263,35.6181768],[139.7341771,35.6182728],[139.7340858,35.6183656],[139.7339878,35.618454],[139.7338844,35.6185391],[139.7337757,35.6186228],[139.7336616,35.6187033],[139.7335428,35.6187795],[139.7334213,35.6188501],[139.7332905,35.6189223],[139.732918,35.6191241],[139.7324528,35.6194098],[139.7322631,35.6195286],[139.7320842,35.6196474],[139.731919,35.6197634],[139.7313145,35.6202241],[139.7311353,35.6203456],[139.730936,35.6204593],[139.7307351,35.6205626],[139.7305543,35.6206386],[139.730344,35.6207167],[139.7301069,35.6207937],[139.7298701,35.6208555],[139.7296133,35.6209064],[139.7293618,35.6209442],[139.7291138,35.6209732],[139.7288483,35.6209883],[139.7285656,35.6209905],[139.7283055,35.6209793],[139.7280629,35.6209656],[139.7273776,35.6209047],[139.7272294,35.6208992],[139.7270927,35.620898],[139.7269499,35.6209007],[139.7268085,35.6209077],[139.7266653,35.620924],[139.7265229,35.6209452],[139.7263818,35.6209724],[139.7262427,35.6210034],[139.7261106,35.6210375],[139.7259813,35.621076],[139.7258532,35.6211211],[139.7257279,35.6211727],[139.7256056,35.6212256],[139.7254886,35.6212829],[139.7253649,35.6213555],[139.725256,35.6214303],[139.7251147,35.6215224],[139.7249787,35.6216211],[139.7244897,35.6220182],[139.7243274,35.6221308],[139.7224135,35.6233006],[139.721876,35.6235904],[139.7212233,35.6239069],[139.7198045,35.6245438],[139.718977,35.6249191],[139.7183336,35.6252298],[139.7177117,35.6255507],[139.7168027,35.6260332],[139.7157986,35.6265531],[139.7150663,35.6269448],[139.7141542,35.6274205],[139.7130339,35.6280141],[139.7119696,35.6285821],[139.7116541,35.628756],[139.7115424,35.628825],[139.7114166,35.6289088],[139.7113089,35.628987],[139.7111922,35.6290823],[139.711083,35.6291795],[139.710976,35.6292838],[139.7108749,35.629396],[139.7106845,35.6296192],[139.7099827,35.6305484],[139.7091678,35.6316809],[139.707611,35.6339806],[139.7071018,35.6347839],[139.7066875,35.6354097],[139.7062477,35.6360322],[139.7059839,35.636385],[139.7057067,35.6367292],[139.7051195,35.6374323],[139.7039789,35.6389053],[139.7034913,35.6395178],[139.7026531,35.6405352],[139.7022248,35.6410482],[139.7018561,35.6414932],[139.7008695,35.6426703],[139.7002818,35.643369],[139.7001678,35.6434997],[139.7000102,35.6436685],[139.6999215,35.6437541],[139.6998322,35.6438348],[139.6997304,35.6439212],[139.6996266,35.6440065]]}},{"type":"Feature","id":805363107,"properties":{"osm_id":805363107,"highway":"motorway","oneway":"yes","name":"首都高速中央環状線","name_en":"Central Circular Route","ref":"C2","destination":"","maxspeed":"","bridge":"","tunnel":"yes","layer":"-1"},"geometry":{"type":"LineString","coordinates":[[139.7532202,35.6152234],[139.7531917,35.6147526],[139.7531827,35.6142883],[139.7531821,35.6136704],[139.7531628,35.612961],[139.7530368,35.6112201]]}},{"type":"Feature","id":805398146,"properties":{"osm_id":805398146,"highway":"motorway_link","oneway":"yes","name":"八潮連結路","name_en":"","ref":"","destination":"","maxspeed":"","bridge":"yes","tunnel":"","layer":"1"},"geometry":{"type":"LineString","coordinates":[[139.7506669,35.6082455],[139.7506522,35.6084931],[139.7506682,35.6087266],[139.7508048,35.610011],[139.7507797,35.6104852]]}},{"type":"Feature","id":806000820,"properties":{"osm_id":806000820,"highway":"motorway_link","oneway":"yes","name":"五反田入口","name_en":"","ref":"","destination":"","maxspeed":"","bridge":"","tunnel":"yes","layer":"-2"},"geometry":{"type":"LineString","coordinates":[[139.7136266,35.6276109],[139.7120749,35.6284739],[139.7116541,35.628756]]}},{"type":"Feature","id":806097479,"properties":{"osm_id":806097479,"highway":"motorway","oneway":"yes","name":"首都高速中央環状線","name_en":"Central Circular Route","ref":"C2","destination":"","maxspeed":"","bridge":"","tunnel":"","layer":"0"},"geometry":{"type":"LineString","coordinates":[[139.7525728,35.6074219],[139.7525799,35.6075155],[139.752591,35.6076025],[139.7526074,35.607695],[139.7527707,35.6086038]]}},{"type":"Feature","id":806097480,"properties":{"osm_id":806097480,"highway":"motorway_link","oneway":"yes","name":"八潮連結路","name_en":"","ref":"","destination":"","maxspeed":"","bridge":"yes","tunnel":"","layer":"2"},"geometry":{"type":"LineString","coordinates":[[139.7511832,35.6075132],[139.7510509,35.6076037],[139.7509535,35.6076791],[139.7508808,35.607748],[139.7508238,35.6078215],[139.7507775,35.6078961],[139.7507463,35.6079549],[139.7507234,35.6080205],[139.7506976,35.6081069],[139.7506825,35.6081643],[139.7506669,35.6082455]]}},{"type":"Feature","id":807457064,"properties":{"osm_id":807457064,"highway":"motorway","oneway":"yes","name":"首都高速都心環状線","name_en":"Circle 1","ref":"C1","destination":"","maxspeed":"","bridge":"","tunnel":"","layer":"0"},"geometry":{"type":"LineString","coordinates":[[139.7465003,35.6793166],[139.7468785,35.6791721]]}},{"type":"Feature","id":807457065,"properties":{"osm_id":807457065,"highway":"motorway","oneway":"yes","name":"首都高速都心環状線","name_en":"Inner Circular Route","ref":"C1","destination":"","maxspeed":"","bridge":"","tunnel":"","layer":"0"},"geometry":{"type":"LineString","coordinates":[[139.7464891,35.6792962],[139.7465893,35.6792623],[139.7468785,35.6791721]]}},{"type":"Feature","id":809140339,"properties":{"osm_id":809140339,"highway":"motorway_link","oneway":"yes","name":"","name_en":"","ref":"","destination":"","maxspeed":"","bridge":"yes","tunnel":"","layer":"3"},"geometry":{"type":"LineString","coordinates":[[139.8161938,35.645276],[139.8159622,35.645199],[139.8158505,35.6451559],[139.8152327,35.6448973]]}},{"type":"Feature","id":810220979,"properties":{"osm_id":810220979,"highway":"motorway_link","oneway":"yes","name":"","name_en":"","ref":"","destination":"","maxspeed":"40","bridge":"yes","tunnel":"","layer":"2"},"geometry":{"type":"LineString","coordinates":[[139.6577652,35.4864765],[139.657959,35.4865399],[139.6581579,35.486611],[139.6583203,35.4866743],[139.658468,35.4867388],[139.6586138,35.4868075],[139.6587757,35.4868959]]}},{"type":"Feature","id":810220980,"properties":{"osm_id":810220980,"highway":"motorway_link","oneway":"yes","name":"","name_en":"","ref":"","destination":"","maxspeed":"","bridge":"yes","tunnel":"","layer":"3"},"geometry":{"type":"LineString","coordinates":[[139.6572641,35.4861236],[139.656628,35.4859372],[139.6555062,35.4856015],[139.6553741,35.4855591]]}},{"type":"Feature","id":810220982,"properties":{"osm_id":810220982,"highway":"motorway_link","oneway":"yes","name":"","name_en":"","ref":"","destination":"","maxspeed":"","bridge":"yes","tunnel":"","layer":"1"},"geometry":{"type":"LineString","coordinates":[[139.6549459,35.4854254],[139.6545703,35.4853168],[139.6535398,35.4850174]]}},{"type":"Feature","id":810220983,"properties":{"osm_id":810220983,"highway":"motorway_link","oneway":"yes","name":"","name_en":"","ref":"","destination":"","maxspeed":"","bridge":"yes","tunnel":"","layer":"2"},"geometry":{"type":"LineString","coordinates":[[139.6529075,35.4848466],[139.6525689,35.4847546],[139.652241,35.4846627],[139.6518339,35.4845444]]}},{"type":"Feature","id":810221494,"properties":{"osm_id":810221494,"highway":"motorway_link","oneway":"yes","name":"","name_en":"","ref":"","destination":"","maxspeed":"","bridge":"yes","tunnel":"","layer":"1"},"geometry":{"type":"LineString","coordinates":[[139.6566831,35.4863207],[139.6567212,35.4862836],[139.6567627,35.4862575],[139.6568149,35.4862444],[139.6568793,35.4862431],[139.656953,35.4862515]]}},{"type":"Feature","id":810225784,"properties":{"osm_id":810225784,"highway":"motorway_link","oneway":"yes","name":"","name_en":"","ref":"","destination":"","maxspeed":"40","bridge":"yes","tunnel":"","layer":"1"},"geometry":{"type":"LineString","coordinates":[[139.650615,35.4841542],[139.651628,35.4846201],[139.6518301,35.4847067],[139.6520306,35.4847886],[139.6522941,35.4848889]]}},{"type":"Feature","id":810225785,"properties":{"osm_id":810225785,"highway":"motorway_link","oneway":"yes","name":"","name_en":"","ref":"","destination":"","maxspeed":"","bridge":"yes","tunnel":"","layer":"1"},"geometry":{"type":"LineString","coordinates":[[139.6377098,35.4763071],[139.6372894,35.4758961],[139.636811,35.4753873]]}},{"type":"Feature","id":813251268,"properties":{"osm_id":813251268,"highway":"motorway_link","oneway":"yes","name":"汐留入口","name_en":"","ref":"","destination":"","maxspeed":"","bridge":"yes","tunnel":"","layer":"2"},"geometry":{"type":"LineString","coordinates":[[139.7617549,35.662027],[139.7616304,35.6618725],[139.7615497,35.6617457],[139.7614406,35.6615474]]}},{"type":"Feature","id":813251269,"properties":{"osm_id":813251269,"highway":"motorway_link","oneway":"yes","name":"汐留出口","name_en":"Shiodome Exit","ref":"","destination":"","maxspeed":"","bridge":"yes","tunnel":"","layer":"1"},"geometry":{"type":"LineString","coordinates":[[139.7616372,35.6620788],[139.7623457,35.6629542]]}},{"type":"Feature","id":813455519,"properties":{"osm_id":813455519,"highway":"motorway","oneway":"yes","name":"首都高速都心環状線","name_en":"Circle 1","ref":"","destination":"","maxspeed":"40","bridge":"yes","tunnel":"","layer":"2"},"geometry":{"type":"LineString","coordinates":[[139.7594143,35.6514102],[139.7594916,35.6516733],[139.7595111,35.651747],[139.7595253,35.65183],[139.7595313,35.6519152],[139.7595298,35.6519783],[139.7595211,35.6520395],[139.7595101,35.6520899],[139.759493,35.6521414],[139.7594685,35.6521959],[139.7594434,35.65224],[139.7594147,35.6522829],[139.7593867,35.65232],[139.7593544,35.6523552],[139.7593077,35.6523972],[139.7592531,35.6524375],[139.7591886,35.6524783],[139.7591079,35.6525208],[139.7590399,35.6525508],[139.7589519,35.6525806],[139.758869,35.6526016],[139.7587709,35.6526192],[139.7586594,35.6526307],[139.7583218,35.6526566],[139.7581641,35.6526698],[139.7580265,35.6526858],[139.7578905,35.6527039],[139.7571667,35.6528251]]}},{"type":"Feature","id":813455520,"properties":{"osm_id":813455520,"highway":"motorway","oneway":"yes","name":"首都高速11号台場線","name_en":"Daiba Route","ref":"11","destination":"","maxspeed":"","bridge":"yes","tunnel":"","layer":"2"},"geometry":{"type":"LineString","coordinates":[[139.7576876,35.6475613],[139.7573615,35.6468709],[139.7573338,35.646798],[139.7573116,35.6467254],[139.7572938,35.646653],[139.7572817,35.6465738],[139.7572742,35.646497],[139.7572721,35.6464058],[139.7572793,35.6463002],[139.7572982,35.6461816],[139.7573266,35.6460782]]}},{"type":"Feature","id":813455521,"properties":{"osm_id":813455521,"highway":"motorway_link","oneway":"yes","name":"","name_en":"","ref":"","destination":"","maxspeed":"","bridge":"yes","tunnel":"","layer":"2"},"geometry":{"type":"LineString","coordinates":[[139.7589153,35.6499668],[139.7584241,35.6491503]]}},{"type":"Feature","id":815436051,"properties":{"osm_id":815436051,"highway":"motorway_link","oneway":"yes","name":"","name_en":"","ref":"","destination":"","maxspeed":"","bridge":"yes","tunnel":"","layer":"2"},"geometry":{"type":"LineString","coordinates":[[139.6706828,35.4249312],[139.6707301,35.4253842],[139.6710188,35.4265579]]}},{"type":"Feature","id":816254799,"properties":{"osm_id":816254799,"highway":"motorway","oneway":"yes","name":"首都高速4号新宿線","name_en":"Route 4 Shinjuku Line","ref":"4","destination":"","maxspeed":"","bridge":"","tunnel":"","layer":"0"},"geometry":{"type":"LineString","coordinates":[[139.7275897,35.6817453],[139.7277073,35.6817664],[139.7278496,35.6817867],[139.7279754,35.6818007]]}},{"type":"Feature","id":816254800,"properties":{"osm_id":816254800,"highway":"motorway","oneway":"yes","name":"首都高速4号新宿線","name_en":"Route 4 Shinjuku Line","ref":"4","destination":"","maxspeed":"","bridge":"","tunnel":"yes","layer":"-1"},"geometry":{"type":"LineString","coordinates":[[139.7279754,35.6818007],[139.7282132,35.6818136],[139.7284678,35.6818174],[139.728725,35.6818091],[139.7289826,35.6817905],[139.7292454,35.681761],[139.7294906,35.6817243],[139.7297287,35.681679],[139.7299567,35.6816273]]}},{"type":"Feature","id":816254801,"properties":{"osm_id":816254801,"highway":"motorway","oneway":"yes","name":"首都高速4号新宿線","name_en":"Route 4 Shinjuku Line","ref":"4","destination":"","maxspeed":"","bridge":"","tunnel":"yes","layer":"-1"},"geometry":{"type":"LineString","coordinates":[[139.727592,35.6816625],[139.7274718,35.6816322],[139.7273556,35.6815943],[139.727199,35.6815344],[139.7270709,35.6814822],[139.7264145,35.6812005]]}},{"type":"Feature","id":816254802,"properties":{"osm_id":816254802,"highway":"motorway","oneway":"yes","name":"首都高速4号新宿線","name_en":"Route 4 Shinjuku Line","ref":"4","destination":"","maxspeed":"","bridge":"","tunnel":"","layer":"0"},"geometry":{"type":"LineString","coordinates":[[139.7279857,35.681718],[139.7278625,35.6817051],[139.7277233,35.6816856],[139.727592,35.6816625]]}},{"type":"Feature","id":817278023,"properties":{"osm_id":817278023,"highway":"motorway","oneway":"yes","name":"首都高速6号向島線","name_en":"Shuto Expressway Route 6 Mukojima Line","ref":"6","destination":"","maxspeed":"60","bridge":"yes","tunnel":"","layer":"2"},"geometry":{"type":"LineString","coordinates":[[139.7897859,35.6921755],[139.7898423,35.6918513],[139.7898586,35.6917307],[139.7898736,35.6916156],[139.7898827,35.691502],[139.7898815,35.691389],[139.7898773,35.6913334],[139.7898685,35.6912772],[139.7898525,35.6912132],[139.7898374,35.6911671],[139.7898186,35.6911233],[139.7897952,35.6910772],[139.7897683,35.6910335],[139.7897364,35.6909907],[139.7896998,35.6909452],[139.7896582,35.6909011],[139.7895861,35.6908347],[139.7891683,35.6904823],[139.7890832,35.6904063],[139.7890194,35.6903379],[139.7889646,35.690269],[139.7889108,35.6901847],[139.7888807,35.6901239],[139.7888585,35.6900677],[139.7888422,35.6900046],[139.788833,35.6899437],[139.7888289,35.6898747],[139.7888305,35.6898117],[139.7888401,35.6897331],[139.7888581,35.6896612],[139.7888792,35.6895997],[139.788906,35.6895406],[139.788939,35.6894793],[139.7889829,35.6894138],[139.7890472,35.6893316],[139.7894454,35.6888196],[139.7897834,35.6884051]]}},{"type":"Feature","id":817278024,"properties":{"osm_id":817278024,"highway":"motorway","oneway":"yes","name":"首都高速6号向島線","name_en":"Metropolitan Expressway Route 6 Mukojima Line","ref":"6","destination":"","maxspeed":"60","bridge":"yes","tunnel":"","layer":"4"},"geometry":{"type":"LineString","coordinates":[[139.7895726,35.692906],[139.7895602,35.6931414],[139.7895653,35.6933953],[139.7895875,35.6937963],[139.7896127,35.6940472],[139.7896397,35.6942065],[139.7896784,35.6943794],[139.7897194,35.6945309],[139.7897648,35.6946667],[139.7899134,35.6950665],[139.7899827,35.6952458],[139.7900543,35.6953943],[139.7901412,35.6955637],[139.7902155,35.6956827],[139.7902989,35.6958159],[139.7903933,35.69595],[139.7905076,35.696102],[139.7906139,35.6962311],[139.790687,35.6963123],[139.79087,35.6965006],[139.7911672,35.6967966],[139.7913647,35.6969887],[139.791535,35.6971648],[139.7916793,35.6973156],[139.7918529,35.6975114],[139.7919813,35.6976661],[139.7926898,35.6985399],[139.7931283,35.6990749],[139.7932276,35.6992099],[139.7933367,35.6993594],[139.793432,35.6995033],[139.7942887,35.7009543],[139.7944661,35.7012841],[139.7945988,35.7015567],[139.7949887,35.7025619],[139.7951349,35.7029011],[139.7952994,35.7032238],[139.7954685,35.7035373],[139.7956224,35.7038032],[139.7957805,35.7040458],[139.7961862,35.704616],[139.7965578,35.7051427],[139.7969633,35.7057773],[139.7970522,35.7059299],[139.7972282,35.706278],[139.797743,35.7073288],[139.7979353,35.7076569],[139.7982246,35.7080618],[139.7985768,35.7085088],[139.7993098,35.7094271],[139.7996288,35.709822],[139.7999974,35.7102465],[139.8005462,35.7108224],[139.8006693,35.7109478],[139.8008305,35.7110935],[139.8009904,35.7112243],[139.8011689,35.7113437],[139.8013788,35.7114691],[139.8015983,35.7115835],[139.8017982,35.7116833],[139.8023404,35.7119609],[139.8024616,35.712023],[139.8026952,35.7121579],[139.8029232,35.7123097],[139.8031128,35.712458],[139.8033922,35.7127037],[139.8054001,35.7145939],[139.8059716,35.7151517],[139.8065336,35.7157131],[139.8070711,35.7162679],[139.8074914,35.7167126],[139.8075966,35.7168341],[139.8077085,35.7169693],[139.8081115,35.7174772],[139.8085791,35.7181531],[139.8086965,35.7183658],[139.8088145,35.718612],[139.808878,35.7187654],[139.8089414,35.7189358],[139.808995,35.7190975],[139.8092098,35.7198872],[139.8097564,35.7218628],[139.8100296,35.7228646],[139.8103153,35.7239371],[139.810405,35.7244083],[139.8105127,35.7252609],[139.8106095,35.7260298],[139.8107211,35.7270025],[139.8108875,35.7283959],[139.8109849,35.7292029],[139.8110554,35.7296384],[139.8111485,35.7300391],[139.8112603,35.7304212],[139.8113547,35.7306942],[139.8114755,35.730981],[139.8116245,35.7313247],[139.8118775,35.731882],[139.8120726,35.7323102],[139.8121965,35.7325574],[139.8123007,35.7327333],[139.8124188,35.7329175],[139.812563,35.7331073],[139.81271,35.7332821],[139.8129968,35.7335621],[139.8132978,35.7338369],[139.813892,35.7343735],[139.8141845,35.734672],[139.8144254,35.7349575],[139.8145821,35.735172],[139.814713,35.7353647],[139.8148224,35.7355436],[139.8149522,35.7357703],[139.815281,35.7364061],[139.8153526,35.7365677],[139.8154215,35.7367483],[139.8154678,35.7369156],[139.8155141,35.7370957],[139.8155395,35.7372825],[139.8155502,35.7374464],[139.8155499,35.7376335],[139.8155389,35.7377999],[139.8154596,35.7385133],[139.8154435,35.7386839],[139.8154369,35.73886],[139.8154423,35.7390354],[139.8154595,35.7391898],[139.8154837,35.7393225],[139.8155267,35.7394628],[139.8155816,35.7396068],[139.815645,35.739742],[139.8157181,35.7398748],[139.8158362,35.7400583],[139.8161337,35.7404718],[139.8168506,35.7414239],[139.8169845,35.7415911],[139.8170833,35.7416974],[139.8171812,35.7417981],[139.8172901,35.7418949],[139.8174191,35.7419887],[139.8175601,35.7420728],[139.8176893,35.7421392],[139.8178224,35.7421959],[139.8182836,35.7423774],[139.8205347,35.7432031]]}},{"type":"Feature","id":817278025,"properties":{"osm_id":817278025,"highway":"motorway","oneway":"yes","name":"首都高速6号向島線","name_en":"Shuto Expressway Route 6 Mukojima Line","ref":"6","destination":"","maxspeed":"60","bridge":"yes","tunnel":"","layer":"4"},"geometry":{"type":"LineString","coordinates":[[139.7897834,35.6884051],[139.7898355,35.6883492],[139.789964,35.6882185],[139.7900487,35.6881421],[139.7901482,35.6880566],[139.790344,35.6878982],[139.7907759,35.6875786],[139.7910191,35.6874074],[139.791115,35.6873284],[139.7912083,35.6872505],[139.7912907,35.6871713],[139.7913633,35.687099],[139.7914417,35.6870155],[139.7915208,35.6869207],[139.7915998,35.6868205],[139.7916697,35.6867259],[139.7919482,35.6863214],[139.7920012,35.686229]]}},{"type":"Feature","id":817614009,"properties":{"osm_id":817614009,"highway":"motorway_link","oneway":"yes","name":"首都高速9号深川線","name_en":"Fukagawa Route","ref":"9","destination":"","maxspeed":"40","bridge":"yes","tunnel":"","layer":"4"},"geometry":{"type":"LineString","coordinates":[[139.7885731,35.6827771],[139.7889506,35.683009],[139.789371,35.6832886],[139.7895049,35.6833585]]}},{"type":"Feature","id":817790406,"properties":{"osm_id":817790406,"highway":"motorway_link","oneway":"yes","name":"首都高速道路","name_en":"Metropolitan Expressway","ref":"","destination":"","maxspeed":"40","bridge":"yes","tunnel":"","layer":"3"},"geometry":{"type":"LineString","coordinates":[[139.7768346,35.6853981],[139.7768539,35.6852649],[139.7768741,35.6851684],[139.7768978,35.685093],[139.7769254,35.6850234],[139.776963,35.6849476],[139.777022,35.6848684],[139.7770562,35.6848319],[139.7770931,35.684801]]}},{"type":"Feature","id":819118929,"properties":{"osm_id":819118929,"highway":"motorway_link","oneway":"yes","name":"","name_en":"","ref":"","destination":"","maxspeed":"40","bridge":"yes","tunnel":"","layer":"1"},"geometry":{"type":"LineString","coordinates":[[139.7748177,35.6919725],[139.7748173,35.6917966],[139.7748279,35.6916698],[139.7748469,35.6915645],[139.7748801,35.6914402],[139.774948,35.6912602],[139.7752122,35.6906669]]}},{"type":"Feature","id":819155985,"properties":{"osm_id":819155985,"highway":"motorway_link","oneway":"yes","name":"","name_en":"","ref":"","destination":"","maxspeed":"","bridge":"yes","tunnel":"","layer":"3"},"geometry":{"type":"LineString","coordinates":[[139.7568779,35.6923358],[139.7566382,35.6925953],[139.7563432,35.6928996],[139.7560802,35.6932124]]}},{"type":"Feature","id":820103843,"properties":{"osm_id":820103843,"highway":"motorway_link","oneway":"yes","name":"","name_en":"","ref":"","destination":"","maxspeed":"","bridge":"yes","tunnel":"","layer":"4"},"geometry":{"type":"LineString","coordinates":[[139.7710289,35.6349646],[139.7706018,35.6348559],[139.7703733,35.6348122],[139.7701998,35.6347872],[139.7700474,35.6347701],[139.7698985,35.6347537],[139.7697516,35.6347394],[139.7696019,35.63473],[139.7694596,35.6347275],[139.7693208,35.634731],[139.7691173,35.6347484],[139.7689345,35.634773],[139.7686534,35.6348355]]}},{"type":"Feature","id":820214407,"properties":{"osm_id":820214407,"highway":"motorway_link","oneway":"yes","name":"","name_en":"","ref":"","destination":"","maxspeed":"","bridge":"yes","tunnel":"","layer":"2"},"geometry":{"type":"LineString","coordinates":[[139.7767682,35.6358271],[139.7768802,35.6357372],[139.7770002,35.6356371],[139.7771094,35.6355327],[139.7772091,35.6354256],[139.7773114,35.6353083],[139.7774173,35.6351805],[139.7778024,35.6346941],[139.7779888,35.6344166]]}},{"type":"Feature","id":820335271,"properties":{"osm_id":820335271,"highway":"motorway_link","oneway":"yes","name":"","name_en":"","ref":"","destination":"","maxspeed":"","bridge":"yes","tunnel":"","layer":"1"},"geometry":{"type":"LineString","coordinates":[[139.7540337,35.5590944],[139.7541543,35.5594435],[139.7543027,35.5599321],[139.7543394,35.5600923],[139.7543433,35.5602415],[139.7543396,35.5604156],[139.7543143,35.5605994],[139.7542559,35.5607938],[139.7541761,35.5609685],[139.7539898,35.5612906]]}},{"type":"Feature","id":820335272,"properties":{"osm_id":820335272,"highway":"motorway_link","oneway":"yes","name":"羽田可動橋","name_en":"","ref":"","destination":"","maxspeed":"","bridge":"movable","tunnel":"","layer":"1"},"geometry":{"type":"LineString","coordinates":[[139.7539898,35.5612906],[139.7538642,35.5614822],[139.7536877,35.5617513]]}},{"type":"Feature","id":820335273,"properties":{"osm_id":820335273,"highway":"motorway_link","oneway":"yes","name":"羽田可動橋","name_en":"","ref":"","destination":"","maxspeed":"","bridge":"movable","tunnel":"","layer":"1"},"geometry":{"type":"LineString","coordinates":[[139.7536877,35.5617513],[139.7534796,35.5620687],[139.753346,35.5622724]]}},{"type":"Feature","id":820335276,"properties":{"osm_id":820335276,"highway":"motorway_link","oneway":"yes","name":"","name_en":"","ref":"","destination":"","maxspeed":"","bridge":"","tunnel":"","layer":"0"},"geometry":{"type":"LineString","coordinates":[[139.7539804,35.558942],[139.7540337,35.5590944]]}},{"type":"Feature","id":829195161,"properties":{"osm_id":829195161,"highway":"motorway","oneway":"yes","name":"東京湾アクアライン;東京湾横断・木更津東金道路","name_en":"Tokyo-Wan-Aqua-Line Expressway","ref":"CA;409","destination":"","maxspeed":"80","bridge":"","tunnel":"","layer":"0"},"geometry":{"type":"LineString","coordinates":[[139.7927618,35.5181445],[139.7934917,35.5178681],[139.7938904,35.5177243]]}},{"type":"Feature","id":829195162,"properties":{"osm_id":829195162,"highway":"motorway_link","oneway":"yes","name":"","name_en":"","ref":"","destination":"","maxspeed":"","bridge":"","tunnel":"","layer":"0"},"geometry":{"type":"LineString","coordinates":[[139.7909784,35.5190562],[139.7911103,35.5189727],[139.791374,35.5188257],[139.7916145,35.518691],[139.7920161,35.5185011],[139.7927618,35.5181445]]}},{"type":"Feature","id":829195163,"properties":{"osm_id":829195163,"highway":"motorway_link","oneway":"yes","name":"","name_en":"","ref":"","destination":"","maxspeed":"","bridge":"","tunnel":"","layer":"0"},"geometry":{"type":"LineString","coordinates":[[139.7878632,35.5206249],[139.7885834,35.5202505]]}},{"type":"Feature","id":829195164,"properties":{"osm_id":829195164,"highway":"motorway_link","oneway":"yes","name":"","name_en":"","ref":"","destination":"","maxspeed":"","bridge":"","tunnel":"","layer":"1"},"geometry":{"type":"LineString","coordinates":[[139.7896345,35.5144535],[139.7895609,35.5143838],[139.7894801,35.5143206],[139.7894102,35.5142806],[139.7893483,35.514254],[139.7892481,35.5142226],[139.7891404,35.514204]]}},{"type":"Feature","id":829195167,"properties":{"osm_id":829195167,"highway":"motorway","oneway":"yes","name":"首都高速神奈川6号川崎線","name_en":"Kanagawa Route 6 Kawasaki Line","ref":"K6","destination":"","maxspeed":"80","bridge":"","tunnel":"","layer":"0"},"geometry":{"type":"LineString","coordinates":[[139.7915107,35.5185308],[139.7894968,35.5194417]]}},{"type":"Feature","id":844473439,"properties":{"osm_id":844473439,"highway":"motorway_link","oneway":"yes","name":"東名高速道路","name_en":"Tomei Expressway","ref":"","destination":"横浜;静岡","maxspeed":"40","bridge":"yes","tunnel":"","layer":"2"},"geometry":{"type":"LineString","coordinates":[[139.6241326,35.6274595],[139.6232248,35.627561],[139.6224783,35.6276389],[139.62154,35.6277378],[139.62089,35.6278195],[139.6203351,35.6279056]]}},{"type":"Feature","id":844473440,"properties":{"osm_id":844473440,"highway":"motorway_link","oneway":"yes","name":"東名高速道路","name_en":"Tomei Expressway","ref":"","destination":"世田谷","maxspeed":"40","bridge":"","tunnel":"","layer":"0"},"geometry":{"type":"LineString","coordinates":[[139.624161,35.6277031],[139.6252041,35.6275861]]}},{"type":"Feature","id":844473441,"properties":{"osm_id":844473441,"highway":"motorway_link","oneway":"yes","name":"","name_en":"","ref":"","destination":"","maxspeed":"40","bridge":"yes","tunnel":"","layer":"2"},"geometry":{"type":"LineString","coordinates":[[139.6298248,35.6267887],[139.6299166,35.6267734],[139.6300083,35.6267624],[139.6301543,35.6267447],[139.6302486,35.6267296],[139.6303387,35.6267082],[139.6305978,35.6266158]]}},{"type":"Feature","id":844474080,"properties":{"osm_id":844474080,"highway":"motorway_link","oneway":"yes","name":"","name_en":"","ref":"","destination":"","maxspeed":"40","bridge":"yes","tunnel":"","layer":"1"},"geometry":{"type":"LineString","coordinates":[[139.6297258,35.6265748],[139.6293993,35.6266731],[139.6290795,35.6267583],[139.628812,35.6268217],[139.6285324,35.6268819],[139.6281914,35.6269449],[139.6278156,35.627008]]}},{"type":"Feature","id":844502071,"properties":{"osm_id":844502071,"highway":"motorway_link","oneway":"yes","name":"","name_en":"","ref":"","destination":"","maxspeed":"","bridge":"yes","tunnel":"","layer":"2"},"geometry":{"type":"LineString","coordinates":[[139.7525482,35.6975593],[139.752672,35.6968333],[139.7527354,35.6965119]]}},{"type":"Feature","id":844502072,"properties":{"osm_id":844502072,"highway":"motorway_link","oneway":"yes","name":"","name_en":"","ref":"","destination":"","maxspeed":"","bridge":"yes","tunnel":"","layer":"1"},"geometry":{"type":"LineString","coordinates":[[139.7523109,35.697564],[139.7522693,35.6978176],[139.7522532,35.6979158]]}},{"type":"Feature","id":845801345,"properties":{"osm_id":845801345,"highway":"motorway_link","oneway":"yes","name":"","name_en":"","ref":"","destination":"","maxspeed":"","bridge":"yes","tunnel":"","layer":"1"},"geometry":{"type":"LineString","coordinates":[[139.7734084,35.6248424],[139.7731643,35.6246961],[139.7727101,35.6243939],[139.7721165,35.6240004]]}},{"type":"Feature","id":848042051,"properties":{"osm_id":848042051,"highway":"motorway","oneway":"yes","name":"首都高速4号新宿線","name_en":"Route 4 Shinjuku Line","ref":"4","destination":"","maxspeed":"60","bridge":"yes","tunnel":"","layer":"3"},"geometry":{"type":"LineString","coordinates":[[139.6499892,35.6700516],[139.649777,35.6699702]]}},{"type":"Feature","id":848042052,"properties":{"osm_id":848042052,"highway":"motorway","oneway":"yes","name":"首都高速4号新宿線","name_en":"Route 4 Shinjuku Line","ref":"4","destination":"","maxspeed":"60","bridge":"yes","tunnel":"","layer":"3"},"geometry":{"type":"LineString","coordinates":[[139.6783929,35.6776052],[139.6742642,35.6764163],[139.6711443,35.6754964],[139.6692625,35.6749464],[139.6668895,35.6742661],[139.6651408,35.6737593],[139.6631124,35.6731636],[139.6624312,35.6729756],[139.6611704,35.6726468],[139.6601167,35.6723784],[139.6581687,35.671885],[139.6576403,35.6717483],[139.6572716,35.6716385],[139.6569191,35.6715162],[139.6557339,35.6710564],[139.6554791,35.670966],[139.6552687,35.6708975],[139.6550261,35.6708343],[139.654785,35.6707854],[139.6544668,35.6707374],[139.6541281,35.6707033],[139.6534743,35.670654],[139.6531384,35.6706206],[139.6526407,35.6705494],[139.6507637,35.670245],[139.650493,35.6701951],[139.6502311,35.6701315],[139.6499892,35.6700516]]}},{"type":"Feature","id":848042053,"properties":{"osm_id":848042053,"highway":"motorway","oneway":"yes","name":"首都高速4号新宿線","name_en":"Route 4 Shinjuku Line","ref":"4","destination":"","maxspeed":"60","bridge":"yes","tunnel":"","layer":"3"},"geometry":{"type":"LineString","coordinates":[[139.680409,35.67822],[139.6801858,35.6781346],[139.6799573,35.6780602],[139.6787079,35.6776969],[139.6783929,35.6776052]]}},{"type":"Feature","id":848042054,"properties":{"osm_id":848042054,"highway":"motorway","oneway":"yes","name":"首都高速4号新宿線","name_en":"Route 4 Shinjuku Line","ref":"4","destination":"","maxspeed":"60","bridge":"yes","tunnel":"","layer":"3"},"geometry":{"type":"LineString","coordinates":[[139.6878577,35.6821395],[139.6853553,35.6805488],[139.6849406,35.6802954],[139.6846108,35.6801154],[139.684257,35.679935],[139.6839046,35.6797728],[139.682219,35.6790523],[139.6806066,35.6783042],[139.680409,35.67822]]}},{"type":"Feature","id":848042055,"properties":{"osm_id":848042055,"highway":"motorway_link","oneway":"yes","name":"","name_en":"","ref":"","destination":"","maxspeed":"","bridge":"yes","tunnel":"","layer":"4"},"geometry":{"type":"LineString","coordinates":[[139.686498,35.6814537],[139.6875306,35.6821106]]}},{"type":"Feature","id":848042056,"properties":{"osm_id":848042056,"highway":"motorway","oneway":"yes","name":"首都高速4号新宿線","name_en":"Route 4 Shinjuku Line","ref":"4","destination":"","maxspeed":"50","bridge":"yes","tunnel":"","layer":"3"},"geometry":{"type":"LineString","coordinates":[[139.6855413,35.6807621],[139.687797,35.6821885]]}},{"type":"Feature","id":848042057,"properties":{"osm_id":848042057,"highway":"motorway","oneway":"yes","name":"首都高速4号新宿線","name_en":"Route 4 Shinjuku Line","ref":"4","destination":"","maxspeed":"50","bridge":"yes","tunnel":"","layer":"3"},"geometry":{"type":"LineString","coordinates":[[139.6842004,35.680023],[139.6844393,35.680117],[139.6846828,35.680237],[139.684895,35.6803549],[139.685297,35.6806002],[139.6855413,35.6807621]]}},{"type":"Feature","id":848042058,"properties":{"osm_id":848042058,"highway":"motorway","oneway":"yes","name":"首都高速4号新宿線","name_en":"Route 4 Shinjuku Line","ref":"4","destination":"","maxspeed":"60","bridge":"yes","tunnel":"","layer":"3"},"geometry":{"type":"LineString","coordinates":[[139.6803185,35.6783856],[139.6804588,35.6784453]]}},{"type":"Feature","id":850330236,"properties":{"osm_id":850330236,"highway":"motorway","oneway":"yes","name":"東名高速道路","name_en":"Tomei Expressway","ref":"E1","destination":"","maxspeed":"60","bridge":"","tunnel":"","layer":"0"},"geometry":{"type":"LineString","coordinates":[[139.6203715,35.6280027],[139.6201641,35.6280261],[139.6191652,35.6281507],[139.6180862,35.6282679]]}},{"type":"Feature","id":853280968,"properties":{"osm_id":853280968,"highway":"motorway_link","oneway":"yes","name":"首都高速湾岸線","name_en":"Bayshore Route","ref":"","destination":"","maxspeed":"80","bridge":"yes","tunnel":"","layer":"1"},"geometry":{"type":"LineString","coordinates":[[139.6700606,35.4331299],[139.6699176,35.4335142],[139.669797,35.4338452],[139.669717,35.4340719],[139.6696066,35.4344078],[139.6695532,35.4345452],[139.6693695,35.4350831],[139.669202,35.435531],[139.6690678,35.4358897],[139.6688949,35.4362564]]}},{"type":"Feature","id":857789830,"properties":{"osm_id":857789830,"highway":"motorway","oneway":"yes","name":"首都高速5号池袋線","name_en":"Route 5 Ikebukuro Line","ref":"5","destination":"","maxspeed":"","bridge":"yes","tunnel":"","layer":"3"},"geometry":{"type":"LineString","coordinates":[[139.7578447,35.6916725],[139.7579873,35.6915909],[139.758098,35.6915372],[139.7582107,35.6914935],[139.7583251,35.6914571],[139.7584547,35.6914246],[139.7586366,35.6913902],[139.7588198,35.6913677],[139.7589959,35.6913533],[139.759173,35.6913452],[139.7601575,35.691328],[139.7602973,35.6913227],[139.7604001,35.6913142],[139.7604955,35.6913011],[139.7605962,35.6912828],[139.7607112,35.6912556],[139.7608372,35.6912161],[139.7609526,35.6911723],[139.7610672,35.6911169],[139.7611985,35.6910427]]}},{"type":"Feature","id":859747331,"properties":{"osm_id":859747331,"highway":"motorway_link","oneway":"yes","name":"外苑出口","name_en":"","ref":"4","destination":"青山","maxspeed":"","bridge":"","tunnel":"","layer":"0"},"geometry":{"type":"LineString","coordinates":[[139.7201965,35.6790738],[139.720288,35.6789361],[139.7203156,35.6788721],[139.7203239,35.678801],[139.720321,35.6787634],[139.7203068,35.6787078],[139.7202912,35.6786589],[139.7202847,35.6785933]]}},{"type":"Feature","id":861095931,"properties":{"osm_id":861095931,"highway":"motorway_link","oneway":"yes","name":"","name_en":"","ref":"","destination":"","maxspeed":"","bridge":"","tunnel":"","layer":"0"},"geometry":{"type":"LineString","coordinates":[[139.7497018,35.6534188],[139.7498035,35.6534141],[139.7498735,35.6534121],[139.749928,35.6534111],[139.7499784,35.6534116],[139.7500145,35.6534144],[139.7500495,35.6534241]]}},{"type":"Feature","id":863812378,"properties":{"osm_id":863812378,"highway":"motorway","oneway":"yes","name":"首都高速中央環状線","name_en":"Central Circular Route","ref":"C2","destination":"","maxspeed":"","bridge":"","tunnel":"yes","layer":"-2"},"geometry":{"type":"LineString","coordinates":[[139.6875971,35.6710367],[139.6875494,35.6714881],[139.6875408,35.6721016],[139.687571,35.672585],[139.6875891,35.6729149]]}},{"type":"Feature","id":863812379,"properties":{"osm_id":863812379,"highway":"motorway","oneway":"yes","name":"首都高速中央環状線","name_en":"Central Circular Route","ref":"C2","destination":"","maxspeed":"","bridge":"","tunnel":"yes","layer":"-2"},"geometry":{"type":"LineString","coordinates":[[139.6875891,35.6729149],[139.6876007,35.6732849]]}},{"type":"Feature","id":863812380,"properties":{"osm_id":863812380,"highway":"motorway","oneway":"yes","name":"首都高速中央環状線","name_en":"Central Circular Route","ref":"C2","destination":"","maxspeed":"","bridge":"","tunnel":"yes","layer":"-2"},"geometry":{"type":"LineString","coordinates":[[139.6876007,35.6732849],[139.6876155,35.6735641],[139.6876332,35.6740297],[139.6876842,35.6752001],[139.687727,35.6762998]]}},{"type":"Feature","id":863812381,"properties":{"osm_id":863812381,"highway":"motorway","oneway":"yes","name":"首都高速中央環状線","name_en":"Central Circular Route","ref":"C2","destination":"","maxspeed":"","bridge":"","tunnel":"yes","layer":"-2"},"geometry":{"type":"LineString","coordinates":[[139.687727,35.6762998],[139.6877401,35.6766255],[139.6877579,35.6768949],[139.6877914,35.6771744],[139.6878353,35.6773623],[139.6878778,35.6775337],[139.6879527,35.6777648],[139.6882,35.678408],[139.6882978,35.678684],[139.6883775,35.6789234],[139.6884286,35.6791106]]}},{"type":"Feature","id":864490590,"properties":{"osm_id":864490590,"highway":"motorway_link","oneway":"yes","name":"","name_en":"","ref":"","destination":"","maxspeed":"","bridge":"","tunnel":"","layer":"0"},"geometry":{"type":"LineString","coordinates":[[139.6416991,35.5047905],[139.6414646,35.5051261],[139.6413587,35.5052702],[139.6412556,35.5054122],[139.641143,35.5055575],[139.6410369,35.5056845],[139.6409242,35.5058095]]}},{"type":"Feature","id":875943891,"properties":{"osm_id":875943891,"highway":"motorway_link","oneway":"yes","name":"","name_en":"","ref":"","destination":"","maxspeed":"","bridge":"","tunnel":"","layer":"0"},"geometry":{"type":"LineString","coordinates":[[139.7925883,35.5415978],[139.792751,35.5413505],[139.7928603,35.5411918],[139.793133,35.5408149],[139.7934106,35.5404231],[139.7935542,35.540222]]}},{"type":"Feature","id":876405654,"properties":{"osm_id":876405654,"highway":"motorway","oneway":"yes","name":"首都高速6号向島線","name_en":"Shuto Expressway Route 6 Mukojima Line","ref":"6","destination":"銀座","maxspeed":"60","bridge":"yes","tunnel":"","layer":"4"},"geometry":{"type":"LineString","coordinates":[[139.7887553,35.6827111],[139.7884722,35.6825439],[139.788286,35.6824476],[139.7881051,35.6823621],[139.7867654,35.6817477],[139.7860118,35.6814001],[139.7853496,35.6811002]]}},{"type":"Feature","id":876405655,"properties":{"osm_id":876405655,"highway":"motorway","oneway":"yes","name":"首都高速7号小松川線","name_en":"Shuto Expressway Route 7 Komatsugawa Line","ref":"7","destination":"","maxspeed":"","bridge":"yes","tunnel":"","layer":"3"},"geometry":{"type":"LineString","coordinates":[[139.7937643,35.6919275],[139.7918075,35.6918251]]}},{"type":"Feature","id":876418574,"properties":{"osm_id":876418574,"highway":"motorway","oneway":"yes","name":"首都高速4号新宿線","name_en":"Route 4 Shinjuku Line","ref":"4","destination":"","maxspeed":"40","bridge":"yes","tunnel":"","layer":"2"},"geometry":{"type":"LineString","coordinates":[[139.7419028,35.6794961],[139.7418574,35.6794407],[139.7418098,35.6793896],[139.7417517,35.6793362],[139.7416864,35.679283],[139.7416146,35.6792299],[139.7415258,35.6791741],[139.7414266,35.6791221],[139.741331,35.6790826],[139.7412168,35.6790441],[139.7410971,35.6790126],[139.7408347,35.6789554],[139.7401017,35.678789]]}},{"type":"Feature","id":878618789,"properties":{"osm_id":878618789,"highway":"motorway_link","oneway":"yes","name":"","name_en":"","ref":"","destination":"","maxspeed":"","bridge":"","tunnel":"","layer":"0"},"geometry":{"type":"LineString","coordinates":[[139.7852997,35.5518599],[139.7859585,35.5509357]]}},{"type":"Feature","id":878618790,"properties":{"osm_id":878618790,"highway":"motorway","oneway":"yes","name":"首都高速湾岸線","name_en":"Bayshore Route","ref":"B","destination":"","maxspeed":"80","bridge":"","tunnel":"","layer":"0"},"geometry":{"type":"LineString","coordinates":[[139.7894144,35.545548],[139.7891618,35.5459042],[139.7889573,35.5462047],[139.78833,35.5470897],[139.7878665,35.5477463],[139.7875781,35.5481435],[139.7869358,35.549055],[139.786047,35.550291]]}},{"type":"Feature","id":878618791,"properties":{"osm_id":878618791,"highway":"motorway","oneway":"yes","name":"首都高速湾岸線","name_en":"Bayshore Route","ref":"B","destination":"","maxspeed":"80","bridge":"","tunnel":"","layer":"0"},"geometry":{"type":"LineString","coordinates":[[139.7861925,35.5503586],[139.7870726,35.5491118],[139.7877297,35.548198],[139.7880113,35.547793]]}},{"type":"Feature","id":878618792,"properties":{"osm_id":878618792,"highway":"motorway","oneway":"yes","name":"首都高速湾岸線","name_en":"Bayshore Route","ref":"B","destination":"","maxspeed":"80","bridge":"","tunnel":"","layer":"-1"},"geometry":{"type":"LineString","coordinates":[[139.7948545,35.5374046],[139.7949977,35.537027],[139.7951487,35.5365344],[139.7952698,35.5361059]]}},{"type":"Feature","id":880273111,"properties":{"osm_id":880273111,"highway":"motorway_link","oneway":"yes","name":"","name_en":"","ref":"","destination":"","maxspeed":"","bridge":"","tunnel":"","layer":"-1"},"geometry":{"type":"LineString","coordinates":[[139.7823089,35.5560555],[139.7825892,35.5556776],[139.7828977,35.5552553],[139.7835333,35.5543542]]}},{"type":"Feature","id":880644157,"properties":{"osm_id":880644157,"highway":"motorway_link","oneway":"yes","name":"霞が関出口","name_en":"Circle 1","ref":"C1","destination":"","maxspeed":"","bridge":"","tunnel":"","layer":"0"},"geometry":{"type":"LineString","coordinates":[[139.7488943,35.6754895],[139.7483908,35.6746788],[139.748144,35.6743008],[139.7481202,35.6742618]]}},{"type":"Feature","id":884343941,"properties":{"osm_id":884343941,"highway":"motorway_link","oneway":"yes","name":"","name_en":"","ref":"","destination":"","maxspeed":"40","bridge":"","tunnel":"","layer":"-1"},"geometry":{"type":"LineString","coordinates":[[139.7932122,35.5399444],[139.792928,35.540358]]}},{"type":"Feature","id":884343942,"properties":{"osm_id":884343942,"highway":"motorway_link","oneway":"yes","name":"","name_en":"","ref":"","destination":"","maxspeed":"","bridge":"","tunnel":"","layer":"-1"},"geometry":{"type":"LineString","coordinates":[[139.7935542,35.540222],[139.7937737,35.5398712]]}},{"type":"Feature","id":888066399,"properties":{"osm_id":888066399,"highway":"motorway","oneway":"yes","name":"首都高速湾岸線","name_en":"Bayshore Route","ref":"B","destination":"","maxspeed":"80","bridge":"","tunnel":"","layer":"0"},"geometry":{"type":"LineString","coordinates":[[139.7878799,35.63324],[139.7885934,35.6336238]]}},{"type":"Feature","id":888066400,"properties":{"osm_id":888066400,"highway":"motorway_link","oneway":"yes","name":"首都高速湾岸線","name_en":"Bayshore Route","ref":"9","destination":"成田空港;東関東道","maxspeed":"60","bridge":"yes","tunnel":"","layer":"2"},"geometry":{"type":"LineString","coordinates":[[139.8202399,35.646148],[139.8204966,35.6461398],[139.8208865,35.6461273]]}},{"type":"Feature","id":888066401,"properties":{"osm_id":888066401,"highway":"motorway","oneway":"yes","name":"首都高速湾岸線","name_en":"Bayshore Route","ref":"B","destination":"","maxspeed":"80","bridge":"yes","tunnel":"","layer":"2"},"geometry":{"type":"LineString","coordinates":[[139.8208865,35.6461273],[139.824128,35.646446]]}},{"type":"Feature","id":888066402,"properties":{"osm_id":888066402,"highway":"motorway","oneway":"yes","name":"首都高速湾岸線","name_en":"Bayshore Route","ref":"B","destination":"","maxspeed":"80","bridge":"yes","tunnel":"","layer":"2"},"geometry":{"type":"LineString","coordinates":[[139.8356015,35.6475522],[139.8361108,35.6475992],[139.83655,35.6476329],[139.8369939,35.6476545],[139.8375124,35.6476638],[139.8380255,35.6476643],[139.8385363,35.6476515],[139.8393691,35.6476125],[139.843399,35.6473415]]}},{"type":"Feature","id":888066405,"properties":{"osm_id":888066405,"highway":"motorway","oneway":"yes","name":"首都高速湾岸線","name_en":"Bayshore Route","ref":"B","destination":"","maxspeed":"80","bridge":"yes","tunnel":"","layer":"2"},"geometry":{"type":"LineString","coordinates":[[139.8011641,35.6404132],[139.8016061,35.640617],[139.8021585,35.6408545],[139.8023681,35.6409388]]}},{"type":"Feature","id":888066406,"properties":{"osm_id":888066406,"highway":"motorway","oneway":"yes","name":"首都高速湾岸線","name_en":"Bayshore Route","ref":"B","destination":"","maxspeed":"80","bridge":"","tunnel":"","layer":"0"},"geometry":{"type":"LineString","coordinates":[[139.7885934,35.6336238],[139.7895224,35.6341414],[139.7920685,35.6355274]]}},{"type":"Feature","id":888066407,"properties":{"osm_id":888066407,"highway":"motorway","oneway":"yes","name":"首都高速湾岸線","name_en":"Bayshore Route","ref":"B","destination":"","maxspeed":"70","bridge":"","tunnel":"","layer":"0"},"geometry":{"type":"LineString","coordinates":[[139.7732699,35.6250455],[139.7726839,35.6246031],[139.7710357,35.6233249],[139.7695164,35.6221442]]}},{"type":"Feature","id":888066408,"properties":{"osm_id":888066408,"highway":"motorway_link","oneway":"yes","name":"","name_en":"","ref":"","destination":"","maxspeed":"","bridge":"yes","tunnel":"","layer":"2"},"geometry":{"type":"LineString","coordinates":[[139.8277053,35.6464978],[139.8260481,35.6463413],[139.8252412,35.646286],[139.8249238,35.6462707],[139.8246798,35.6462807],[139.824509,35.6463087]]}},{"type":"Feature","id":888066409,"properties":{"osm_id":888066409,"highway":"motorway","oneway":"yes","name":"首都高速湾岸線","name_en":"Bayshore Route","ref":"B","destination":"","maxspeed":"80","bridge":"yes","tunnel":"","layer":"2"},"geometry":{"type":"LineString","coordinates":[[139.824509,35.6463087],[139.8242584,35.6462826],[139.821596,35.6460328]]}},{"type":"Feature","id":888066410,"properties":{"osm_id":888066410,"highway":"motorway_link","oneway":"yes","name":"首都高速9号深川線","name_en":"Shuto Expressway Route 9 Fukagawa Line","ref":"","destination":"","maxspeed":"","bridge":"yes","tunnel":"","layer":"2"},"geometry":{"type":"LineString","coordinates":[[139.821596,35.6460328],[139.8214112,35.6459804],[139.8206325,35.6458565]]}},{"type":"Feature","id":888066411,"properties":{"osm_id":888066411,"highway":"motorway","oneway":"yes","name":"首都高速湾岸線","name_en":"Bayshore Route","ref":"B","destination":"","maxspeed":"80","bridge":"yes","tunnel":"","layer":"2"},"geometry":{"type":"LineString","coordinates":[[139.8367195,35.6474782],[139.8356131,35.6473863]]}},{"type":"Feature","id":888066412,"properties":{"osm_id":888066412,"highway":"motorway","oneway":"yes","name":"首都高速湾岸線","name_en":"Bayshore Route","ref":"B","destination":"","maxspeed":"80","bridge":"yes","tunnel":"","layer":"2"},"geometry":{"type":"LineString","coordinates":[[139.843362,35.6472042],[139.839731,35.6474314],[139.8383939,35.6475092],[139.8378977,35.6475262],[139.837497,35.6475238],[139.837108,35.6475101],[139.8367195,35.6474782]]}},{"type":"Feature","id":891282828,"properties":{"osm_id":891282828,"highway":"motorway_link","oneway":"yes","name":"","name_en":"","ref":"","destination":"","maxspeed":"","bridge":"","tunnel":"","layer":"0"},"geometry":{"type":"LineString","coordinates":[[139.7733403,35.6255608],[139.7734367,35.6256257],[139.7735874,35.6257539],[139.7737673,35.6258975],[139.7740398,35.6260903]]}},{"type":"Feature","id":891282829,"properties":{"osm_id":891282829,"highway":"motorway_link","oneway":"yes","name":"","name_en":"","ref":"","destination":"","maxspeed":"","bridge":"yes","tunnel":"","layer":"1"},"geometry":{"type":"LineString","coordinates":[[139.7722626,35.624635],[139.7723874,35.6247373],[139.772515,35.6248472],[139.7726274,35.6249543],[139.7727504,35.6250768],[139.772872,35.6252026],[139.7729935,35.6253152],[139.7730399,35.6253523]]}},{"type":"Feature","id":891481217,"properties":{"osm_id":891481217,"highway":"motorway_link","oneway":"yes","name":"","name_en":"","ref":"","destination":"","maxspeed":"40","bridge":"yes","tunnel":"","layer":"3"},"geometry":{"type":"LineString","coordinates":[[139.6887155,35.6827815],[139.6891902,35.6831612],[139.6894536,35.683357],[139.6896805,35.6835138],[139.6898898,35.6836504]]}},{"type":"Feature","id":893332470,"properties":{"osm_id":893332470,"highway":"motorway_link","oneway":"yes","name":"初台入口","name_en":"","ref":"","destination":"","maxspeed":"","bridge":"yes","tunnel":"","layer":"3"},"geometry":{"type":"LineString","coordinates":[[139.6800876,35.678172],[139.679889,35.6780998],[139.6789639,35.6777955],[139.6787079,35.6776969]]}},{"type":"Feature","id":893332472,"properties":{"osm_id":893332472,"highway":"motorway_link","oneway":"yes","name":"","name_en":"","ref":"","destination":"東中野;山田通り;甲州街道","maxspeed":"","bridge":"yes","tunnel":"","layer":"3"},"geometry":{"type":"LineString","coordinates":[[139.6804588,35.6784453],[139.6810669,35.6786827],[139.6814168,35.6788227],[139.6817641,35.6789779]]}},{"type":"Feature","id":893332473,"properties":{"osm_id":893332473,"highway":"motorway_link","oneway":"yes","name":"","name_en":"","ref":"","destination":"大原;中野通り","maxspeed":"","bridge":"","tunnel":"","layer":"0"},"geometry":{"type":"LineString","coordinates":[[139.6752239,35.6767404],[139.6737893,35.6762087]]}},{"type":"Feature","id":893332474,"properties":{"osm_id":893332474,"highway":"motorway_link","oneway":"yes","name":"","name_en":"","ref":"","destination":"大原;中野通り","maxspeed":"","bridge":"yes","tunnel":"","layer":"3"},"geometry":{"type":"LineString","coordinates":[[139.6783929,35.6776052],[139.6779166,35.6774955],[139.6776362,35.6774318],[139.6771948,35.6773207]]}},{"type":"Feature","id":893332475,"properties":{"osm_id":893332475,"highway":"motorway_link","oneway":"yes","name":"","name_en":"","ref":"","destination":"","maxspeed":"","bridge":"","tunnel":"","layer":"0"},"geometry":{"type":"LineString","coordinates":[[139.6737106,35.6764147],[139.6752017,35.6767899]]}},{"type":"Feature","id":893332476,"properties":{"osm_id":893332476,"highway":"motorway_link","oneway":"yes","name":"","name_en":"","ref":"","destination":"","maxspeed":"","bridge":"yes","tunnel":"","layer":"3"},"geometry":{"type":"LineString","coordinates":[[139.6791484,35.6779536],[139.6795753,35.6780933],[139.6798896,35.6782044],[139.6801666,35.6783216]]}},{"type":"Feature","id":893356395,"properties":{"osm_id":893356395,"highway":"motorway_link","oneway":"yes","name":"永福出口","name_en":"","ref":"","destination":"永福;環七通り;井の頭通り;国道２０号","maxspeed":"40","bridge":"yes","tunnel":"","layer":"3"},"geometry":{"type":"LineString","coordinates":[[139.6467146,35.6686216],[139.6469472,35.668706],[139.6473973,35.6688755],[139.6476604,35.6689874],[139.6478915,35.6691037]]}},{"type":"Feature","id":893360989,"properties":{"osm_id":893360989,"highway":"motorway_link","oneway":"yes","name":"","name_en":"","ref":"","destination":"","maxspeed":"","bridge":"yes","tunnel":"","layer":"3"},"geometry":{"type":"LineString","coordinates":[[139.6460016,35.6681524],[139.6457056,35.6680671],[139.6454007,35.6679954],[139.6451852,35.6679557],[139.6449617,35.6679357],[139.6446494,35.6679179]]}},{"type":"Feature","id":893908711,"properties":{"osm_id":893908711,"highway":"motorway","oneway":"no","name":"南本牧はま道路","name_en":"","ref":"","destination":"","maxspeed":"","bridge":"","tunnel":"","layer":"0"},"geometry":{"type":"LineString","coordinates":[[139.6720267,35.4242654],[139.672051,35.4247937],[139.6720613,35.4251398],[139.6720652,35.4255803]]}},{"type":"Feature","id":895860163,"properties":{"osm_id":895860163,"highway":"motorway_link","oneway":"yes","name":"","name_en":"","ref":"C2","destination":"","maxspeed":"","bridge":"yes","tunnel":"","layer":"3"},"geometry":{"type":"LineString","coordinates":[[139.6878184,35.6828533],[139.6874281,35.6832143],[139.6869165,35.6837316]]}},{"type":"Feature","id":895889091,"properties":{"osm_id":895889091,"highway":"motorway","oneway":"yes","name":"首都高速2号目黒線","name_en":"Route 2 Meguro Line","ref":"2","destination":"","maxspeed":"","bridge":"yes","tunnel":"","layer":"3"},"geometry":{"type":"LineString","coordinates":[[139.7366776,35.6470815],[139.7367169,35.647153],[139.7367826,35.6472947],[139.7368897,35.6475687],[139.7371161,35.6481883],[139.7372021,35.6484011],[139.7373155,35.6486475],[139.7375875,35.6492095],[139.7376266,35.6493169],[139.7376552,35.6494227],[139.7376722,35.6495178],[139.7376819,35.6496128],[139.7376853,35.6497303],[139.7376737,35.6498548],[139.7376472,35.6499847],[139.7375889,35.650226]]}},{"type":"Feature","id":895902565,"properties":{"osm_id":895902565,"highway":"motorway","oneway":"yes","name":"首都高速都心環状線","name_en":"Circle 1","ref":"C1","destination":"","maxspeed":"50","bridge":"yes","tunnel":"","layer":"2"},"geometry":{"type":"LineString","coordinates":[[139.7386228,35.6643311],[139.7386841,35.6645705],[139.7387341,35.6647786],[139.7387733,35.664966]]}},{"type":"Feature","id":902298628,"properties":{"osm_id":902298628,"highway":"motorway_link","oneway":"yes","name":"外苑出口","name_en":"","ref":"4","destination":"北青山","maxspeed":"40","bridge":"yes","tunnel":"","layer":"1"},"geometry":{"type":"LineString","coordinates":[[139.7220537,35.6796288],[139.7215308,35.679608],[139.721319,35.6796068],[139.7211224,35.6796115]]}},{"type":"Feature","id":902298629,"properties":{"osm_id":902298629,"highway":"motorway_link","oneway":"yes","name":"外苑出口","name_en":"","ref":"","destination":"北青山;信濃町","maxspeed":"40","bridge":"yes","tunnel":"","layer":"2"},"geometry":{"type":"LineString","coordinates":[[139.7146968,35.6807009],[139.7175684,35.6802642],[139.7176676,35.6802422],[139.7177657,35.6802117],[139.7178478,35.6801711],[139.7179344,35.6801138],[139.7180184,35.6800444],[139.7182522,35.6798172]]}},{"type":"Feature","id":906266863,"properties":{"osm_id":906266863,"highway":"motorway","oneway":"yes","name":"首都高速都心環状線","name_en":"Circle 1","ref":"C1","destination":"","maxspeed":"","bridge":"","tunnel":"yes","layer":"-2"},"geometry":{"type":"LineString","coordinates":[[139.7443895,35.6811828],[139.7448042,35.6804756],[139.7449119,35.6803132],[139.7449987,35.6801981],[139.7450847,35.6801052],[139.7451848,35.6800123],[139.745261,35.6799467],[139.7453501,35.6798777],[139.7455011,35.6797743],[139.7456157,35.6797059],[139.7457326,35.6796443],[139.7459596,35.679539],[139.7462022,35.6794343],[139.7465003,35.6793166]]}},{"type":"Feature","id":906266864,"properties":{"osm_id":906266864,"highway":"motorway","oneway":"yes","name":"首都高速都心環状線","name_en":"Circle 1","ref":"C1","destination":"","maxspeed":"","bridge":"","tunnel":"yes","layer":"-1"},"geometry":{"type":"LineString","coordinates":[[139.7464511,35.6792557],[139.7462041,35.6793421],[139.7460185,35.6794168],[139.745869,35.6794929],[139.7457363,35.6795763],[139.7456129,35.6796629],[139.7455002,35.6797566],[139.7454008,35.6798581],[139.7453054,35.6799695],[139.745224,35.6800731],[139.7451391,35.6801943],[139.7450624,35.6803151],[139.7445234,35.6812337]]}},{"type":"Feature","id":906783431,"properties":{"osm_id":906783431,"highway":"motorway_link","oneway":"yes","name":"","name_en":"","ref":"","destination":"","maxspeed":"","bridge":"yes","tunnel":"","layer":"3"},"geometry":{"type":"LineString","coordinates":[[139.7503628,35.5657482],[139.749987,35.5661941]]}},{"type":"Feature","id":914917087,"properties":{"osm_id":914917087,"highway":"motorway_link","oneway":"yes","name":"首都高速湾岸分岐線","name_en":"Bayshore Branch","ref":"B","destination":"","maxspeed":"","bridge":"yes","tunnel":"","layer":"3"},"geometry":{"type":"LineString","coordinates":[[139.7529684,35.5753912],[139.7517184,35.5742],[139.7512135,35.5737238],[139.7508428,35.5733779]]}},{"type":"Feature","id":914917088,"properties":{"osm_id":914917088,"highway":"motorway_link","oneway":"yes","name":"首都高速湾岸分岐線","name_en":"Bayshore Branch","ref":"B","destination":"","maxspeed":"60","bridge":"yes","tunnel":"","layer":"3"},"geometry":{"type":"LineString","coordinates":[[139.756476,35.5814961],[139.7565385,35.5811939],[139.7565893,35.5808537],[139.7566109,35.5805024],[139.7566027,35.5802081],[139.7565505,35.5798284],[139.7564676,35.5794883],[139.7563653,35.5791735],[139.7562368,35.5788887],[139.7561387,35.5786994],[139.7560227,35.5785088],[139.7558717,35.5782874],[139.7557057,35.5780761],[139.7555528,35.577892],[139.7552579,35.5775857],[139.7545842,35.576931],[139.7529684,35.5753912]]}},{"type":"Feature","id":914917089,"properties":{"osm_id":914917089,"highway":"motorway_link","oneway":"yes","name":"首都高速湾岸線","name_en":"Bayshore Route","ref":"C2","destination":"","maxspeed":"","bridge":"","tunnel":"","layer":"1"},"geometry":{"type":"LineString","coordinates":[[139.7555577,35.6032277],[139.7555569,35.6028829],[139.7555668,35.6025163],[139.7555934,35.6019364],[139.7556058,35.6014718]]}},{"type":"Feature","id":914917090,"properties":{"osm_id":914917090,"highway":"motorway_link","oneway":"yes","name":"首都高速湾岸線","name_en":"Bayshore Route","ref":"C2","destination":"","maxspeed":"","bridge":"","tunnel":"","layer":"1"},"geometry":{"type":"LineString","coordinates":[[139.7555667,35.6040507],[139.7555577,35.6032277]]}},{"type":"Feature","id":915068901,"properties":{"osm_id":915068901,"highway":"motorway","oneway":"yes","name":"第三京浜道路","name_en":"Daisan Keihin","ref":"E83;466","destination":"","maxspeed":"","bridge":"yes","tunnel":"","layer":"1"},"geometry":{"type":"LineString","coordinates":[[139.6003746,35.4744911],[139.6006871,35.4742287]]}},{"type":"Feature","id":915304583,"properties":{"osm_id":915304583,"highway":"motorway_link","oneway":"yes","name":"首都高速神奈川2号三ツ沢線","name_en":"Kanagawa Route 2 Mitsuzawa Line","ref":"K2","destination":"羽田;大師","maxspeed":"50","bridge":"yes","tunnel":"","layer":"2"},"geometry":{"type":"LineString","coordinates":[[139.62185,35.4679211],[139.6243252,35.4676352]]}},{"type":"Feature","id":915304584,"properties":{"osm_id":915304584,"highway":"motorway","oneway":"yes","name":"首都高速神奈川2号三ツ沢線","name_en":"Kanagawa Route 2 Mitsuzawa Line","ref":"K2","destination":"","maxspeed":"60","bridge":"yes","tunnel":"","layer":"2"},"geometry":{"type":"LineString","coordinates":[[139.6199692,35.4681288],[139.62185,35.4679211]]}},{"type":"Feature","id":915308012,"properties":{"osm_id":915308012,"highway":"motorway","oneway":"yes","name":"首都高速神奈川1号横羽線","name_en":"Kanagawa Route 1 Yokohane Line","ref":"K1","destination":"","maxspeed":"","bridge":"","tunnel":"","layer":"0"},"geometry":{"type":"LineString","coordinates":[[139.6290288,35.4540789],[139.6291836,35.4539484],[139.6293631,35.4538031],[139.6296098,35.4536265],[139.63052,35.4530512],[139.6310671,35.4527213],[139.6313034,35.4525848]]}},{"type":"Feature","id":915349157,"properties":{"osm_id":915349157,"highway":"motorway_link","oneway":"yes","name":"首都高速神奈川1号横羽線","name_en":"Kanagawa Route 1 Yokohane Line","ref":"K1","destination":"","maxspeed":"","bridge":"yes","tunnel":"","layer":"2"},"geometry":{"type":"LineString","coordinates":[[139.6463427,35.440152],[139.6471919,35.4405492],[139.6481429,35.4409905]]}},{"type":"Feature","id":915349158,"properties":{"osm_id":915349158,"highway":"motorway_link","oneway":"yes","name":"首都高速神奈川1号横羽線","name_en":"Kanagawa Route 1 Yokohane Line","ref":"K1","destination":"","maxspeed":"","bridge":"yes","tunnel":"","layer":"2"},"geometry":{"type":"LineString","coordinates":[[139.6481429,35.4409905],[139.6488433,35.4413382],[139.6491083,35.4414453],[139.6499525,35.4417731]]}},{"type":"Feature","id":916571610,"properties":{"osm_id":916571610,"highway":"motorway_link","oneway":"yes","name":"霞が関入口","name_en":"Circle 1","ref":"C1","destination":"","maxspeed":"","bridge":"","tunnel":"","layer":"0"},"geometry":{"type":"LineString","coordinates":[[139.7479446,35.6741764],[139.7480264,35.674301],[139.7482601,35.6746505],[139.7488154,35.6755209]]}},{"type":"Feature","id":916571615,"properties":{"osm_id":916571615,"highway":"motorway_link","oneway":"yes","name":"霞が関入口","name_en":"Circle 1","ref":"C1","destination":"","maxspeed":"","bridge":"","tunnel":"","layer":"0"},"geometry":{"type":"LineString","coordinates":[[139.7479321,35.6739667],[139.7478498,35.6738431],[139.7478291,35.6738112],[139.747665,35.6736072],[139.747487,35.6734263],[139.7473131,35.673262],[139.7467515,35.6727137],[139.7466003,35.6725863],[139.746468,35.6724789],[139.746399,35.6724293],[139.7463252,35.672379],[139.7462588,35.6723409],[139.7461857,35.6723048]]}},{"type":"Feature","id":931759044,"properties":{"osm_id":931759044,"highway":"motorway_link","oneway":"yes","name":"天現寺出口(信号機あり！)","name_en":"","ref":"","destination":"","maxspeed":"","bridge":"","tunnel":"","layer":"0"},"geometry":{"type":"LineString","coordinates":[[139.7271491,35.6464443],[139.7270297,35.646466]]}},{"type":"Feature","id":944138315,"properties":{"osm_id":944138315,"highway":"motorway_link","oneway":"yes","name":"芝公園出口","name_en":"","ref":"","destination":"","maxspeed":"","bridge":"","tunnel":"","layer":"0"},"geometry":{"type":"LineString","coordinates":[[139.7469649,35.6529968],[139.7468859,35.6529655]]}},{"type":"Feature","id":944671542,"properties":{"osm_id":944671542,"highway":"motorway_link","oneway":"yes","name":"芝公園出口","name_en":"","ref":"","destination":"","maxspeed":"","bridge":"","tunnel":"","layer":"0"},"geometry":{"type":"LineString","coordinates":[[139.7469649,35.6529968],[139.7469812,35.65293]]}},{"type":"Feature","id":955397860,"properties":{"osm_id":955397860,"highway":"motorway","oneway":"yes","name":"首都高速都心環状線","name_en":"Inner Circular Route","ref":"C1","destination":"","maxspeed":"","bridge":"","tunnel":"yes","layer":"-1"},"geometry":{"type":"LineString","coordinates":[[139.7449057,35.6865292],[139.7453335,35.6883926],[139.7453621,35.6884819],[139.7453844,35.6885398],[139.7454101,35.6885947],[139.7454428,35.6886511],[139.745474,35.6886956],[139.7455066,35.6887365],[139.7455502,35.6887843]]}},{"type":"Feature","id":955398790,"properties":{"osm_id":955398790,"highway":"motorway","oneway":"yes","name":"首都高速5号池袋線","name_en":"Route 5 Ikebukuro Line","ref":"5","destination":"","maxspeed":"","bridge":"yes","tunnel":"","layer":"3"},"geometry":{"type":"LineString","coordinates":[[139.7528358,35.6955479],[139.7528574,35.695448],[139.7528882,35.6953509],[139.7529277,35.69525],[139.752979,35.6951419],[139.7530464,35.6950286],[139.7531179,35.6949267],[139.7532136,35.694811],[139.7533226,35.6947018],[139.7534394,35.6946012]]}},{"type":"Feature","id":960810621,"properties":{"osm_id":960810621,"highway":"motorway_link","oneway":"yes","name":"","name_en":"","ref":"","destination":"","maxspeed":"","bridge":"","tunnel":"","layer":"0"},"geometry":{"type":"LineString","coordinates":[[139.8152195,35.6931601],[139.8152482,35.6931635],[139.8153681,35.6931721],[139.8156163,35.6931901]]}},{"type":"Feature","id":960810623,"properties":{"osm_id":960810623,"highway":"motorway_link","oneway":"yes","name":"","name_en":"","ref":"","destination":"","maxspeed":"","bridge":"","tunnel":"","layer":"0"},"geometry":{"type":"LineString","coordinates":[[139.8152555,35.6928287],[139.8151931,35.6928878],[139.8151498,35.6929215]]}},{"type":"Feature","id":960810624,"properties":{"osm_id":960810624,"highway":"motorway_link","oneway":"yes","name":"","name_en":"","ref":"","destination":"","maxspeed":"","bridge":"","tunnel":"","layer":"0"},"geometry":{"type":"LineString","coordinates":[[139.8152434,35.6929722],[139.8150345,35.6929568]]}},{"type":"Feature","id":960810625,"properties":{"osm_id":960810625,"highway":"motorway_link","oneway":"yes","name":"","name_en":"","ref":"","destination":"","maxspeed":"","bridge":"","tunnel":"","layer":"0"},"geometry":{"type":"LineString","coordinates":[[139.8164746,35.6930401],[139.8161634,35.6930698],[139.8158781,35.6930902]]}},{"type":"Feature","id":960810627,"properties":{"osm_id":960810627,"highway":"motorway_link","oneway":"yes","name":"","name_en":"","ref":"","destination":"","maxspeed":"","bridge":"","tunnel":"","layer":"0"},"geometry":{"type":"LineString","coordinates":[[139.8153629,35.6932261],[139.8154175,35.693213]]}},{"type":"Feature","id":964191633,"properties":{"osm_id":964191633,"highway":"motorway_link","oneway":"yes","name":"","name_en":"","ref":"","destination":"","maxspeed":"40","bridge":"","tunnel":"","layer":"0"},"geometry":{"type":"LineString","coordinates":[[139.7391612,35.5373503],[139.7383987,35.5373856],[139.7379274,35.5374178],[139.7378037,35.53744]]}},{"type":"Feature","id":964816693,"properties":{"osm_id":964816693,"highway":"motorway_link","oneway":"yes","name":"首都高速神奈川6号川崎線","name_en":"Kanagawa Route 6 Kawasaki Line","ref":"K6","destination":"","maxspeed":"40","bridge":"","tunnel":"","layer":"0"},"geometry":{"type":"LineString","coordinates":[[139.7396869,35.5383968],[139.7396834,35.5383187],[139.7396684,35.5382406],[139.7396431,35.5381549],[139.7396141,35.5380815]]}},{"type":"Feature","id":964816694,"properties":{"osm_id":964816694,"highway":"motorway_link","oneway":"yes","name":"首都高速神奈川6号川崎線","name_en":"Kanagawa Route 6 Kawasaki Line","ref":"K6","destination":"","maxspeed":"","bridge":"","tunnel":"","layer":"0"},"geometry":{"type":"LineString","coordinates":[[139.7396141,35.5380815],[139.7395728,35.538007],[139.7395133,35.5379277],[139.7394417,35.5378582],[139.7393535,35.5377984],[139.7392463,35.5377451],[139.7391392,35.537707],[139.739021,35.5376797],[139.7389082,35.5376699],[139.7387788,35.5376767],[139.7386561,35.537701],[139.7385366,35.5377423],[139.7384333,35.5377977],[139.7383473,35.5378558],[139.7382782,35.5379221]]}},{"type":"Feature","id":964816695,"properties":{"osm_id":964816695,"highway":"motorway_link","oneway":"yes","name":"","name_en":"","ref":"","destination":"","maxspeed":"40","bridge":"","tunnel":"","layer":"0"},"geometry":{"type":"LineString","coordinates":[[139.7377113,35.5375565],[139.7377269,35.5382554],[139.7377325,35.5385314],[139.7377402,35.5387325],[139.7377457,35.5389931],[139.7377493,35.539059],[139.7377619,35.5391311]]}},{"type":"Feature","id":983801241,"properties":{"osm_id":983801241,"highway":"motorway_link","oneway":"yes","name":"","name_en":"","ref":"","destination":"","maxspeed":"","bridge":"","tunnel":"","layer":"0"},"geometry":{"type":"LineString","coordinates":[[139.7469617,35.5784868],[139.7470144,35.5782276]]}},{"type":"Feature","id":983801242,"properties":{"osm_id":983801242,"highway":"motorway_link","oneway":"yes","name":"","name_en":"","ref":"","destination":"","maxspeed":"","bridge":"","tunnel":"","layer":"0"},"geometry":{"type":"LineString","coordinates":[[139.7472234,35.5777488],[139.7472553,35.5776787],[139.7472902,35.5776177]]}},{"type":"Feature","id":987587806,"properties":{"osm_id":987587806,"highway":"motorway","oneway":"yes","name":"首都高速神奈川1号横羽線","name_en":"Kanagawa Route 1 Yokohane Line","ref":"K1","destination":"","maxspeed":"","bridge":"","tunnel":"yes","layer":"-1"},"geometry":{"type":"LineString","coordinates":[[139.6397042,35.44191],[139.6403225,35.4415965]]}},{"type":"Feature","id":987587807,"properties":{"osm_id":987587807,"highway":"motorway_link","oneway":"yes","name":"首都高速神奈川1号横羽線","name_en":"Kanagawa Route 1 Yokohane Line","ref":"K1","destination":"","maxspeed":"50","bridge":"","tunnel":"yes","layer":"-2"},"geometry":{"type":"LineString","coordinates":[[139.6410104,35.4411075],[139.6405811,35.4412903]]}},{"type":"Feature","id":989799206,"properties":{"osm_id":989799206,"highway":"motorway_link","oneway":"yes","name":"","name_en":"","ref":"","destination":"","maxspeed":"40","bridge":"","tunnel":"","layer":"0"},"geometry":{"type":"LineString","coordinates":[[139.6036842,35.5440477],[139.6036892,35.5440962],[139.6036933,35.544144]]}},{"type":"Feature","id":989799207,"properties":{"osm_id":989799207,"highway":"motorway_link","oneway":"yes","name":"","name_en":"","ref":"","destination":"","maxspeed":"40","bridge":"","tunnel":"","layer":"1"},"geometry":{"type":"LineString","coordinates":[[139.6039779,35.544033],[139.6039683,35.5439253],[139.603932,35.5436805]]}},{"type":"Feature","id":989799208,"properties":{"osm_id":989799208,"highway":"motorway_link","oneway":"yes","name":"","name_en":"","ref":"","destination":"","maxspeed":"40","bridge":"","tunnel":"","layer":"1"},"geometry":{"type":"LineString","coordinates":[[139.6039792,35.5441296],[139.6039776,35.5440799],[139.6039779,35.544033]]}},{"type":"Feature","id":990229215,"properties":{"osm_id":990229215,"highway":"motorway_link","oneway":"yes","name":"","name_en":"","ref":"","destination":"","maxspeed":"30","bridge":"","tunnel":"","layer":"0"},"geometry":{"type":"LineString","coordinates":[[139.6014009,35.5424413],[139.6010928,35.5425537],[139.6010246,35.5425937],[139.6009929,35.5426123]]}},{"type":"Feature","id":990615409,"properties":{"osm_id":990615409,"highway":"motorway_link","oneway":"yes","name":"","name_en":"","ref":"","destination":"","maxspeed":"40","bridge":"","tunnel":"","layer":"1"},"geometry":{"type":"LineString","coordinates":[[139.603932,35.5436805],[139.603893,35.5435552]]}},{"type":"Feature","id":990615410,"properties":{"osm_id":990615410,"highway":"motorway_link","oneway":"yes","name":"","name_en":"","ref":"","destination":"","maxspeed":"40","bridge":"","tunnel":"","layer":"1"},"geometry":{"type":"LineString","coordinates":[[139.6039408,35.5447685],[139.6039756,35.5446697],[139.6039792,35.5441296]]}},{"type":"Feature","id":990615411,"properties":{"osm_id":990615411,"highway":"motorway_link","oneway":"yes","name":"","name_en":"","ref":"","destination":"","maxspeed":"40","bridge":"","tunnel":"","layer":"0"},"geometry":{"type":"LineString","coordinates":[[139.6037558,35.5447911],[139.6037791,35.5450687],[139.6037778,35.5451414]]}},{"type":"Feature","id":990615412,"properties":{"osm_id":990615412,"highway":"motorway_link","oneway":"yes","name":"","name_en":"","ref":"","destination":"","maxspeed":"40","bridge":"","tunnel":"","layer":"0"},"geometry":{"type":"LineString","coordinates":[[139.6036933,35.544144],[139.6037155,35.5445695]]}},{"type":"Feature","id":990876825,"properties":{"osm_id":990876825,"highway":"motorway_link","oneway":"yes","name":"","name_en":"","ref":"","destination":"","maxspeed":"40","bridge":"","tunnel":"","layer":"0"},"geometry":{"type":"LineString","coordinates":[[139.6037471,35.5441413],[139.6037543,35.5443352],[139.6037155,35.5445695]]}},{"type":"Feature","id":990876826,"properties":{"osm_id":990876826,"highway":"motorway_link","oneway":"yes","name":"","name_en":"","ref":"","destination":"","maxspeed":"40","bridge":"","tunnel":"","layer":"0"},"geometry":{"type":"LineString","coordinates":[[139.6035686,35.5441502],[139.6035866,35.5443647],[139.6037155,35.5445695]]}},{"type":"Feature","id":990876827,"properties":{"osm_id":990876827,"highway":"motorway_link","oneway":"yes","name":"","name_en":"","ref":"","destination":"","maxspeed":"40","bridge":"","tunnel":"","layer":"0"},"geometry":{"type":"LineString","coordinates":[[139.6036335,35.544147],[139.603649,35.544363],[139.6037155,35.5445695]]}},{"type":"Feature","id":990876828,"properties":{"osm_id":990876828,"highway":"motorway_link","oneway":"yes","name":"","name_en":"","ref":"","destination":"","maxspeed":"40","bridge":"","tunnel":"","layer":"0"},"geometry":{"type":"LineString","coordinates":[[139.6035663,35.5440536],[139.6035667,35.5441026],[139.6035686,35.5441502]]}},{"type":"Feature","id":990876829,"properties":{"osm_id":990876829,"highway":"motorway_link","oneway":"yes","name":"","name_en":"","ref":"","destination":"","maxspeed":"40","bridge":"","tunnel":"","layer":"0"},"geometry":{"type":"LineString","coordinates":[[139.6036309,35.5440504],[139.6036318,35.5440998],[139.6036335,35.544147]]}},{"type":"Feature","id":990876830,"properties":{"osm_id":990876830,"highway":"motorway_link","oneway":"yes","name":"","name_en":"","ref":"","destination":"","maxspeed":"40","bridge":"","tunnel":"","layer":"0"},"geometry":{"type":"LineString","coordinates":[[139.6037447,35.5440447],[139.6037456,35.5440941],[139.6037471,35.5441413]]}},{"type":"Feature","id":990876831,"properties":{"osm_id":990876831,"highway":"motorway_link","oneway":"yes","name":"","name_en":"","ref":"","destination":"","maxspeed":"40","bridge":"","tunnel":"","layer":"0"},"geometry":{"type":"LineString","coordinates":[[139.6036463,35.5436452],[139.6035664,35.543847],[139.6035663,35.5440536]]}},{"type":"Feature","id":990876832,"properties":{"osm_id":990876832,"highway":"motorway_link","oneway":"yes","name":"","name_en":"","ref":"","destination":"","maxspeed":"40","bridge":"","tunnel":"","layer":"0"},"geometry":{"type":"LineString","coordinates":[[139.6036463,35.5436452],[139.6036194,35.5438471],[139.6036309,35.5440504]]}},{"type":"Feature","id":990876833,"properties":{"osm_id":990876833,"highway":"motorway_link","oneway":"yes","name":"","name_en":"","ref":"","destination":"","maxspeed":"40","bridge":"","tunnel":"","layer":"0"},"geometry":{"type":"LineString","coordinates":[[139.6036463,35.5436452],[139.60372,35.5438045],[139.6037447,35.5440447]]}},{"type":"Feature","id":990876834,"properties":{"osm_id":990876834,"highway":"motorway_link","oneway":"yes","name":"","name_en":"","ref":"","destination":"","maxspeed":"40","bridge":"","tunnel":"","layer":"0"},"geometry":{"type":"LineString","coordinates":[[139.6036465,35.5435649],[139.6036463,35.5436452]]}},{"type":"Feature","id":990876835,"properties":{"osm_id":990876835,"highway":"motorway_link","oneway":"yes","name":"","name_en":"","ref":"","destination":"","maxspeed":"40","bridge":"","tunnel":"","layer":"1"},"geometry":{"type":"LineString","coordinates":[[139.6038049,35.5440417],[139.603798,35.5438982],[139.603932,35.5436805]]}},{"type":"Feature","id":990876836,"properties":{"osm_id":990876836,"highway":"motorway_link","oneway":"yes","name":"","name_en":"","ref":"","destination":"","maxspeed":"40","bridge":"","tunnel":"","layer":"1"},"geometry":{"type":"LineString","coordinates":[[139.6038642,35.5440387],[139.6038553,35.5439148],[139.603932,35.5436805]]}},{"type":"Feature","id":990876837,"properties":{"osm_id":990876837,"highway":"motorway_link","oneway":"yes","name":"","name_en":"","ref":"","destination":"","maxspeed":"40","bridge":"","tunnel":"","layer":"1"},"geometry":{"type":"LineString","coordinates":[[139.6039197,35.5440359],[139.6039137,35.5439233],[139.603932,35.5436805]]}},{"type":"Feature","id":990876838,"properties":{"osm_id":990876838,"highway":"motorway_link","oneway":"yes","name":"","name_en":"","ref":"","destination":"","maxspeed":"40","bridge":"","tunnel":"","layer":"1"},"geometry":{"type":"LineString","coordinates":[[139.6042044,35.5440216],[139.6041933,35.5438832],[139.603932,35.5436805]]}},{"type":"Feature","id":990876839,"properties":{"osm_id":990876839,"highway":"motorway_link","oneway":"yes","name":"","name_en":"","ref":"","destination":"","maxspeed":"40","bridge":"","tunnel":"","layer":"1"},"geometry":{"type":"LineString","coordinates":[[139.6041424,35.5440247],[139.6041374,35.5438878],[139.603932,35.5436805]]}},{"type":"Feature","id":990876840,"properties":{"osm_id":990876840,"highway":"motorway_link","oneway":"yes","name":"","name_en":"","ref":"","destination":"","maxspeed":"40","bridge":"","tunnel":"","layer":"1"},"geometry":{"type":"LineString","coordinates":[[139.6040854,35.5440276],[139.6040783,35.543876],[139.603932,35.5436805]]}},{"type":"Feature","id":990876841,"properties":{"osm_id":990876841,"highway":"motorway_link","oneway":"yes","name":"","name_en":"","ref":"","destination":"","maxspeed":"40","bridge":"","tunnel":"","layer":"1"},"geometry":{"type":"LineString","coordinates":[[139.6040345,35.5440302],[139.6040217,35.5438417],[139.603932,35.5436805]]}},{"type":"Feature","id":990876842,"properties":{"osm_id":990876842,"highway":"motorway_link","oneway":"yes","name":"","name_en":"","ref":"","destination":"","maxspeed":"40","bridge":"","tunnel":"","layer":"1"},"geometry":{"type":"LineString","coordinates":[[139.6038749,35.5447265],[139.6038678,35.5441352]]}},{"type":"Feature","id":990876843,"properties":{"osm_id":990876843,"highway":"motorway_link","oneway":"yes","name":"","name_en":"","ref":"","destination":"","maxspeed":"40","bridge":"","tunnel":"","layer":"1"},"geometry":{"type":"LineString","coordinates":[[139.6042077,35.5441181],[139.6042054,35.5440666],[139.6042044,35.5440216]]}},{"type":"Feature","id":990876844,"properties":{"osm_id":990876844,"highway":"motorway_link","oneway":"yes","name":"","name_en":"","ref":"","destination":"","maxspeed":"40","bridge":"","tunnel":"","layer":"1"},"geometry":{"type":"LineString","coordinates":[[139.6041463,35.5441212],[139.6041433,35.5440699],[139.6041424,35.5440247]]}},{"type":"Feature","id":990876845,"properties":{"osm_id":990876845,"highway":"motorway_link","oneway":"yes","name":"","name_en":"","ref":"","destination":"","maxspeed":"40","bridge":"","tunnel":"","layer":"1"},"geometry":{"type":"LineString","coordinates":[[139.6040893,35.5441241],[139.6040863,35.5440753],[139.6040854,35.5440276]]}},{"type":"Feature","id":990876846,"properties":{"osm_id":990876846,"highway":"motorway_link","oneway":"yes","name":"","name_en":"","ref":"","destination":"","maxspeed":"40","bridge":"","tunnel":"","layer":"1"},"geometry":{"type":"LineString","coordinates":[[139.6040372,35.5441267],[139.6040354,35.5440769],[139.6040345,35.5440302]]}},{"type":"Feature","id":990876847,"properties":{"osm_id":990876847,"highway":"motorway_link","oneway":"yes","name":"","name_en":"","ref":"","destination":"","maxspeed":"40","bridge":"","tunnel":"","layer":"1"},"geometry":{"type":"LineString","coordinates":[[139.6039268,35.5441323],[139.6039249,35.5440796],[139.6039197,35.5440359]]}},{"type":"Feature","id":990876848,"properties":{"osm_id":990876848,"highway":"motorway_link","oneway":"yes","name":"","name_en":"","ref":"","destination":"","maxspeed":"40","bridge":"","tunnel":"","layer":"1"},"geometry":{"type":"LineString","coordinates":[[139.6038678,35.5441352],[139.6038651,35.5440838],[139.6038642,35.5440387]]}},{"type":"Feature","id":990876849,"properties":{"osm_id":990876849,"highway":"motorway_link","oneway":"yes","name":"","name_en":"","ref":"","destination":"","maxspeed":"40","bridge":"","tunnel":"","layer":"1"},"geometry":{"type":"LineString","coordinates":[[139.6038088,35.5441382],[139.6038059,35.544087],[139.6038049,35.5440417]]}},{"type":"Feature","id":990876850,"properties":{"osm_id":990876850,"highway":"motorway_link","oneway":"yes","name":"","name_en":"","ref":"","destination":"","maxspeed":"40","bridge":"","tunnel":"","layer":"1"},"geometry":{"type":"LineString","coordinates":[[139.6038749,35.5447265],[139.60383,35.5446398],[139.6038088,35.5441382]]}},{"type":"Feature","id":990876851,"properties":{"osm_id":990876851,"highway":"motorway_link","oneway":"yes","name":"","name_en":"","ref":"","destination":"","maxspeed":"40","bridge":"","tunnel":"","layer":"1"},"geometry":{"type":"LineString","coordinates":[[139.6039387,35.5448845],[139.6038749,35.5447265]]}},{"type":"Feature","id":990876852,"properties":{"osm_id":990876852,"highway":"motorway_link","oneway":"yes","name":"","name_en":"","ref":"","destination":"","maxspeed":"40","bridge":"","tunnel":"","layer":"1"},"geometry":{"type":"LineString","coordinates":[[139.6039408,35.5447685],[139.6039185,35.5446692],[139.6039268,35.5441323]]}},{"type":"Feature","id":990876853,"properties":{"osm_id":990876853,"highway":"motorway_link","oneway":"yes","name":"","name_en":"","ref":"","destination":"","maxspeed":"40","bridge":"","tunnel":"","layer":"1"},"geometry":{"type":"LineString","coordinates":[[139.6041292,35.5444662],[139.6042145,35.5443358],[139.6042077,35.5441181]]}},{"type":"Feature","id":990876854,"properties":{"osm_id":990876854,"highway":"motorway_link","oneway":"yes","name":"","name_en":"","ref":"","destination":"","maxspeed":"40","bridge":"","tunnel":"","layer":"1"},"geometry":{"type":"LineString","coordinates":[[139.6041292,35.5444662],[139.6041534,35.5443418],[139.6041463,35.5441212]]}},{"type":"Feature","id":990876855,"properties":{"osm_id":990876855,"highway":"motorway_link","oneway":"yes","name":"","name_en":"","ref":"","destination":"","maxspeed":"40","bridge":"","tunnel":"","layer":"1"},"geometry":{"type":"LineString","coordinates":[[139.6041292,35.5444662],[139.6040984,35.5443429],[139.6040893,35.5441241]]}},{"type":"Feature","id":990876856,"properties":{"osm_id":990876856,"highway":"motorway_link","oneway":"yes","name":"","name_en":"","ref":"","destination":"","maxspeed":"40","bridge":"","tunnel":"","layer":"1"},"geometry":{"type":"LineString","coordinates":[[139.6041292,35.5444662],[139.6040481,35.5443455],[139.6040372,35.5441267]]}},{"type":"Feature","id":990876857,"properties":{"osm_id":990876857,"highway":"motorway_link","oneway":"yes","name":"","name_en":"","ref":"","destination":"","maxspeed":"40","bridge":"","tunnel":"","layer":"1"},"geometry":{"type":"LineString","coordinates":[[139.6039387,35.5448845],[139.6040036,35.5448414],[139.6041292,35.5444662]]}},{"type":"Feature","id":992284697,"properties":{"osm_id":992284697,"highway":"motorway_link","oneway":"yes","name":"首都高速神奈川5号大黒線","name_en":"Kanagawa Route 5 Daikoku Line","ref":"K5","destination":"","maxspeed":"","bridge":"yes","tunnel":"","layer":"5"},"geometry":{"type":"LineString","coordinates":[[139.6822345,35.4610155],[139.682123,35.460952],[139.6820141,35.4608999],[139.6818909,35.4608505],[139.6817597,35.4608068],[139.6816259,35.4607754],[139.6814938,35.4607521],[139.6813319,35.4607331]]}},{"type":"Feature","id":996184111,"properties":{"osm_id":996184111,"highway":"motorway_link","oneway":"yes","name":"外苑出口","name_en":"","ref":"4","destination":"信濃町","maxspeed":"","bridge":"","tunnel":"","layer":"0"},"geometry":{"type":"LineString","coordinates":[[139.7201464,35.6788486],[139.7201016,35.6788536],[139.7200426,35.6788697],[139.7199789,35.6789104]]}},{"type":"Feature","id":1006338881,"properties":{"osm_id":1006338881,"highway":"motorway_link","oneway":"yes","name":"外苑入口","name_en":"","ref":"","destination":"","maxspeed":"","bridge":"","tunnel":"","layer":"0"},"geometry":{"type":"LineString","coordinates":[[139.7135975,35.6800948],[139.7135793,35.6801912],[139.7135921,35.6803695],[139.7135743,35.6803887],[139.7135329,35.6804097]]}},{"type":"Feature","id":1006338883,"properties":{"osm_id":1006338883,"highway":"motorway_link","oneway":"yes","name":"外苑入口","name_en":"","ref":"","destination":"","maxspeed":"","bridge":"","tunnel":"","layer":"0"},"geometry":{"type":"LineString","coordinates":[[139.713704,35.6804333],[139.7136801,35.6804098],[139.7136394,35.6803976],[139.7136166,35.6803997]]}},{"type":"Feature","id":1006338884,"properties":{"osm_id":1006338884,"highway":"motorway_link","oneway":"yes","name":"外苑入口","name_en":"","ref":"","destination":"","maxspeed":"","bridge":"","tunnel":"","layer":"0"},"geometry":{"type":"LineString","coordinates":[[139.7135329,35.6804097],[139.7132749,35.680488]]}},{"type":"Feature","id":1009203148,"properties":{"osm_id":1009203148,"highway":"motorway_link","oneway":"yes","name":"","name_en":"","ref":"","destination":"","maxspeed":"","bridge":"yes","tunnel":"","layer":"1"},"geometry":{"type":"LineString","coordinates":[[139.7922534,35.5421263],[139.7924011,35.5419044],[139.7925883,35.5415978]]}},{"type":"Feature","id":1021042293,"properties":{"osm_id":1021042293,"highway":"motorway_link","oneway":"yes","name":"花之木入口","name_en":"","ref":"","destination":"","maxspeed":"40","bridge":"","tunnel":"","layer":"0"},"geometry":{"type":"LineString","coordinates":[[139.6129057,35.4358515],[139.6130964,35.4357211]]}},{"type":"Feature","id":1022519232,"properties":{"osm_id":1022519232,"highway":"motorway_link","oneway":"yes","name":"","name_en":"","ref":"","destination":"","maxspeed":"50","bridge":"yes","tunnel":"","layer":"1"},"geometry":{"type":"LineString","coordinates":[[139.7029085,35.5044557],[139.7023577,35.5042152],[139.7018868,35.5040232]]}},{"type":"Feature","id":1022520297,"properties":{"osm_id":1022520297,"highway":"motorway_link","oneway":"yes","name":"首都高速神奈川1号横羽線","name_en":"Kanagawa Route 1 Yokohane Line","ref":"K1","destination":"","maxspeed":"40","bridge":"","tunnel":"","layer":"0"},"geometry":{"type":"LineString","coordinates":[[139.7018453,35.5041127],[139.7019908,35.5041768],[139.7024156,35.5043636],[139.7027863,35.504575]]}},{"type":"Feature","id":1022523258,"properties":{"osm_id":1022523258,"highway":"motorway_link","oneway":"yes","name":"","name_en":"","ref":"","destination":"南幸町;浅田町","maxspeed":"40","bridge":"","tunnel":"","layer":"0"},"geometry":{"type":"LineString","coordinates":[[139.7183189,35.5131242],[139.7180828,35.5130345],[139.7175993,35.5128003]]}},{"type":"Feature","id":1022523259,"properties":{"osm_id":1022523259,"highway":"motorway_link","oneway":"yes","name":"","name_en":"","ref":"","destination":"","maxspeed":"40","bridge":"","tunnel":"","layer":"0"},"geometry":{"type":"LineString","coordinates":[[139.7170688,35.5127149],[139.7173215,35.5128052],[139.7183,35.5131501]]}},{"type":"Feature","id":1022579256,"properties":{"osm_id":1022579256,"highway":"motorway_link","oneway":"yes","name":"","name_en":"","ref":"","destination":"","maxspeed":"","bridge":"yes","tunnel":"","layer":"1"},"geometry":{"type":"LineString","coordinates":[[139.7426293,35.597933],[139.7426759,35.5982981]]}},{"type":"Feature","id":1023095378,"properties":{"osm_id":1023095378,"highway":"motorway_link","oneway":"yes","name":"第三京浜道路","name_en":"Daisan Keihin","ref":"E83;466","destination":"蒲田","maxspeed":"40","bridge":"","tunnel":"","layer":"0"},"geometry":{"type":"LineString","coordinates":[[139.6387115,35.6052759],[139.6388521,35.6053893]]}},{"type":"Feature","id":1023095379,"properties":{"osm_id":1023095379,"highway":"motorway_link","oneway":"yes","name":"第三京浜道路","name_en":"Daisan Keihin","ref":"E83;466","destination":"","maxspeed":"40","bridge":"","tunnel":"","layer":"0"},"geometry":{"type":"LineString","coordinates":[[139.6389164,35.6052726],[139.6388025,35.6051513]]}},{"type":"Feature","id":1024107817,"properties":{"osm_id":1024107817,"highway":"motorway_link","oneway":"yes","name":"","name_en":"","ref":"","destination":"","maxspeed":"60","bridge":"","tunnel":"","layer":"0"},"geometry":{"type":"LineString","coordinates":[[139.7931397,35.6773501],[139.7935817,35.6771165]]}},{"type":"Feature","id":1025122822,"properties":{"osm_id":1025122822,"highway":"motorway","oneway":"yes","name":"首都高速神奈川5号大黒線","name_en":"Kanagawa Route 5 Daikoku Line","ref":"K5","destination":"","maxspeed":"","bridge":"yes","tunnel":"","layer":"3"},"geometry":{"type":"LineString","coordinates":[[139.6800865,35.460988],[139.680342,35.4608889],[139.680562,35.4608205]]}},{"type":"Feature","id":1025122823,"properties":{"osm_id":1025122823,"highway":"motorway","oneway":"yes","name":"首都高速神奈川5号大黒線","name_en":"Kanagawa Route 5 Daikoku Line","ref":"K5","destination":"","maxspeed":"","bridge":"yes","tunnel":"","layer":"5"},"geometry":{"type":"LineString","coordinates":[[139.680555,35.4607972],[139.6803282,35.4608678],[139.6800734,35.4609665]]}},{"type":"Feature","id":1033419592,"properties":{"osm_id":1033419592,"highway":"motorway_link","oneway":"yes","name":"三軒茶屋出口","name_en":"","ref":"","destination":"","maxspeed":"","bridge":"","tunnel":"","layer":"0"},"geometry":{"type":"LineString","coordinates":[[139.6731885,35.6444843],[139.6729185,35.6443187],[139.6725457,35.6441376],[139.6722834,35.6439183]]}},{"type":"Feature","id":1041332729,"properties":{"osm_id":1041332729,"highway":"motorway_link","oneway":"yes","name":"","name_en":"","ref":"","destination":"","maxspeed":"40","bridge":"","tunnel":"","layer":"0"},"geometry":{"type":"LineString","coordinates":[[139.7378245,35.5377175],[139.737856,35.5376386],[139.737884,35.5376006],[139.7379144,35.5375721],[139.7379519,35.5375537]]}},{"type":"Feature","id":1051964007,"properties":{"osm_id":1051964007,"highway":"motorway_link","oneway":"yes","name":"首都高速中央環状線","name_en":"Central Circular Route","ref":"","destination":"","maxspeed":"","bridge":"","tunnel":"","layer":"2"},"geometry":{"type":"LineString","coordinates":[[139.7551966,35.6013395],[139.7551455,35.6024462],[139.7551157,35.6031998],[139.7550955,35.6036774],[139.7550984,35.6040613]]}},{"type":"Feature","id":1051964008,"properties":{"osm_id":1051964008,"highway":"motorway","oneway":"yes","name":"首都高速1号羽田線","name_en":"Shuto Expressway Route 1 Haneda Line","ref":"1","destination":"","maxspeed":"60","bridge":"yes","tunnel":"","layer":"1"},"geometry":{"type":"LineString","coordinates":[[139.7480477,35.6027383],[139.7481571,35.6028366],[139.7482525,35.6029297],[139.7483455,35.6030302],[139.7484428,35.60315],[139.7485276,35.6032711],[139.7486281,35.6034448],[139.7488787,35.6039724],[139.7489758,35.6041556],[139.7490688,35.6043066],[139.7499771,35.6055183],[139.7501168,35.6057382],[139.7502347,35.6059631],[139.7502981,35.6061233],[139.7503482,35.6062814],[139.7503843,35.6064505],[139.7504131,35.6066246]]}},{"type":"Feature","id":1051964009,"properties":{"osm_id":1051964009,"highway":"motorway","oneway":"yes","name":"首都高速1号羽田線","name_en":"Shuto Expressway Route 1 Haneda Line","ref":"1","destination":"","maxspeed":"","bridge":"yes","tunnel":"","layer":"3"},"geometry":{"type":"LineString","coordinates":[[139.7519973,35.6197099],[139.7514134,35.6139688],[139.7509312,35.6090709]]}},{"type":"Feature","id":1051967534,"properties":{"osm_id":1051967534,"highway":"motorway_link","oneway":"yes","name":"箱崎ロータリー","name_en":"Hakozaki Rotary","ref":"","destination":"","maxspeed":"40","bridge":"yes","tunnel":"","layer":"2"},"geometry":{"type":"LineString","coordinates":[[139.7860989,35.6810972],[139.7860527,35.6811154],[139.786021,35.6811291],[139.7859882,35.681149],[139.785969,35.6811688],[139.7859531,35.6811958],[139.7859443,35.6812192],[139.7859366,35.681245],[139.7859331,35.6812719],[139.7859328,35.6813057],[139.7859363,35.6813411],[139.7859434,35.6813631],[139.7859579,35.6813889],[139.7859754,35.681414],[139.7860011,35.6814377],[139.786029,35.6814586],[139.7883574,35.6826509]]}},{"type":"Feature","id":1051967535,"properties":{"osm_id":1051967535,"highway":"motorway_link","oneway":"yes","name":"箱崎ロータリー","name_en":"Hakozaki Rotary","ref":"","destination":"","maxspeed":"40","bridge":"yes","tunnel":"","layer":"2"},"geometry":{"type":"LineString","coordinates":[[139.7872806,35.6816168],[139.7870663,35.6815034]]}},{"type":"Feature","id":1051967536,"properties":{"osm_id":1051967536,"highway":"motorway_link","oneway":"yes","name":"箱崎ロータリー","name_en":"Hakozaki Rotary","ref":"","destination":"","maxspeed":"40","bridge":"yes","tunnel":"","layer":"2"},"geometry":{"type":"LineString","coordinates":[[139.7870663,35.6815034],[139.786392,35.6811557],[139.786318,35.6811247],[139.7862728,35.6811118],[139.7862327,35.6811033],[139.7861947,35.6810975],[139.7861486,35.6810927]]}},{"type":"Feature","id":1051967537,"properties":{"osm_id":1051967537,"highway":"motorway_link","oneway":"yes","name":"箱崎ロータリー","name_en":"Hakozaki Rotary","ref":"","destination":"","maxspeed":"","bridge":"yes","tunnel":"","layer":"2"},"geometry":{"type":"LineString","coordinates":[[139.7861486,35.6810927],[139.7860989,35.6810972]]}},{"type":"Feature","id":1051967538,"properties":{"osm_id":1051967538,"highway":"motorway_link","oneway":"yes","name":"箱崎ロータリー","name_en":"Hakozaki Rotary","ref":"","destination":"","maxspeed":"40","bridge":"yes","tunnel":"","layer":"2"},"geometry":{"type":"LineString","coordinates":[[139.7883574,35.6826509],[139.788458,35.6827075]]}},{"type":"Feature","id":1051967539,"properties":{"osm_id":1051967539,"highway":"motorway_link","oneway":"yes","name":"箱崎ロータリー","name_en":"Hakozaki Rotary","ref":"","destination":"","maxspeed":"40","bridge":"yes","tunnel":"","layer":"2"},"geometry":{"type":"LineString","coordinates":[[139.788458,35.6827075],[139.7886138,35.6827899]]}},{"type":"Feature","id":1051967540,"properties":{"osm_id":1051967540,"highway":"motorway_link","oneway":"yes","name":"箱崎ロータリー","name_en":"Hakozaki Rotary","ref":"","destination":"","maxspeed":"40","bridge":"yes","tunnel":"","layer":"2"},"geometry":{"type":"LineString","coordinates":[[139.7886138,35.6827899],[139.7886624,35.6828033],[139.7886979,35.6828103],[139.7887362,35.6828107],[139.788775,35.6828073]]}},{"type":"Feature","id":1051967541,"properties":{"osm_id":1051967541,"highway":"motorway_link","oneway":"yes","name":"首都高速9号深川線","name_en":"Shuto Expressway Route 9 Fukagawa Line","ref":"9","destination":"","maxspeed":"60","bridge":"yes","tunnel":"","layer":"4"},"geometry":{"type":"LineString","coordinates":[[139.7869416,35.6815209],[139.7869246,35.6814559],[139.7869149,35.6813925],[139.7869112,35.6813181],[139.7869142,35.6812399],[139.786931,35.6811482],[139.7869559,35.6810717],[139.7870014,35.680979],[139.7870536,35.6808917],[139.7871364,35.680771]]}},{"type":"Feature","id":1055111045,"properties":{"osm_id":1055111045,"highway":"motorway_link","oneway":"yes","name":"","name_en":"","ref":"","destination":"","maxspeed":"","bridge":"","tunnel":"","layer":"1"},"geometry":{"type":"LineString","coordinates":[[139.790757,35.5162048],[139.7905767,35.5159476],[139.7904544,35.5157589],[139.7903102,35.515561],[139.7901907,35.5153388],[139.7901086,35.5151714]]}},{"type":"Feature","id":1055111046,"properties":{"osm_id":1055111046,"highway":"motorway_link","oneway":"yes","name":"","name_en":"","ref":"","destination":"","maxspeed":"","bridge":"","tunnel":"","layer":"0"},"geometry":{"type":"LineString","coordinates":[[139.7896,35.518822],[139.7895507,35.5188806],[139.7895121,35.5189457],[139.7894806,35.5190169]]}},{"type":"Feature","id":1055111047,"properties":{"osm_id":1055111047,"highway":"motorway_link","oneway":"yes","name":"首都高速神奈川6号川崎線","name_en":"Kanagawa Route 6 Kawasaki Line","ref":"K6","destination":"","maxspeed":"","bridge":"","tunnel":"","layer":"0"},"geometry":{"type":"LineString","coordinates":[[139.7874385,35.5144512],[139.7874817,35.5146021]]}},{"type":"Feature","id":1056392657,"properties":{"osm_id":1056392657,"highway":"motorway_link","oneway":"yes","name":"東京高速道路KK線","name_en":"Tokyo Expressway Route KK","ref":"D8","destination":"","maxspeed":"","bridge":"yes","tunnel":"","layer":"2"},"geometry":{"type":"LineString","coordinates":[[139.7715052,35.6741305],[139.7714517,35.6741521]]}},{"type":"Feature","id":1059139534,"properties":{"osm_id":1059139534,"highway":"motorway","oneway":"yes","name":"首都高速湾岸線","name_en":"Bayshore Route","ref":"B","destination":"","maxspeed":"80","bridge":"","tunnel":"","layer":"0"},"geometry":{"type":"LineString","coordinates":[[139.7551607,35.594014],[139.7551737,35.5949357],[139.7552122,35.5975093],[139.7552349,35.5982388],[139.7553248,35.5997687],[139.7553431,35.6001774],[139.7553528,35.600751],[139.755336,35.6012198],[139.7553156,35.6017495],[139.755279,35.6024452],[139.7552555,35.6030646],[139.7552415,35.603831]]}},{"type":"Feature","id":1059139535,"properties":{"osm_id":1059139535,"highway":"motorway","oneway":"yes","name":"首都高速神奈川6号川崎線","name_en":"Kanagawa Route 6 Kawasaki Line","ref":"K6","destination":"","maxspeed":"60","bridge":"","tunnel":"yes","layer":"-2"},"geometry":{"type":"LineString","coordinates":[[139.7439941,35.5371067],[139.7428648,35.5372359],[139.7426052,35.5372605],[139.7422949,35.5372817],[139.7418535,35.5372958],[139.7410994,35.5372965],[139.7396829,35.5372793]]}},{"type":"Feature","id":1068219932,"properties":{"osm_id":1068219932,"highway":"motorway_link","oneway":"yes","name":"首都高速湾岸分岐線","name_en":"Bayshore Branch","ref":"B","destination":"","maxspeed":"","bridge":"yes","tunnel":"","layer":"3"},"geometry":{"type":"LineString","coordinates":[[139.7508428,35.5733779],[139.7498073,35.5723811],[139.7496767,35.5722465],[139.7495508,35.5720859],[139.7494835,35.5719915]]}},{"type":"Feature","id":1068219933,"properties":{"osm_id":1068219933,"highway":"motorway","oneway":"yes","name":"首都高速1号羽田線","name_en":"Shuto Expressway Route 1 Haneda Line","ref":"1","destination":"","maxspeed":"","bridge":"yes","tunnel":"","layer":"3"},"geometry":{"type":"LineString","coordinates":[[139.7489322,35.570687],[139.7488242,35.5701818],[139.7487857,35.5699674],[139.7487553,35.5697663]]}},{"type":"Feature","id":1068219934,"properties":{"osm_id":1068219934,"highway":"motorway","oneway":"yes","name":"首都高速1号羽田線","name_en":"Shuto Expressway Route 1 Haneda Line","ref":"1","destination":"","maxspeed":"","bridge":"yes","tunnel":"","layer":"3"},"geometry":{"type":"LineString","coordinates":[[139.7487553,35.5697663],[139.7487364,35.5696078],[139.7487131,35.5693686],[139.7486999,35.5691189]]}},{"type":"Feature","id":1068219935,"properties":{"osm_id":1068219935,"highway":"motorway","oneway":"yes","name":"首都高速1号羽田線","name_en":"Shuto Expressway Route 1 Haneda Line","ref":"1","destination":"","maxspeed":"60","bridge":"yes","tunnel":"","layer":"3"},"geometry":{"type":"LineString","coordinates":[[139.7516109,35.564505],[139.7510835,35.5650864],[139.7508457,35.5653438],[139.7503919,35.5657973],[139.749987,35.5661941]]}},{"type":"Feature","id":1068219936,"properties":{"osm_id":1068219936,"highway":"motorway_link","oneway":"yes","name":"首都高速湾岸分岐線","name_en":"Bayshore Branch","ref":"B","destination":"","maxspeed":"","bridge":"yes","tunnel":"","layer":"3"},"geometry":{"type":"LineString","coordinates":[[139.7486025,35.569264],[139.7485736,35.5696218],[139.7485779,35.5697947]]}},{"type":"Feature","id":1068230494,"properties":{"osm_id":1068230494,"highway":"motorway_link","oneway":"yes","name":"","name_en":"","ref":"","destination":"","maxspeed":"40","bridge":"","tunnel":"","layer":"0"},"geometry":{"type":"LineString","coordinates":[[139.7465168,35.5781618],[139.7463799,35.5783731]]}},{"type":"Feature","id":1068230495,"properties":{"osm_id":1068230495,"highway":"motorway_link","oneway":"yes","name":"","name_en":"","ref":"","destination":"","maxspeed":"40","bridge":"yes","tunnel":"","layer":"1"},"geometry":{"type":"LineString","coordinates":[[139.7476334,35.5763958],[139.74757,35.5764952]]}},{"type":"Feature","id":1068230496,"properties":{"osm_id":1068230496,"highway":"motorway_link","oneway":"yes","name":"","name_en":"","ref":"","destination":"","maxspeed":"","bridge":"","tunnel":"","layer":"0"},"geometry":{"type":"LineString","coordinates":[[139.7475437,35.5770088],[139.7476882,35.5765352]]}},{"type":"Feature","id":1068239671,"properties":{"osm_id":1068239671,"highway":"motorway_link","oneway":"yes","name":"","name_en":"","ref":"","destination":"","maxspeed":"","bridge":"","tunnel":"","layer":"0"},"geometry":{"type":"LineString","coordinates":[[139.7470144,35.5782276],[139.7470532,35.5781174],[139.7470925,35.5779795]]}},{"type":"Feature","id":1071659159,"properties":{"osm_id":1071659159,"highway":"motorway_link","oneway":"yes","name":"渋谷出口","name_en":"","ref":"","destination":"三軒茶屋","maxspeed":"","bridge":"","tunnel":"","layer":"0"},"geometry":{"type":"LineString","coordinates":[[139.6953297,35.6556316],[139.6950657,35.6555596]]}},{"type":"Feature","id":1071659160,"properties":{"osm_id":1071659160,"highway":"motorway_link","oneway":"yes","name":"渋谷出口(道玄坂上)","name_en":"","ref":"","destination":"道玄坂","maxspeed":"","bridge":"","tunnel":"","layer":"0"},"geometry":{"type":"LineString","coordinates":[[139.6952532,35.6556927],[139.6952228,35.6557316],[139.6951214,35.6558551]]}},{"type":"Feature","id":1072463319,"properties":{"osm_id":1072463319,"highway":"motorway_link","oneway":"yes","name":"","name_en":"","ref":"","destination":"","maxspeed":"","bridge":"","tunnel":"","layer":"0"},"geometry":{"type":"LineString","coordinates":[[139.5995048,35.4393269],[139.5998464,35.4393377],[139.6000096,35.4393237]]}},{"type":"Feature","id":1072463320,"properties":{"osm_id":1072463320,"highway":"motorway_link","oneway":"yes","name":"","name_en":"","ref":"","destination":"","maxspeed":"","bridge":"","tunnel":"yes","layer":"-1"},"geometry":{"type":"LineString","coordinates":[[139.6000096,35.4393237],[139.6003884,35.4392963],[139.600396,35.4392957]]}},{"type":"Feature","id":1072463321,"properties":{"osm_id":1072463321,"highway":"motorway_link","oneway":"yes","name":"","name_en":"","ref":"","destination":"","maxspeed":"","bridge":"yes","tunnel":"","layer":"1"},"geometry":{"type":"LineString","coordinates":[[139.600396,35.4392957],[139.600935,35.4392213]]}},{"type":"Feature","id":1072463322,"properties":{"osm_id":1072463322,"highway":"motorway_link","oneway":"yes","name":"","name_en":"","ref":"","destination":"","maxspeed":"","bridge":"yes","tunnel":"","layer":"1"},"geometry":{"type":"LineString","coordinates":[[139.6140159,35.4351886],[139.6142167,35.435133],[139.614662,35.4348929],[139.615036,35.4346787],[139.6152638,35.4344935]]}},{"type":"Feature","id":1072463323,"properties":{"osm_id":1072463323,"highway":"motorway_link","oneway":"yes","name":"","name_en":"","ref":"","destination":"","maxspeed":"","bridge":"yes","tunnel":"","layer":"1"},"geometry":{"type":"LineString","coordinates":[[139.6233131,35.4366695],[139.6232445,35.436357],[139.623159,35.4360798],[139.6230586,35.4357633],[139.6229225,35.4355046]]}},{"type":"Feature","id":1072463324,"properties":{"osm_id":1072463324,"highway":"motorway_link","oneway":"yes","name":"","name_en":"","ref":"","destination":"","maxspeed":"","bridge":"yes","tunnel":"","layer":"1"},"geometry":{"type":"LineString","coordinates":[[139.6695532,35.4345452],[139.6694635,35.4346688],[139.6693228,35.4350761],[139.6692048,35.4353844],[139.669202,35.435531]]}},{"type":"Feature","id":1085022601,"properties":{"osm_id":1085022601,"highway":"motorway","oneway":"yes","name":"首都高速都心環状線","name_en":"Shuto Expressway Inner Circular Route","ref":"C1","destination":"","maxspeed":"50","bridge":"yes","tunnel":"","layer":"2"},"geometry":{"type":"LineString","coordinates":[[139.7773914,35.6822965],[139.7777949,35.6829144]]}},{"type":"Feature","id":1086823706,"properties":{"osm_id":1086823706,"highway":"motorway","oneway":"yes","name":"首都高速神奈川7号横浜北線","name_en":"Route Kanagawa 7 Yokohama","ref":"K7","destination":"","maxspeed":"60","bridge":"","tunnel":"","layer":"-1"},"geometry":{"type":"LineString","coordinates":[[139.6052619,35.5166956],[139.6049842,35.5167911],[139.6047099,35.5168793],[139.6044261,35.5169667]]}},{"type":"Feature","id":1087103535,"properties":{"osm_id":1087103535,"highway":"motorway_link","oneway":"yes","name":"","name_en":"","ref":"","destination":"","maxspeed":"","bridge":"","tunnel":"","layer":"0"},"geometry":{"type":"LineString","coordinates":[[139.6408718,35.5058627],[139.6408026,35.5059324],[139.6406882,35.5060366],[139.6405711,35.5061332],[139.6403715,35.5062823],[139.6401933,35.5064118]]}},{"type":"Feature","id":1087103536,"properties":{"osm_id":1087103536,"highway":"motorway_link","oneway":"yes","name":"","name_en":"","ref":"","destination":"","maxspeed":"","bridge":"","tunnel":"yes","layer":"-1"},"geometry":{"type":"LineString","coordinates":[[139.6409242,35.5058095],[139.6408718,35.5058627]]}},{"type":"Feature","id":1087103538,"properties":{"osm_id":1087103538,"highway":"motorway_link","oneway":"yes","name":"","name_en":"","ref":"","destination":"","maxspeed":"","bridge":"","tunnel":"","layer":"-2"},"geometry":{"type":"LineString","coordinates":[[139.6065778,35.5159474],[139.6062313,35.5160512],[139.6059756,35.5161409],[139.6056816,35.5162503]]}},{"type":"Feature","id":1087103539,"properties":{"osm_id":1087103539,"highway":"motorway","oneway":"yes","name":"首都高速神奈川7号横浜北線","name_en":"Route Kanagawa 7 Yokohama","ref":"K7","destination":"","maxspeed":"60","bridge":"","tunnel":"","layer":"0"},"geometry":{"type":"LineString","coordinates":[[139.6052871,35.5167579],[139.6058396,35.5165723],[139.6062413,35.5164241]]}},{"type":"Feature","id":1087249388,"properties":{"osm_id":1087249388,"highway":"motorway","oneway":"yes","name":"首都高速1号羽田線","name_en":"Shuto Expressway Route 1 Haneda Line","ref":"1","destination":"","maxspeed":"60","bridge":"yes","tunnel":"","layer":"1"},"geometry":{"type":"LineString","coordinates":[[139.7517267,35.6209209],[139.7518173,35.6207298],[139.751867,35.6205931],[139.7519154,35.620419],[139.7519399,35.620306],[139.7519621,35.6201825],[139.7519816,35.6200598],[139.7520011,35.6198822],[139.7519973,35.6197099]]}},{"type":"Feature","id":1087249389,"properties":{"osm_id":1087249389,"highway":"motorway","oneway":"yes","name":"首都高速1号羽田線","name_en":"Shuto Expressway Route 1 Haneda Line","ref":"1","destination":"","maxspeed":"","bridge":"yes","tunnel":"","layer":"1"},"geometry":{"type":"LineString","coordinates":[[139.7509312,35.6090709],[139.7506775,35.6066246],[139.7506328,35.6063602],[139.7505556,35.6061024],[139.7504498,35.6058677],[139.7502954,35.6055999],[139.748844,35.6034415]]}},{"type":"Feature","id":1091280541,"properties":{"osm_id":1091280541,"highway":"motorway_link","oneway":"yes","name":"首都高速道路","name_en":"Shuto Expressway","ref":"","destination":"","maxspeed":"","bridge":"","tunnel":"","layer":"0"},"geometry":{"type":"LineString","coordinates":[[139.7525295,35.6893322],[139.7524238,35.6893791],[139.7523515,35.6894163],[139.7522077,35.6895163],[139.7521639,35.689542],[139.7521124,35.6895572],[139.7520561,35.6895615],[139.7519811,35.6895567],[139.7518886,35.6895363],[139.751823,35.6895216]]}},{"type":"Feature","id":1099976946,"properties":{"osm_id":1099976946,"highway":"motorway_link","oneway":"yes","name":"","name_en":"","ref":"","destination":"","maxspeed":"30","bridge":"","tunnel":"","layer":"0"},"geometry":{"type":"LineString","coordinates":[[139.604257,35.5448168],[139.6042327,35.544631]]}},{"type":"Feature","id":1102696827,"properties":{"osm_id":1102696827,"highway":"motorway","oneway":"yes","name":"首都高速1号上野線","name_en":"Route 1 Ueno Line","ref":"1","destination":"","maxspeed":"40","bridge":"yes","tunnel":"","layer":"3"},"geometry":{"type":"LineString","coordinates":[[139.7770931,35.684801],[139.7771213,35.6847735],[139.7771556,35.6847461],[139.777196,35.6847207],[139.7772431,35.6846977],[139.7773046,35.6846744],[139.7774252,35.6846343],[139.7775538,35.6846008],[139.7778431,35.6845336],[139.777938,35.6845028],[139.7780343,35.6844632],[139.7781071,35.6844239],[139.7781647,35.6843878],[139.7782151,35.6843512],[139.7782652,35.6843076],[139.7783135,35.684258],[139.7783616,35.6841972],[139.7783947,35.6841421],[139.778419,35.6840909],[139.778433,35.6840473],[139.7784424,35.6840037],[139.778447,35.6839598],[139.7784494,35.6839065],[139.7784447,35.683859],[139.7784348,35.6837961],[139.7784148,35.6837308],[139.7783877,35.6836617],[139.7783406,35.6835751],[139.7781987,35.6833573],[139.7778964,35.6828814]]}},{"type":"Feature","id":1102698847,"properties":{"osm_id":1102698847,"highway":"motorway","oneway":"yes","name":"首都高速1号羽田線","name_en":"Shuto Expressway Route 1 Haneda Line","ref":"1","destination":"","maxspeed":"60","bridge":"yes","tunnel":"","layer":"2"},"geometry":{"type":"LineString","coordinates":[[139.7599018,35.6520796],[139.7588163,35.6499391],[139.7584241,35.6491503],[139.7580882,35.6484939],[139.7576194,35.6475849],[139.7574236,35.6471924]]}},{"type":"Feature","id":1120936394,"properties":{"osm_id":1120936394,"highway":"motorway","oneway":"yes","name":"首都高速湾岸線","name_en":"Bayshore Route","ref":"B","destination":"","maxspeed":"80","bridge":"","tunnel":"","layer":"0"},"geometry":{"type":"LineString","coordinates":[[139.7695328,35.6223976],[139.770894,35.6234366],[139.7725245,35.624708],[139.7731722,35.6251818]]}},{"type":"Feature","id":1120936395,"properties":{"osm_id":1120936395,"highway":"motorway","oneway":"yes","name":"","name_en":"","ref":"B","destination":"","maxspeed":"80","bridge":"","tunnel":"","layer":"0"},"geometry":{"type":"LineString","coordinates":[[139.7731722,35.6251818],[139.7734937,35.625402]]}},{"type":"Feature","id":1120936396,"properties":{"osm_id":1120936396,"highway":"motorway","oneway":"yes","name":"首都高速湾岸線","name_en":"Bayshore Route","ref":"B","destination":"","maxspeed":"70","bridge":"","tunnel":"","layer":"0"},"geometry":{"type":"LineString","coordinates":[[139.7743658,35.6257326],[139.7741467,35.6256146],[139.773781,35.6253855],[139.7735985,35.6252667]]}},{"type":"Feature","id":1120936397,"properties":{"osm_id":1120936397,"highway":"motorway","oneway":"yes","name":"","name_en":"","ref":"B","destination":"","maxspeed":"70","bridge":"","tunnel":"","layer":"0"},"geometry":{"type":"LineString","coordinates":[[139.7735985,35.6252667],[139.7732699,35.6250455]]}},{"type":"Feature","id":1120936400,"properties":{"osm_id":1120936400,"highway":"motorway_link","oneway":"yes","name":"","name_en":"","ref":"","destination":"","maxspeed":"","bridge":"","tunnel":"","layer":"0"},"geometry":{"type":"LineString","coordinates":[[139.7737775,35.6250341],[139.7734084,35.6248424]]}},{"type":"Feature","id":1125559318,"properties":{"osm_id":1125559318,"highway":"motorway_link","oneway":"yes","name":"","name_en":"","ref":"","destination":"","maxspeed":"","bridge":"yes","tunnel":"","layer":"2"},"geometry":{"type":"LineString","coordinates":[[139.7359243,35.5896572],[139.736018,35.590857],[139.7360326,35.5909451],[139.7360586,35.5910191],[139.7360959,35.5910913],[139.7361474,35.5911635],[139.7362135,35.591229],[139.7362737,35.5912722],[139.7363373,35.5913111],[139.7364062,35.5913394],[139.7364876,35.591359],[139.7365813,35.591371],[139.7366711,35.5913761],[139.738391,35.591388],[139.7384823,35.5913968],[139.7385849,35.5914088],[139.7386713,35.5914249],[139.7387572,35.591448],[139.7388491,35.5914791],[139.73892,35.5915102],[139.7389973,35.5915544],[139.7390939,35.5916209],[139.7391679,35.5916815],[139.739234,35.5917501],[139.7393014,35.5918319],[139.7396673,35.5923436],[139.7401311,35.5928855]]}},{"type":"Feature","id":1127507748,"properties":{"osm_id":1127507748,"highway":"motorway_link","oneway":"yes","name":"","name_en":"","ref":"","destination":"","maxspeed":"","bridge":"","tunnel":"","layer":"0"},"geometry":{"type":"LineString","coordinates":[[139.7730399,35.6253523],[139.7731293,35.6254238],[139.7732267,35.625489],[139.7733403,35.6255608]]}},{"type":"Feature","id":1132724781,"properties":{"osm_id":1132724781,"highway":"motorway_link","oneway":"yes","name":"","name_en":"","ref":"","destination":"","maxspeed":"40","bridge":"","tunnel":"","layer":"0"},"geometry":{"type":"LineString","coordinates":[[139.7814071,35.5564873],[139.7812817,35.5566468],[139.7811889,35.5567555],[139.7809706,35.5569941]]}},{"type":"Feature","id":1132724782,"properties":{"osm_id":1132724782,"highway":"motorway_link","oneway":"yes","name":"","name_en":"","ref":"","destination":"","maxspeed":"40","bridge":"","tunnel":"","layer":"0"},"geometry":{"type":"LineString","coordinates":[[139.7817304,35.5560867],[139.7815585,35.5562998]]}},{"type":"Feature","id":1132724783,"properties":{"osm_id":1132724783,"highway":"motorway_link","oneway":"yes","name":"","name_en":"","ref":"","destination":"","maxspeed":"40","bridge":"","tunnel":"","layer":"-1"},"geometry":{"type":"LineString","coordinates":[[139.7815585,35.5562998],[139.7814071,35.5564873]]}},{"type":"Feature","id":1132724785,"properties":{"osm_id":1132724785,"highway":"motorway_link","oneway":"yes","name":"","name_en":"","ref":"","destination":"","maxspeed":"40","bridge":"","tunnel":"","layer":"-1"},"geometry":{"type":"LineString","coordinates":[[139.7814071,35.5564873],[139.7813238,35.5565178],[139.7811225,35.5567354],[139.780978,35.5569107],[139.7809706,35.5569941]]}},{"type":"Feature","id":1132724786,"properties":{"osm_id":1132724786,"highway":"motorway_link","oneway":"yes","name":"","name_en":"","ref":"","destination":"","maxspeed":"","bridge":"","tunnel":"","layer":"-1"},"geometry":{"type":"LineString","coordinates":[[139.7809706,35.5569941],[139.7806638,35.5573334]]}},{"type":"Feature","id":1132724787,"properties":{"osm_id":1132724787,"highway":"motorway_link","oneway":"yes","name":"","name_en":"","ref":"","destination":"","maxspeed":"40","bridge":"","tunnel":"","layer":"-1"},"geometry":{"type":"LineString","coordinates":[[139.7818057,35.5559815],[139.7817304,35.5560867]]}},{"type":"Feature","id":1134168113,"properties":{"osm_id":1134168113,"highway":"motorway_link","oneway":"yes","name":"","name_en":"","ref":"","destination":"","maxspeed":"","bridge":"","tunnel":"","layer":"0"},"geometry":{"type":"LineString","coordinates":[[139.7470925,35.5779795],[139.7471129,35.5778417],[139.7471631,35.5777246]]}},{"type":"Feature","id":1134168114,"properties":{"osm_id":1134168114,"highway":"motorway_link","oneway":"yes","name":"","name_en":"","ref":"","destination":"","maxspeed":"","bridge":"","tunnel":"","layer":"0"},"geometry":{"type":"LineString","coordinates":[[139.7470925,35.5779795],[139.7471689,35.5778547],[139.7472234,35.5777488]]}},{"type":"Feature","id":1134168115,"properties":{"osm_id":1134168115,"highway":"motorway_link","oneway":"yes","name":"","name_en":"","ref":"","destination":"","maxspeed":"","bridge":"","tunnel":"","layer":"0"},"geometry":{"type":"LineString","coordinates":[[139.7472319,35.5775971],[139.7473301,35.5774372],[139.7473972,35.5773634]]}},{"type":"Feature","id":1134168116,"properties":{"osm_id":1134168116,"highway":"motorway_link","oneway":"yes","name":"","name_en":"","ref":"","destination":"","maxspeed":"","bridge":"","tunnel":"","layer":"0"},"geometry":{"type":"LineString","coordinates":[[139.7471631,35.5777246],[139.7471989,35.5776582],[139.7472319,35.5775971]]}},{"type":"Feature","id":1134168117,"properties":{"osm_id":1134168117,"highway":"motorway_link","oneway":"yes","name":"","name_en":"","ref":"","destination":"","maxspeed":"","bridge":"","tunnel":"","layer":"0"},"geometry":{"type":"LineString","coordinates":[[139.7470952,35.5772544],[139.747054,35.5773596],[139.7469881,35.577492],[139.7469442,35.5775797],[139.7468972,35.5776477],[139.7468451,35.5776849]]}},{"type":"Feature","id":1134168118,"properties":{"osm_id":1134168118,"highway":"motorway_link","oneway":"yes","name":"","name_en":"","ref":"","destination":"","maxspeed":"40","bridge":"","tunnel":"","layer":"0"},"geometry":{"type":"LineString","coordinates":[[139.7468451,35.5776849],[139.746829,35.5777145],[139.7465168,35.5781618]]}},{"type":"Feature","id":1134168119,"properties":{"osm_id":1134168119,"highway":"motorway_link","oneway":"yes","name":"","name_en":"","ref":"","destination":"","maxspeed":"40","bridge":"","tunnel":"","layer":"0"},"geometry":{"type":"LineString","coordinates":[[139.7471565,35.577143],[139.7470952,35.5772544]]}},{"type":"Feature","id":1134168120,"properties":{"osm_id":1134168120,"highway":"motorway_link","oneway":"yes","name":"","name_en":"","ref":"","destination":"","maxspeed":"","bridge":"","tunnel":"","layer":"0"},"geometry":{"type":"LineString","coordinates":[[139.7472902,35.5776177],[139.7473731,35.5774523],[139.7473972,35.5773634]]}},{"type":"Feature","id":1168454359,"properties":{"osm_id":1168454359,"highway":"motorway_link","oneway":"yes","name":"首都高速神奈川6号川崎線","name_en":"Kanagawa Route 6 Kawasaki Line","ref":"K6","destination":"","maxspeed":"","bridge":"yes","tunnel":"","layer":"4"},"geometry":{"type":"LineString","coordinates":[[139.7893,35.5193842],[139.7887727,35.5196626],[139.7885098,35.519822],[139.7880679,35.5201365],[139.7878313,35.5203232],[139.7875819,35.5205132],[139.7870159,35.5208526],[139.7866642,35.5211382]]}},{"type":"Feature","id":1189558672,"properties":{"osm_id":1189558672,"highway":"motorway_link","oneway":"yes","name":"","name_en":"","ref":"","destination":"","maxspeed":"40","bridge":"","tunnel":"","layer":"0"},"geometry":{"type":"LineString","coordinates":[[139.7378179,35.5375575],[139.7378037,35.53744]]}},{"type":"Feature","id":1189558678,"properties":{"osm_id":1189558678,"highway":"motorway_link","oneway":"yes","name":"","name_en":"","ref":"","destination":"","maxspeed":"40","bridge":"","tunnel":"","layer":"0"},"geometry":{"type":"LineString","coordinates":[[139.7378037,35.53744],[139.7377388,35.5374898],[139.7377113,35.5375565]]}},{"type":"Feature","id":1189558679,"properties":{"osm_id":1189558679,"highway":"motorway_link","oneway":"yes","name":"","name_en":"","ref":"","destination":"","maxspeed":"40","bridge":"","tunnel":"","layer":"0"},"geometry":{"type":"LineString","coordinates":[[139.7378037,35.53744],[139.7377907,35.5373513],[139.7377758,35.5373069],[139.7377477,35.5372749]]}},{"type":"Feature","id":1189558680,"properties":{"osm_id":1189558680,"highway":"motorway_link","oneway":"yes","name":"","name_en":"","ref":"","destination":"","maxspeed":"40","bridge":"","tunnel":"","layer":"0"},"geometry":{"type":"LineString","coordinates":[[139.7378245,35.5377175],[139.7378179,35.5375575]]}},{"type":"Feature","id":1219397843,"properties":{"osm_id":1219397843,"highway":"motorway_link","oneway":"yes","name":"首都高速9号深川線","name_en":"Shuto Expressway Route 9 Fukagawa Line","ref":"9","destination":"","maxspeed":"60","bridge":"yes","tunnel":"","layer":"3"},"geometry":{"type":"LineString","coordinates":[[139.8108221,35.6438637],[139.8114039,35.6440532],[139.8114916,35.6440832],[139.8115772,35.6441169],[139.8116638,35.6441523],[139.811742,35.6441858],[139.8118162,35.6442215],[139.8119094,35.644274],[139.811993,35.6443291],[139.8120658,35.6443871],[139.8121369,35.6444505],[139.8122014,35.6445186],[139.8122649,35.6445969],[139.8123217,35.6446811],[139.812371,35.6447629],[139.8124246,35.6448718],[139.8124645,35.6449653],[139.8124859,35.6450656],[139.8124954,35.6451533],[139.812496,35.6452928],[139.8124936,35.6455085]]}},{"type":"Feature","id":1219615734,"properties":{"osm_id":1219615734,"highway":"motorway","oneway":"yes","name":"首都高速11号台場線","name_en":"Daiba Route","ref":"11","destination":"","maxspeed":"40","bridge":"yes","tunnel":"","layer":"2"},"geometry":{"type":"LineString","coordinates":[[139.758027,35.6487804],[139.7582057,35.649103],[139.7584952,35.6495854]]}},{"type":"Feature","id":1219615735,"properties":{"osm_id":1219615735,"highway":"motorway","oneway":"yes","name":"首都高速都心環状線","name_en":"Inner Circular Route","ref":"1","destination":"","maxspeed":"40","bridge":"yes","tunnel":"","layer":"2"},"geometry":{"type":"LineString","coordinates":[[139.7584952,35.6495854],[139.7594143,35.6514102]]}},{"type":"Feature","id":1219630926,"properties":{"osm_id":1219630926,"highway":"motorway_link","oneway":"yes","name":"首都高速9号深川線","name_en":"Fukagawa Route","ref":"9","destination":"","maxspeed":"","bridge":"yes","tunnel":"","layer":"2"},"geometry":{"type":"LineString","coordinates":[[139.807114,35.6426944],[139.8085755,35.643145]]}},{"type":"Feature","id":1223373930,"properties":{"osm_id":1223373930,"highway":"motorway","oneway":"yes","name":"首都高速神奈川7号横浜北線","name_en":"Route Kanagawa 7 Yokohama","ref":"K7","destination":"","maxspeed":"60","bridge":"yes","tunnel":"","layer":"1"},"geometry":{"type":"LineString","coordinates":[[139.6044261,35.5169667],[139.6042228,35.5170269],[139.6039147,35.5171127],[139.6035318,35.5172113],[139.6030736,35.5173252],[139.6024265,35.5174774]]}},{"type":"Feature","id":1223640147,"properties":{"osm_id":1223640147,"highway":"motorway_link","oneway":"yes","name":"","name_en":"","ref":"","destination":"","maxspeed":"40","bridge":"","tunnel":"","layer":"0"},"geometry":{"type":"LineString","coordinates":[[139.6067493,35.5159509],[139.6064566,35.516061],[139.6060188,35.5162014],[139.6057075,35.5163091]]}},{"type":"Feature","id":1226415717,"properties":{"osm_id":1226415717,"highway":"motorway_link","oneway":"yes","name":"","name_en":"","ref":"","destination":"","maxspeed":"","bridge":"","tunnel":"","layer":"0"},"geometry":{"type":"LineString","coordinates":[[139.627685,35.4557461],[139.6278634,35.4555487],[139.6280958,35.4553095],[139.6282256,35.4551822]]}},{"type":"Feature","id":1226415720,"properties":{"osm_id":1226415720,"highway":"motorway","oneway":"yes","name":"首都高速神奈川1号横羽線","name_en":"Kanagawa Route 1 Yokohane Line","ref":"K1","destination":"","maxspeed":"","bridge":"","tunnel":"","layer":"0"},"geometry":{"type":"LineString","coordinates":[[139.6272276,35.4559625],[139.627894,35.4552213],[139.6285304,35.4545562],[139.6289985,35.4541045],[139.6290288,35.4540789]]}},{"type":"Feature","id":1226415721,"properties":{"osm_id":1226415721,"highway":"motorway","oneway":"yes","name":"首都高速神奈川1号横羽線","name_en":"Kanagawa Route 1 Yokohane Line","ref":"K1","destination":"","maxspeed":"60","bridge":"","tunnel":"","layer":"0"},"geometry":{"type":"LineString","coordinates":[[139.6289496,35.4540151],[139.6288926,35.4540652],[139.6288575,35.4540958],[139.6286903,35.4542624],[139.6284446,35.4545015],[139.6278926,35.4550747],[139.6271391,35.4559054]]}},{"type":"Feature","id":1232083939,"properties":{"osm_id":1232083939,"highway":"motorway_link","oneway":"yes","name":"","name_en":"","ref":"","destination":"","maxspeed":"","bridge":"","tunnel":"","layer":"0"},"geometry":{"type":"LineString","coordinates":[[139.7477518,35.6738872],[139.7477504,35.6740416]]}},{"type":"Feature","id":1232166619,"properties":{"osm_id":1232166619,"highway":"motorway_link","oneway":"yes","name":"","name_en":"","ref":"","destination":"","maxspeed":"","bridge":"","tunnel":"","layer":"0"},"geometry":{"type":"LineString","coordinates":[[139.7481202,35.6742618],[139.7481314,35.6740978]]}},{"type":"Feature","id":1256882296,"properties":{"osm_id":1256882296,"highway":"motorway_link","oneway":"yes","name":"渋谷出口","name_en":"Shibuya Exit","ref":"","destination":"","maxspeed":"","bridge":"","tunnel":"","layer":"0"},"geometry":{"type":"LineString","coordinates":[[139.6956485,35.6557097],[139.6953297,35.6556316]]}},{"type":"Feature","id":1264293942,"properties":{"osm_id":1264293942,"highway":"motorway","oneway":"yes","name":"首都高速10号晴海線","name_en":"Harumi Route","ref":"10","destination":"","maxspeed":"","bridge":"yes","tunnel":"","layer":"3"},"geometry":{"type":"LineString","coordinates":[[139.7931092,35.6431705],[139.794225,35.6418543],[139.7953701,35.6404326]]}},{"type":"Feature","id":1284334992,"properties":{"osm_id":1284334992,"highway":"motorway","oneway":"yes","name":"首都高速都心環状線","name_en":"Circle 1","ref":"C1","destination":"","maxspeed":"","bridge":"","tunnel":"","layer":"0"},"geometry":{"type":"LineString","coordinates":[[139.7715965,35.6709132],[139.7714804,35.6707807]]}},{"type":"Feature","id":1284438293,"properties":{"osm_id":1284438293,"highway":"motorway","oneway":"yes","name":"首都高速5号池袋線","name_en":"Route 5 Ikebukuro Line","ref":"5","destination":"","maxspeed":"","bridge":"yes","tunnel":"","layer":"3"},"geometry":{"type":"LineString","coordinates":[[139.7527594,35.6954386],[139.7527232,35.6955956],[139.7526963,35.6957428],[139.7526138,35.6961787],[139.7524311,35.6972305],[139.7523505,35.6977014],[139.7522662,35.698198],[139.7522005,35.6984895],[139.7521722,35.6986269],[139.7521359,35.6987654],[139.7520848,35.6989007],[139.7520299,35.6990318],[139.7519563,35.6991771],[139.7518121,35.6994411],[139.751015,35.7009155],[139.7503889,35.7020663],[139.7503434,35.7021458],[139.7502886,35.7022303],[139.7502286,35.7023121],[139.7501746,35.7023806],[139.7501133,35.7024464],[139.750051,35.7025061],[139.7499814,35.7025655],[139.7499125,35.7026203],[139.7498416,35.7026713],[139.7497657,35.702717],[139.7496844,35.7027578],[139.7496036,35.7027976],[139.7495174,35.702833],[139.7494272,35.7028662],[139.7493344,35.7028945],[139.7492419,35.7029176],[139.7491467,35.7029368],[139.7490522,35.7029511],[139.7489505,35.7029598],[139.7488313,35.7029638],[139.7486739,35.7029656],[139.7485085,35.702964],[139.7481883,35.7029582],[139.7462386,35.702915],[139.7461622,35.7029133],[139.745968,35.7029138],[139.7458037,35.7029185],[139.7456931,35.7029252],[139.745603,35.702935],[139.7455135,35.702949],[139.7454189,35.7029717],[139.7453391,35.7029966],[139.7452449,35.7030299],[139.7451446,35.7030714],[139.7450838,35.7031011],[139.7450145,35.7031388],[139.7449603,35.7031744],[139.7449146,35.7032091],[139.7448648,35.7032505],[139.744814,35.7033],[139.7447603,35.7033578],[139.7447089,35.7034242],[139.744665,35.7034859],[139.7446185,35.7035649],[139.7445829,35.7036341],[139.7445433,35.7037199],[139.7445008,35.7038201],[139.7444583,35.7039277],[139.7443724,35.7041739],[139.7441638,35.7047577],[139.7437722,35.7058764],[139.7436767,35.7061999],[139.7435663,35.7065932],[139.7434939,35.7069288],[139.7434597,35.7070858],[139.7434277,35.7072025],[139.7433846,35.7073164],[139.7433285,35.7074301],[139.7432691,35.7075262],[139.7432018,35.7076125],[139.7431341,35.7076842],[139.7430766,35.7077359],[139.743027,35.7077743],[139.7429777,35.7078142],[139.742921,35.7078521],[139.7428477,35.7078932],[139.7427478,35.7079417],[139.7426269,35.7079883],[139.7425412,35.7080161],[139.7424164,35.7080516],[139.7423319,35.7080674],[139.7420969,35.7081043],[139.7415533,35.7081809]]}},{"type":"Feature","id":1287664255,"properties":{"osm_id":1287664255,"highway":"motorway_link","oneway":"yes","name":"","name_en":"","ref":"","destination":"","maxspeed":"40","bridge":"yes","tunnel":"","layer":"2"},"geometry":{"type":"LineString","coordinates":[[139.7872606,35.6821746],[139.7880101,35.6825536],[139.7880926,35.6825858],[139.788169,35.6826054],[139.7883574,35.6826509]]}},{"type":"Feature","id":1287664256,"properties":{"osm_id":1287664256,"highway":"motorway_link","oneway":"yes","name":"","name_en":"","ref":"","destination":"","maxspeed":"","bridge":"yes","tunnel":"","layer":"2"},"geometry":{"type":"LineString","coordinates":[[139.7886138,35.6827899],[139.7887769,35.6828845]]}},{"type":"Feature","id":1287664257,"properties":{"osm_id":1287664257,"highway":"motorway_link","oneway":"yes","name":"Mukojima Route","name_en":"Mukojima Route","ref":"","destination":"清洲橋通り","maxspeed":"40","bridge":"","tunnel":"","layer":"0"},"geometry":{"type":"LineString","coordinates":[[139.7895927,35.6834024],[139.7899435,35.6836582]]}},{"type":"Feature","id":1287664260,"properties":{"osm_id":1287664260,"highway":"motorway_link","oneway":"yes","name":"箱崎ロータリー","name_en":"Hakozaki Rotary","ref":"","destination":"","maxspeed":"40","bridge":"yes","tunnel":"","layer":"2"},"geometry":{"type":"LineString","coordinates":[[139.788775,35.6828073],[139.7888111,35.6827946],[139.7888414,35.6827774],[139.7888704,35.6827559],[139.7888937,35.6827316],[139.7889103,35.6827052],[139.7889215,35.6826781],[139.7889286,35.68265],[139.7889325,35.6826188],[139.788931,35.6825866]]}},{"type":"Feature","id":1287664261,"properties":{"osm_id":1287664261,"highway":"motorway_link","oneway":"yes","name":"箱崎ロータリー","name_en":"Hakozaki Rotary","ref":"","destination":"","maxspeed":"40","bridge":"yes","tunnel":"","layer":"2"},"geometry":{"type":"LineString","coordinates":[[139.788931,35.6825866],[139.7889257,35.682557],[139.7889163,35.6825296],[139.7888996,35.6825008],[139.7888789,35.6824763],[139.7888497,35.6824522],[139.7888191,35.6824303],[139.7887383,35.6823841]]}},{"type":"Feature","id":1287664262,"properties":{"osm_id":1287664262,"highway":"motorway_link","oneway":"yes","name":"箱崎ロータリー","name_en":"Hakozaki Rotary","ref":"","destination":"","maxspeed":"40","bridge":"yes","tunnel":"","layer":"2"},"geometry":{"type":"LineString","coordinates":[[139.7887383,35.6823841],[139.7885564,35.6822845],[139.7884974,35.6822535]]}},{"type":"Feature","id":1304030482,"properties":{"osm_id":1304030482,"highway":"motorway_link","oneway":"yes","name":"","name_en":"","ref":"","destination":"","maxspeed":"","bridge":"","tunnel":"","layer":"1"},"geometry":{"type":"LineString","coordinates":[[139.7901086,35.5151714],[139.7900251,35.5150248]]}},{"type":"Feature","id":1304030483,"properties":{"osm_id":1304030483,"highway":"motorway_link","oneway":"yes","name":"","name_en":"","ref":"","destination":"","maxspeed":"","bridge":"","tunnel":"","layer":"1"},"geometry":{"type":"LineString","coordinates":[[139.7900251,35.5150248],[139.7898633,35.5148123],[139.7898385,35.5147778],[139.7897922,35.5147111],[139.7896345,35.5144535]]}},{"type":"Feature","id":1304030484,"properties":{"osm_id":1304030484,"highway":"motorway_link","oneway":"yes","name":"","name_en":"","ref":"","destination":"","maxspeed":"","bridge":"","tunnel":"","layer":"1"},"geometry":{"type":"LineString","coordinates":[[139.7900251,35.5150248],[139.7899841,35.5149096],[139.7899144,35.5147887],[139.7898912,35.514753],[139.7898658,35.5147138],[139.789809,35.5146267],[139.7896345,35.5144535]]}},{"type":"Feature","id":1304030485,"properties":{"osm_id":1304030485,"highway":"motorway_link","oneway":"yes","name":"","name_en":"","ref":"","destination":"","maxspeed":"","bridge":"","tunnel":"","layer":"1"},"geometry":{"type":"LineString","coordinates":[[139.7891404,35.514204],[139.7890362,35.5141886],[139.7889095,35.5141874]]}},{"type":"Feature","id":1304769697,"properties":{"osm_id":1304769697,"highway":"motorway","oneway":"yes","name":"首都高速1号羽田線","name_en":"Shuto Expressway Route 1 Haneda Line","ref":"1","destination":"","maxspeed":"60","bridge":"yes","tunnel":"","layer":"1"},"geometry":{"type":"LineString","coordinates":[[139.7476334,35.5763958],[139.7475812,35.576499]]}},{"type":"Feature","id":1304769698,"properties":{"osm_id":1304769698,"highway":"motorway_link","oneway":"yes","name":"","name_en":"","ref":"","destination":"","maxspeed":"40","bridge":"","tunnel":"","layer":"0"},"geometry":{"type":"LineString","coordinates":[[139.74757,35.5764952],[139.7471565,35.577143]]}},{"type":"Feature","id":1304769699,"properties":{"osm_id":1304769699,"highway":"motorway","oneway":"yes","name":"首都高速1号羽田線","name_en":"Shuto Expressway Route 1 Haneda Line","ref":"1","destination":"","maxspeed":"","bridge":"yes","tunnel":"","layer":"1"},"geometry":{"type":"LineString","coordinates":[[139.7476882,35.5765352],[139.7478537,35.5762081]]}},{"type":"Feature","id":1304773039,"properties":{"osm_id":1304773039,"highway":"motorway","oneway":"yes","name":"首都高速1号羽田線","name_en":"Shuto Expressway Route 1 Haneda Line","ref":"1","destination":"","maxspeed":"","bridge":"yes","tunnel":"","layer":"1"},"geometry":{"type":"LineString","coordinates":[[139.7488491,35.5707043],[139.7489421,35.5710572]]}},{"type":"Feature","id":1304773040,"properties":{"osm_id":1304773040,"highway":"motorway","oneway":"yes","name":"首都高速1号羽田線","name_en":"Shuto Expressway Route 1 Haneda Line","ref":"1","destination":"","maxspeed":"","bridge":"yes","tunnel":"","layer":"1"},"geometry":{"type":"LineString","coordinates":[[139.7490241,35.5710431],[139.7489322,35.570687]]}},{"type":"Feature","id":1307261762,"properties":{"osm_id":1307261762,"highway":"motorway_link","oneway":"yes","name":"","name_en":"","ref":"","destination":"","maxspeed":"","bridge":"","tunnel":"","layer":"0"},"geometry":{"type":"LineString","coordinates":[[139.7358693,35.5883667],[139.7358487,35.5885779],[139.7358516,35.5886275],[139.7358526,35.5886755],[139.7358908,35.588867],[139.7359243,35.5896572]]}},{"type":"Feature","id":1308572350,"properties":{"osm_id":1308572350,"highway":"motorway_link","oneway":"yes","name":"首都高速湾岸線","name_en":"Bayshore Route","ref":"C2","destination":"","maxspeed":"","bridge":"","tunnel":"","layer":"0"},"geometry":{"type":"LineString","coordinates":[[139.7528699,35.6090956],[139.7528365,35.6085789]]}},{"type":"Feature","id":1308572351,"properties":{"osm_id":1308572351,"highway":"motorway_link","oneway":"yes","name":"首都高速湾岸線","name_en":"Bayshore Route","ref":"C2","destination":"東関東道","maxspeed":"","bridge":"","tunnel":"","layer":"0"},"geometry":{"type":"LineString","coordinates":[[139.7528699,35.6090956],[139.7528855,35.6086319],[139.7528876,35.6085766]]}},{"type":"Feature","id":1313249025,"properties":{"osm_id":1313249025,"highway":"motorway","oneway":"yes","name":"首都高速湾岸線","name_en":"Bayshore Route","ref":"B","destination":"","maxspeed":"80","bridge":"","tunnel":"","layer":"0"},"geometry":{"type":"LineString","coordinates":[[139.7896091,35.6339964],[139.787981,35.6331155]]}},{"type":"Feature","id":1313249026,"properties":{"osm_id":1313249026,"highway":"motorway","oneway":"yes","name":"首都高速湾岸線","name_en":"Bayshore Route","ref":"B","destination":"","maxspeed":"80","bridge":"","tunnel":"","layer":"0"},"geometry":{"type":"LineString","coordinates":[[139.7908911,35.6346832],[139.7896091,35.6339964]]}},{"type":"Feature","id":1317049004,"properties":{"osm_id":1317049004,"highway":"motorway","oneway":"yes","name":"首都高速1号上野線","name_en":"Route 1 Ueno Line","ref":"1","destination":"","maxspeed":"40","bridge":"yes","tunnel":"","layer":"3"},"geometry":{"type":"LineString","coordinates":[[139.7762676,35.6883662],[139.7765169,35.6877761],[139.776627,35.6874813],[139.7766766,35.68732],[139.7767242,35.6871514],[139.7767619,35.6869766],[139.7767984,35.6866916],[139.7769016,35.6853686],[139.7769099,35.6852813],[139.7769219,35.6851948],[139.7769387,35.6851111],[139.7769621,35.685034],[139.7769851,35.6849745],[139.7770209,35.6849026],[139.777045,35.6848625],[139.7770668,35.6848317],[139.7770931,35.684801]]}},{"type":"Feature","id":1328383029,"properties":{"osm_id":1328383029,"highway":"motorway","oneway":"yes","name":"首都高速3号渋谷線","name_en":"Route 3 Shibuya Line","ref":"3","destination":"","maxspeed":"","bridge":"yes","tunnel":"","layer":"1"},"geometry":{"type":"LineString","coordinates":[[139.7113488,35.6586776],[139.7145973,35.6589916],[139.7188973,35.6594069],[139.7190095,35.6594167]]}},{"type":"Feature","id":1328383031,"properties":{"osm_id":1328383031,"highway":"motorway","oneway":"yes","name":"首都高速3号渋谷線","name_en":"Route 3 Shibuya Line","ref":"3","destination":"","maxspeed":"","bridge":"yes","tunnel":"","layer":"1"},"geometry":{"type":"LineString","coordinates":[[139.7190095,35.6594167],[139.719236,35.6594364],[139.7224173,35.6596466],[139.7226877,35.6596756],[139.7229133,35.6597095],[139.7232284,35.6597601],[139.7233846,35.6597877]]}},{"type":"Feature","id":1328383040,"properties":{"osm_id":1328383040,"highway":"motorway","oneway":"yes","name":"首都高速3号渋谷線","name_en":"Route 3 Shibuya Line","ref":"3","destination":"","maxspeed":"","bridge":"yes","tunnel":"","layer":"1"},"geometry":{"type":"LineString","coordinates":[[139.7282151,35.6613556],[139.7283083,35.6613992],[139.7289632,35.6617298],[139.7297019,35.6621002],[139.7305944,35.6625092],[139.732419,35.6633519],[139.7334086,35.6638446],[139.7347503,35.6645444]]}},{"type":"Feature","id":1380309839,"properties":{"osm_id":1380309839,"highway":"motorway_link","oneway":"yes","name":"","name_en":"","ref":"","destination":"","maxspeed":"","bridge":"","tunnel":"","layer":"0"},"geometry":{"type":"LineString","coordinates":[[139.636811,35.4753873],[139.636788,35.4753616],[139.6366904,35.4752523]]}},{"type":"Feature","id":1419416544,"properties":{"osm_id":1419416544,"highway":"motorway_link","oneway":"yes","name":"外苑入口","name_en":"","ref":"","destination":"","maxspeed":"","bridge":"","tunnel":"","layer":"0"},"geometry":{"type":"LineString","coordinates":[[139.7136166,35.6803997],[139.7135329,35.6804097]]}},{"type":"Feature","id":1421647019,"properties":{"osm_id":1421647019,"highway":"motorway","oneway":"yes","name":"東京湾アクアライン;東京湾横断・木更津東金道路","name_en":"Tokyo-Wan-Aqua-Line Expressway","ref":"CA;409","destination":"","maxspeed":"80","bridge":"","tunnel":"","layer":"0"},"geometry":{"type":"LineString","coordinates":[[139.7938061,35.5175611],[139.7935118,35.5176761]]}},{"type":"Feature","id":1421966435,"properties":{"osm_id":1421966435,"highway":"motorway","oneway":"yes","name":"首都高速5号池袋線","name_en":"Route 5 Ikebukuro Line","ref":"5","destination":"北池袋;関越道","maxspeed":"60","bridge":"yes","tunnel":"","layer":"2"},"geometry":{"type":"LineString","coordinates":[[139.7611383,35.6909785],[139.7610069,35.6910355],[139.7609113,35.6910689],[139.7607992,35.6911034],[139.7606871,35.6911314],[139.7605693,35.6911549],[139.7604582,35.6911713],[139.7603363,35.691183],[139.760214,35.6911892],[139.7592725,35.6912061],[139.7591435,35.6912104],[139.7590185,35.6912183],[139.7588882,35.6912307],[139.7587672,35.6912477],[139.7586437,35.6912688],[139.7585162,35.6912957],[139.7583933,35.6913302],[139.7582679,35.6913738],[139.7581652,35.6914136],[139.7580671,35.6914576],[139.7579683,35.691507],[139.7578714,35.6915615],[139.7577811,35.6916181]]}},{"type":"Feature","id":1421966436,"properties":{"osm_id":1421966436,"highway":"motorway","oneway":"yes","name":"首都高速5号池袋線","name_en":"Route 5 Ikebukuro Line","ref":"5","destination":"","maxspeed":"","bridge":"yes","tunnel":"","layer":"3"},"geometry":{"type":"LineString","coordinates":[[139.7559551,35.6926147],[139.7559597,35.6927525],[139.7559554,35.6928621],[139.7559459,35.6929404],[139.7559302,35.693018],[139.7559099,35.6930883],[139.7558836,35.6931613],[139.7558541,35.693227],[139.7558141,35.6932954],[139.7557463,35.6933915],[139.7556726,35.6934798],[139.7555875,35.6935665],[139.7555111,35.6936353],[139.7554246,35.6937015],[139.7553301,35.6937612],[139.7552294,35.6938151],[139.755122,35.6938651],[139.7549824,35.6939158],[139.7548258,35.6939647],[139.7546443,35.6940211]]}},{"type":"Feature","id":1445994431,"properties":{"osm_id":1445994431,"highway":"motorway","oneway":"yes","name":"首都高速1号羽田線","name_en":"Shuto Expressway Route 1 Haneda Line","ref":"1","destination":"","maxspeed":"","bridge":"yes","tunnel":"","layer":"2"},"geometry":{"type":"LineString","coordinates":[[139.748844,35.6034415],[139.7486697,35.6032215],[139.7485617,35.6031043],[139.7484658,35.6030054],[139.7483708,35.6029198],[139.7482561,35.602809]]}},{"type":"Feature","id":1449791732,"properties":{"osm_id":1449791732,"highway":"motorway","oneway":"yes","name":"首都高速湾岸線","name_en":"Bayshore Route","ref":"B","destination":"","maxspeed":"80","bridge":"yes","tunnel":"","layer":"4"},"geometry":{"type":"LineString","coordinates":[[139.6928041,35.4693103],[139.7054495,35.4749085]]}},{"type":"Feature","id":1449791733,"properties":{"osm_id":1449791733,"highway":"motorway","oneway":"yes","name":"首都高速湾岸線","name_en":"Bayshore Route","ref":"B","destination":"","maxspeed":"80","bridge":"yes","tunnel":"","layer":"4"},"geometry":{"type":"LineString","coordinates":[[139.7055171,35.4747814],[139.6928896,35.4691869]]}},{"type":"Feature","id":1449791734,"properties":{"osm_id":1449791734,"highway":"motorway","oneway":"yes","name":"首都高速湾岸線","name_en":"Bayshore Route","ref":"B","destination":"","maxspeed":"80","bridge":"yes","tunnel":"","layer":"4"},"geometry":{"type":"LineString","coordinates":[[139.6880802,35.4672016],[139.6889301,35.4675708],[139.6928041,35.4693103]]}},{"type":"Feature","id":1449791735,"properties":{"osm_id":1449791735,"highway":"motorway","oneway":"yes","name":"首都高速湾岸線","name_en":"Bayshore Route","ref":"B","destination":"","maxspeed":"80","bridge":"yes","tunnel":"","layer":"4"},"geometry":{"type":"LineString","coordinates":[[139.6928896,35.4691869],[139.688992,35.4674614],[139.6881506,35.4670923],[139.6865017,35.466355]]}},{"type":"Feature","id":1453502879,"properties":{"osm_id":1453502879,"highway":"motorway","oneway":"yes","name":"第三京浜道路","name_en":"Daisan Keihin","ref":"E83;466","destination":"","maxspeed":"40","bridge":"","tunnel":"","layer":"1"},"geometry":{"type":"LineString","coordinates":[[139.6333001,35.5998372],[139.6333327,35.5998693],[139.6333696,35.5999052]]}},{"type":"Feature","id":1453502880,"properties":{"osm_id":1453502880,"highway":"motorway","oneway":"yes","name":"第三京浜道路","name_en":"Daisan Keihin","ref":"E83;466","destination":"","maxspeed":"40","bridge":"","tunnel":"","layer":"1"},"geometry":{"type":"LineString","coordinates":[[139.6319749,35.598688],[139.6320834,35.5987924],[139.6325352,35.5991665],[139.6329591,35.5995136],[139.6333001,35.5998372]]}},{"type":"Feature","id":1453502881,"properties":{"osm_id":1453502881,"highway":"motorway_link","oneway":"yes","name":"","name_en":"","ref":"","destination":"","maxspeed":"40","bridge":"","tunnel":"","layer":"0"},"geometry":{"type":"LineString","coordinates":[[139.633059,35.6001184],[139.6333046,35.6003605],[139.6335332,35.6005439],[139.6343372,35.6009838]]}},{"type":"Feature","id":1453502882,"properties":{"osm_id":1453502882,"highway":"motorway_link","oneway":"yes","name":"","name_en":"","ref":"","destination":"","maxspeed":"40","bridge":"","tunnel":"","layer":"0"},"geometry":{"type":"LineString","coordinates":[[139.6329918,35.6000497],[139.6330197,35.6000762],[139.633059,35.6001184]]}},{"type":"Feature","id":1453508542,"properties":{"osm_id":1453508542,"highway":"motorway","oneway":"yes","name":"首都高速10号晴海線","name_en":"Harumi Route","ref":"10","destination":"","maxspeed":"","bridge":"yes","tunnel":"","layer":"1"},"geometry":{"type":"LineString","coordinates":[[139.7831136,35.6540133],[139.7836279,35.6535117],[139.7861767,35.6510014]]}},{"type":"Feature","id":1453508543,"properties":{"osm_id":1453508543,"highway":"motorway","oneway":"yes","name":"首都高速10号晴海線","name_en":"Harumi Route","ref":"10","destination":"","maxspeed":"","bridge":"yes","tunnel":"","layer":"1"},"geometry":{"type":"LineString","coordinates":[[139.7861034,35.6509592],[139.7835669,35.6534649],[139.7831519,35.6538612],[139.7830358,35.6539711]]}},{"type":"Feature","id":1453546619,"properties":{"osm_id":1453546619,"highway":"motorway","oneway":"yes","name":"首都高速湾岸線","name_en":"Bayshore Route","ref":"B","destination":"","maxspeed":"80","bridge":"","tunnel":"","layer":"0"},"geometry":{"type":"LineString","coordinates":[[139.7428258,35.491321],[139.7430981,35.4914434]]}},{"type":"Feature","id":1453546620,"properties":{"osm_id":1453546620,"highway":"motorway","oneway":"yes","name":"首都高速湾岸線","name_en":"Bayshore Route","ref":"B","destination":"","maxspeed":"80","bridge":"","tunnel":"","layer":"0"},"geometry":{"type":"LineString","coordinates":[[139.7475211,35.4932803],[139.7463791,35.4927687],[139.74382,35.4916193],[139.7428999,35.4912084]]}},{"type":"Feature","id":1453546621,"properties":{"osm_id":1453546621,"highway":"motorway_link","oneway":"yes","name":"","name_en":"","ref":"","destination":"","maxspeed":"","bridge":"yes","tunnel":"","layer":"4"},"geometry":{"type":"LineString","coordinates":[[139.7429375,35.4911492],[139.7416033,35.4906293]]}},{"type":"Feature","id":1467911979,"properties":{"osm_id":1467911979,"highway":"motorway","oneway":"yes","name":"東名高速道路","name_en":"Tomei Expressway","ref":"E1","destination":"","maxspeed":"60","bridge":"yes","tunnel":"","layer":"2"},"geometry":{"type":"LineString","coordinates":[[139.6264709,35.627256],[139.6250717,35.6274312],[139.6226152,35.6277287],[139.6203715,35.6280027]]}},{"type":"Feature","id":1467911980,"properties":{"osm_id":1467911980,"highway":"motorway","oneway":"yes","name":"東名高速道路","name_en":"Tomei Expressway","ref":"E1","destination":"","maxspeed":"","bridge":"yes","tunnel":"","layer":"2"},"geometry":{"type":"LineString","coordinates":[[139.6203796,35.6280905],[139.6226275,35.6278069],[139.6250824,35.6275028],[139.6264808,35.6273317]]}},{"type":"Feature","id":1471527216,"properties":{"osm_id":1471527216,"highway":"motorway_link","oneway":"yes","name":"","name_en":"","ref":"","destination":"","maxspeed":"","bridge":"","tunnel":"","layer":"0"},"geometry":{"type":"LineString","coordinates":[[139.7749517,35.6930186],[139.7749667,35.693123]]}},{"type":"Feature","id":1471527217,"properties":{"osm_id":1471527217,"highway":"motorway_link","oneway":"yes","name":"","name_en":"","ref":"","destination":"","maxspeed":"","bridge":"","tunnel":"","layer":"0"},"geometry":{"type":"LineString","coordinates":[[139.774939,35.6929305],[139.7749517,35.6930186]]}},{"type":"Feature","id":1483413151,"properties":{"osm_id":1483413151,"highway":"motorway_link","oneway":"yes","name":"","name_en":"","ref":"","destination":"","maxspeed":"","bridge":"yes","tunnel":"","layer":"3"},"geometry":{"type":"LineString","coordinates":[[139.6471437,35.6688257],[139.6473734,35.6689119],[139.6476324,35.6690243],[139.6478589,35.6691403],[139.6480819,35.6692629]]}},{"type":"Feature","id":1483413152,"properties":{"osm_id":1483413152,"highway":"motorway_link","oneway":"yes","name":"","name_en":"","ref":"","destination":"","maxspeed":"","bridge":"yes","tunnel":"","layer":"3"},"geometry":{"type":"LineString","coordinates":[[139.6480819,35.6692629],[139.6481623,35.6692937],[139.6482685,35.6693408],[139.6485896,35.6695122],[139.6488083,35.6696411],[139.6489164,35.6697016],[139.649065,35.6697846]]}},{"type":"Feature","id":1483413153,"properties":{"osm_id":1483413153,"highway":"motorway_link","oneway":"yes","name":"","name_en":"","ref":"","destination":"","maxspeed":"","bridge":"yes","tunnel":"","layer":"3"},"geometry":{"type":"LineString","coordinates":[[139.6480819,35.6692629],[139.6482492,35.6693672],[139.6485482,35.6695484],[139.6486893,35.6696317],[139.6487205,35.6696481],[139.6487583,35.6696592],[139.6487952,35.6696694],[139.6489164,35.6697016]]}},{"type":"Feature","id":1489157714,"properties":{"osm_id":1489157714,"highway":"motorway_link","oneway":"yes","name":"","name_en":"","ref":"","destination":"","maxspeed":"40","bridge":"","tunnel":"","layer":"0"},"geometry":{"type":"LineString","coordinates":[[139.7722908,35.672816],[139.7724299,35.673259],[139.7724524,35.6733455],[139.7724742,35.6734273],[139.7724879,35.6735166],[139.7724971,35.6736136],[139.7725015,35.6737562]]}},{"type":"Feature","id":1494904063,"properties":{"osm_id":1494904063,"highway":"motorway","oneway":"yes","name":"第三京浜道路","name_en":"Daisan Keihin","ref":"E83;466","destination":"","maxspeed":"60","bridge":"","tunnel":"","layer":"0"},"geometry":{"type":"LineString","coordinates":[[139.6009681,35.4738123],[139.6007962,35.473984],[139.6005979,35.4741697]]}},{"type":"Feature","id":1518179787,"properties":{"osm_id":1518179787,"highway":"motorway","oneway":"yes","name":"首都高速神奈川2号三ツ沢線","name_en":"Kanagawa Route 2 Mitsuzawa Line","ref":"K2","destination":"","maxspeed":"60","bridge":"yes","tunnel":"","layer":"1"},"geometry":{"type":"LineString","coordinates":[[139.6030452,35.4727865],[139.6034233,35.4727017]]}},{"type":"Feature","id":1518179788,"properties":{"osm_id":1518179788,"highway":"motorway","oneway":"yes","name":"第三京浜道路","name_en":"Daisan Keihin","ref":"E83;466","destination":"","maxspeed":"60","bridge":"yes","tunnel":"","layer":"1"},"geometry":{"type":"LineString","coordinates":[[139.6029804,35.4726288],[139.6026422,35.4727387],[139.6024162,35.4728151],[139.6022334,35.4728866],[139.6020191,35.4729835],[139.6018669,35.4730662],[139.6017321,35.4731515]]}},{"type":"Feature","id":1520640475,"properties":{"osm_id":1520640475,"highway":"motorway_link","oneway":"yes","name":"","name_en":"","ref":"","destination":"","maxspeed":"","bridge":"","tunnel":"","layer":"0"},"geometry":{"type":"LineString","coordinates":[[139.7834415,35.5553234],[139.7837974,35.5555352],[139.7841724,35.5557785]]}},{"type":"Feature","id":1520640477,"properties":{"osm_id":1520640477,"highway":"motorway_link","oneway":"yes","name":"","name_en":"","ref":"","destination":"","maxspeed":"40","bridge":"","tunnel":"","layer":"0"},"geometry":{"type":"LineString","coordinates":[[139.7852628,35.5534004],[139.7853573,35.5534649],[139.7855222,35.5535412],[139.7856032,35.5535708],[139.7856912,35.5535947],[139.7857931,35.5536122],[139.7858736,35.5536176],[139.7859742,35.5536111],[139.7860788,35.5535794]]}},{"type":"Feature","id":1520640478,"properties":{"osm_id":1520640478,"highway":"motorway_link","oneway":"yes","name":"","name_en":"","ref":"","destination":"","maxspeed":"","bridge":"","tunnel":"","layer":"0"},"geometry":{"type":"LineString","coordinates":[[139.7850481,35.5533054],[139.7851405,35.5533445],[139.7852628,35.5534004]]}},{"type":"Feature","id":1523947188,"properties":{"osm_id":1523947188,"highway":"motorway","oneway":"yes","name":"東京湾アクアライン;東京湾横断・木更津東金道路","name_en":"Tokyo-Wan-Aqua-Line Expressway","ref":"CA;409","destination":"","maxspeed":"","bridge":"","tunnel":"","layer":"0"},"geometry":{"type":"LineString","coordinates":[[139.7916385,35.5185932],[139.7920767,35.5184024],[139.7927618,35.5181445]]}},{"type":"Feature","id":1535564383,"properties":{"osm_id":1535564383,"highway":"motorway","oneway":"yes","name":"首都高速3号渋谷線","name_en":"Route 3 Shibuya Line","ref":"3","destination":"","maxspeed":"60","bridge":"yes","tunnel":"","layer":"2"},"geometry":{"type":"LineString","coordinates":[[139.6297532,35.6266314],[139.6294891,35.6267102],[139.6291914,35.6267923],[139.6288321,35.6268769],[139.6285385,35.6269421],[139.6282207,35.6270029],[139.627873,35.6270632],[139.6275333,35.6271137],[139.626831,35.6272109],[139.6264709,35.627256]]}},{"type":"Feature","id":1535564384,"properties":{"osm_id":1535564384,"highway":"motorway","oneway":"yes","name":"首都高速3号渋谷線","name_en":"Route 3 Shibuya Line","ref":"3","destination":"","maxspeed":"","bridge":"yes","tunnel":"","layer":"2"},"geometry":{"type":"LineString","coordinates":[[139.6264808,35.6273317],[139.6268481,35.6272868],[139.6275469,35.6271915],[139.6278876,35.6271395],[139.628235,35.627082],[139.6285459,35.6270219],[139.6288581,35.6269519],[139.6291912,35.6268711],[139.6295283,35.6267816],[139.6297981,35.6267125]]}},{"type":"Feature","id":1535567269,"properties":{"osm_id":1535567269,"highway":"motorway","oneway":"yes","name":"首都高速4号新宿線","name_en":"Route 4 Shinjuku Line","ref":"4","destination":"","maxspeed":"","bridge":"yes","tunnel":"","layer":"2"},"geometry":{"type":"LineString","coordinates":[[139.615371,35.6768151],[139.6144889,35.6771282]]}},{"type":"Feature","id":1535567270,"properties":{"osm_id":1535567270,"highway":"motorway","oneway":"yes","name":"首都高速4号新宿線","name_en":"Route 4 Shinjuku Line","ref":"4","destination":"","maxspeed":"60","bridge":"yes","tunnel":"","layer":"2"},"geometry":{"type":"LineString","coordinates":[[139.6145777,35.6773116],[139.6154818,35.6770217]]}},{"type":"Feature","id":1535715309,"properties":{"osm_id":1535715309,"highway":"motorway","oneway":"yes","name":"首都高速神奈川6号川崎線","name_en":"Kanagawa Route 6 Kawasaki Line","ref":"K6","destination":"","maxspeed":"40","bridge":"","tunnel":"","layer":"0"},"geometry":{"type":"LineString","coordinates":[[139.7915859,35.5184985],[139.7915107,35.5185308]]}},{"type":"Feature","id":1535715310,"properties":{"osm_id":1535715310,"highway":"motorway","oneway":"yes","name":"首都高速神奈川6号川崎線","name_en":"Kanagawa Route 6 Kawasaki Line","ref":"K6","destination":"","maxspeed":"","bridge":"","tunnel":"","layer":"0"},"geometry":{"type":"LineString","coordinates":[[139.79156,35.5186274],[139.7916385,35.5185932]]}},{"type":"Feature","id":1535717377,"properties":{"osm_id":1535717377,"highway":"motorway","oneway":"yes","name":"首都高速神奈川5号大黒線","name_en":"Kanagawa Route 5 Daikoku Line","ref":"K5","destination":"","maxspeed":"60","bridge":"yes","tunnel":"","layer":"4"},"geometry":{"type":"LineString","coordinates":[[139.672487,35.4890026],[139.6720006,35.4897006],[139.6717819,35.4900297],[139.671665,35.4902134]]}},{"type":"Feature","id":1544832377,"properties":{"osm_id":1544832377,"highway":"motorway","oneway":"yes","name":"首都高速6号向島線","name_en":"Shuto Expressway Route 6 Mukojima Line","ref":"6","destination":"","maxspeed":"60","bridge":"yes","tunnel":"","layer":"4"},"geometry":{"type":"LineString","coordinates":[[139.7914398,35.6868925],[139.7913698,35.6869752],[139.791293,35.6870591],[139.7912163,35.6871333],[139.791135,35.6872045],[139.7910498,35.6872779],[139.7909551,35.6873517],[139.7907335,35.6875271],[139.7902915,35.6878494],[139.790092,35.6880055],[139.7898906,35.6881786],[139.7896944,35.6883691],[139.7893569,35.6887287],[139.7892526,35.6888482]]}},{"type":"Feature","id":1544832378,"properties":{"osm_id":1544832378,"highway":"motorway","oneway":"yes","name":"首都高速6号向島線","name_en":"Shuto Expressway Route 6 Mukojima Line","ref":"6","destination":"","maxspeed":"60","bridge":"yes","tunnel":"","layer":"4"},"geometry":{"type":"LineString","coordinates":[[139.7892526,35.6888482],[139.7888793,35.6892756],[139.78882,35.6893517],[139.788766,35.6894294],[139.7887248,35.6895023],[139.7886944,35.6895664],[139.7886701,35.6896352],[139.7886507,35.6897024],[139.7886357,35.6897665],[139.7886286,35.6898245],[139.7886254,35.6898737],[139.7886266,35.6899165],[139.7886322,35.6899716]]}},{"type":"Feature","id":1544832379,"properties":{"osm_id":1544832379,"highway":"motorway","oneway":"yes","name":"首都高速6号向島線","name_en":"Shuto Expressway Route 6 Mukojima Line","ref":"6","destination":"","maxspeed":"60","bridge":"yes","tunnel":"","layer":"4"},"geometry":{"type":"LineString","coordinates":[[139.7920012,35.686229],[139.7920438,35.6861362],[139.7920769,35.686044],[139.7920993,35.6859594],[139.7921151,35.6858629],[139.7921216,35.6857779],[139.7921189,35.6856798],[139.7921077,35.6855869],[139.7920885,35.6855063],[139.7920624,35.6854286],[139.7920278,35.6853466],[139.7919873,35.6852712],[139.7919308,35.6851845]]}},{"type":"Feature","id":1544832380,"properties":{"osm_id":1544832380,"highway":"motorway","oneway":"yes","name":"首都高速6号向島線","name_en":"Shuto Expressway Route 6 Mukojima Line","ref":"6","destination":"","maxspeed":"60","bridge":"yes","tunnel":"","layer":"4"},"geometry":{"type":"LineString","coordinates":[[139.7919308,35.6851845],[139.7918574,35.68509],[139.7917748,35.6850028],[139.7916687,35.684907],[139.7912965,35.6846135],[139.7901527,35.6837304]]}},{"type":"Feature","id":1544832381,"properties":{"osm_id":1544832381,"highway":"motorway","oneway":"yes","name":"首都高速6号向島線","name_en":"Shuto Expressway Route 6 Mukojima Line","ref":"6","destination":"","maxspeed":"60","bridge":"yes","tunnel":"","layer":"2"},"geometry":{"type":"LineString","coordinates":[[139.7896684,35.6929111],[139.7896961,35.6926922],[139.7897859,35.6921755]]}},{"type":"Feature","id":1544854470,"properties":{"osm_id":1544854470,"highway":"motorway","oneway":"yes","name":"首都高速6号向島線","name_en":"Shuto Expressway Route 6 Mukojima Line","ref":"6","destination":"","maxspeed":"60","bridge":"yes","tunnel":"","layer":"4"},"geometry":{"type":"LineString","coordinates":[[139.7848318,35.6810175],[139.7850847,35.681127],[139.7857474,35.6814004],[139.7860218,35.6815214]]}},{"type":"Feature","id":1544854471,"properties":{"osm_id":1544854471,"highway":"motorway","oneway":"yes","name":"首都高速6号向島線","name_en":"Shuto Expressway Route 6 Mukojima Line","ref":"6","destination":"","maxspeed":"60","bridge":"yes","tunnel":"","layer":"4"},"geometry":{"type":"LineString","coordinates":[[139.7836022,35.6804437],[139.7845627,35.680897],[139.7848318,35.6810175]]}},{"type":"Feature","id":1544854472,"properties":{"osm_id":1544854472,"highway":"motorway","oneway":"yes","name":"首都高速6号向島線","name_en":"Shuto Expressway Route 6 Mukojima Line","ref":"6","destination":"","maxspeed":"60","bridge":"yes","tunnel":"","layer":"4"},"geometry":{"type":"LineString","coordinates":[[139.7901527,35.6837304],[139.7891399,35.6829843],[139.7887553,35.6827111]]}},{"type":"Feature","id":1545445430,"properties":{"osm_id":1545445430,"highway":"motorway_link","oneway":"yes","name":"","name_en":"","ref":"","destination":"","maxspeed":"","bridge":"","tunnel":"","layer":"0"},"geometry":{"type":"LineString","coordinates":[[139.7875514,35.6842653],[139.7872552,35.6846468]]}},{"type":"Feature","id":1545539824,"properties":{"osm_id":1545539824,"highway":"motorway","oneway":"yes","name":"首都高速5号池袋線","name_en":"Route 5 Ikebukuro Line","ref":"5","destination":"","maxspeed":"","bridge":"yes","tunnel":"","layer":"4"},"geometry":{"type":"LineString","coordinates":[[139.7534394,35.6946012],[139.7535664,35.6945067],[139.7536908,35.6944311],[139.7538178,35.6943637],[139.7539836,35.6942908],[139.7541688,35.6942274]]}},{"type":"Feature","id":1545539825,"properties":{"osm_id":1545539825,"highway":"motorway","oneway":"yes","name":"首都高速5号池袋線","name_en":"Route 5 Ikebukuro Line","ref":"5","destination":"","maxspeed":"","bridge":"yes","tunnel":"","layer":"2"},"geometry":{"type":"LineString","coordinates":[[139.7540876,35.6908673],[139.7550383,35.6912312],[139.755175,35.6912889]]}},{"type":"Feature","id":1545541217,"properties":{"osm_id":1545541217,"highway":"motorway","oneway":"yes","name":"首都高速都心環状線","name_en":"Shuto Expressway Inner Circular Route","ref":"C1","destination":"","maxspeed":"50","bridge":"yes","tunnel":"","layer":"3"},"geometry":{"type":"LineString","coordinates":[[139.7611985,35.6910427],[139.7612722,35.6910042],[139.7617226,35.6907527],[139.761866,35.6906751],[139.7620126,35.6906029],[139.7621521,35.6905421],[139.7622957,35.6904857]]}},{"type":"Feature","id":1545541218,"properties":{"osm_id":1545541218,"highway":"motorway","oneway":"yes","name":"首都高速5号池袋線","name_en":"Route 5 Ikebukuro Line","ref":"5","destination":"","maxspeed":"60","bridge":"yes","tunnel":"","layer":"3"},"geometry":{"type":"LineString","coordinates":[[139.7573764,35.6920541],[139.7574877,35.6919515],[139.7576016,35.6918533],[139.7577205,35.6917596],[139.7578447,35.6916725]]}},{"type":"Feature","id":1545541219,"properties":{"osm_id":1545541219,"highway":"motorway","oneway":"yes","name":"首都高速都心環状線","name_en":"Shuto Expressway Inner Circular Route","ref":"C1","destination":"","maxspeed":"50","bridge":"yes","tunnel":"","layer":"3"},"geometry":{"type":"LineString","coordinates":[[139.7628694,35.6902007],[139.7622558,35.6904155],[139.7621046,35.6904757],[139.76196,35.6905407],[139.7618867,35.6905772],[139.7618148,35.6906148],[139.7616741,35.6906944],[139.761262,35.6909197],[139.7611383,35.6909785]]}},{"type":"Feature","id":1545541220,"properties":{"osm_id":1545541220,"highway":"motorway_link","oneway":"yes","name":"神田橋入口","name_en":"Metropolitan Expressway","ref":"","destination":"","maxspeed":"","bridge":"yes","tunnel":"","layer":"3"},"geometry":{"type":"LineString","coordinates":[[139.7633221,35.6898085],[139.7631461,35.6899582],[139.7630695,35.6900166],[139.7629925,35.6900656],[139.7629127,35.6901105],[139.7628289,35.6901517],[139.762656,35.6902203]]}}]}